;Sliced by ideaMaker 5.5.0.8810, 2026-10-05 19:37:08 UTC+0200
;Slicer Version: 5.5.0.8810
;Dimension: 250.000 250.000 250.000 0.400
;Plate Shape: 0
;Origin Center: 0
;Extruder Offset #1: 25.000 0.000
;Filament Diameter #1: 1.750
;Filament Diameter #2: 1.750
;Filament Compensation #1: 100.000
;Filament Compensation #2: 90.000
;Filament Density #1: 1240.000
;Filament Density #2: 1240.000
;Filament Type #1: PLA
;Filament Type #2: PLA
;Filament Name #1: [Raise3D] Premium PLA 1.75mm
;Filament Name #2: [Raise3D] Premium PLA 1.75mm
;Filament #1: PLA 1.75mm
;Filament #2: PLA 1.75mm
;Printer Type: floppy
;Firmware: Klipper
;Bounding Box: 114.934 135.066 114.914 135.086 0.000 20.000
;Model Gap: 0.000
SET_PRESSURE_ADVANCE ADVANCE=0.0500
M221 T0 S100.00
M140 S60.00
M104 T0 S200.00
M109 T0 S200.00
T0
M190 S60.00
G21 ;metric values
G90 ;absolute positioning
M82 ;set extruder to absolute mode
M107 ;start with the fan off
G28 X0 Y0 ;move X/Y to min endstops
G28 Z0 ;move Z to min endstops
G1 Z15.0 F9000 ;move the platform down 15mm

G92 E0 ;zero the extruded length

G0 X43 Y27 F2000  ;go to the edge of the bed
G92 X0 Y0 E0 ;set zero to edge of the bed
G0 F9000 Z1 ;Z up with 1mm
G1 F200 Z0 ;Z home slowly

G1 Z15.0 F9000 ;move the platform down 15mm

G1 F9000 ;speed setting
G92 E-3 ;retraction
M117 Printing...
M1001
;TOTAL_NUM: 1
;PRINTING_TIME: 0
;REMAINING_TIME: 917
;LAYER:0
;Z:0.250
;HEIGHT:0.250
M106 S0
;PRINTING: FlowCalibrationCube4mm_nozzle0.8walls.stl
;PRINTING_ID: 0
G1 F2400 E-1.0000
SET_VELOCITY_LIMIT ACCEL=500.00
SET_VELOCITY_LIMIT SQUARE_CORNER_VELOCITY=5.00
G0 F3900 X115.134 Y115.114
G0 F300 Z0.250
;TYPE:WALL-OUTER
;WIDTH:0.400
G1 F1500 E0.0000
G1 F2400 X134.866 Y115.114 E0.8204
G1 X134.866 Y134.886 E1.6424
G1 X115.134 Y134.886 E2.4627
G1 X115.134 Y115.114 E3.2848
G0 F3900 X115.534 Y115.514
;TYPE:WALL-INNER
;WIDTH:0.400
G1 F2400 X134.466 Y115.514 E4.0719
G1 X134.466 Y134.486 E4.8606
G1 X115.534 Y134.486 E5.6477
G1 X115.534 Y115.514 E6.4365
G0 F3900 X115.934 Y115.914
G1 F2400 X134.066 Y115.914 E7.1903
G1 X134.066 Y134.086 E7.9458
G1 X115.934 Y134.086 E8.6997
G1 X115.934 Y115.914 E9.4552
G0 F3900 X116.334 Y116.314
G1 F2400 X133.666 Y116.314 E10.1758
G1 X133.666 Y133.686 E10.8980
G1 X116.334 Y133.686 E11.6186
G1 X116.334 Y116.314 E12.3408
G1 F2400 E11.3408
G1 F300 Z0.450
G0 F3900 X133.181 Y116.493
;TYPE:SOLID-FILL
;WIDTH:0.400
G1 F300 Z0.250
G1 F1500 E12.3408
G1 F2400 X133.485 Y116.797 E12.3587
G0 F2400 X133.485 Y117.363
G1 F2400 X132.615 Y116.493 E12.4099
G0 F2400 X132.050 Y116.493
G1 F2400 X133.485 Y117.929 E12.4943
G0 F2400 X133.485 Y118.494
G1 F2400 X131.484 Y116.493 E12.6119
G0 F2400 X130.918 Y116.493
G1 F2400 X133.485 Y119.060 E12.7629
G0 F2400 X133.485 Y119.626
G1 F2400 X130.353 Y116.493 E12.9470
G0 F2400 X129.787 Y116.493
G1 F2400 X133.485 Y120.191 E13.1645
G0 F2400 X133.485 Y120.757
G1 F2400 X129.221 Y116.493 E13.4152
G0 F2400 X128.655 Y116.493
G1 F2400 X133.485 Y121.323 E13.6991
G0 F2400 X133.485 Y121.888
G1 F2400 X128.090 Y116.493 E14.0164
G0 F2400 X127.524 Y116.493
G1 F2400 X133.485 Y122.454 E14.3668
G0 F2400 X133.485 Y123.020
G1 F2400 X126.958 Y116.493 E14.7506
G0 F2400 X126.393 Y116.493
G1 F2400 X133.485 Y123.586 E15.1676
G0 F2400 X133.485 Y124.151
G1 F2400 X125.827 Y116.493 E15.6179
G0 F2400 X125.261 Y116.493
G1 F2400 X133.485 Y124.717 E16.1014
G0 F2400 X133.485 Y125.283
G1 F2400 X124.696 Y116.493 E16.6182
G0 F2400 X124.130 Y116.493
G1 F2400 X133.485 Y125.848 E17.1682
G0 F2400 X133.485 Y126.414
G1 F2400 X123.564 Y116.493 E17.7516
G0 F2400 X122.999 Y116.493
G1 F2400 X133.485 Y126.980 E18.3681
G0 F2400 X133.485 Y127.545
G1 F2400 X122.433 Y116.493 E19.0179
G0 F2400 X121.867 Y116.493
G1 F2400 X133.485 Y128.111 E19.7010
G0 F2400 X133.485 Y128.677
G1 F2400 X121.302 Y116.493 E20.4174
G0 F2400 X120.736 Y116.493
G1 F2400 X133.485 Y129.242 E21.1670
G0 F2400 X133.485 Y129.808
G1 F2400 X120.170 Y116.493 E21.9498
G0 F2400 X119.604 Y116.493
G1 F2400 X133.485 Y130.374 E22.7660
G0 F2400 X133.485 Y130.939
G1 F2400 X119.039 Y116.493 E23.6154
G0 F2400 X118.473 Y116.493
G1 F2400 X133.485 Y131.505 E24.4980
G0 F2400 X133.485 Y132.071
G1 F2400 X117.907 Y116.493 E25.4139
G0 F2400 X117.342 Y116.493
G1 F2400 X133.485 Y132.636 E26.3631
G0 F2400 X133.485 Y133.202
G1 F2400 X116.776 Y116.493 E27.3455
G0 F2400 X116.513 Y116.796
G1 F2400 X133.222 Y133.505 E28.3279
G0 F2400 X132.656 Y133.505
G1 F2400 X116.513 Y117.362 E29.2771
G0 F2400 X116.513 Y117.927
G1 F2400 X132.091 Y133.505 E30.1930
G0 F2400 X131.525 Y133.505
G1 F2400 X116.513 Y118.493 E31.0757
G0 F2400 X116.513 Y119.059
G1 F2400 X130.959 Y133.505 E31.9250
G0 F2400 X130.394 Y133.505
G1 F2400 X116.513 Y119.624 E32.7412
G0 F2400 X116.513 Y120.190
G1 F2400 X129.828 Y133.505 E33.5240
G0 F2400 X129.262 Y133.505
G1 F2400 X116.513 Y120.756 E34.2736
G0 F2400 X116.513 Y121.321
G1 F2400 X128.696 Y133.505 E34.9900
G0 F2400 X128.131 Y133.505
G1 F2400 X116.513 Y121.887 E35.6731
G0 F2400 X116.513 Y122.453
G1 F2400 X127.565 Y133.505 E36.3229
G0 F2400 X126.999 Y133.505
G1 F2400 X116.513 Y123.018 E36.9395
G0 F2400 X116.513 Y123.584
G1 F2400 X126.434 Y133.505 E37.5228
G0 F2400 X125.868 Y133.505
G1 F2400 X116.513 Y124.150 E38.0728
G0 F2400 X116.513 Y124.715
G1 F2400 X125.302 Y133.505 E38.5896
G0 F2400 X124.737 Y133.505
G1 F2400 X116.513 Y125.281 E39.0731
G0 F2400 X116.513 Y125.847
G1 F2400 X124.171 Y133.505 E39.5234
G0 F2400 X123.605 Y133.505
G1 F2400 X116.513 Y126.413 E39.9404
G0 F2400 X116.513 Y126.978
G1 F2400 X123.040 Y133.505 E40.3241
G0 F2400 X122.474 Y133.505
G1 F2400 X116.513 Y127.544 E40.6746
G0 F2400 X116.513 Y128.110
G1 F2400 X121.908 Y133.505 E40.9918
G0 F2400 X121.343 Y133.505
G1 F2400 X116.513 Y128.675 E41.2758
G0 F2400 X116.513 Y129.241
G1 F2400 X120.777 Y133.505 E41.5265
G0 F2400 X120.211 Y133.505
G1 F2400 X116.513 Y129.807 E41.7440
G0 F2400 X116.513 Y130.372
G1 F2400 X119.646 Y133.505 E41.9282
G0 F2400 X119.080 Y133.505
G1 F2400 X116.513 Y130.938 E42.0791
G0 F2400 X116.513 Y131.504
G1 F2400 X118.514 Y133.505 E42.1967
G0 F2400 X117.948 Y133.505
G1 F2400 X116.513 Y132.069 E42.2811
G0 F2400 X116.513 Y132.635
G1 F2400 X117.383 Y133.505 E42.3323
G0 F2400 X116.817 Y133.505
G1 F2400 X116.513 Y133.201 E42.3502
;PRINTING_TIME: 37
;REMAINING_TIME: 880
;LAYER:1
;Z:0.500
;HEIGHT:0.250
M106 S51
;PRINTING: FlowCalibrationCube4mm_nozzle0.8walls.stl
;PRINTING_ID: 0
G1 F2400 E41.3502
G1 F300 Z0.700
G0 F3900 X115.134 Y115.114
G0 F300 Z0.500
;TYPE:WALL-OUTER
;WIDTH:0.400
;FLOW:95.0
G1 F300 Z0.500
G1 F1500 E42.3502
G1 F2400 X134.866 Y115.114 E43.1295
G1 X134.866 Y134.886 E43.9104
G1 X115.134 Y134.886 E44.6898
G1 X115.134 Y115.114 E45.4707
G0 F3900 X115.534 Y115.514
;TYPE:WALL-INNER
;WIDTH:0.400
;FLOW:85.0
G1 F2400 X134.466 Y115.514 E46.1397
G1 X134.466 Y134.486 E46.8102
G1 X115.534 Y134.486 E47.4792
G1 X115.534 Y115.514 E48.1497
G0 F3900 X115.934 Y115.914
G1 F2400 X134.066 Y115.914 E48.7904
G1 X134.066 Y134.086 E49.4326
G1 X115.934 Y134.086 E50.0734
G1 X115.934 Y115.914 E50.7156
G0 F3900 X116.334 Y116.314
G1 F2400 X133.666 Y116.314 E51.3281
G1 X133.666 Y133.686 E51.9420
G1 X116.334 Y133.686 E52.5545
G1 X116.334 Y116.314 E53.1684
G0 F3900 X116.513 Y116.831
;TYPE:SOLID-FILL
;WIDTH:0.400
G1 F2700 X116.851 Y116.493 E53.1853
G0 F2700 X117.417 Y116.493
G1 F2700 X116.513 Y117.397 E53.2304
G0 F2700 X116.513 Y117.963
G1 F2700 X117.982 Y116.493 E53.3039
G0 F2700 X118.548 Y116.493
G1 F2700 X116.513 Y118.528 E53.4056
G0 F2700 X116.513 Y119.094
G1 F2700 X119.114 Y116.493 E53.5356
G0 F2700 X119.679 Y116.493
G1 F2700 X116.513 Y119.660 E53.6938
G0 F2700 X116.513 Y120.225
G1 F2700 X120.245 Y116.493 E53.8803
G0 F2700 X120.811 Y116.493
G1 F2700 X116.513 Y120.791 E54.0951
G0 F2700 X116.513 Y121.357
G1 F2700 X121.377 Y116.493 E54.3382
G0 F2700 X121.942 Y116.493
G1 F2700 X116.513 Y121.922 E54.6095
G0 F2700 X116.513 Y122.488
G1 F2700 X122.508 Y116.493 E54.9092
G0 F2700 X123.074 Y116.493
G1 F2700 X116.513 Y123.054 E55.2370
G0 F2700 X116.513 Y123.619
G1 F2700 X123.639 Y116.493 E55.5932
G0 F2700 X124.205 Y116.493
G1 F2700 X116.513 Y124.185 E55.9776
G0 F2700 X116.513 Y124.751
G1 F2700 X124.771 Y116.493 E56.3903
G0 F2700 X125.336 Y116.493
G1 F2700 X116.513 Y125.316 E56.8313
G0 F2700 X116.513 Y125.882
G1 F2700 X125.902 Y116.493 E57.3005
G0 F2700 X126.468 Y116.493
G1 F2700 X116.513 Y126.448 E57.7980
G0 F2700 X116.513 Y127.014
G1 F2700 X127.033 Y116.493 E58.3238
G0 F2700 X127.599 Y116.493
G1 F2700 X116.513 Y127.579 E58.8778
G0 F2700 X116.513 Y128.145
G1 F2700 X128.165 Y116.493 E59.4602
G0 F2700 X128.730 Y116.493
G1 F2700 X116.513 Y128.711 E60.0707
G0 F2700 X116.513 Y129.276
G1 F2700 X129.296 Y116.493 E60.7096
G0 F2700 X129.862 Y116.493
G1 F2700 X116.513 Y129.842 E61.3767
G0 F2700 X116.513 Y130.408
G1 F2700 X130.427 Y116.493 E62.0721
G0 F2700 X130.993 Y116.493
G1 F2700 X116.513 Y130.973 E62.7958
G0 F2700 X116.513 Y131.539
G1 F2700 X131.559 Y116.493 E63.5478
G0 F2700 X132.125 Y116.493
G1 F2700 X116.513 Y132.105 E64.3280
G0 F2700 X116.513 Y132.670
G1 F2700 X132.690 Y116.493 E65.1365
G0 F2700 X133.256 Y116.493
G1 F2700 X116.513 Y133.236 E65.9732
G0 F2700 X116.810 Y133.505
G1 F2700 X133.485 Y116.830 E66.8066
G0 F2700 X133.485 Y117.395
G1 F2700 X117.376 Y133.505 E67.6117
G0 F2700 X117.941 Y133.505
G1 F2700 X133.485 Y117.961 E68.3885
G0 F2700 X133.485 Y118.527
G1 F2700 X118.507 Y133.505 E69.1371
G0 F2700 X119.073 Y133.505
G1 F2700 X133.485 Y119.093 E69.8573
G0 F2700 X133.485 Y119.658
G1 F2700 X119.638 Y133.505 E70.5494
G0 F2700 X120.204 Y133.505
G1 F2700 X133.485 Y120.224 E71.2131
G0 F2700 X133.485 Y120.790
G1 F2700 X120.770 Y133.505 E71.8486
G0 F2700 X121.335 Y133.505
G1 F2700 X133.485 Y121.355 E72.4558
G0 F2700 X133.485 Y121.921
G1 F2700 X121.901 Y133.505 E73.0347
G0 F2700 X122.467 Y133.505
G1 F2700 X133.485 Y122.487 E73.5854
G0 F2700 X133.485 Y123.052
G1 F2700 X123.033 Y133.505 E74.1077
G0 F2700 X123.598 Y133.505
G1 F2700 X133.485 Y123.618 E74.6019
G0 F2700 X133.485 Y124.184
G1 F2700 X124.164 Y133.505 E75.0677
G0 F2700 X124.730 Y133.505
G1 F2700 X133.485 Y124.749 E75.5053
G0 F2700 X133.485 Y125.315
G1 F2700 X125.295 Y133.505 E75.9146
G0 F2700 X125.861 Y133.505
G1 F2700 X133.485 Y125.881 E76.2956
G0 F2700 X133.485 Y126.446
G1 F2700 X126.427 Y133.505 E76.6484
G0 F2700 X126.992 Y133.505
G1 F2700 X133.485 Y127.012 E76.9729
G0 F2700 X133.485 Y127.578
G1 F2700 X127.558 Y133.505 E77.2691
G0 F2700 X128.124 Y133.505
G1 F2700 X133.485 Y128.144 E77.5370
G0 F2700 X133.485 Y128.709
G1 F2700 X128.689 Y133.505 E77.7767
G0 F2700 X129.255 Y133.505
G1 F2700 X133.485 Y129.275 E77.9881
G0 F2700 X133.485 Y129.841
G1 F2700 X129.821 Y133.505 E78.1712
G0 F2700 X130.386 Y133.505
G1 F2700 X133.485 Y130.406 E78.3261
G0 F2700 X133.485 Y130.972
G1 F2700 X130.952 Y133.505 E78.4527
G0 F2700 X131.518 Y133.505
G1 F2700 X133.485 Y131.538 E78.5510
G0 F2700 X133.485 Y132.103
G1 F2700 X132.084 Y133.505 E78.6210
G0 F2700 X132.649 Y133.505
G1 F2700 X133.485 Y132.669 E78.6628
G0 F2700 X133.485 Y133.235
G1 F2700 X133.215 Y133.505 E78.6763
;PRINTING_TIME: 69
;REMAINING_TIME: 847
;LAYER:2
;Z:0.750
;HEIGHT:0.250
;FLOW:100.0
;PRINTING: FlowCalibrationCube4mm_nozzle0.8walls.stl
;PRINTING_ID: 0
G1 F2400 E77.6763
G1 F300 Z0.950
G0 F3900 X115.134 Y115.114
G0 F300 Z0.750
;TYPE:WALL-OUTER
;WIDTH:0.400
;FLOW:95.0
G1 F300 Z0.750
G1 F1500 E78.6763
G1 F2400 X134.866 Y115.114 E79.4556
G1 X134.866 Y134.886 E80.2366
G1 X115.134 Y134.886 E81.0159
G1 X115.134 Y115.114 E81.7968
G0 F3900 X115.534 Y115.514
;TYPE:WALL-INNER
;WIDTH:0.400
;FLOW:85.0
G1 F2400 X134.466 Y115.514 E82.4659
G1 X134.466 Y134.486 E83.1363
G1 X115.534 Y134.486 E83.8053
G1 X115.534 Y115.514 E84.4758
G0 F3900 X115.934 Y115.914
G1 F2400 X134.066 Y115.914 E85.1166
G1 X134.066 Y134.086 E85.7587
G1 X115.934 Y134.086 E86.3995
G1 X115.934 Y115.914 E87.0417
G0 F3900 X116.334 Y116.314
G1 F2400 X133.666 Y116.314 E87.6542
G1 X133.666 Y133.686 E88.2681
G1 X116.334 Y133.686 E88.8806
G1 X116.334 Y116.314 E89.4945
G1 F2400 E88.4945
G1 F300 Z0.950
G0 F3900 X133.181 Y116.493
;TYPE:SOLID-FILL
;WIDTH:0.400
G1 F300 Z0.750
G1 F1500 E89.4945
G1 F3000 X133.485 Y116.797 E89.5097
G0 F3000 X133.485 Y117.363
G1 F3000 X132.615 Y116.493 E89.5532
G0 F3000 X132.050 Y116.493
G1 F3000 X133.485 Y117.929 E89.6249
G0 F3000 X133.485 Y118.494
G1 F3000 X131.484 Y116.493 E89.7249
G0 F3000 X130.918 Y116.493
G1 F3000 X133.485 Y119.060 E89.8532
G0 F3000 X133.485 Y119.626
G1 F3000 X130.353 Y116.493 E90.0097
G0 F3000 X129.787 Y116.493
G1 F3000 X133.485 Y120.191 E90.1946
G0 F3000 X133.485 Y120.757
G1 F3000 X129.221 Y116.493 E90.4077
G0 F3000 X128.655 Y116.493
G1 F3000 X133.485 Y121.323 E90.6490
G0 F3000 X133.485 Y121.888
G1 F3000 X128.090 Y116.493 E90.9187
G0 F3000 X127.524 Y116.493
G1 F3000 X133.485 Y122.454 E91.2166
G0 F3000 X133.485 Y123.020
G1 F3000 X126.958 Y116.493 E91.5428
G0 F3000 X126.393 Y116.493
G1 F3000 X133.485 Y123.586 E91.8972
G0 F3000 X133.485 Y124.151
G1 F3000 X125.827 Y116.493 E92.2800
G0 F3000 X125.261 Y116.493
G1 F3000 X133.485 Y124.717 E92.6910
G0 F3000 X133.485 Y125.283
G1 F3000 X124.696 Y116.493 E93.1302
G0 F3000 X124.130 Y116.493
G1 F3000 X133.485 Y125.848 E93.5978
G0 F3000 X133.485 Y126.414
G1 F3000 X123.564 Y116.493 E94.0936
G0 F3000 X122.999 Y116.493
G1 F3000 X133.485 Y126.980 E94.6177
G0 F3000 X133.485 Y127.545
G1 F3000 X122.433 Y116.493 E95.1700
G0 F3000 X121.867 Y116.493
G1 F3000 X133.485 Y128.111 E95.7506
G0 F3000 X133.485 Y128.677
G1 F3000 X121.302 Y116.493 E96.3595
G0 F3000 X120.736 Y116.493
G1 F3000 X133.485 Y129.242 E96.9967
G0 F3000 X133.485 Y129.808
G1 F3000 X120.170 Y116.493 E97.6621
G0 F3000 X119.604 Y116.493
G1 F3000 X133.485 Y130.374 E98.3559
G0 F3000 X133.485 Y130.939
G1 F3000 X119.039 Y116.493 E99.0778
G0 F3000 X118.473 Y116.493
G1 F3000 X133.485 Y131.505 E99.8281
G0 F3000 X133.485 Y132.071
G1 F3000 X117.907 Y116.493 E100.6066
G0 F3000 X117.342 Y116.493
G1 F3000 X133.485 Y132.636 E101.4134
G0 F3000 X133.485 Y133.202
G1 F3000 X116.776 Y116.493 E102.2484
G0 F3000 X116.513 Y116.796
G1 F3000 X133.222 Y133.505 E103.0835
G0 F3000 X132.656 Y133.505
G1 F3000 X116.513 Y117.362 E103.8903
G0 F3000 X116.513 Y117.927
G1 F3000 X132.091 Y133.505 E104.6688
G0 F3000 X131.525 Y133.505
G1 F3000 X116.513 Y118.493 E105.4191
G0 F3000 X116.513 Y119.059
G1 F3000 X130.959 Y133.505 E106.1410
G0 F3000 X130.394 Y133.505
G1 F3000 X116.513 Y119.624 E106.8348
G0 F3000 X116.513 Y120.190
G1 F3000 X129.828 Y133.505 E107.5002
G0 F3000 X129.262 Y133.505
G1 F3000 X116.513 Y120.756 E108.1374
G0 F3000 X116.513 Y121.321
G1 F3000 X128.696 Y133.505 E108.7462
G0 F3000 X128.131 Y133.505
G1 F3000 X116.513 Y121.887 E109.3269
G0 F3000 X116.513 Y122.453
G1 F3000 X127.565 Y133.505 E109.8792
G0 F3000 X126.999 Y133.505
G1 F3000 X116.513 Y123.018 E110.4033
G0 F3000 X116.513 Y123.584
G1 F3000 X126.434 Y133.505 E110.8991
G0 F3000 X125.868 Y133.505
G1 F3000 X116.513 Y124.150 E111.3667
G0 F3000 X116.513 Y124.715
G1 F3000 X125.302 Y133.505 E111.8059
G0 F3000 X124.737 Y133.505
G1 F3000 X116.513 Y125.281 E112.2169
G0 F3000 X116.513 Y125.847
G1 F3000 X124.171 Y133.505 E112.5997
G0 F3000 X123.605 Y133.505
G1 F3000 X116.513 Y126.413 E112.9541
G0 F3000 X116.513 Y126.978
G1 F3000 X123.040 Y133.505 E113.2803
G0 F3000 X122.474 Y133.505
G1 F3000 X116.513 Y127.544 E113.5782
G0 F3000 X116.513 Y128.110
G1 F3000 X121.908 Y133.505 E113.8478
G0 F3000 X121.343 Y133.505
G1 F3000 X116.513 Y128.675 E114.0892
G0 F3000 X116.513 Y129.241
G1 F3000 X120.777 Y133.505 E114.3023
G0 F3000 X120.211 Y133.505
G1 F3000 X116.513 Y129.807 E114.4871
G0 F3000 X116.513 Y130.372
G1 F3000 X119.646 Y133.505 E114.6437
G0 F3000 X119.080 Y133.505
G1 F3000 X116.513 Y130.938 E114.7720
G0 F3000 X116.513 Y131.504
G1 F3000 X118.514 Y133.505 E114.8720
G0 F3000 X117.948 Y133.505
G1 F3000 X116.513 Y132.069 E114.9437
G0 F3000 X116.513 Y132.635
G1 F3000 X117.383 Y133.505 E114.9872
G0 F3000 X116.817 Y133.505
G1 F3000 X116.513 Y133.201 E115.0024
;PRINTING_TIME: 101
;REMAINING_TIME: 815
;LAYER:3
;Z:1.000
;HEIGHT:0.250
;FLOW:100.0
M106 S204
;PRINTING: FlowCalibrationCube4mm_nozzle0.8walls.stl
;PRINTING_ID: 0
G1 F2400 E114.0024
G1 F300 Z1.200
G0 F3900 X115.439 Y133.201
G0 F300 Z1.000
G0 F3900 X115.234 Y115.124
G0 X115.134 Y115.114
;TYPE:WALL-OUTER
;WIDTH:0.400
;FLOW:95.0
G1 F300 Z1.000
G1 F1500 E115.0024
G1 F958 X134.866 Y115.114 E115.7818
G1 X134.866 Y134.886 E116.5627
G1 X115.134 Y134.886 E117.3420
G1 X115.134 Y115.114 E118.1229
G1 F2400 E117.1229
G1 F300 Z1.200
G0 F3900 X115.539 Y115.520
G1 F300 Z1.000
G1 F1500 E118.1229
G1 F958 X115.539 Y134.479 E118.8718
G1 X134.460 Y134.479 E119.6191
G1 X134.460 Y115.520 E120.3679
G1 X115.539 Y115.520 E121.1152
;PRINTING_TIME: 112
;REMAINING_TIME: 804
;LAYER:4
;Z:1.250
;HEIGHT:0.250
;FLOW:100.0
;PRINTING: FlowCalibrationCube4mm_nozzle0.8walls.stl
;PRINTING_ID: 0
G1 F2400 E120.1152
G1 F300 Z1.450
G0 F3900 X115.134 Y115.114
G0 F300 Z1.250
;TYPE:WALL-OUTER
;WIDTH:0.400
;FLOW:95.0
G1 F300 Z1.250
G1 F1500 E121.1152
G1 F930 X134.866 Y115.114 E121.8945
G1 X134.866 Y134.886 E122.6755
G1 X115.134 Y134.886 E123.4548
G1 X115.134 Y115.114 E124.2357
G1 F2400 E123.2357
G1 F300 Z1.450
G0 F3900 X115.539 Y115.520
G1 F300 Z1.250
G1 F1500 E124.2357
G1 F930 X115.539 Y134.479 E124.9845
G1 X134.460 Y134.479 E125.7318
G1 X134.460 Y115.520 E126.4807
G1 X115.539 Y115.520 E127.2280
;PRINTING_TIME: 123
;REMAINING_TIME: 794
;LAYER:5
;Z:1.500
;HEIGHT:0.250
;FLOW:100.0
;PRINTING: FlowCalibrationCube4mm_nozzle0.8walls.stl
;PRINTING_ID: 0
G1 F2400 E126.2280
G1 F300 Z1.700
G0 F3900 X115.134 Y115.114
G0 F300 Z1.500
;TYPE:WALL-OUTER
;WIDTH:0.400
;FLOW:95.0
G1 F300 Z1.500
G1 F1500 E127.2280
G1 F930 X134.866 Y115.114 E128.0073
G1 X134.866 Y134.886 E128.7882
G1 X115.134 Y134.886 E129.5676
G1 X115.134 Y115.114 E130.3485
G1 F2400 E129.3485
G1 F300 Z1.700
G0 F3900 X115.539 Y115.520
G1 F300 Z1.500
G1 F1500 E130.3485
G1 F930 X115.539 Y134.479 E131.0973
G1 X134.460 Y134.479 E131.8446
G1 X134.460 Y115.520 E132.5934
G1 X115.539 Y115.520 E133.3408
;PRINTING_TIME: 133
;REMAINING_TIME: 783
;LAYER:6
;Z:1.750
;HEIGHT:0.250
;FLOW:100.0
;PRINTING: FlowCalibrationCube4mm_nozzle0.8walls.stl
;PRINTING_ID: 0
G1 F2400 E132.3408
G1 F300 Z1.950
G0 F3900 X115.134 Y115.114
G0 F300 Z1.750
;TYPE:WALL-OUTER
;WIDTH:0.400
;FLOW:95.0
G1 F300 Z1.750
G1 F1500 E133.3408
G1 F930 X134.866 Y115.114 E134.1201
G1 X134.866 Y134.886 E134.9010
G1 X115.134 Y134.886 E135.6804
G1 X115.134 Y115.114 E136.4613
G1 F2400 E135.4613
G1 F300 Z1.950
G0 F3900 X115.539 Y115.520
G1 F300 Z1.750
G1 F1500 E136.4613
G1 F930 X115.539 Y134.479 E137.2101
G1 X134.460 Y134.479 E137.9574
G1 X134.460 Y115.520 E138.7062
G1 X115.539 Y115.520 E139.4535
;PRINTING_TIME: 144
;REMAINING_TIME: 773
;LAYER:7
;Z:2.000
;HEIGHT:0.250
;FLOW:100.0
;PRINTING: FlowCalibrationCube4mm_nozzle0.8walls.stl
;PRINTING_ID: 0
G1 F2400 E138.4535
G1 F300 Z2.200
G0 F3900 X115.134 Y115.114
G0 F300 Z2.000
;TYPE:WALL-OUTER
;WIDTH:0.400
;FLOW:95.0
G1 F300 Z2.000
G1 F1500 E139.4535
G1 F930 X134.866 Y115.114 E140.2329
G1 X134.866 Y134.886 E141.0138
G1 X115.134 Y134.886 E141.7931
G1 X115.134 Y115.114 E142.5741
G1 F2400 E141.5741
G1 F300 Z2.200
G0 F3900 X115.539 Y115.520
G1 F300 Z2.000
G1 F1500 E142.5741
G1 F930 X115.539 Y134.479 E143.3229
G1 X134.460 Y134.479 E144.0702
G1 X134.460 Y115.520 E144.8190
G1 X115.539 Y115.520 E145.5663
;PRINTING_TIME: 154
;REMAINING_TIME: 762
;LAYER:8
;Z:2.250
;HEIGHT:0.250
;FLOW:100.0
;PRINTING: FlowCalibrationCube4mm_nozzle0.8walls.stl
;PRINTING_ID: 0
G1 F2400 E144.5663
G1 F300 Z2.450
G0 F3900 X115.134 Y115.114
G0 F300 Z2.250
;TYPE:WALL-OUTER
;WIDTH:0.400
;FLOW:95.0
G1 F300 Z2.250
G1 F1500 E145.5663
G1 F930 X134.866 Y115.114 E146.3457
G1 X134.866 Y134.886 E147.1266
G1 X115.134 Y134.886 E147.9059
G1 X115.134 Y115.114 E148.6868
G1 F2400 E147.6868
G1 F300 Z2.450
G0 F3900 X115.539 Y115.520
G1 F300 Z2.250
G1 F1500 E148.6868
G1 F930 X115.539 Y134.479 E149.4357
G1 X134.460 Y134.479 E150.1830
G1 X134.460 Y115.520 E150.9318
G1 X115.539 Y115.520 E151.6791
;PRINTING_TIME: 165
;REMAINING_TIME: 752
;LAYER:9
;Z:2.500
;HEIGHT:0.250
;FLOW:100.0
;PRINTING: FlowCalibrationCube4mm_nozzle0.8walls.stl
;PRINTING_ID: 0
G1 F2400 E150.6791
G1 F300 Z2.700
G0 F3900 X115.134 Y115.114
G0 F300 Z2.500
;TYPE:WALL-OUTER
;WIDTH:0.400
;FLOW:95.0
G1 F300 Z2.500
G1 F1500 E151.6791
G1 F930 X134.866 Y115.114 E152.4584
G1 X134.866 Y134.886 E153.2394
G1 X115.134 Y134.886 E154.0187
G1 X115.134 Y115.114 E154.7996
G1 F2400 E153.7996
G1 F300 Z2.700
G0 F3900 X115.539 Y115.520
G1 F300 Z2.500
G1 F1500 E154.7996
G1 F930 X115.539 Y134.479 E155.5484
G1 X134.460 Y134.479 E156.2958
G1 X134.460 Y115.520 E157.0446
G1 X115.539 Y115.520 E157.7919
;PRINTING_TIME: 176
;REMAINING_TIME: 741
;LAYER:10
;Z:2.750
;HEIGHT:0.250
;FLOW:100.0
;PRINTING: FlowCalibrationCube4mm_nozzle0.8walls.stl
;PRINTING_ID: 0
G1 F2400 E156.7919
G1 F300 Z2.950
G0 F3900 X115.134 Y115.114
G0 F300 Z2.750
;TYPE:WALL-OUTER
;WIDTH:0.400
;FLOW:95.0
G1 F300 Z2.750
G1 F1500 E157.7919
G1 F930 X134.866 Y115.114 E158.5712
G1 X134.866 Y134.886 E159.3521
G1 X115.134 Y134.886 E160.1315
G1 X115.134 Y115.114 E160.9124
G1 F2400 E159.9124
G1 F300 Z2.950
G0 F3900 X115.539 Y115.520
G1 F300 Z2.750
G1 F1500 E160.9124
G1 F930 X115.539 Y134.479 E161.6612
G1 X134.460 Y134.479 E162.4085
G1 X134.460 Y115.520 E163.1573
G1 X115.539 Y115.520 E163.9047
;PRINTING_TIME: 186
;REMAINING_TIME: 730
;LAYER:11
;Z:3.000
;HEIGHT:0.250
;FLOW:100.0
;PRINTING: FlowCalibrationCube4mm_nozzle0.8walls.stl
;PRINTING_ID: 0
G1 F2400 E162.9047
G1 F300 Z3.200
G0 F3900 X115.134 Y115.114
G0 F300 Z3.000
;TYPE:WALL-OUTER
;WIDTH:0.400
;FLOW:95.0
G1 F300 Z3.000
G1 F1500 E163.9047
G1 F930 X134.866 Y115.114 E164.6840
G1 X134.866 Y134.886 E165.4649
G1 X115.134 Y134.886 E166.2443
G1 X115.134 Y115.114 E167.0252
G1 F2400 E166.0252
G1 F300 Z3.200
G0 F3900 X115.539 Y115.520
G1 F300 Z3.000
G1 F1500 E167.0252
G1 F930 X115.539 Y134.479 E167.7740
G1 X134.460 Y134.479 E168.5213
G1 X134.460 Y115.520 E169.2701
G1 X115.539 Y115.520 E170.0174
;PRINTING_TIME: 197
;REMAINING_TIME: 720
;LAYER:12
;Z:3.250
;HEIGHT:0.250
;FLOW:100.0
;PRINTING: FlowCalibrationCube4mm_nozzle0.8walls.stl
;PRINTING_ID: 0
G1 F2400 E169.0174
G1 F300 Z3.450
G0 F3900 X115.134 Y115.114
G0 F300 Z3.250
;TYPE:WALL-OUTER
;WIDTH:0.400
;FLOW:95.0
G1 F300 Z3.250
G1 F1500 E170.0174
G1 F930 X134.866 Y115.114 E170.7968
G1 X134.866 Y134.886 E171.5777
G1 X115.134 Y134.886 E172.3570
G1 X115.134 Y115.114 E173.1380
G1 F2400 E172.1380
G1 F300 Z3.450
G0 F3900 X115.539 Y115.520
G1 F300 Z3.250
G1 F1500 E173.1380
G1 F930 X115.539 Y134.479 E173.8868
G1 X134.460 Y134.479 E174.6341
G1 X134.460 Y115.520 E175.3829
G1 X115.539 Y115.520 E176.1302
;PRINTING_TIME: 207
;REMAINING_TIME: 709
;LAYER:13
;Z:3.500
;HEIGHT:0.250
;FLOW:100.0
;PRINTING: FlowCalibrationCube4mm_nozzle0.8walls.stl
;PRINTING_ID: 0
G1 F2400 E175.1302
G1 F300 Z3.700
G0 F3900 X115.134 Y115.114
G0 F300 Z3.500
;TYPE:WALL-OUTER
;WIDTH:0.400
;FLOW:95.0
G1 F300 Z3.500
G1 F1500 E176.1302
G1 F930 X134.866 Y115.114 E176.9096
G1 X134.866 Y134.886 E177.6905
G1 X115.134 Y134.886 E178.4698
G1 X115.134 Y115.114 E179.2507
G1 F2400 E178.2507
G1 F300 Z3.700
G0 F3900 X115.539 Y115.520
G1 F300 Z3.500
G1 F1500 E179.2507
G1 F930 X115.539 Y134.479 E179.9996
G1 X134.460 Y134.479 E180.7469
G1 X134.460 Y115.520 E181.4957
G1 X115.539 Y115.520 E182.2430
;PRINTING_TIME: 218
;REMAINING_TIME: 699
;LAYER:14
;Z:3.750
;HEIGHT:0.250
;FLOW:100.0
;PRINTING: FlowCalibrationCube4mm_nozzle0.8walls.stl
;PRINTING_ID: 0
G1 F2400 E181.2430
G1 F300 Z3.950
G0 F3900 X115.134 Y115.114
G0 F300 Z3.750
;TYPE:WALL-OUTER
;WIDTH:0.400
;FLOW:95.0
G1 F300 Z3.750
G1 F1500 E182.2430
G1 F930 X134.866 Y115.114 E183.0223
G1 X134.866 Y134.886 E183.8033
G1 X115.134 Y134.886 E184.5826
G1 X115.134 Y115.114 E185.3635
G1 F2400 E184.3635
G1 F300 Z3.950
G0 F3900 X115.539 Y115.520
G1 F300 Z3.750
G1 F1500 E185.3635
G1 F930 X115.539 Y134.479 E186.1123
G1 X134.460 Y134.479 E186.8597
G1 X134.460 Y115.520 E187.6085
G1 X115.539 Y115.520 E188.3558
;PRINTING_TIME: 229
;REMAINING_TIME: 688
;LAYER:15
;Z:4.000
;HEIGHT:0.250
;FLOW:100.0
;PRINTING: FlowCalibrationCube4mm_nozzle0.8walls.stl
;PRINTING_ID: 0
G1 F2400 E187.3558
G1 F300 Z4.200
G0 F3900 X115.134 Y115.114
G0 F300 Z4.000
;TYPE:WALL-OUTER
;WIDTH:0.400
;FLOW:95.0
G1 F300 Z4.000
G1 F1500 E188.3558
G1 F930 X134.866 Y115.114 E189.1351
G1 X134.866 Y134.886 E189.9160
G1 X115.134 Y134.886 E190.6954
G1 X115.134 Y115.114 E191.4763
G1 F2400 E190.4763
G1 F300 Z4.200
G0 F3900 X115.539 Y115.520
G1 F300 Z4.000
G1 F1500 E191.4763
G1 F930 X115.539 Y134.479 E192.2251
G1 X134.460 Y134.479 E192.9724
G1 X134.460 Y115.520 E193.7212
G1 X115.539 Y115.520 E194.4686
;PRINTING_TIME: 239
;REMAINING_TIME: 677
;LAYER:16
;Z:4.250
;HEIGHT:0.250
;FLOW:100.0
;PRINTING: FlowCalibrationCube4mm_nozzle0.8walls.stl
;PRINTING_ID: 0
G1 F2400 E193.4686
G1 F300 Z4.450
G0 F3900 X115.134 Y115.114
G0 F300 Z4.250
;TYPE:WALL-OUTER
;WIDTH:0.400
;FLOW:95.0
G1 F300 Z4.250
G1 F1500 E194.4686
G1 F930 X134.866 Y115.114 E195.2479
G1 X134.866 Y134.886 E196.0288
G1 X115.134 Y134.886 E196.8082
G1 X115.134 Y115.114 E197.5891
G1 F2400 E196.5891
G1 F300 Z4.450
G0 F3900 X115.539 Y115.520
G1 F300 Z4.250
G1 F1500 E197.5891
G1 F930 X115.539 Y134.479 E198.3379
G1 X134.460 Y134.479 E199.0852
G1 X134.460 Y115.520 E199.8340
G1 X115.539 Y115.520 E200.5813
;PRINTING_TIME: 250
;REMAINING_TIME: 667
;LAYER:17
;Z:4.500
;HEIGHT:0.250
;FLOW:100.0
;PRINTING: FlowCalibrationCube4mm_nozzle0.8walls.stl
;PRINTING_ID: 0
G1 F2400 E199.5813
G1 F300 Z4.700
G0 F3900 X115.134 Y115.114
G0 F300 Z4.500
;TYPE:WALL-OUTER
;WIDTH:0.400
;FLOW:95.0
G1 F300 Z4.500
G1 F1500 E200.5813
G1 F930 X134.866 Y115.114 E201.3607
G1 X134.866 Y134.886 E202.1416
G1 X115.134 Y134.886 E202.9209
G1 X115.134 Y115.114 E203.7019
G1 F2400 E202.7019
G1 F300 Z4.700
G0 F3900 X115.539 Y115.520
G1 F300 Z4.500
G1 F1500 E203.7019
G1 F930 X115.539 Y134.479 E204.4507
G1 X134.460 Y134.479 E205.1980
G1 X134.460 Y115.520 E205.9468
G1 X115.539 Y115.520 E206.6941
;PRINTING_TIME: 260
;REMAINING_TIME: 656
;LAYER:18
;Z:4.750
;HEIGHT:0.250
;FLOW:100.0
;PRINTING: FlowCalibrationCube4mm_nozzle0.8walls.stl
;PRINTING_ID: 0
G1 F2400 E205.6941
G1 F300 Z4.950
G0 F3900 X115.134 Y115.114
G0 F300 Z4.750
;TYPE:WALL-OUTER
;WIDTH:0.400
;FLOW:95.0
G1 F300 Z4.750
G1 F1500 E206.6941
G1 F930 X134.866 Y115.114 E207.4735
G1 X134.866 Y134.886 E208.2544
G1 X115.134 Y134.886 E209.0337
G1 X115.134 Y115.114 E209.8147
G1 F2400 E208.8147
G1 F300 Z4.950
G0 F3900 X115.539 Y115.520
G1 F300 Z4.750
G1 F1500 E209.8147
G1 F930 X115.539 Y134.479 E210.5635
G1 X134.460 Y134.479 E211.3108
G1 X134.460 Y115.520 E212.0596
G1 X115.539 Y115.520 E212.8069
;PRINTING_TIME: 271
;REMAINING_TIME: 646
;LAYER:19
;Z:5.000
;HEIGHT:0.250
;FLOW:100.0
;PRINTING: FlowCalibrationCube4mm_nozzle0.8walls.stl
;PRINTING_ID: 0
G1 F2400 E211.8069
G1 F300 Z5.200
G0 F3900 X115.134 Y115.114
G0 F300 Z5.000
;TYPE:WALL-OUTER
;WIDTH:0.400
;FLOW:95.0
G1 F300 Z5.000
G1 F1500 E212.8069
G1 F930 X134.866 Y115.114 E213.5862
G1 X134.866 Y134.886 E214.3672
G1 X115.134 Y134.886 E215.1465
G1 X115.134 Y115.114 E215.9274
G1 F2400 E214.9274
G1 F300 Z5.200
G0 F3900 X115.539 Y115.520
G1 F300 Z5.000
G1 F1500 E215.9274
G1 F930 X115.539 Y134.479 E216.6762
G1 X134.460 Y134.479 E217.4236
G1 X134.460 Y115.520 E218.1724
G1 X115.539 Y115.520 E218.9197
;PRINTING_TIME: 281
;REMAINING_TIME: 635
;LAYER:20
;Z:5.250
;HEIGHT:0.250
;FLOW:100.0
;PRINTING: FlowCalibrationCube4mm_nozzle0.8walls.stl
;PRINTING_ID: 0
G1 F2400 E217.9197
G1 F300 Z5.450
G0 F3900 X115.134 Y115.114
G0 F300 Z5.250
;TYPE:WALL-OUTER
;WIDTH:0.400
;FLOW:95.0
G1 F300 Z5.250
G1 F1500 E218.9197
G1 F930 X134.866 Y115.114 E219.6990
G1 X134.866 Y134.886 E220.4799
G1 X115.134 Y134.886 E221.2593
G1 X115.134 Y115.114 E222.0402
G1 F2400 E221.0402
G1 F300 Z5.450
G0 F3900 X115.539 Y115.520
G1 F300 Z5.250
G1 F1500 E222.0402
G1 F930 X115.539 Y134.479 E222.7890
G1 X134.460 Y134.479 E223.5363
G1 X134.460 Y115.520 E224.2851
G1 X115.539 Y115.520 E225.0325
;PRINTING_TIME: 292
;REMAINING_TIME: 625
;LAYER:21
;Z:5.500
;HEIGHT:0.250
;FLOW:100.0
;PRINTING: FlowCalibrationCube4mm_nozzle0.8walls.stl
;PRINTING_ID: 0
G1 F2400 E224.0325
G1 F300 Z5.700
G0 F3900 X115.134 Y115.114
G0 F300 Z5.500
;TYPE:WALL-OUTER
;WIDTH:0.400
;FLOW:95.0
G1 F300 Z5.500
G1 F1500 E225.0325
G1 F930 X134.866 Y115.114 E225.8118
G1 X134.866 Y134.886 E226.5927
G1 X115.134 Y134.886 E227.3721
G1 X115.134 Y115.114 E228.1530
G1 F2400 E227.1530
G1 F300 Z5.700
G0 F3900 X115.539 Y115.520
G1 F300 Z5.500
G1 F1500 E228.1530
G1 F930 X115.539 Y134.479 E228.9018
G1 X134.460 Y134.479 E229.6491
G1 X134.460 Y115.520 E230.3979
G1 X115.539 Y115.520 E231.1452
;PRINTING_TIME: 303
;REMAINING_TIME: 614
;LAYER:22
;Z:5.750
;HEIGHT:0.250
;FLOW:100.0
;PRINTING: FlowCalibrationCube4mm_nozzle0.8walls.stl
;PRINTING_ID: 0
G1 F2400 E230.1452
G1 F300 Z5.950
G0 F3900 X115.134 Y115.114
G0 F300 Z5.750
;TYPE:WALL-OUTER
;WIDTH:0.400
;FLOW:95.0
G1 F300 Z5.750
G1 F1500 E231.1452
G1 F930 X134.866 Y115.114 E231.9246
G1 X134.866 Y134.886 E232.7055
G1 X115.134 Y134.886 E233.4848
G1 X115.134 Y115.114 E234.2658
G1 F2400 E233.2658
G1 F300 Z5.950
G0 F3900 X115.539 Y115.520
G1 F300 Z5.750
G1 F1500 E234.2658
G1 F930 X115.539 Y134.479 E235.0146
G1 X134.460 Y134.479 E235.7619
G1 X134.460 Y115.520 E236.5107
G1 X115.539 Y115.520 E237.2580
;PRINTING_TIME: 313
;REMAINING_TIME: 603
;LAYER:23
;Z:6.000
;HEIGHT:0.250
;FLOW:100.0
;PRINTING: FlowCalibrationCube4mm_nozzle0.8walls.stl
;PRINTING_ID: 0
G1 F2400 E236.2580
G1 F300 Z6.200
G0 F3900 X115.134 Y115.114
G0 F300 Z6.000
;TYPE:WALL-OUTER
;WIDTH:0.400
;FLOW:95.0
G1 F300 Z6.000
G1 F1500 E237.2580
G1 F930 X134.866 Y115.114 E238.0374
G1 X134.866 Y134.886 E238.8183
G1 X115.134 Y134.886 E239.5976
G1 X115.134 Y115.114 E240.3786
G1 F2400 E239.3786
G1 F300 Z6.200
G0 F3900 X115.539 Y115.520
G1 F300 Z6.000
G1 F1500 E240.3786
G1 F930 X115.539 Y134.479 E241.1274
G1 X134.460 Y134.479 E241.8747
G1 X134.460 Y115.520 E242.6235
G1 X115.539 Y115.520 E243.3708
;PRINTING_TIME: 324
;REMAINING_TIME: 593
;LAYER:24
;Z:6.250
;HEIGHT:0.250
;FLOW:100.0
;PRINTING: FlowCalibrationCube4mm_nozzle0.8walls.stl
;PRINTING_ID: 0
G1 F2400 E242.3708
G1 F300 Z6.450
G0 F3900 X115.134 Y115.114
G0 F300 Z6.250
;TYPE:WALL-OUTER
;WIDTH:0.400
;FLOW:95.0
G1 F300 Z6.250
G1 F1500 E243.3708
G1 F930 X134.866 Y115.114 E244.1501
G1 X134.866 Y134.886 E244.9311
G1 X115.134 Y134.886 E245.7104
G1 X115.134 Y115.114 E246.4913
G1 F2400 E245.4913
G1 F300 Z6.450
G0 F3900 X115.539 Y115.520
G1 F300 Z6.250
G1 F1500 E246.4913
G1 F930 X115.539 Y134.479 E247.2401
G1 X134.460 Y134.479 E247.9875
G1 X134.460 Y115.520 E248.7363
G1 X115.539 Y115.520 E249.4836
;PRINTING_TIME: 334
;REMAINING_TIME: 582
;LAYER:25
;Z:6.500
;HEIGHT:0.250
;FLOW:100.0
;PRINTING: FlowCalibrationCube4mm_nozzle0.8walls.stl
;PRINTING_ID: 0
G1 F2400 E248.4836
G1 F300 Z6.700
G0 F3900 X115.134 Y115.114
G0 F300 Z6.500
;TYPE:WALL-OUTER
;WIDTH:0.400
;FLOW:95.0
G1 F300 Z6.500
G1 F1500 E249.4836
G1 F930 X134.866 Y115.114 E250.2629
G1 X134.866 Y134.886 E251.0438
G1 X115.134 Y134.886 E251.8232
G1 X115.134 Y115.114 E252.6041
G1 F2400 E251.6041
G1 F300 Z6.700
G0 F3900 X115.539 Y115.520
G1 F300 Z6.500
G1 F1500 E252.6041
G1 F930 X115.539 Y134.479 E253.3529
G1 X134.460 Y134.479 E254.1002
G1 X134.460 Y115.520 E254.8490
G1 X115.539 Y115.520 E255.5964
;PRINTING_TIME: 345
;REMAINING_TIME: 572
;LAYER:26
;Z:6.750
;HEIGHT:0.250
;FLOW:100.0
;PRINTING: FlowCalibrationCube4mm_nozzle0.8walls.stl
;PRINTING_ID: 0
G1 F2400 E254.5964
G1 F300 Z6.950
G0 F3900 X115.134 Y115.114
G0 F300 Z6.750
;TYPE:WALL-OUTER
;WIDTH:0.400
;FLOW:95.0
G1 F300 Z6.750
G1 F1500 E255.5964
G1 F930 X134.866 Y115.114 E256.3757
G1 X134.866 Y134.886 E257.1566
G1 X115.134 Y134.886 E257.9360
G1 X115.134 Y115.114 E258.7169
G1 F2400 E257.7169
G1 F300 Z6.950
G0 F3900 X115.539 Y115.520
G1 F300 Z6.750
G1 F1500 E258.7169
G1 F930 X115.539 Y134.479 E259.4657
G1 X134.460 Y134.479 E260.2130
G1 X134.460 Y115.520 E260.9618
G1 X115.539 Y115.520 E261.7091
;PRINTING_TIME: 356
;REMAINING_TIME: 561
;LAYER:27
;Z:7.000
;HEIGHT:0.250
;FLOW:100.0
;PRINTING: FlowCalibrationCube4mm_nozzle0.8walls.stl
;PRINTING_ID: 0
G1 F2400 E260.7091
G1 F300 Z7.200
G0 F3900 X115.134 Y115.114
G0 F300 Z7.000
;TYPE:WALL-OUTER
;WIDTH:0.400
;FLOW:95.0
G1 F300 Z7.000
G1 F1500 E261.7091
G1 F930 X134.866 Y115.114 E262.4885
G1 X134.866 Y134.886 E263.2694
G1 X115.134 Y134.886 E264.0488
G1 X115.134 Y115.114 E264.8297
G1 F2400 E263.8297
G1 F300 Z7.200
G0 F3900 X115.539 Y115.520
G1 F300 Z7.000
G1 F1500 E264.8297
G1 F930 X115.539 Y134.479 E265.5785
G1 X134.460 Y134.479 E266.3258
G1 X134.460 Y115.520 E267.0746
G1 X115.539 Y115.520 E267.8219
;PRINTING_TIME: 366
;REMAINING_TIME: 550
;LAYER:28
;Z:7.250
;HEIGHT:0.250
;FLOW:100.0
;PRINTING: FlowCalibrationCube4mm_nozzle0.8walls.stl
;PRINTING_ID: 0
G1 F2400 E266.8219
G1 F300 Z7.450
G0 F3900 X115.134 Y115.114
G0 F300 Z7.250
;TYPE:WALL-OUTER
;WIDTH:0.400
;FLOW:95.0
G1 F300 Z7.250
G1 F1500 E267.8219
G1 F930 X134.866 Y115.114 E268.6013
G1 X134.866 Y134.886 E269.3822
G1 X115.134 Y134.886 E270.1615
G1 X115.134 Y115.114 E270.9425
G1 F2400 E269.9425
G1 F300 Z7.450
G0 F3900 X115.539 Y115.520
G1 F300 Z7.250
G1 F1500 E270.9425
G1 F930 X115.539 Y134.479 E271.6913
G1 X134.460 Y134.479 E272.4386
G1 X134.460 Y115.520 E273.1874
G1 X115.539 Y115.520 E273.9347
;PRINTING_TIME: 377
;REMAINING_TIME: 540
;LAYER:29
;Z:7.500
;HEIGHT:0.250
;FLOW:100.0
;PRINTING: FlowCalibrationCube4mm_nozzle0.8walls.stl
;PRINTING_ID: 0
G1 F2400 E272.9347
G1 F300 Z7.700
G0 F3900 X115.134 Y115.114
G0 F300 Z7.500
;TYPE:WALL-OUTER
;WIDTH:0.400
;FLOW:95.0
G1 F300 Z7.500
G1 F1500 E273.9347
G1 F930 X134.866 Y115.114 E274.7140
G1 X134.866 Y134.886 E275.4950
G1 X115.134 Y134.886 E276.2743
G1 X115.134 Y115.114 E277.0552
G1 F2400 E276.0552
G1 F300 Z7.700
G0 F3900 X115.539 Y115.520
G1 F300 Z7.500
G1 F1500 E277.0552
G1 F930 X115.539 Y134.479 E277.8040
G1 X134.460 Y134.479 E278.5514
G1 X134.460 Y115.520 E279.3002
G1 X115.539 Y115.520 E280.0475
;PRINTING_TIME: 387
;REMAINING_TIME: 529
;LAYER:30
;Z:7.750
;HEIGHT:0.250
;FLOW:100.0
;PRINTING: FlowCalibrationCube4mm_nozzle0.8walls.stl
;PRINTING_ID: 0
G1 F2400 E279.0475
G1 F300 Z7.950
G0 F3900 X115.134 Y115.114
G0 F300 Z7.750
;TYPE:WALL-OUTER
;WIDTH:0.400
;FLOW:95.0
G1 F300 Z7.750
G1 F1500 E280.0475
G1 F930 X134.866 Y115.114 E280.8268
G1 X134.866 Y134.886 E281.6077
G1 X115.134 Y134.886 E282.3871
G1 X115.134 Y115.114 E283.1680
G1 F2400 E282.1680
G1 F300 Z7.950
G0 F3900 X115.539 Y115.520
G1 F300 Z7.750
G1 F1500 E283.1680
G1 F930 X115.539 Y134.479 E283.9168
G1 X134.460 Y134.479 E284.6641
G1 X134.460 Y115.520 E285.4130
G1 X115.539 Y115.520 E286.1603
;PRINTING_TIME: 398
;REMAINING_TIME: 519
;LAYER:31
;Z:8.000
;HEIGHT:0.250
;FLOW:100.0
;PRINTING: FlowCalibrationCube4mm_nozzle0.8walls.stl
;PRINTING_ID: 0
G1 F2400 E285.1603
G1 F300 Z8.200
G0 F3900 X115.134 Y115.114
G0 F300 Z8.000
;TYPE:WALL-OUTER
;WIDTH:0.400
;FLOW:95.0
G1 F300 Z8.000
G1 F1500 E286.1603
G1 F930 X134.866 Y115.114 E286.9396
G1 X134.866 Y134.886 E287.7205
G1 X115.134 Y134.886 E288.4999
G1 X115.134 Y115.114 E289.2808
G1 F2400 E288.2808
G1 F300 Z8.200
G0 F3900 X115.539 Y115.520
G1 F300 Z8.000
G1 F1500 E289.2808
G1 F930 X115.539 Y134.479 E290.0296
G1 X134.460 Y134.479 E290.7769
G1 X134.460 Y115.520 E291.5257
G1 X115.539 Y115.520 E292.2730
;PRINTING_TIME: 408
;REMAINING_TIME: 508
;LAYER:32
;Z:8.250
;HEIGHT:0.250
;FLOW:100.0
;PRINTING: FlowCalibrationCube4mm_nozzle0.8walls.stl
;PRINTING_ID: 0
G1 F2400 E291.2730
G1 F300 Z8.450
G0 F3900 X115.134 Y115.114
G0 F300 Z8.250
;TYPE:WALL-OUTER
;WIDTH:0.400
;FLOW:95.0
G1 F300 Z8.250
G1 F1500 E292.2730
G1 F930 X134.866 Y115.114 E293.0524
G1 X134.866 Y134.886 E293.8333
G1 X115.134 Y134.886 E294.6127
G1 X115.134 Y115.114 E295.3936
G1 F2400 E294.3936
G1 F300 Z8.450
G0 F3900 X115.539 Y115.520
G1 F300 Z8.250
G1 F1500 E295.3936
G1 F930 X115.539 Y134.479 E296.1424
G1 X134.460 Y134.479 E296.8897
G1 X134.460 Y115.520 E297.6385
G1 X115.539 Y115.520 E298.3858
;PRINTING_TIME: 419
;REMAINING_TIME: 497
;LAYER:33
;Z:8.500
;HEIGHT:0.250
;FLOW:100.0
;PRINTING: FlowCalibrationCube4mm_nozzle0.8walls.stl
;PRINTING_ID: 0
G1 F2400 E297.3858
G1 F300 Z8.700
G0 F3900 X115.134 Y115.114
G0 F300 Z8.500
;TYPE:WALL-OUTER
;WIDTH:0.400
;FLOW:95.0
G1 F300 Z8.500
G1 F1500 E298.3858
G1 F930 X134.866 Y115.114 E299.1652
G1 X134.866 Y134.886 E299.9461
G1 X115.134 Y134.886 E300.7254
G1 X115.134 Y115.114 E301.5064
G1 F2400 E300.5064
G1 F300 Z8.700
G0 F3900 X115.539 Y115.520
G1 F300 Z8.500
G1 F1500 E301.5064
G1 F930 X115.539 Y134.479 E302.2552
G1 X134.460 Y134.479 E303.0025
G1 X134.460 Y115.520 E303.7513
G1 X115.539 Y115.520 E304.4986
;PRINTING_TIME: 430
;REMAINING_TIME: 487
;LAYER:34
;Z:8.750
;HEIGHT:0.250
;FLOW:100.0
;PRINTING: FlowCalibrationCube4mm_nozzle0.8walls.stl
;PRINTING_ID: 0
G1 F2400 E303.4986
G1 F300 Z8.950
G0 F3900 X115.134 Y115.114
G0 F300 Z8.750
;TYPE:WALL-OUTER
;WIDTH:0.400
;FLOW:95.0
G1 F300 Z8.750
G1 F1500 E304.4986
G1 F930 X134.866 Y115.114 E305.2779
G1 X134.866 Y134.886 E306.0589
G1 X115.134 Y134.886 E306.8382
G1 X115.134 Y115.114 E307.6191
G1 F2400 E306.6191
G1 F300 Z8.950
G0 F3900 X115.539 Y115.520
G1 F300 Z8.750
G1 F1500 E307.6191
G1 F930 X115.539 Y134.479 E308.3679
G1 X134.460 Y134.479 E309.1153
G1 X134.460 Y115.520 E309.8641
G1 X115.539 Y115.520 E310.6114
;PRINTING_TIME: 440
;REMAINING_TIME: 476
;LAYER:35
;Z:9.000
;HEIGHT:0.250
;FLOW:100.0
;PRINTING: FlowCalibrationCube4mm_nozzle0.8walls.stl
;PRINTING_ID: 0
G1 F2400 E309.6114
G1 F300 Z9.200
G0 F3900 X115.134 Y115.114
G0 F300 Z9.000
;TYPE:WALL-OUTER
;WIDTH:0.400
;FLOW:95.0
G1 F300 Z9.000
G1 F1500 E310.6114
G1 F930 X134.866 Y115.114 E311.3907
G1 X134.866 Y134.886 E312.1717
G1 X115.134 Y134.886 E312.9510
G1 X115.134 Y115.114 E313.7319
G1 F2400 E312.7319
G1 F300 Z9.200
G0 F3900 X115.539 Y115.520
G1 F300 Z9.000
G1 F1500 E313.7319
G1 F930 X115.539 Y134.479 E314.4807
G1 X134.460 Y134.479 E315.2280
G1 X134.460 Y115.520 E315.9769
G1 X115.539 Y115.520 E316.7242
;PRINTING_TIME: 451
;REMAINING_TIME: 466
;LAYER:36
;Z:9.250
;HEIGHT:0.250
;FLOW:100.0
;PRINTING: FlowCalibrationCube4mm_nozzle0.8walls.stl
;PRINTING_ID: 0
G1 F2400 E315.7242
G1 F300 Z9.450
G0 F3900 X115.134 Y115.114
G0 F300 Z9.250
;TYPE:WALL-OUTER
;WIDTH:0.400
;FLOW:95.0
G1 F300 Z9.250
G1 F1500 E316.7242
G1 F930 X134.866 Y115.114 E317.5035
G1 X134.866 Y134.886 E318.2844
G1 X115.134 Y134.886 E319.0638
G1 X115.134 Y115.114 E319.8447
G1 F2400 E318.8447
G1 F300 Z9.450
G0 F3900 X115.539 Y115.520
G1 F300 Z9.250
G1 F1500 E319.8447
G1 F930 X115.539 Y134.479 E320.5935
G1 X134.460 Y134.479 E321.3408
G1 X134.460 Y115.520 E322.0896
G1 X115.539 Y115.520 E322.8369
;PRINTING_TIME: 461
;REMAINING_TIME: 455
;LAYER:37
;Z:9.500
;HEIGHT:0.250
;FLOW:100.0
;PRINTING: FlowCalibrationCube4mm_nozzle0.8walls.stl
;PRINTING_ID: 0
G1 F2400 E321.8369
G1 F300 Z9.700
G0 F3900 X115.134 Y115.114
G0 F300 Z9.500
;TYPE:WALL-OUTER
;WIDTH:0.400
;FLOW:95.0
G1 F300 Z9.500
G1 F1500 E322.8369
G1 F930 X134.866 Y115.114 E323.6163
G1 X134.866 Y134.886 E324.3972
G1 X115.134 Y134.886 E325.1766
G1 X115.134 Y115.114 E325.9575
G1 F2400 E324.9575
G1 F300 Z9.700
G0 F3900 X115.539 Y115.520
G1 F300 Z9.500
G1 F1500 E325.9575
G1 F930 X115.539 Y134.479 E326.7063
G1 X134.460 Y134.479 E327.4536
G1 X134.460 Y115.520 E328.2024
G1 X115.539 Y115.520 E328.9497
;PRINTING_TIME: 472
;REMAINING_TIME: 445
;LAYER:38
;Z:9.750
;HEIGHT:0.250
;FLOW:100.0
;PRINTING: FlowCalibrationCube4mm_nozzle0.8walls.stl
;PRINTING_ID: 0
G1 F2400 E327.9497
G1 F300 Z9.950
G0 F3900 X115.134 Y115.114
G0 F300 Z9.750
;TYPE:WALL-OUTER
;WIDTH:0.400
;FLOW:95.0
G1 F300 Z9.750
G1 F1500 E328.9497
G1 F930 X134.866 Y115.114 E329.7291
G1 X134.866 Y134.886 E330.5100
G1 X115.134 Y134.886 E331.2893
G1 X115.134 Y115.114 E332.0703
G1 F2400 E331.0703
G1 F300 Z9.950
G0 F3900 X115.539 Y115.520
G1 F300 Z9.750
G1 F1500 E332.0703
G1 F930 X115.539 Y134.479 E332.8191
G1 X134.460 Y134.479 E333.5664
G1 X134.460 Y115.520 E334.3152
G1 X115.539 Y115.520 E335.0625
;PRINTING_TIME: 483
;REMAINING_TIME: 434
;LAYER:39
;Z:10.000
;HEIGHT:0.250
;FLOW:100.0
;PRINTING: FlowCalibrationCube4mm_nozzle0.8walls.stl
;PRINTING_ID: 0
G1 F2400 E334.0625
G1 F300 Z10.200
G0 F3900 X115.134 Y115.114
G0 F300 Z10.000
;TYPE:WALL-OUTER
;WIDTH:0.400
;FLOW:95.0
G1 F300 Z10.000
G1 F1500 E335.0625
G1 F930 X134.866 Y115.114 E335.8419
G1 X134.866 Y134.886 E336.6228
G1 X115.134 Y134.886 E337.4021
G1 X115.134 Y115.114 E338.1830
G1 F2400 E337.1830
G1 F300 Z10.200
G0 F3900 X115.539 Y115.520
G1 F300 Z10.000
G1 F1500 E338.1830
G1 F930 X115.539 Y134.479 E338.9319
G1 X134.460 Y134.479 E339.6792
G1 X134.460 Y115.520 E340.4280
G1 X115.539 Y115.520 E341.1753
;PRINTING_TIME: 493
;REMAINING_TIME: 423
;LAYER:40
;Z:10.250
;HEIGHT:0.250
;FLOW:100.0
;PRINTING: FlowCalibrationCube4mm_nozzle0.8walls.stl
;PRINTING_ID: 0
G1 F2400 E340.1753
G1 F300 Z10.450
G0 F3900 X115.134 Y115.114
G0 F300 Z10.250
;TYPE:WALL-OUTER
;WIDTH:0.400
;FLOW:95.0
G1 F300 Z10.250
G1 F1500 E341.1753
G1 F930 X134.866 Y115.114 E341.9546
G1 X134.866 Y134.886 E342.7356
G1 X115.134 Y134.886 E343.5149
G1 X115.134 Y115.114 E344.2958
G1 F2400 E343.2958
G1 F300 Z10.450
G0 F3900 X115.539 Y115.520
G1 F300 Z10.250
G1 F1500 E344.2958
G1 F930 X115.539 Y134.479 E345.0446
G1 X134.460 Y134.479 E345.7919
G1 X134.460 Y115.520 E346.5408
G1 X115.539 Y115.520 E347.2881
;PRINTING_TIME: 504
;REMAINING_TIME: 413
;LAYER:41
;Z:10.500
;HEIGHT:0.250
;FLOW:100.0
;PRINTING: FlowCalibrationCube4mm_nozzle0.8walls.stl
;PRINTING_ID: 0
G1 F2400 E346.2881
G1 F300 Z10.700
G0 F3900 X115.134 Y115.114
G0 F300 Z10.500
;TYPE:WALL-OUTER
;WIDTH:0.400
;FLOW:95.0
G1 F300 Z10.500
G1 F1500 E347.2881
G1 F930 X134.866 Y115.114 E348.0674
G1 X134.866 Y134.886 E348.8483
G1 X115.134 Y134.886 E349.6277
G1 X115.134 Y115.114 E350.4086
G1 F2400 E349.4086
G1 F300 Z10.700
G0 F3900 X115.539 Y115.520
G1 F300 Z10.500
G1 F1500 E350.4086
G1 F930 X115.539 Y134.479 E351.1574
G1 X134.460 Y134.479 E351.9047
G1 X134.460 Y115.520 E352.6535
G1 X115.539 Y115.520 E353.4008
;PRINTING_TIME: 514
;REMAINING_TIME: 402
;LAYER:42
;Z:10.750
;HEIGHT:0.250
;FLOW:100.0
;PRINTING: FlowCalibrationCube4mm_nozzle0.8walls.stl
;PRINTING_ID: 0
G1 F2400 E352.4008
G1 F300 Z10.950
G0 F3900 X115.134 Y115.114
G0 F300 Z10.750
;TYPE:WALL-OUTER
;WIDTH:0.400
;FLOW:95.0
G1 F300 Z10.750
G1 F1500 E353.4008
G1 F930 X134.866 Y115.114 E354.1802
G1 X134.866 Y134.886 E354.9611
G1 X115.134 Y134.886 E355.7405
G1 X115.134 Y115.114 E356.5214
G1 F2400 E355.5214
G1 F300 Z10.950
G0 F3900 X115.539 Y115.520
G1 F300 Z10.750
G1 F1500 E356.5214
G1 F930 X115.539 Y134.479 E357.2702
G1 X134.460 Y134.479 E358.0175
G1 X134.460 Y115.520 E358.7663
G1 X115.539 Y115.520 E359.5136
;PRINTING_TIME: 525
;REMAINING_TIME: 392
;LAYER:43
;Z:11.000
;HEIGHT:0.250
;FLOW:100.0
;PRINTING: FlowCalibrationCube4mm_nozzle0.8walls.stl
;PRINTING_ID: 0
G1 F2400 E358.5136
G1 F300 Z11.200
G0 F3900 X115.134 Y115.114
G0 F300 Z11.000
;TYPE:WALL-OUTER
;WIDTH:0.400
;FLOW:95.0
G1 F300 Z11.000
G1 F1500 E359.5136
G1 F930 X134.866 Y115.114 E360.2930
G1 X134.866 Y134.886 E361.0739
G1 X115.134 Y134.886 E361.8532
G1 X115.134 Y115.114 E362.6342
G1 F2400 E361.6342
G1 F300 Z11.200
G0 F3900 X115.539 Y115.520
G1 F300 Z11.000
G1 F1500 E362.6342
G1 F930 X115.539 Y134.479 E363.3830
G1 X134.460 Y134.479 E364.1303
G1 X134.460 Y115.520 E364.8791
G1 X115.539 Y115.520 E365.6264
;PRINTING_TIME: 535
;REMAINING_TIME: 381
;LAYER:44
;Z:11.250
;HEIGHT:0.250
;FLOW:100.0
;PRINTING: FlowCalibrationCube4mm_nozzle0.8walls.stl
;PRINTING_ID: 0
G1 F2400 E364.6264
G1 F300 Z11.450
G0 F3900 X115.134 Y115.114
G0 F300 Z11.250
;TYPE:WALL-OUTER
;WIDTH:0.400
;FLOW:95.0
G1 F300 Z11.250
G1 F1500 E365.6264
G1 F930 X134.866 Y115.114 E366.4058
G1 X134.866 Y134.886 E367.1867
G1 X115.134 Y134.886 E367.9660
G1 X115.134 Y115.114 E368.7469
G1 F2400 E367.7469
G1 F300 Z11.450
G0 F3900 X115.539 Y115.520
G1 F300 Z11.250
G1 F1500 E368.7469
G1 F930 X115.539 Y134.479 E369.4958
G1 X134.460 Y134.479 E370.2431
G1 X134.460 Y115.520 E370.9919
G1 X115.539 Y115.520 E371.7392
;PRINTING_TIME: 546
;REMAINING_TIME: 370
;LAYER:45
;Z:11.500
;HEIGHT:0.250
;FLOW:100.0
;PRINTING: FlowCalibrationCube4mm_nozzle0.8walls.stl
;PRINTING_ID: 0
G1 F2400 E370.7392
G1 F300 Z11.700
G0 F3900 X115.134 Y115.114
G0 F300 Z11.500
;TYPE:WALL-OUTER
;WIDTH:0.400
;FLOW:95.0
G1 F300 Z11.500
G1 F1500 E371.7392
G1 F930 X134.866 Y115.114 E372.5185
G1 X134.866 Y134.886 E373.2995
G1 X115.134 Y134.886 E374.0788
G1 X115.134 Y115.114 E374.8597
G1 F2400 E373.8597
G1 F300 Z11.700
G0 F3900 X115.539 Y115.520
G1 F300 Z11.500
G1 F1500 E374.8597
G1 F930 X115.539 Y134.479 E375.6085
G1 X134.460 Y134.479 E376.3558
G1 X134.460 Y115.520 E377.1047
G1 X115.539 Y115.520 E377.8520
;PRINTING_TIME: 557
;REMAINING_TIME: 360
;LAYER:46
;Z:11.750
;HEIGHT:0.250
;FLOW:100.0
;PRINTING: FlowCalibrationCube4mm_nozzle0.8walls.stl
;PRINTING_ID: 0
G1 F2400 E376.8520
G1 F300 Z11.950
G0 F3900 X115.134 Y115.114
G0 F300 Z11.750
;TYPE:WALL-OUTER
;WIDTH:0.400
;FLOW:95.0
G1 F300 Z11.750
G1 F1500 E377.8520
G1 F930 X134.866 Y115.114 E378.6313
G1 X134.866 Y134.886 E379.4122
G1 X115.134 Y134.886 E380.1916
G1 X115.134 Y115.114 E380.9725
G1 F2400 E379.9725
G1 F300 Z11.950
G0 F3900 X115.539 Y115.520
G1 F300 Z11.750
G1 F1500 E380.9725
G1 F930 X115.539 Y134.479 E381.7213
G1 X134.460 Y134.479 E382.4686
G1 X134.460 Y115.520 E383.2174
G1 X115.539 Y115.520 E383.9648
;PRINTING_TIME: 567
;REMAINING_TIME: 349
;LAYER:47
;Z:12.000
;HEIGHT:0.250
;FLOW:100.0
;PRINTING: FlowCalibrationCube4mm_nozzle0.8walls.stl
;PRINTING_ID: 0
G1 F2400 E382.9648
G1 F300 Z12.200
G0 F3900 X115.134 Y115.114
G0 F300 Z12.000
;TYPE:WALL-OUTER
;WIDTH:0.400
;FLOW:95.0
G1 F300 Z12.000
G1 F1500 E383.9648
G1 F930 X134.866 Y115.114 E384.7441
G1 X134.866 Y134.886 E385.5250
G1 X115.134 Y134.886 E386.3044
G1 X115.134 Y115.114 E387.0853
G1 F2400 E386.0853
G1 F300 Z12.200
G0 F3900 X115.539 Y115.520
G1 F300 Z12.000
G1 F1500 E387.0853
G1 F930 X115.539 Y134.479 E387.8341
G1 X134.460 Y134.479 E388.5814
G1 X134.460 Y115.520 E389.3302
G1 X115.539 Y115.520 E390.0775
;PRINTING_TIME: 578
;REMAINING_TIME: 339
;LAYER:48
;Z:12.250
;HEIGHT:0.250
;FLOW:100.0
;PRINTING: FlowCalibrationCube4mm_nozzle0.8walls.stl
;PRINTING_ID: 0
G1 F2400 E389.0775
G1 F300 Z12.450
G0 F3900 X115.134 Y115.114
G0 F300 Z12.250
;TYPE:WALL-OUTER
;WIDTH:0.400
;FLOW:95.0
G1 F300 Z12.250
G1 F1500 E390.0775
G1 F930 X134.866 Y115.114 E390.8569
G1 X134.866 Y134.886 E391.6378
G1 X115.134 Y134.886 E392.4171
G1 X115.134 Y115.114 E393.1981
G1 F2400 E392.1981
G1 F300 Z12.450
G0 F3900 X115.539 Y115.520
G1 F300 Z12.250
G1 F1500 E393.1981
G1 F930 X115.539 Y134.479 E393.9469
G1 X134.460 Y134.479 E394.6942
G1 X134.460 Y115.520 E395.4430
G1 X115.539 Y115.520 E396.1903
;PRINTING_TIME: 588
;REMAINING_TIME: 328
;LAYER:49
;Z:12.500
;HEIGHT:0.250
;FLOW:100.0
;PRINTING: FlowCalibrationCube4mm_nozzle0.8walls.stl
;PRINTING_ID: 0
G1 F2400 E395.1903
G1 F300 Z12.700
G0 F3900 X115.134 Y115.114
G0 F300 Z12.500
;TYPE:WALL-OUTER
;WIDTH:0.400
;FLOW:95.0
G1 F300 Z12.500
G1 F1500 E396.1903
G1 F930 X134.866 Y115.114 E396.9697
G1 X134.866 Y134.886 E397.7506
G1 X115.134 Y134.886 E398.5299
G1 X115.134 Y115.114 E399.3108
G1 F2400 E398.3108
G1 F300 Z12.700
G0 F3900 X115.539 Y115.520
G1 F300 Z12.500
G1 F1500 E399.3108
G1 F930 X115.539 Y134.479 E400.0597
G1 X134.460 Y134.479 E400.8070
G1 X134.460 Y115.520 E401.5558
G1 X115.539 Y115.520 E402.3031
;PRINTING_TIME: 599
;REMAINING_TIME: 318
;LAYER:50
;Z:12.750
;HEIGHT:0.250
;FLOW:100.0
;PRINTING: FlowCalibrationCube4mm_nozzle0.8walls.stl
;PRINTING_ID: 0
G1 F2400 E401.3031
G1 F300 Z12.950
G0 F3900 X115.134 Y115.114
G0 F300 Z12.750
;TYPE:WALL-OUTER
;WIDTH:0.400
;FLOW:95.0
G1 F300 Z12.750
G1 F1500 E402.3031
G1 F930 X134.866 Y115.114 E403.0824
G1 X134.866 Y134.886 E403.8634
G1 X115.134 Y134.886 E404.6427
G1 X115.134 Y115.114 E405.4236
G1 F2400 E404.4236
G1 F300 Z12.950
G0 F3900 X115.539 Y115.520
G1 F300 Z12.750
G1 F1500 E405.4236
G1 F930 X115.539 Y134.479 E406.1724
G1 X134.460 Y134.479 E406.9197
G1 X134.460 Y115.520 E407.6686
G1 X115.539 Y115.520 E408.4159
;PRINTING_TIME: 610
;REMAINING_TIME: 307
;LAYER:51
;Z:13.000
;HEIGHT:0.250
;FLOW:100.0
;PRINTING: FlowCalibrationCube4mm_nozzle0.8walls.stl
;PRINTING_ID: 0
G1 F2400 E407.4159
G1 F300 Z13.200
G0 F3900 X115.134 Y115.114
G0 F300 Z13.000
;TYPE:WALL-OUTER
;WIDTH:0.400
;FLOW:95.0
G1 F300 Z13.000
G1 F1500 E408.4159
G1 F930 X134.866 Y115.114 E409.1952
G1 X134.866 Y134.886 E409.9761
G1 X115.134 Y134.886 E410.7555
G1 X115.134 Y115.114 E411.5364
G1 F2400 E410.5364
G1 F300 Z13.200
G0 F3900 X115.539 Y115.520
G1 F300 Z13.000
G1 F1500 E411.5364
G1 F930 X115.539 Y134.479 E412.2852
G1 X134.460 Y134.479 E413.0325
G1 X134.460 Y115.520 E413.7813
G1 X115.539 Y115.520 E414.5287
;PRINTING_TIME: 620
;REMAINING_TIME: 296
;LAYER:52
;Z:13.250
;HEIGHT:0.250
;FLOW:100.0
;PRINTING: FlowCalibrationCube4mm_nozzle0.8walls.stl
;PRINTING_ID: 0
G1 F2400 E413.5287
G1 F300 Z13.450
G0 F3900 X115.134 Y115.114
G0 F300 Z13.250
;TYPE:WALL-OUTER
;WIDTH:0.400
;FLOW:95.0
G1 F300 Z13.250
G1 F1500 E414.5287
G1 F930 X134.866 Y115.114 E415.3080
G1 X134.866 Y134.886 E416.0889
G1 X115.134 Y134.886 E416.8683
G1 X115.134 Y115.114 E417.6492
G1 F2400 E416.6492
G1 F300 Z13.450
G0 F3900 X115.539 Y115.520
G1 F300 Z13.250
G1 F1500 E417.6492
G1 F930 X115.539 Y134.479 E418.3980
G1 X134.460 Y134.479 E419.1453
G1 X134.460 Y115.520 E419.8941
G1 X115.539 Y115.520 E420.6414
;PRINTING_TIME: 631
;REMAINING_TIME: 286
;LAYER:53
;Z:13.500
;HEIGHT:0.250
;FLOW:100.0
;PRINTING: FlowCalibrationCube4mm_nozzle0.8walls.stl
;PRINTING_ID: 0
G1 F2400 E419.6414
G1 F300 Z13.700
G0 F3900 X115.134 Y115.114
G0 F300 Z13.500
;TYPE:WALL-OUTER
;WIDTH:0.400
;FLOW:95.0
G1 F300 Z13.500
G1 F1500 E420.6414
G1 F930 X134.866 Y115.114 E421.4208
G1 X134.866 Y134.886 E422.2017
G1 X115.134 Y134.886 E422.9810
G1 X115.134 Y115.114 E423.7620
G1 F2400 E422.7620
G1 F300 Z13.700
G0 F3900 X115.539 Y115.520
G1 F300 Z13.500
G1 F1500 E423.7620
G1 F930 X115.539 Y134.479 E424.5108
G1 X134.460 Y134.479 E425.2581
G1 X134.460 Y115.520 E426.0069
G1 X115.539 Y115.520 E426.7542
;PRINTING_TIME: 641
;REMAINING_TIME: 275
;LAYER:54
;Z:13.750
;HEIGHT:0.250
;FLOW:100.0
;PRINTING: FlowCalibrationCube4mm_nozzle0.8walls.stl
;PRINTING_ID: 0
G1 F2400 E425.7542
G1 F300 Z13.950
G0 F3900 X115.134 Y115.114
G0 F300 Z13.750
;TYPE:WALL-OUTER
;WIDTH:0.400
;FLOW:95.0
G1 F300 Z13.750
G1 F1500 E426.7542
G1 F930 X134.866 Y115.114 E427.5336
G1 X134.866 Y134.886 E428.3145
G1 X115.134 Y134.886 E429.0938
G1 X115.134 Y115.114 E429.8747
G1 F2400 E428.8747
G1 F300 Z13.950
G0 F3900 X115.539 Y115.520
G1 F300 Z13.750
G1 F1500 E429.8747
G1 F930 X115.539 Y134.479 E430.6236
G1 X134.460 Y134.479 E431.3709
G1 X134.460 Y115.520 E432.1197
G1 X115.539 Y115.520 E432.8670
;PRINTING_TIME: 652
;REMAINING_TIME: 265
;LAYER:55
;Z:14.000
;HEIGHT:0.250
;FLOW:100.0
;PRINTING: FlowCalibrationCube4mm_nozzle0.8walls.stl
;PRINTING_ID: 0
G1 F2400 E431.8670
G1 F300 Z14.200
G0 F3900 X115.134 Y115.114
G0 F300 Z14.000
;TYPE:WALL-OUTER
;WIDTH:0.400
;FLOW:95.0
G1 F300 Z14.000
G1 F1500 E432.8670
G1 F930 X134.866 Y115.114 E433.6463
G1 X134.866 Y134.886 E434.4273
G1 X115.134 Y134.886 E435.2066
G1 X115.134 Y115.114 E435.9875
G1 F2400 E434.9875
G1 F300 Z14.200
G0 F3900 X115.539 Y115.520
G1 F300 Z14.000
G1 F1500 E435.9875
G1 F930 X115.539 Y134.479 E436.7363
G1 X134.460 Y134.479 E437.4837
G1 X134.460 Y115.520 E438.2325
G1 X115.539 Y115.520 E438.9798
;PRINTING_TIME: 663
;REMAINING_TIME: 254
;LAYER:56
;Z:14.250
;HEIGHT:0.250
;FLOW:100.0
;PRINTING: FlowCalibrationCube4mm_nozzle0.8walls.stl
;PRINTING_ID: 0
G1 F2400 E437.9798
G1 F300 Z14.450
G0 F3900 X115.134 Y115.114
G0 F300 Z14.250
;TYPE:WALL-OUTER
;WIDTH:0.400
;FLOW:95.0
G1 F300 Z14.250
G1 F1500 E438.9798
G1 F930 X134.866 Y115.114 E439.7591
G1 X134.866 Y134.886 E440.5400
G1 X115.134 Y134.886 E441.3194
G1 X115.134 Y115.114 E442.1003
G1 F2400 E441.1003
G1 F300 Z14.450
G0 F3900 X115.539 Y115.520
G1 F300 Z14.250
G1 F1500 E442.1003
G1 F930 X115.539 Y134.479 E442.8491
G1 X134.460 Y134.479 E443.5964
G1 X134.460 Y115.520 E444.3452
G1 X115.539 Y115.520 E445.0926
;PRINTING_TIME: 673
;REMAINING_TIME: 243
;LAYER:57
;Z:14.500
;HEIGHT:0.250
;FLOW:100.0
;PRINTING: FlowCalibrationCube4mm_nozzle0.8walls.stl
;PRINTING_ID: 0
G1 F2400 E444.0926
G1 F300 Z14.700
G0 F3900 X115.134 Y115.114
G0 F300 Z14.500
;TYPE:WALL-OUTER
;WIDTH:0.400
;FLOW:95.0
G1 F300 Z14.500
G1 F1500 E445.0926
G1 F930 X134.866 Y115.114 E445.8719
G1 X134.866 Y134.886 E446.6528
G1 X115.134 Y134.886 E447.4322
G1 X115.134 Y115.114 E448.2131
G1 F2400 E447.2131
G1 F300 Z14.700
G0 F3900 X115.539 Y115.520
G1 F300 Z14.500
G1 F1500 E448.2131
G1 F930 X115.539 Y134.479 E448.9619
G1 X134.460 Y134.479 E449.7092
G1 X134.460 Y115.520 E450.4580
G1 X115.539 Y115.520 E451.2053
;PRINTING_TIME: 684
;REMAINING_TIME: 233
;LAYER:58
;Z:14.750
;HEIGHT:0.250
;FLOW:100.0
;PRINTING: FlowCalibrationCube4mm_nozzle0.8walls.stl
;PRINTING_ID: 0
G1 F2400 E450.2053
G1 F300 Z14.950
G0 F3900 X115.134 Y115.114
G0 F300 Z14.750
;TYPE:WALL-OUTER
;WIDTH:0.400
;FLOW:95.0
G1 F300 Z14.750
G1 F1500 E451.2053
G1 F930 X134.866 Y115.114 E451.9847
G1 X134.866 Y134.886 E452.7656
G1 X115.134 Y134.886 E453.5449
G1 X115.134 Y115.114 E454.3259
G1 F2400 E453.3259
G1 F300 Z14.950
G0 F3900 X115.539 Y115.520
G1 F300 Z14.750
G1 F1500 E454.3259
G1 F930 X115.539 Y134.479 E455.0747
G1 X134.460 Y134.479 E455.8220
G1 X134.460 Y115.520 E456.5708
G1 X115.539 Y115.520 E457.3181
;PRINTING_TIME: 694
;REMAINING_TIME: 222
;LAYER:59
;Z:15.000
;HEIGHT:0.250
;FLOW:100.0
;PRINTING: FlowCalibrationCube4mm_nozzle0.8walls.stl
;PRINTING_ID: 0
G1 F2400 E456.3181
G1 F300 Z15.200
G0 F3900 X115.134 Y115.114
G0 F300 Z15.000
;TYPE:WALL-OUTER
;WIDTH:0.400
;FLOW:95.0
G1 F300 Z15.000
G1 F1500 E457.3181
G1 F930 X134.866 Y115.114 E458.0975
G1 X134.866 Y134.886 E458.8784
G1 X115.134 Y134.886 E459.6577
G1 X115.134 Y115.114 E460.4386
G1 F2400 E459.4386
G1 F300 Z15.200
G0 F3900 X115.539 Y115.520
G1 F300 Z15.000
G1 F1500 E460.4386
G1 F930 X115.539 Y134.479 E461.1875
G1 X134.460 Y134.479 E461.9348
G1 X134.460 Y115.520 E462.6836
G1 X115.539 Y115.520 E463.4309
;PRINTING_TIME: 705
;REMAINING_TIME: 212
;LAYER:60
;Z:15.250
;HEIGHT:0.250
;FLOW:100.0
;PRINTING: FlowCalibrationCube4mm_nozzle0.8walls.stl
;PRINTING_ID: 0
G1 F2400 E462.4309
G1 F300 Z15.450
G0 F3900 X115.134 Y115.114
G0 F300 Z15.250
;TYPE:WALL-OUTER
;WIDTH:0.400
;FLOW:95.0
G1 F300 Z15.250
G1 F1500 E463.4309
G1 F930 X134.866 Y115.114 E464.2102
G1 X134.866 Y134.886 E464.9912
G1 X115.134 Y134.886 E465.7705
G1 X115.134 Y115.114 E466.5514
G1 F2400 E465.5514
G1 F300 Z15.450
G0 F3900 X115.539 Y115.520
G1 F300 Z15.250
G1 F1500 E466.5514
G1 F930 X115.539 Y134.479 E467.3002
G1 X134.460 Y134.479 E468.0476
G1 X134.460 Y115.520 E468.7964
G1 X115.539 Y115.520 E469.5437
;PRINTING_TIME: 715
;REMAINING_TIME: 201
;LAYER:61
;Z:15.500
;HEIGHT:0.250
;FLOW:100.0
;PRINTING: FlowCalibrationCube4mm_nozzle0.8walls.stl
;PRINTING_ID: 0
G1 F2400 E468.5437
G1 F300 Z15.700
G0 F3900 X115.134 Y115.114
G0 F300 Z15.500
;TYPE:WALL-OUTER
;WIDTH:0.400
;FLOW:95.0
G1 F300 Z15.500
G1 F1500 E469.5437
G1 F930 X134.866 Y115.114 E470.3230
G1 X134.866 Y134.886 E471.1039
G1 X115.134 Y134.886 E471.8833
G1 X115.134 Y115.114 E472.6642
G1 F2400 E471.6642
G1 F300 Z15.700
G0 F3900 X115.539 Y115.520
G1 F300 Z15.500
G1 F1500 E472.6642
G1 F930 X115.539 Y134.479 E473.4130
G1 X134.460 Y134.479 E474.1603
G1 X134.460 Y115.520 E474.9091
G1 X115.539 Y115.520 E475.6565
;PRINTING_TIME: 726
;REMAINING_TIME: 191
;LAYER:62
;Z:15.750
;HEIGHT:0.250
;FLOW:100.0
;PRINTING: FlowCalibrationCube4mm_nozzle0.8walls.stl
;PRINTING_ID: 0
G1 F2400 E474.6565
G1 F300 Z15.950
G0 F3900 X115.134 Y115.114
G0 F300 Z15.750
;TYPE:WALL-OUTER
;WIDTH:0.400
;FLOW:95.0
G1 F300 Z15.750
G1 F1500 E475.6565
G1 F930 X134.866 Y115.114 E476.4358
G1 X134.866 Y134.886 E477.2167
G1 X115.134 Y134.886 E477.9961
G1 X115.134 Y115.114 E478.7770
G1 F2400 E477.7770
G1 F300 Z15.950
G0 F3900 X115.539 Y115.520
G1 F300 Z15.750
G1 F1500 E478.7770
G1 F930 X115.539 Y134.479 E479.5258
G1 X134.460 Y134.479 E480.2731
G1 X134.460 Y115.520 E481.0219
G1 X115.539 Y115.520 E481.7692
;PRINTING_TIME: 737
;REMAINING_TIME: 180
;LAYER:63
;Z:16.000
;HEIGHT:0.250
;FLOW:100.0
;PRINTING: FlowCalibrationCube4mm_nozzle0.8walls.stl
;PRINTING_ID: 0
G1 F2400 E480.7692
G1 F300 Z16.200
G0 F3900 X115.134 Y115.114
G0 F300 Z16.000
;TYPE:WALL-OUTER
;WIDTH:0.400
;FLOW:95.0
G1 F300 Z16.000
G1 F1500 E481.7692
G1 F930 X134.866 Y115.114 E482.5486
G1 X134.866 Y134.886 E483.3295
G1 X115.134 Y134.886 E484.1088
G1 X115.134 Y115.114 E484.8898
G1 F2400 E483.8898
G1 F300 Z16.200
G0 F3900 X115.539 Y115.520
G1 F300 Z16.000
G1 F1500 E484.8898
G1 F930 X115.539 Y134.479 E485.6386
G1 X134.460 Y134.479 E486.3859
G1 X134.460 Y115.520 E487.1347
G1 X115.539 Y115.520 E487.8820
;PRINTING_TIME: 747
;REMAINING_TIME: 169
;LAYER:64
;Z:16.250
;HEIGHT:0.250
;FLOW:100.0
;PRINTING: FlowCalibrationCube4mm_nozzle0.8walls.stl
;PRINTING_ID: 0
G1 F2400 E486.8820
G1 F300 Z16.450
G0 F3900 X115.134 Y115.114
G0 F300 Z16.250
;TYPE:WALL-OUTER
;WIDTH:0.400
;FLOW:95.0
G1 F300 Z16.250
G1 F1500 E487.8820
G1 F930 X134.866 Y115.114 E488.6614
G1 X134.866 Y134.886 E489.4423
G1 X115.134 Y134.886 E490.2216
G1 X115.134 Y115.114 E491.0026
G1 F2400 E490.0026
G1 F300 Z16.450
G0 F3900 X115.539 Y115.520
G1 F300 Z16.250
G1 F1500 E491.0026
G1 F930 X115.539 Y134.479 E491.7514
G1 X134.460 Y134.479 E492.4987
G1 X134.460 Y115.520 E493.2475
G1 X115.539 Y115.520 E493.9948
;PRINTING_TIME: 758
;REMAINING_TIME: 159
;LAYER:65
;Z:16.500
;HEIGHT:0.250
;FLOW:100.0
;PRINTING: FlowCalibrationCube4mm_nozzle0.8walls.stl
;PRINTING_ID: 0
G1 F2400 E492.9948
G1 F300 Z16.700
G0 F3900 X115.134 Y115.114
G0 F300 Z16.500
;TYPE:WALL-OUTER
;WIDTH:0.400
;FLOW:95.0
G1 F300 Z16.500
G1 F1500 E493.9948
G1 F930 X134.866 Y115.114 E494.7741
G1 X134.866 Y134.886 E495.5551
G1 X115.134 Y134.886 E496.3344
G1 X115.134 Y115.114 E497.1153
G1 F2400 E496.1153
G1 F300 Z16.700
G0 F3900 X115.539 Y115.520
G1 F300 Z16.500
G1 F1500 E497.1153
G1 F930 X115.539 Y134.479 E497.8641
G1 X134.460 Y134.479 E498.6115
G1 X134.460 Y115.520 E499.3603
G1 X115.539 Y115.520 E500.1076
;PRINTING_TIME: 768
;REMAINING_TIME: 148
;LAYER:66
;Z:16.750
;HEIGHT:0.250
;FLOW:100.0
;PRINTING: FlowCalibrationCube4mm_nozzle0.8walls.stl
;PRINTING_ID: 0
G1 F2400 E499.1076
G1 F300 Z16.950
G0 F3900 X115.134 Y115.114
G0 F300 Z16.750
;TYPE:WALL-OUTER
;WIDTH:0.400
;FLOW:95.0
G1 F300 Z16.750
G1 F1500 E500.1076
G1 F930 X134.866 Y115.114 E500.8869
G1 X134.866 Y134.886 E501.6678
G1 X115.134 Y134.886 E502.4472
G1 X115.134 Y115.114 E503.2281
G1 F2400 E502.2281
G1 F300 Z16.950
G0 F3900 X115.539 Y115.520
G1 F300 Z16.750
G1 F1500 E503.2281
G1 F930 X115.539 Y134.479 E503.9769
G1 X134.460 Y134.479 E504.7242
G1 X134.460 Y115.520 E505.4730
G1 X115.539 Y115.520 E506.2204
;PRINTING_TIME: 779
;REMAINING_TIME: 138
;LAYER:67
;Z:17.000
;HEIGHT:0.250
;FLOW:100.0
;PRINTING: FlowCalibrationCube4mm_nozzle0.8walls.stl
;PRINTING_ID: 0
G1 F2400 E505.2204
G1 F300 Z17.200
G0 F3900 X115.134 Y115.114
G0 F300 Z17.000
;TYPE:WALL-OUTER
;WIDTH:0.400
;FLOW:95.0
G1 F300 Z17.000
G1 F1500 E506.2204
G1 F930 X134.866 Y115.114 E506.9997
G1 X134.866 Y134.886 E507.7806
G1 X115.134 Y134.886 E508.5600
G1 X115.134 Y115.114 E509.3409
G1 F2400 E508.3409
G1 F300 Z17.200
G0 F3900 X115.539 Y115.520
G1 F300 Z17.000
G1 F1500 E509.3409
G1 F930 X115.539 Y134.479 E510.0897
G1 X134.460 Y134.479 E510.8370
G1 X134.460 Y115.520 E511.5858
G1 X115.539 Y115.520 E512.3331
;PRINTING_TIME: 790
;REMAINING_TIME: 127
;LAYER:68
;Z:17.250
;HEIGHT:0.250
;FLOW:100.0
;PRINTING: FlowCalibrationCube4mm_nozzle0.8walls.stl
;PRINTING_ID: 0
G1 F2400 E511.3331
G1 F300 Z17.450
G0 F3900 X115.134 Y115.114
G0 F300 Z17.250
;TYPE:WALL-OUTER
;WIDTH:0.400
;FLOW:95.0
G1 F300 Z17.250
G1 F1500 E512.3331
G1 F930 X134.866 Y115.114 E513.1125
G1 X134.866 Y134.886 E513.8934
G1 X115.134 Y134.886 E514.6727
G1 X115.134 Y115.114 E515.4537
G1 F2400 E514.4537
G1 F300 Z17.450
G0 F3900 X115.539 Y115.520
G1 F300 Z17.250
G1 F1500 E515.4537
G1 F930 X115.539 Y134.479 E516.2025
G1 X134.460 Y134.479 E516.9498
G1 X134.460 Y115.520 E517.6986
G1 X115.539 Y115.520 E518.4459
;PRINTING_TIME: 800
;REMAINING_TIME: 116
;LAYER:69
;Z:17.500
;HEIGHT:0.250
;FLOW:100.0
;PRINTING: FlowCalibrationCube4mm_nozzle0.8walls.stl
;PRINTING_ID: 0
G1 F2400 E517.4459
G1 F300 Z17.700
G0 F3900 X115.134 Y115.114
G0 F300 Z17.500
;TYPE:WALL-OUTER
;WIDTH:0.400
;FLOW:95.0
G1 F300 Z17.500
G1 F1500 E518.4459
G1 F930 X134.866 Y115.114 E519.2253
G1 X134.866 Y134.886 E520.0062
G1 X115.134 Y134.886 E520.7855
G1 X115.134 Y115.114 E521.5665
G1 F2400 E520.5665
G1 F300 Z17.700
G0 F3900 X115.539 Y115.520
G1 F300 Z17.500
G1 F1500 E521.5665
G1 F930 X115.539 Y134.479 E522.3153
G1 X134.460 Y134.479 E523.0626
G1 X134.460 Y115.520 E523.8114
G1 X115.539 Y115.520 E524.5587
;PRINTING_TIME: 811
;REMAINING_TIME: 106
;LAYER:70
;Z:17.750
;HEIGHT:0.250
;FLOW:100.0
;PRINTING: FlowCalibrationCube4mm_nozzle0.8walls.stl
;PRINTING_ID: 0
G1 F2400 E523.5587
G1 F300 Z17.950
G0 F3900 X115.134 Y115.114
G0 F300 Z17.750
;TYPE:WALL-OUTER
;WIDTH:0.400
;FLOW:95.0
G1 F300 Z17.750
G1 F1500 E524.5587
G1 F930 X134.866 Y115.114 E525.3380
G1 X134.866 Y134.886 E526.1190
G1 X115.134 Y134.886 E526.8983
G1 X115.134 Y115.114 E527.6792
G1 F2400 E526.6792
G1 F300 Z17.950
G0 F3900 X115.539 Y115.520
G1 F300 Z17.750
G1 F1500 E527.6792
G1 F930 X115.539 Y134.479 E528.4280
G1 X134.460 Y134.479 E529.1754
G1 X134.460 Y115.520 E529.9242
G1 X115.539 Y115.520 E530.6715
;PRINTING_TIME: 821
;REMAINING_TIME: 95
;LAYER:71
;Z:18.000
;HEIGHT:0.250
;FLOW:100.0
;PRINTING: FlowCalibrationCube4mm_nozzle0.8walls.stl
;PRINTING_ID: 0
G1 F2400 E529.6715
G1 F300 Z18.200
G0 F3900 X115.134 Y115.114
G0 F300 Z18.000
;TYPE:WALL-OUTER
;WIDTH:0.400
;FLOW:95.0
G1 F300 Z18.000
G1 F1500 E530.6715
G1 F930 X134.866 Y115.114 E531.4508
G1 X134.866 Y134.886 E532.2317
G1 X115.134 Y134.886 E533.0111
G1 X115.134 Y115.114 E533.7920
G1 F2400 E532.7920
G1 F300 Z18.200
G0 F3900 X115.539 Y115.520
G1 F300 Z18.000
G1 F1500 E533.7920
G1 F930 X115.539 Y134.479 E534.5408
G1 X134.460 Y134.479 E535.2881
G1 X134.460 Y115.520 E536.0369
G1 X115.539 Y115.520 E536.7843
;PRINTING_TIME: 832
;REMAINING_TIME: 85
;LAYER:72
;Z:18.250
;HEIGHT:0.250
;FLOW:100.0
;PRINTING: FlowCalibrationCube4mm_nozzle0.8walls.stl
;PRINTING_ID: 0
G1 F2400 E535.7843
G1 F300 Z18.450
G0 F3900 X115.134 Y115.114
G0 F300 Z18.250
;TYPE:WALL-OUTER
;WIDTH:0.400
;FLOW:95.0
G1 F300 Z18.250
G1 F1500 E536.7843
G1 F930 X134.866 Y115.114 E537.5636
G1 X134.866 Y134.886 E538.3445
G1 X115.134 Y134.886 E539.1239
G1 X115.134 Y115.114 E539.9048
G1 F2400 E538.9048
G1 F300 Z18.450
G0 F3900 X115.539 Y115.520
G1 F300 Z18.250
G1 F1500 E539.9048
G1 F930 X115.539 Y134.479 E540.6536
G1 X134.460 Y134.479 E541.4009
G1 X134.460 Y115.520 E542.1497
G1 X115.539 Y115.520 E542.8970
;PRINTING_TIME: 842
;REMAINING_TIME: 74
;LAYER:73
;Z:18.500
;HEIGHT:0.250
;FLOW:100.0
;PRINTING: FlowCalibrationCube4mm_nozzle0.8walls.stl
;PRINTING_ID: 0
G1 F2400 E541.8970
G1 F300 Z18.700
G0 F3900 X115.134 Y115.114
G0 F300 Z18.500
;TYPE:WALL-OUTER
;WIDTH:0.400
;FLOW:95.0
G1 F300 Z18.500
G1 F1500 E542.8970
G1 F930 X134.866 Y115.114 E543.6764
G1 X134.866 Y134.886 E544.4573
G1 X115.134 Y134.886 E545.2367
G1 X115.134 Y115.114 E546.0176
G1 F2400 E545.0176
G1 F300 Z18.700
G0 F3900 X115.539 Y115.520
G1 F300 Z18.500
G1 F1500 E546.0176
G1 F930 X115.539 Y134.479 E546.7664
G1 X134.460 Y134.479 E547.5137
G1 X134.460 Y115.520 E548.2625
G1 X115.539 Y115.520 E549.0098
;PRINTING_TIME: 853
;REMAINING_TIME: 64
;LAYER:74
;Z:18.750
;HEIGHT:0.250
;FLOW:100.0
;PRINTING: FlowCalibrationCube4mm_nozzle0.8walls.stl
;PRINTING_ID: 0
G1 F2400 E548.0098
G1 F300 Z18.950
G0 F3900 X115.134 Y115.114
G0 F300 Z18.750
;TYPE:WALL-OUTER
;WIDTH:0.400
;FLOW:95.0
G1 F300 Z18.750
G1 F1500 E549.0098
G1 F930 X134.866 Y115.114 E549.7892
G1 X134.866 Y134.886 E550.5701
G1 X115.134 Y134.886 E551.3494
G1 X115.134 Y115.114 E552.1304
G1 F2400 E551.1304
G1 F300 Z18.950
G0 F3900 X115.539 Y115.520
G1 F300 Z18.750
G1 F1500 E552.1304
G1 F930 X115.539 Y134.479 E552.8792
G1 X134.460 Y134.479 E553.6265
G1 X134.460 Y115.520 E554.3753
G1 X115.539 Y115.520 E555.1226
;PRINTING_TIME: 864
;REMAINING_TIME: 53
;LAYER:75
;Z:19.000
;HEIGHT:0.250
;FLOW:100.0
;PRINTING: FlowCalibrationCube4mm_nozzle0.8walls.stl
;PRINTING_ID: 0
G1 F2400 E554.1226
G1 F300 Z19.200
G0 F3900 X115.134 Y115.114
G0 F300 Z19.000
;TYPE:WALL-OUTER
;WIDTH:0.400
;FLOW:95.0
G1 F300 Z19.000
G1 F1500 E555.1226
G1 F930 X134.866 Y115.114 E555.9019
G1 X134.866 Y134.886 E556.6829
G1 X115.134 Y134.886 E557.4622
G1 X115.134 Y115.114 E558.2431
G1 F2400 E557.2431
G1 F300 Z19.200
G0 F3900 X115.539 Y115.520
G1 F300 Z19.000
G1 F1500 E558.2431
G1 F930 X115.539 Y134.479 E558.9919
G1 X134.460 Y134.479 E559.7393
G1 X134.460 Y115.520 E560.4881
G1 X115.539 Y115.520 E561.2354
;PRINTING_TIME: 874
;REMAINING_TIME: 42
;LAYER:76
;Z:19.250
;HEIGHT:0.250
;FLOW:100.0
;PRINTING: FlowCalibrationCube4mm_nozzle0.8walls.stl
;PRINTING_ID: 0
G1 F2400 E560.2354
G1 F300 Z19.450
G0 F3900 X115.134 Y115.114
G0 F300 Z19.250
;TYPE:WALL-OUTER
;WIDTH:0.400
;FLOW:95.0
G1 F300 Z19.250
G1 F1500 E561.2354
G1 F930 X134.866 Y115.114 E562.0147
G1 X134.866 Y134.886 E562.7956
G1 X115.134 Y134.886 E563.5750
G1 X115.134 Y115.114 E564.3559
G1 F2400 E563.3559
G1 F300 Z19.450
G0 F3900 X115.539 Y115.520
G1 F300 Z19.250
G1 F1500 E564.3559
G1 F930 X115.539 Y134.479 E565.1047
G1 X134.460 Y134.479 E565.8520
G1 X134.460 Y115.520 E566.6009
G1 X115.539 Y115.520 E567.3482
;PRINTING_TIME: 885
;REMAINING_TIME: 32
;LAYER:77
;Z:19.500
;HEIGHT:0.250
;FLOW:100.0
;PRINTING: FlowCalibrationCube4mm_nozzle0.8walls.stl
;PRINTING_ID: 0
G1 F2400 E566.3482
G1 F300 Z19.700
G0 F3900 X115.134 Y115.114
G0 F300 Z19.500
;TYPE:WALL-OUTER
;WIDTH:0.400
;FLOW:95.0
G1 F300 Z19.500
G1 F1500 E567.3482
G1 F930 X134.866 Y115.114 E568.1275
G1 X134.866 Y134.886 E568.9084
G1 X115.134 Y134.886 E569.6878
G1 X115.134 Y115.114 E570.4687
G1 F2400 E569.4687
G1 F300 Z19.700
G0 F3900 X115.539 Y115.520
G1 F300 Z19.500
G1 F1500 E570.4687
G1 F930 X115.539 Y134.479 E571.2175
G1 X134.460 Y134.479 E571.9648
G1 X134.460 Y115.520 E572.7136
G1 X115.539 Y115.520 E573.4609
;PRINTING_TIME: 895
;REMAINING_TIME: 21
;LAYER:78
;Z:19.750
;HEIGHT:0.250
;FLOW:100.0
;PRINTING: FlowCalibrationCube4mm_nozzle0.8walls.stl
;PRINTING_ID: 0
G1 F2400 E572.4609
G1 F300 Z19.950
G0 F3900 X115.134 Y115.114
G0 F300 Z19.750
;TYPE:WALL-OUTER
;WIDTH:0.400
;FLOW:95.0
G1 F300 Z19.750
G1 F1500 E573.4609
G1 F930 X134.866 Y115.114 E574.2403
G1 X134.866 Y134.886 E575.0212
G1 X115.134 Y134.886 E575.8006
G1 X115.134 Y115.114 E576.5815
G1 F2400 E575.5815
G1 F300 Z19.950
G0 F3900 X115.539 Y115.520
G1 F300 Z19.750
G1 F1500 E576.5815
G1 F930 X115.539 Y134.479 E577.3303
G1 X134.460 Y134.479 E578.0776
G1 X134.460 Y115.520 E578.8264
G1 X115.539 Y115.520 E579.5737
;PRINTING_TIME: 906
;REMAINING_TIME: 11
;LAYER:79
;Z:20.000
;HEIGHT:0.250
;FLOW:100.0
;PRINTING: FlowCalibrationCube4mm_nozzle0.8walls.stl
;PRINTING_ID: 0
G1 F2400 E578.5737
G1 F300 Z20.200
G0 F3900 X115.134 Y115.114
G0 F300 Z20.000
;TYPE:WALL-OUTER
;WIDTH:0.400
;FLOW:95.0
G1 F300 Z20.000
G1 F1500 E579.5737
G1 F930 X134.866 Y115.114 E580.3531
G1 X134.866 Y134.886 E581.1340
G1 X115.134 Y134.886 E581.9133
G1 X115.134 Y115.114 E582.6943
G1 F2400 E581.6943
G1 F300 Z20.200
G0 F3900 X115.539 Y115.520
G1 F300 Z20.000
G1 F1500 E582.6943
G1 F930 X115.539 Y134.479 E583.4431
G1 X134.460 Y134.479 E584.1904
G1 X134.460 Y115.520 E584.9392
G1 X115.539 Y115.520 E585.6865
;PRINTING_TIME: 917
;REMAINING_TIME: 0
M106 S0
G1 F2400 E584.6865
G1 F300 Z20.200
G0 F3900 X115.539 Y115.520
G0 F300 Z25.000
M221 T0 S100
G92 E0
M1002
M104 T0 S0
M104 S0 ;extruder heater off
M140 S0 ;heated bed heater off (if you have it)
G91 ;relative positionion
G1 E-1 F300  ;retract the filament a bit before lifting the nozzle, to release some of the pressure
G1 Z+10 E-5 F9000 ;move Z up and retract filament even more
M84 ;steppers off
;Data start:280732:70a6ea375403985f037c412c66586f3b
;SURFQSAtIFBSSU5UREFUQUlZDHzi6E17riyBkcQfrmfPf183HyZ9Pz2a69V8SnsUcdFdPeij/31Dg0c
;e3AVV6+NJHTdCqDk/AZK01QxKQxR+0X897aPkfUSDfR78BTfr9UloN1OoLz8ekrnVfkokFGjRSz3ko/
;B9WoNDHsUFAuvOSQM3XKgOPzqSjdUkShcURNEvJIGjkVlb4lFqimQEiNklOUVt3BVQO82Jujk+FHkh0
;C89gaORPUjDIj+uBWfP0CgvQyjJH1ww/o6nLD4Se0+OTVL11/4QaPBXbMhkBI68SFw3DKh8fyrS68tN
;SnswTbBcSaXC8h5S70dsz3EOhNIWOl5+2whgOfOSsD9KehQh0S89wdzRfS6DIh6KaQaYyG09VG/NEFo
;n85+8IiQkfU+3RlHto5B9N4MiHu56J+uiSVw3KMQdTCG2irYuLxdxU7BbVO7NzhRZ8Edq8WwJhdk7XD
;YMqHw/VdKUlU1UexQh9UNc8te1HFTgR3LLdwaf1SYyaGXGD1ohzYSgOS8JFCDRLz2Bo9ECd4M6Hq4FQ
;4fdOigTbcsfWjn3mbQ5IxR6fqFdVO/XkXw3gyIerkUYq7xTXDcMjBBeJubPtC4pHnhEo05J6Mz/IkT2
;Um7BdxPrvUlcNwyoPEAVkv3VTUpfeECiWxngwPIYW+ZQf9psCIXjPTNHDKl8P1WS65UyCnsKIdEvGe3
;C4gkT4kF9y2kCmd09NVhi9whQJc2YoD8sGndE0S49gaORfXf8Yh63BWfrmCU9RHiMHVw294ewPysPfU
;6/cEnzwucYW4MjHq4FZ+v8Nhw3JKh8P3H+iqY5bhp3QrRDWPPC5RRY7X1q3GQRjtAWL19j2ghgMfuYo
;SwkGHEh0C89gaORfTeDIjGuBWfP0CgvQyjJClA89rShPysNcU2OR1LtxuIiR+JWdvFoBpPjJTlZa9wU
;YDPziKEiOHsVIdEvPYGj+D03rCIeriELis89eFZ6xxVbCuaZtDsvF0tJvkNY8vzhHEPrfXPPfTiF0xY
;uUnjaHVwh+4S7TUt7FCHRLz2Bo5FsN4MiOsJkFJ+YKzlbePcTWTPhjqFNS3sUIdEvPVGckWE3gyI6wm
;QUn5grOVt49w5eM+a0tC4pHnhEo05J6Mz/fTaDIh6uBSeU/ElKNwyoWFM04Z/xLy8XYH6jTlv1/PAUR
;eRDbq4EZ+u8SVw37Jd8J1WS6/EhKwhgBbNKUfX84xxR9314wmoQmd09OTcNqHw/VZLrjA1KbxQh0QtR
;4NDlWVXmTmrxdwaNyBY2Un7DfD5VkuvVTUpvVCHHLz2Bh/0cRPcGfMtpE7TOKDpDU8caWSb3n9VMSns
;UIdEvzb6jhH03gwZyz3YTz94sMENT2h1ZIc2YpSgvHxQg0S89gaORU3eDOx6uBUOH3TooE27NEEsK4I
;qzORUPfEiyRFPk0OJ9NoMiHq4FZxODSUQ3DKhYUzThn/EvLxdgfqZOUe389xFY9FB/2mBn6rxJXDcMq
;CV/VYjr1U1uF3VSpQtf5M/lIkDiTnLxaQKF2z00aGHBEj9UkuvVTUp75B7ROj2Bo7URVvBWOsxgC5/j
;Pj1bYPcPTzD3j9VMSnsUIdEvGcGjtX03gwZyz3YTz947NVNrwRJYCveToT8/CH1Ov3BK6MflFWjxQ2r
;HamfqvElcNwyoJX9ViuvVTW4XdVKlC1/zyvUaXu1FQchkCbTPOTlSaKh9P1WS69VNEzsUO9EvPaXP8A
;5Dp0Bsx2EAgtIuA1Fl0BlbCvOFsiEvexUh0S89gaORfTecIh6uIQuKzz14VX7BGFg8/IyKKyYUdVW0S
;2Lg0fQcaO5LcK4EZ+u8SVw3OOh8KFWS6/EhKwhgBbNdVOXE+BNQ3ERywXIVisgsXDYMqHw/VZKylU1U
;exQh9UNc8te1H0XqRnnHawC0zyE5W2DbI1k5/ZynLD4eFCDRLz2Bo5Ekd4M5Hq4FQ4fdOigTbtoVWzL
;7hbISORNxTb1cYvLT9BhTgyMergVn67wNHDcYqHw/cf6KpjluGWZItUhU78TODkfmR3quBGfrvElcN0
;LofBhVkuvxISsIYAWzXVTlxPgTUNxRa951CJnILDhobdoZXgrgiqEkJSR5QKkvPIGjkX03g2terhBn6
;7xtMFZ/3FhdJ/uGiiEjFXF+skBI79eRfDeDIh6uBUmrvFhcNwyMEF4m5s+3PyMWS063SU7k15F8N4Mi
;Hq4FZ+u8UVw3DIwQXibmz7YiKwhgSL9IYuXK4glW7UF7nwVm67xJXDcMqHw/TZLr1WkmGmdV9UxS4ND
;lFFnkfXrHdhOK0io5BQypfD9VkuvVTUp7ICHRLxntwuIJE+BNcMpsE4LTJz1bU8cSWgrhg7AhJiR7T4
;5bUvH84ghF5UN9y3Y4htUnA1Z+zR0/VJLr1U1KexQh0Ro9gaO1EVbwVjrNagmP1T01WGLJEGA6/I6KP
;iIeeE2OQFPe1/4NaPBXbMhkBI7PFjFeYvcLVjHmg9VMSnsUIdEvPYGjpH03gwZyz3YTz98mMlNl3BVQ
;O/OHijklC0tSpF1b4MD0Il7tRHfCaTib3T0oUn7GI1I8/LS0Py8aFCDRLz2Bo5F9N4MUHq4FQ4fdOig
;Tb8cSWzzmgrojKxdLVb5fYvLW4xtW4EdBx2sBgtAlA0dt3AhaJ/y0uCQkJGNItVtVgaKRfTeDIh6uBW
;fwvElcE2DJD0tx8YS6ISMVc36yQFjnxfgeXuZMavFkZ+qRCkDc7p4mAFWJ69VNbhd1UqULXu7M/RRZ5
;H19wWABjdUqNVJi3CNdVZMmGYGGt9jVbi8mgaORWVviUWqKZgiE0CAyUFPLE1oz9IK2JC8VYH6yLzyB
;o5F9N0NQXq4cZ+u8bTBWf9xYXDr9h4ogIxVLTbBWWPP85RRa5iIfrgVn67xJeHcMv3w/VbaHtD4+X3d
;OvkNi7Mr/IlHmR3rcZBOOvEhcNwyofD9x0uvJTUp7ME2wXEmlx/QTROZ9bdt1F4TOPQNRYMcLTTTmjt
;VMSnsUIdEvZMGjsn03gwZyz3YTz9gsMkRp9w9KJeKEpzkVEnpHuENR3szkCVvqTHvdBWbrvElcNwyof
;D9IkuvVaSYaZ1X1XEjx0/4PQ9xGe8B2ArTaIDBbU9odSzCS6tVNSnsUIYVvPaKjkX0T70Nt2iEDjtI6
;OWh/3QxPOuCfiiQkFXFTjkpF8cL/Dl7sTB6vBWfrvElcNwyoZT9Vks+5LDkPMFKkX03u0eUiU+ZMbct
;aC4rFLC43Dah8P1WS69VNSloUIdELUeDQ5VlT5kxty1oUnsw5M0V49xBeLPeZphIoFGBVvkI9gKORfT
;eDIh6uBX7rvEl4W23bCBsx94WmKBUIYVGhQE/1/OINUuZGHq8FZ+u8SVx+TKhjP1WSz7ksOQ8wRbhCW
;O/Q+BJZ3Fpn8WYIhswsMkRt3BVQO5Lq1U1KexQh0S89paORfRPvQ23aIQOC0SwyRGXHEmAt67S2IicL
;cU+iTknozP8iX+xOe64EZ+u8SVw3DKh8IFWS6/EhKwhgBbVDTd7C/wle4k53z3YOhdsWO0Vt0SNSNOr
;r1E1KexQhMUB9gbyRfTenTn/dcUOP0DkDVmLcFV45+4qmJCQcS0ajTkTezvgTN4IiHq4FZ+u8SVwrDK
;h8GznzmKFpLhdkfrBBSejC/RRW8EtwyVoLjsosMDcNqHw/VZLr9Q1KZhQh0QtR4NDlWVPvUkHPaxOC3
;SU1Vn/BElgK/46hJSUfFCDRLz2Bo5GNCIMPHq4FQ4fdOigTaMQMYDfzmLASJhptRKNwXOfX9A9o5lpu
;wXYSmdkWK1Zl3CNLPP+O1UxKexQh0S89gaO/fTeDBnLPdhPP2CUsaG7JD1oK/oqsKDgkdkS3QE/k/PQ
;FR+xRa9xgOJzdIChoeMERWlWT69VNSnsUJZEvH4GjkVlb4lFqimELm+MrPURp9xBeLPeZii8lCXBEo3
;BS58XiGEODIx6uBWfrvElcNyaofD9x/oqmOW4feFGOTVzyxs4RVvpHbPFmCIXIJilFU80ETzrhnqcoF
;Q99TLQvPIGjkX03gwperjRn67xtMFZ/3FhbOeK0tyw5HktNsFZY8/z0DkPqT3/abAiF4z01Wmn3H1A4
;4o67PisPfU6/LzyBo5F9N4MiHq4vZ+u8bTBWf9xYWznitLcsOR5LTbBWWPP89xRb70twyVoCk8wmL0J
;+zSNLPP+O1UxKexQh0S/NvqOOfTeDBnLPdhPP2CUsaG7JD1oK/oqsKDgkZE6mSk/ezv4ZUoMjHq4FZ+
;u8uWM3K6h8P3H+iqY5bh94UY5NXPLGzhFW+kds8XcGm9UtA1N+xwxgL82YpSgvHxQg0S89gaORXXeDC
;B6uBUOH3TooE2jEDGA385iwEiYabUSjcE/g0/gZaO9LeNpaHbTYIC9DbcYfWlWT69VNSnsUM5EvGoGj
;kVlb4lFqimELm+MrPURp9xBeLPeZij8rC31FjkNU59fOB2jwUnvLYWfqvElcNwyoXH9Vu+vVTW4XdVK
;lC1nt084fVvBHQcJkHo7OFi9bY98jWyf9m4o3FR99UqVOU+LGkXw3gyIergVvq7xvXDcMjBBeJubPsS
;E6JHZAokpi7cLoGEXcUXLBcjiPziYsaHb3D08w94/VTEp7FCHRLx3Bo7h9N4MGcs92E8/YJSxobskPW
;gr+iqwoOCRnTb5YYu3K9wlo+X16x3YTitIqOTcNqHw/VZLr3Q1KXRQh0QtR4NDlWVPvUkHMZBSO4yU9
;TmnaI0w5/ZyKISMdYH6rcE7xxvQZN4IiHq4FZ+ucCVwdDKh8GznzmKFpLhdkfrNOTuT8/RxO5lBB3XA
;Xm9M7KGhp0AxQJueZsBI+EnlE0S49gaORfTerYh6FBWfrmCU9RHiMGFMlzYm0Pi8keECoSk/e1/kUVO
;hMe912OIjTJCxSYtsdSzz9hdVMSnsUIdEvPYGju303gwZyz3YTz9glLGhuyQ9aCv6KrCg4JGFRoUpP3
;tP+FFn3fWnPbBO0yCAxUgypfD9VkuvVrXV7ASHRLxntwuIJE+dObvFnBpjZFjBWdc0OTFWT69VNSnsU
;AZEvGIGjkVlb4lFqimELm+MqNFZhyhlNCvqOtDk/C0tSpU5T5cHoIkPqT3uuBGfrvElcNxjofBlVkuv
;xISsIYAW1Q03ewPkcWuFHbPF1FYLSPTVZa/cIWjjijqcsPg5mRNEuPYGjkX23wmIeuQVn65glPUR4jB
;hTJc2IuiM+FGFTjlhU5df5fTaDIh6uBWfj/ElJNwyoWFM04Z/xKSYLS0WjVlTvxM4JXu5HHq8FZ+u8S
;VwjTKhlP1WSz7ksOQ8wRb1fYuTH9hho4U5r3FoLjsosMDcNqHw/VZLrJXJKUhQh0QtR4NDlWVPvUkHI
;bBWGyyguUlPJH1ww/o6nLD4Se0+OVWLlxvccQu9WHq8FZ+u8SVwTTKhdP1WSz7ksOQ8wRb1fYufK4xB
;A4lB78W8CmdcWJmhozRpeIP6f1UxKexQh0S/NvqOPfTeDBnLPdhPP2CUsaGrBDlIi85mwEjkLcUS1cE
;fezvAFN4IiHq4FZ+uoCVwWDKh8GznzmKFpLhdkfrlKXPX88ghF6kx58XEChswsLlZ43Q5aVZPr1U1Ke
;xRvkS8ggaORWVviUWqKYQub4yAxVmvNI0sn84WmKy8JS1W4QliBoj861vk2sLtFZ/K8SVwTYMkPS3H2
;h6USIwh4QL9LYuDR9Bxo7ktwrgRn67xJXDf0l3weVZLr8SErCGAFtUNN3s/wBFLxfXPLdwCO4yowWH/
;NI1k08Y6mTUt7FCHRLz2Bo5FcN4MiOsJkFJ+YLTBHU8VID2XNiLogJxp6RY5LWO3C6CJD6k97rgRU2I
;96bwTfl3wQVZLr8SErCGAFtUNN3s74GVPvR0HCZB6OzhY9UXjNDmAw6pu6Pj8JcX6mTlT1/OUUWuYiH
;64FZ+u8SVw3DJh8P1W2h7Q+Pl9wTaFwUOjH9RFS3E5/12AVtN4sOlh+zSNaLeKEpjg4HktWsEZJ3tf4
;EFKDIx6uBWfrvE0cNyiofD9x/oqmOW4feFGOQlTlx/0YaO9DZ8t3OInTOzhSfvcTWTPhjqFNS3sUIdE
;vPYGjkVE3gyI6wmQUn5gtMEdTxRVbMf6OiiErAnFTjkxS79f+CEXcR2beahSeziwDQ2XFGT9UkuvVTU
;p7NGHRHD2Bo7URVvBWOsppF7TRIDhTYM0jUzTrjqcSLwhgSLxOSejM/yJD6k978WYIhswsMkRt3BVQO
;5Lq1U1KexQh0S89rqORfRPvQ23aIQOHzBYxXmjMEFoK/oqsKDgkcVmhQE700fQiQ+pPe/FxFYrSOjVD
;ZccSP1SS69VNSnsUIdEDPYGjtRFW8FY6ymkXtNEgOFNgzSNTNOuOpxIsEnhNuEFa3sbpDVjwV2zLWhO
;C0SxcNgyofD9VkhvqTWt7FCH1Q1zy17UZW/N9c8dhA4fZFjBWdc0OYCX9nLA/FRZ7RbQvPIGjkX03g9
;Ihrixn67xtMFZ/3FhbOeK0uCQuH3hEjkNc+MbjIkXiUnfKWgOZ0zkDTVPbDFow9uvUTUp7FCHRD32Bj
;5F9N6dOf91xQ4/QOQNaZcwYUzDNh7Q0LwlLU7BfVOX8/RRR931k8WEOmMgoMlRpqH0/VZLr1U1KOxQI
;0S89pc/wDkOnRnLeWgqC2C0wUlPEHUYw4LSnLDoScH69Rlv1/OsiRPNHe8oFZuu8SVw3DIg8P36S69V
;pJhpnVfVLUfH8/BRT50578WkGktk7A0RgxwtgMeCEpRIwJHBIoltc78D0fTaDIh6uBWfr/El0NwyoWF
;M04Z/xKSYLS0y4S1ntxs4RVvpHbPF2C4TLFjhFY9gjRQrhm7AoLnsVIdEvPYGjsT03qCIeriELis89e
;FNg2CNSPPaPuSgVF3VYtF1i8s/+CmjvS3jaWh202CAvQ23GH1pVk+vVTUp7FCGRLxWBo5FZW+JRaoph
;C5vjJDVTaMQZYDnzkrA/FQh4TqZwUejF5SJN3FFuy2AD671JXDcMqHwfFZLH1U1KX3hAolsZ5c/hIlr
;qRnrCYDiH3TA5RVPbCU8l/ZmhEi8DZE6iWk/k/OUUWuYiH64FZ+u8SXx3DIR8P1W2h7Q+Pl9wTaFwUO
;jH9RFS3E5/12AVtMk5LFJ+9wxQPPyfijorEmB+pUZQ5KOQfTeDIh6uBWfrq0lcNyjEHUwhto+5PRUWf
;UW1Q1jez/AEUvFRHq8FZ+u8SVwXTKhTP1WSz7ksOQ8wRb1fYu/M4xBW731yz3wCmeMoOkNp2iNaLeKE
;pjg4HktWsEZJ3tf4EFKDIx6uBWfrvElcNzyofD9x/oqmOW4feFGOQVLzzvARaO9DZ8t3OInZLzNFafc
;ZRyX9mKA/LyRjQLhbYvXK/Bg3giIergVn67wJXBMMqHwbOfOYoWkuF2R+v0BP7ML9IlviW3vcWgWEzi
;05RVPHGlkm95/VTEp7FCHRLz2Bo719N4MGcs92E8/YJSxoYscOUjT+tLksMx5mfrJAU/XM5A9o5lpuw
;XYSmdkWKF5hzXw+VZLr1U1Ka1Qh4i89gYf9HET3BnrCdTiF0zsxVmD3EF4s95mKKDkPfUywW1Tuzc4J
;Xu5HQc1qCpvZJy9WeMETUVWT69VNSnsUIdEvEYGjkVlb4lFqimELm+MnM0VhyRBgOfOSsD8VHX1NvUZ
;T5vz0BUfsUWvcYDif1SQ5Nw2ofD9VkuvFDUpaFCHRC1Hg0OVZU+9SQcBqFYbdJQNbbdEZTQrihKIoOC
;R5TrVKPYCjkX03gyLukQVO67xJeFtt2wgbMf6biiMlCXlAvXBR4Nr0D2jxQ27HYTiPziYsaHb3D08w9
;4/VTEp7FCHRLxXBo719N4MGcs92E8/YJSxoYscOUjT+tLksMx5mfqNOTejHzhFe5VZB1FoDgs89PVlv
;zXw+VZLr1U1Ke1Qh+C89gYf9HET3BnrCdTiF0zsxVmD3EF4s95mKPysLfUWOQ1Tn184HaPBSe8thZ+q
;8SVw3DKhUf1W569VNbhd1UqULWe3TzhNY8U9/wloLisUsLmh/xBNICvaZuj0VAUtFuFxJ4M3yGDeCIh
;6uBWfrTHZcHwyofBs585ihaS4XZH6/QE/swv0iW+Jbe9xaFIfTPgNTfscMYC/NmKUoLx8UINEvPYGjk
;VV3gwkergVDh906KBNoxAxgO/2ZuCwmJHhAqEpP3tD9EkDcTnfIcTiR4y01RHjJElwwkurVTUp7FCEh
;ED2po5F9E+9DbdohA4fMFjJYfsUdUwr+iqwoOCRnTb5YYu3K9wlo+X1t3mACj7xIXDcMqHw/QdLr+U1
;KezBNsFxJpcf9DWjtTWzDZAu00CglUn73D0ol4oSnORUebFG+XEjzxs4JXu5HHq8FZ+u8SVwtTKhQP1
;WSz7ksOQ8wRb1fYu/M4xBW731yz3wCmeM8LEdp2iNPOvuFoRI9Gn1VjltU7MaRfDeDIh6uBWfrvG1cN
;wyMEF4m5s+xITokZkS8QEvk/PMIVeFOe/FyBoLIIDJQU9wVUjCS6uZ+eUgnEgIQPZKjkX0T70Nt2iED
;h8wWL1RtxBVRMs2T1UxKexQh0S9kwaOCfTeDBnLPdhPP2CUsaH/LHVM8/IyKNEp6FCHRLz2B+tF9LoM
;iHoppBpjIbThbfPcPUzzxjoo5JRdxU7BBXuSjkH03gyIergVn64RJXDcoxB1MIbaPuT0VCGFTt05e5P
;ziFFPmfWrLfROeziwDU2XbHV0597S6IxUUYkSjR1zvxM4cWeROe64EZ+u8SVy3Teh8FlWS6/EhKwhgB
;bVDTd7Q5A9R4kF78XYOj9kWKFJ03AlNMM2ZsD4lF2FVuEBTgaIL5K4au4cXOmfDvElcE2DJD0tx9oel
;EjkOZkewTFje0PgZUtxWe9ZxEpnZFiROU8caWSb3n9VMSnsUIdEv3b6jjH03gwZyz3YTz9glLGh4zRF
;PMOCKoTg4HktCuU5Q48bjfTaDIh6uBeeq/ElKNwyoWFM04Z/xKSYLS1awXFXozfYiWuxGe64EZ+u8SV
;w3/Jd8IlWS6/EhKwhgBbRXSfPW9RhF3EdmzW0GhdssA0NlxRkOVZPr1U1KexQh0S8ggaORWVviUWqKY
;B+fzjw4Un73GUc2+oq7Ki8kYEi8Sg+BopF9N4MiHq4FZ9K8SVwTYMkPS3H3k6E/Px9xU45cSujX8hVo
;4E1xwmwJjOMhOVZ43QxgNPadtCMpHktVtEJN5NHwCULxRy+uBGfrvElcN2XofAZVkuvxISsIYAW0V0n
;z1vUYRdxRacdxBIPjKjNYYMESWAr6jrQ5PwtLQLVZXO/A9CJD5k9uy3cGn8k7OQUMqXw/VZLr1SQKey
;Uh0S8Z7cLiCRPmWmrccAOOzhYvQGXcH1cK8YS6ISMVc365Slz11uEiVudUf8BmArTIIDFSDKl8P1WS6
;9UJCnswIdEvGe3C4gkT5lpq3HADjs4WL0Bl3B9XCvGEuiEjFXN+oU5P6vzpfTaDIh6uBWfV/El4Nwyo
;WFM04Z/xKDIPZlS1Sk/e0OYUQ+BKQc1qCIfVJztofMkOVArr69RNSnsUIXFxfYGJkX03p05/3XFDjsQ
;9LkJozQ5gJuWCoS4iJHdOvkNU78TOCVLuUnvcZBOezixtNw2ofD9VkmuzDUpRFCHRC1Hg0OVZUvtWbN
;thApnjOiteeMsUYDb9hLkkJBxLVbRCTeTR8AlC8UcsrgRn67xJXLdq6HwgVZLr8SErCGAFo0pO9cLjC
;WjmWmrcZDiPySgwaG3FE0o75uvUTUp7FCHRLz2BiJF9N6dOf91xQ47EPS5CaM0OYCblgqEuIiRmRKJb
;XPPXzhhP91B/8WQKhMknKAUMqXw/VZLr1U1Kewwh0S8Z7cLiCRPxR23aZBWf4y0pVmD3D08w94/VTEp
;7FCHRLwnBo7V9N4MGcs92E8/ZMShFecwZTQrhnLw5KRNLU7RcSeDR5SJE80d7yjdn6rxJXDcMqEh/VY
;7r1U1uF3VSpQtP5NfjHFT3S3HAWgOe3SUDVmHHCVEhkurVTUp7FCH1bz2po5F9E+9DbdohApPIOylTa
;dojTCL7n7YlFQlxVaNOXvXK/hNo4k9x22sT2bxIXDcMqHw/cdLrzk1KezBNsFxJpdH0CUXiQWrHagm0
;2Dw9W1PbDFow9uvUTUp7FCHRG32BhJF9N6dOf91xQ47EPS5CaM0OYCblgqEuIiRmRKVdXOLX+BJZ3FF
;uy2AD2bxIXDcMqHw/YdLrzE1KezBNsFxJpcbpCUX2RnvcWhCCzCwDQ2XFGQ5Vk+vVTUp7FCHRLySBo5
;FZW+JRaopgH5/OPDhSfvcLViX3tKEkJx4mIdAvPYGjkX03gyILrgVnz9AoL0MozQRLJ+eYvCIkJGNIt
;VtVgaIL5K4au4d3Omf8vElcE2DJD0tx95OhPz8IfU6/cErox+UVaLEiHzSc/nIl0IUIDLF8P1W2h7Q+
;Pl9yQL9wX+3K4SJH4ldty1oKmNkqXDYMqHw/VdKUlU1SexQh9UNc8te1G1btfXzCbBe0yCEuUn/AE1M
;xkurVTUp7FCHvbz2Oo5F9E+9DbdohAYrSFi9Hac0YP1SS69VNSntNYdE8PYGjtRFW8FY6yGQJtM85OV
;Jo9xFeLZLq1U1KexQhhW89kqORfRPvQ23aIQGC0CgxUmLcI1k5/ZzVTEp7FCHRL2TBo4V9N4MGcs92E
;8/aIDBWYc0SSwr0h7o6e3sVIdEvPYFjxj03lyIeriELis89eFFlxB1SMPyfiismFGMT0S49gaORfbfV
;Yh6IBWfrmCU9RHiMGlY55o6nEiUOYH6iQlztz84NVvFWQd1sHY7jOz1DZcd8PlWS69VNSiJUIfovPYG
;H/RxE9wZ4x3cUn+MlPU5p2iNbPP+Ouz4jFHp+qVZi4sz8DVLtUX/abAiFvEhcNwyofD9VkuvlTUp7ME
;2wXEmlxfgPRPd9cs98ApnjLTVaacYPVjr8tK00FRh7TKFKU/LC5RRY7X12wWkC671JXDcMqHw/VZLM1
;U1KX3hAolsZ58rjDkPcTn/XYBW02TEoRXnbFVA7zZy8KT4TS1OwW1Tuo5B9N4MiHq5cJ+uiSVw3KMQd
;TCG2jbw/OQ94QKhKT97F+BFW7kdw2loBh9M+XDYMqHw/VZKylU1cexQh9UNc8te1H1j3VnHDWhOD1So
;3WWnbDz9UkuvVTUp7xB7RNz2Bo7URVvBWOshsFZjIFjBWdc0OYCb6jrkhOXsVIdEvPYGjhT03tyIeri
;ELis89eFFl2g9LCv6KrCg4JGdOvUZZ3sr/G17vTkHLfROZyTo1WGL3C1Yx5oOKPysPfU7RLj2Bo5F9N
;9piHokFZ+uYJT1EeIwaVifhn4ohKwJxU45cUu3K9SJe7UR3wmk4jdAmK0Vt3Bk/VJLr1U1Ke01h0Qs9
;gaO1EVbwVjrIbBWYyBYwVnXNDmAm/Ye8KRUSeke4Q1He0OEYUuciH64FZ+u8SRh3DLB8P1W2h7Q+Pl9
;2TqVbUuz8/RxO5lBB3XUCjthJXTcMqHw/Vdar1VRKexQFvU5O9Yf2HEfcRHfCaTiG1ScDW2nGG0s9ku
;rVTUp7FCHRLz2zo5F9E+9DbdohAIrMFjpeYMQjTDz8jLkoFR5sVaNaTujM/yJU7E9uy2sUisggM1lT2
;h1LPP3r1E1KexQhUX99gYqRfTenTn/dcUOM3TkDUWXEEGAm+4WyIS8kcVmlXUjyyv4TaPFDasdqOIbd
;MVw2DKh8P1WSgpVNY3sUIfVDXPLXtRpW8314x2kLtM8gMlBgzSNaLeaZoD4jFHp+o05J6MzOEF7tIh+
;uBWfrvMkcdwyNfD9Vtoe0Pj5fc0ChcFvoz/0iROpMecJgOI7EPS5Cf8ETUQrhm7AoLnsVIdEvPYGjqD
;03lyIeriELis89eFBt2CNZPP6Hij46HnFF0S49gaORfTfNYh67BWfrmCU9RHiMG1M68Iq5EiUdclK0W
;2L5o5B9N4MiHq4FZ+upSVw3KMQdTCG2jLkiKBp4fr5JW/LG5SJOgyMergVn67xJXDcZqHw/cf6Kpjlu
;HHhOs05R3sz3G0TmVkHUBWbrvElcNwyofD9OkuvVaSYaZ1X1R1jg1/gTUNxBcctjAYLfIDlZePcdP1R
;olb/xPuh8ntE0PYGjtRFW8FY6xmAGn9UnO2hvxxlZM/uIvCgkD0tD0S49gaORfTeDYh61BWfrmCU9RH
;iMFFo05oK7KhUYe0S3SVTiyvQTQ9xBHq8FZ+u8SVx5TKheP1WSz7ksOQ8wSbROSejN9iJD6k978WAUn
;9UkPUNlxxJgIeubsE1LexQh0S89gaORZjeDIjrCZBSfmCE5VnjdDGAy8YSxKBUIcVCkSlPixpF8N4Mi
;Hq4FZ+u8b1w3DIwQXibmz7wjLBJ4TY5OWeDT5RRB5n13wGMOh9AWLlZ4wRNgOPOT1UxKexQh0S8DwaO
;3fTeDBnLPdhPP1Sc6XmDEI14x85uhJDweS0i/SVTtz84PVvdLcfFoDoW8SFw3DKh8P0HS6/BNSnswTb
;BcSaXK/xte705Bz2EGm8ggKlJTwRJRMOC0sDU6GnpSuEBTgaIL5K4au4dHOmf3vElcE2DJD0tx+4WzJ
;CYXS0C1Tk31yucYaO9DZ8t3FOu9SVw3DKh8KxWSy9VNSl94QKJbGejN9xRb731/ymQXn9U/OWh+zRhK
;NuaCuiM5exUh0S89gaORPTecIh6uIQuKzz14XmLOFVM5zYqxLDoPfVe0cErox+UVaO5LcK4EZ+u8SVw
;3BOh8HlWS6/EhKwhgBbhBW+jP/SJW7UF2wXc4h9knO0Nk9xpeNuaEp01LexQh0S89gaORaDeDIjrCZB
;SfmCAyUWXEEGA04I60EicSeiHQLz2Bo5F9N4MiPK4FZ8/QKC9DKMESWTz+h4o+OhpmUrRwXu7O8xRZ5
;n1yz3wCmc9JXTcMqHw/VWLU1W9KexQFvU5O9Yf4E1HqTnLxYB+fzjwvXmPGI0g89p+9EjgaYEi+LzyB
;o5F9NwN0Xq4fZ+u8bTBWf9xYVjv0grkhFR19TbBCWO/Xzhtb7FUerwVn67xJHGJMqGk/VZLPuSw5DzB
;Iv0lU7c/OElHlUXvaWh/rvUlcNwyofD9Vkv7VTUpfeECiWxnozfcUW+99cchjFI7IFiU3Dah8P1WS69
;VNSmkUIdELUeDQ5VlR6k5y8WoRjs4lPUcMqXw/VZLr1VkKewYh0S8Z7cLiCRPlS3LCWgOO0jo1Q3Wof
;T9VkuvVTV47FDLRLz2lz/AOQ6dLcMhsC4fjOjRSYMQPP1SS69VNSnsUIdE9PYGjtRFW8FY6x2sBgtAl
;A0R8zRlbVZPr1U1KexRvkS8rgaORWVviUWqKbAmN1SUwaHvBGEs9zYa8I0p6FCHRLz2Bo5F9HYMiHop
;pBpjIbTVZYs0OYDfggrEqIxVzfrRXSfPW4hRY7X1px2ETg+M7PUNlx3w+VZLr1U1KIlQhzC89gYf9HE
;T3BnfAawKZ4ysuXmjPFVEyzY25Ij0JdVW0LzyBo5F9N4N7Xq4fZ+u8bTBWf9xYVjv8jqcSKAl9RbZGU
;+b84g1S5kYerwVn67xJXHlMqFs/VZLPuSw5DzBIv1xY9fz4E1nmUEHLfROZyTo1WGL3C1Yx5oOKPysP
;fU7RLj2Bo5F9N9piHrQFZ+uYJT1EeIwVUSb3n4okJBVxU45JUe7U4xxD5iIfrgVn67wJCXcMunw/Vba
;HtD4+X31PokpJ+fziDVLmRh6vBWfrvElcc0yoWz9Vks+5LDkPMEi/XFj1/P4IQ+ZQQct9E5nJOjVYYv
;cLVjHmg4o/Kw99TtEuPYGjkX032mIetAVn65glPUR4jBVRJvefiiI/D3FTjklR7tTjHEPmIh+uBWfrv
;IkLdwy6fD9Vtoe0Pj5ffU+iSkmx/OINUuZGHq8FZ+u8SVxzTKhYP1WSz7ksOQ8wSL9bWPPP/h5c6kx5
;8WcIntItPUV19xhWJuaKuy4vexUh0S89gaORPTeeIh6uIQuKzz14XmLcGU05/Yi+JCQcS0K0Q1Hewv8
;aW+YiH64FZ+u8yWp3DLZ8P1W2h7Q+Pl99T6VKT+3M8hZe7UVBzWALh+MlPU5p2g8/VJLr1U1KexRh0T
;I9gaO1EVbwVjrHaxOOziUzVGfBElgK8Y65IRUMfUWlRz2AQutpmcTD9JEFf+u8SXhbbdsIGzz8n7A/J
;hR3SrhBWt7H9A1D6yIfrgVn67xJXHcMu3w/VbaHtD4+X31TvkFU78TOHFnkTnuuBGfrvElct1rofClV
;kuvxISsIYAW4XVLvyv8aaOVOcdl3Bp/ZSV03DKh8P1WGq9VeSnsUBb1OTvWH+A9Y7UtwyVoOhc8sKDc
;NSQYr+9UKH3JKYBQh0QtR4NDlWV7xTXDHawC00CAyUlPMFUwh84W2KEp6FCHRLz2Bo5F9JIMiHoppBp
;jIbTVFY8YVUTLNmKUoLx8UINEvPYGjkVl3gzMergVDh906KBNmzQ5UCvCEoTklFhQg0S89gaORaXeDO
;x6uBUOH3TooE2bNDlQK8IShOSUWS1KkXVvgwPR9NoMiHq4FZ//8SUo3DKhYUzThn/EnLwl/frdGT/LX
;zhFW+kdsrgRn67xJXDcY6HwuVZLr8SErCGAFu0pP6vz4E1HqTnKuBGfrvElcNxjofClVkuvxISsIYAW
;7Sk/q/PgTROZWQcdrCY7OSV03DKh8P1WGq9VbSnsUBb1OTvWH+xhF6H13wHYCn+MmKUNp2nw+VZLr1U
;1Kb1QhwS89gYf9HET3BnTLdwy0zDs1WXiofT9VkuvVTV47FDPRLz2lz/AOQ6dIe9xuOJjJOSxYftx8P
;lWS69VNSm9UId8vPYGH/RxE9wZ0y3cMtMgmLDcNqHw/VZLrwQ1KbRQh0QtR4NDlWV3mUHXxcQib4zop
;RWrJH1pVk+vVTUp7FDWRLyyBo5FZW+JRaopvApnXFihFbd4ZU1WT69VNSnsUNZEvLIGjkVlb4lFqinU
;VgtI9A0R8zRlbVZPr1U1KexRlkS8vgaORWVviUWqKaQaS2TsDX2nBG1chkurVTUp7FCEBED2to5F9E+
;9DbdohC4rFLC5oZM0VWD3mtLQpKwtgSKdKYuzC6SJf5kt5xnE4md09NVgMqXw/VZLr1QMKezgh0S8Z7
;cLiCRPvQ2fLdziD2SA7X3j3HVs04p+8Oy8keUi/cFXkyvYVQ9xQf9psCOu9SVw3DKh8BhWSwtVNSl94
;QKJbGe3C6BhF3Ep7x2IPn+MoOFZ83BVJMM2YtCA6F31PtnBO9cbhfTb4NrDp5B1vg0ltNwyoWFM04Z/
;xISsCcVOOR1joxPkJaOJGf95xDp3ZFi9DadgTSTDgtLciPg97TI5dXPXK/n02gyIergVnovxJcjcMqF
;hTNOGf8SErAnFTjkdY6MT5CWjiRn/ecQ6d2RYvQ2nYE0kw4LShIjokZkClRlKBopF9N4MiHudFZ/a8S
;VwTYMkPS3H+iqwoOCR5RKNIWN7A/RJE5n14z2YCmLxIxq6VMeWm7K3ry01KezBNsFxJpc/wBFLxfW3L
;YgqO0j0DW2nGG0s9zYa8I0p6jrhItqQYGq59JoMiHoppBpjIbStWYMQjTD33h7k+SnoUIdEvPYGz0X0
;tgyIeimkGmMhtMFZ1zQ5gJvqOuSE5JHtXtF1R4NORfDeDIh6uBS6rvHpcNwyMEF4m5s+5LDMeZn6iW1
;zz184NWOpMavF2BIrOLwNdY8ESSwrzhbIhLyRgSaNKTunM/Rk3giIergVni98JXB0MqHwbOfOYoWkmG
;m1Eo3BO9cLjCWjzTXfAcTiY3yguUVPCE1Y75rS5KCQcYEnRLj2Bo5F9N7diHoEFZ+uYJT1EeIwQXiz3
;mYo+PhpmVY5fUujN5SJE4ENsyFoNhNUnKGh/2BlaMc2ZtDkjFBQg0S89gaORJHeDFB6uBUOH3TooE2D
;JBVonzZihLDgPS1G+RlP1/OIeVvFEQcRqDoXIFi9DbdoIYD33grIlPiRmQKVGUoGikX03gyIergVnwr
;xJXBNgyQ9Lcf6KrCg4JGdVsF1J3tP+FFn3fW3NZBWN4yMzXmLcI0wh95umTUt7FCHRLz2l45FmN4MiO
;sJkFJ+YJT1OadojTCHzmaE9JRJ6VY5bRPHGkXw3gyIergVvq7xQXDcMjBBeJubPsyQyHnB+vU5E5NHO
;DkPiUGrxfWfqvElcNwyofD9Vi+vVTW4XdVKlC1vo2/QZaO9DZ8t3OJjIKC5DU9F8PlWS69VNSnsUIcw
;vPYGH/RxE9wZzz3ECmdUoMGh/yx1TMM2NtC4+FGZ+qS88i3QyDQqpe16uGGfrvG0wVn/cWFI05o6nJC
;sXS1KyTlHk/PccVPdNbPF8Z+q2nv9HMYIlf1WP69VNbhd1UqULUODX9A9e4k5B3WYGh9kWOlZv3BNNC
;ujr1E1KexQh0XZ9gbiRfTenTn/dcUOG3TEDQWPECVIw5pm8LhUIZES0SwyBopF9N4MiHq4FZ/C8SVwT
;YMkPS3H/iq0SPBR4VLxKSfPK8iJE80d7yjdn6rxJXDcMqHw/VbHr1U1uF3VSpQtQ7sf0EWjzUHvNbBS
;O4zMDX2nBG1chzYe0NC8JZyHQLz2Bo5F9I8MiD64FZ8/QKC9DKMYTRS/+joo+IwFxIdAvPYEDCOTuvC
;IKrgVnz9AoL0Mo3x1TOc2fvSQpEHpEolw9gDkI5K4au/eRBX/rvEl4W23bCBsm55ulIjgPS1uOS1Ty1
;/ATVOYiH502VNiPep8IDLN8P1W2h7Q+Pl97V7RdVeDN9iJE60dywnY4itIuMFIMqXw/VZLr1XMKewsh
;0S8Z7cLiCRPsVHvcbQaF2xYvX2nEEEwK9Iq7EjkLcUS1LzyBo5F9N4N7Xq4bZ+u8bTBWf9xYUCP3mb0
;sJBxLUrlKUe3Qzhtb7FVsz3EC671JXDcMqHxmFZLw1U1KX3hAolsZ7tX0D1/iTHnxdg+O0CUvaH/YGV
;oxkurVTUp7FCGYbz2Wo5F9E+9DbdohF5nZOi9Cfs0jXjHkirsuL0oUIEu2pBg6CNQIgzUergVDh906K
;BN82hlMJueZsBIrH2JAv0xYs6OQfTeDIh6uBWfroklcNyjEHUwhtpunKDkIYVO0cFzl1fATVOZ9d8Bj
;DofQeFw2DKh8P1WS69VNVHsUIfVDXPLXtQ1F5lFt23cCtN0tKlZiyxlgPPyNvCEmSRQg0S89gaORfTe
;DAR6uBUOH3TooE3zaGUwm55mwEisfYkC/TFjeyv8OUvd9d8BrApmNSV03DKh8P1WS69VuSnsUBb1OTv
;WH4Q9S8FFr3GA4itg/PVlvzSNWO+GOoRIjFXpEox09gKORfTeDIh6uBUTrvEl4W23bCBsl4I6mPj8Jc
;X6wS0vgzfIYaOpMbctxOITJPTlFPah9P1WS69VNSnsUAtEvPaXP8A5Dp1Jsy3YUns4sA1Zo3h1RNve0
;vCM5HmB+vlpJ5NGjfTaDIh6uBWfrvEl/NwyoWFM04Z/xPTgeZ1KkXVjewvULVu1Be/FxCJvjOilFask
;fWmSS6tVNSnsUIdEvPaKjkX0T70Nt2iEXmdk6L0J+zSNeMeSKuy4vJGBOoXBO9NH3HFTmEB6vBWfrvE
;lcNwyobT9Vks+5LDkPMFOwSUnewvgPUOJSHq82VNiPem/0M6hlP1WSz7ksOQ8wU7BJSd7B8A5S3E53w
;GAQgtg9NDcNMuWmzAtyPHJKXhQh0QtR4NDlWUXiRGrxZwaY2RY5T3jaCUw8/YWKOiMfYEmOXVz1yv59
;NoMiHq4FZ4L8SUA3DKhYUzThn/E/Kx1gfrNOTuT8+BNR6k5y8WQJjNAsXDYMqHw/VZLr1U1WexQh9UN
;c8te1D1blVkHMZBSO4yAyUWXEEGAn85+8Ikp6FCHRLz0B49F9LoMiHoppBpjIbS5WatwjXTThjoo5Ih
;J3Sr9KTvKjkH03gyIeruVY66pJXDcoxB1MIbaZtCs+JHZAokpi7cLoGEXwIh+uBWfrvElcdwy/fD9Vt
;oe0Pj5fZkC3W2Ltyv8YaPBSf81sCYy8SFw3DKh8P13S68BNSnswTbBcSaXR8BtD3EB/3WA4mMwsOVMM
;qXw/VZLr1W0Kewoh0S8Z7cLiCRPxQ3jaWg6FyCwuUW3LGWA5+4WwOiMfYEnRLg6ykKJOBGAdHoQFZ+u
;YJT1EeIwOXjPmtLwjPh5mR7BMWN7G6QlF9lF3wWs4nNUtKF9T2h1LPP3r1E1KexQhEU19gYKRfTenTn
;/dcUOZ3S8oaGXGCFon9Iq2KBUSeke4Q1Hewv8aW+YiH64FZ+u8yQp3DIl8P1W2h7Q+Pl9mQLdbYujN5
;RhF5UN9y1oOhdogMFtT2h1LPP3r1E1KexQh0WZ9gb2RfTenTn/dcUOZ3S8oaGXGCFon9Iq2KBUPfEiy
;RFPk0OJ9NtGaACvuNjODSUc3DKhYUzThn/E/Kx1gfrhBSeTR9xxU5n1yz3wCmc9JXTcMqHw/VWLU1VF
;KexQFvU5O9YfjHFH3fXfAcQKZ2ig/UlPbDF42+4WyTUt7FCHRLz1xnJFnN4MiOsJkFJ+YOz1RePcVUS
;H3mbMsKR5LUqFKWOWjkH03gyIerjsn661JXDcoxB1MIbaZtCs+JHlAo0hU76OQfTeDIh6uESfroElcN
;yjEHUwhtpm0Kz4kZ1SjSVzixs4RXu1HacdhE4O8SMaulTHlpoyt6/1NSnswTbBcSaXR8BtD3FFr3GMG
;iNkWOU942glMPP2FijojH2BJjl1c9cr+fTaDIh6uBWey/ElHNwyoWFM04Z/xPysdYH6iWk/nwvIYaOV
;Ocdl3Bp/ZSV03DKh8P/X3q9VSSnsUBb1OTvWH4xxR931t23cBit8sA15izhVTOc2KuyomHhQg0S89ga
;ORQ3eDPh6uBUOH3TooE37JGksK4Z6nKysYcX63RlHt/OMcQ+YiH64FZ+u8CQl3DLR8P1W2h7Q+Pl9mQ
;LdbYvLW4xtW4EdB2m0OiNcnOUR/qH0WCR0pIGWGRBQ40S89pc/wDkOnUH/IcTiYyTs6Vm/NI1M0646n
;Pkp6FCHRLz2Bo9F9LYMiHoppBpjIbS5WatwjTCDgjbQuLyRnUbBMVO/EkXw9VIFukw+w1LxRXDcMjBB
;eJubPpywsD0tSpF1b4MD0IkTzR3vKBWbrvElcNwzmPD9PkuvVaSYaZ1X1XVzn184JReJUe8JaH5LjOi
;xSacx8PlWS69VNCitUIcsvPYGH/RxE9wZsy3YTis49A1J03A5eCvOGujgkDxQg0S89gaORfTeDPh6uB
;UOH3TooE37ND0s04J+KKDIPZkCOTlDu1v8JaLEiH64FZ+u8SVw3DLt8P1W2h7Q+Pl9mRKJbXPPXzg5H
;5kd6rgRn67xJXDc16HwqVZLr8SErCGAFo0pO9cLjCWjwUnvLYTjZvEhcNwyofD9s0uvCTUp7ME2wXEm
;l0fQJReJBasdqCbTdJDNCYtx8PlWS69VNSosrIcgvPYGH/RxE9wZsy3EVit89NVhi9x1SOueFoRJ4ex
;Uh0S89gaNhQjeeIh6uIQuKzz14RWncDl425oK6IxUfYVO4QVre1PgNUrEiH64FZ+u8SVw3DIV8P1W2h
;7Q+Pl9mRKVdXOLX+BJZ3Edwz2cLjuMmKUN/wRhaCvCEoTklFktNsFZY89CRfDeDIh6uBZfUvGNcNwyM
;EF4m5s+nKD4JdUKlRlLv/PQTVuFOe/FqEp/PIDhSU9wTTwr+iqwoOAgUINEvPYGjkX13gwAergVDh90
;6KBN+zQhNNPGfvCIkJHlIv0ZQ4M/OGE/3UGvdbAiFvEgnI6LvnUXBrevxTUp7ME2wXEml0fQJReJBas
;dqCbTRIDJeYckQYDDqn6c4ORJ7T44dPYDYhdNwYliKkQV867xJeFtt2wgbJ/efpywpD31Ov3BQ6M3OC
;UXiVHvCBWbrvElcNwxYQz9IkuvVaSYaZ1X1XVj10fAeQ+pNcPFoDoXjPS5Wes0QYGeS6tVNSnsUISEQ
;PZejkX0T70Nt2iEVjsg7PVR4wRNRCuGbsCguexUh0S89gaPVPTebIh6uIQuKzz14RWncDl425oK6IxU
;IZES0S2Kzo5B9N4MiHq5BJ+uoSVw3KMQdTCG2mbA5OBp3VbhAU97L/g03griHN5z+cnV2XCEMqHwbOf
;OYoWk4HmBTsExJ6Mz/Il/sUkGcBWZxJdDFrpVhQz91kuvVaSYaZ1X1XVj10fAeQ+pNcPF/D4TMFj9YY
;swVSzz9heRNS3sUIdEvPYGjkV03gyI6wmQUn5g7OUN+yR9LPP2FijciFGR+skBT5crlFFjtEB6vBWfr
;vElcNwyoZT9Vks+5LDkPMFK0TFLvx84RVvpHbPF/OIfVLyg3Dah8P1WS69VNSmMUIdELUeDQ5VlE60d
;ywloOhdogMFtTxw5bMODr1E1KexQh0Sd9gbGRfTenTn/dcUOY1yAuQ1PEHUYw4JjVTEp7FCHRL82+o4
;d9N4MGcs92E8/PIjVFePcQWjv1n70SJxJ6IdAvPYGjkX03gyIIrgVnz9AoL0Mo2xdWJ+a0uSQkHktCv
;lpT9aOQfTeDIh6uKyfrpklcNyjEHUwhtpi+JDgPS0y4QVTswv0iW+ZMedptZ+q8SVw3DGgef1Wd69VN
;bhd1UqULTurK4wlo5ENurgQc/xIOvU2Il3wuVZLr8SErCGAFokRU89fODkfmR3quBGfrvElcNyLofB9
;VkuvxISsIYAWiQ1L2/PUSQO19eMd3FJ/jLzlAU8QdRjDgmNVMSnsUIdEvNcGjsn03gwZyz3YTz88lL2
;htwQ5gOP2PsBIvA3xApFxJ3tPjGETwV2zLBWbrvElcNwycPD93kuvVaSYaZ1X1XFHy/PAURdxPccpgO
;JvQLDJCYfcMTTDhmKA/L3sVIdEvPYGjtT03riIeriELis89eERg2yNdOuafuiAVCGFTt05e5PzyEln3
;TWvcWgSEzic5RVPMGVM06+vUTUp7FCHRdn2BkpF9N6dOf91xQ5jQOgNVY9wIUDjNmKA/LBp3RI5MUu/
;X/ghF3EdwyloEhNE5OVl/yQhWOvzr1E1KexQh0S89gYmRfTenTn/dcUOY0DoDVWPcCFA4zZigPywad0
;SOTFLv1/4IRdxHcMpaA47QKCU3Dah8P1WS69VNSksUIdELUeDQ5VlE71FBzGoTn9MkA0R52hpeNve0t
;iIkD3tUo3BR4ND0D2jsRHjxYQKH3TBcNgyofD9VkrKVTWV7FCH1Q1zy17UOW/B9fMFxE4TRFi9Cfs4d
;XDDNiLojPhRhU45DXPLG4yJY7X16y2kGkrxIXDcMqHw/VZLr+U1KezBNsFxJpdD9DmjhTWraagq0zzw
;uUW3LGWA2/YWhIj8JS02wXFjz/OESQOZQHq8FZ+u8SVx+TKhSP1WSz7ksOQ8wUr1cYuPM5QlY7n1t23
;cBit8sA1RjxghQIOC0uSQkHktFuFxJ4M3yGDeCuIc3nP5yBXZcEQyofBs585ihaTkXZ36zQEn1zPwiR
;PZQeM9mArTfJjJDY90OYDn9hKU+SnoUIdEvPYFTrn0QgyIeimkGmMhtL1t/9x5QIeaEuBI5DmZHsExY
;3sD+E0PsV2zxagGNzywoNw3TaJESc5Fh8kpUFCHRC1Hg0OVZRO9RQcxqE5/TJANEedoaXjb3tLYiJA9
;7VKNwTuLC/xNe7UVBzWoShchJXTcMqHw/VWLU1WJKexQFvU5O9YfiEUTcQHHacQiG4zopRWrJH1oK8Y
;S7OSUOZn6iTFzvzfgTUNxRbstgA+u9SVw3DKgw4hWS2NVNSl94QKJbGfLP4iJV7FZqwWg4mMk7OlZvz
;SNcOvyfujg4JGBOjkZT58r9EWjnS23aZAmI2UldTBgGO94vNtTVYUp7FAW9Tk71h+IRRNxAcdpxCIbj
;OilFaskfWgr7hbMkJhdLQr5dU+TRzhlS70NnrgRn67xJXDdV6HwPVZLr8SErCGAFokNO3sH+CUPsT0H
;dcBWN3So5aGXGGlY5/rSwIy4kd068X1jv0PAJXuxMHq8FZ+u8SVw3DKhVP1WSz7ksOQ8wUr1cYuPM5Q
;lY7n1t23cBit8sA15izhVTOc2OuykVH3FNsFY9gKORfTeDIh6uBUjrvEl4W23bCBsm/piKLyUPYE68c
;E700fccVOZ9d8BjDofQFjBWf80OYDr0jYopLxd1WNEuPYGjkX032mIegAVn65glPUR4jA9TJs2Jujk+
;FHl+olpP58LyGGjqTHjHaQu00CgvUn73E1EK9o65LDN7FSHRLz2Bo5F9N6giHq4hC4rPPXhEYNsjXTr
;mn7ogFQhhU7dOXuT8+BNR6k5y8WkGmNk7A0dj3xlNVZPr1U1KexRokS8QgaORWVviUWqKdguY4yszQ3
;jHEWAm55mzLCkeS0i/SVTtz84RXu1HQcpsFJ/dJz9SDKnmpswLckz0dXszIdEvGe3C4gkT8E5t8WcIn
;8gmMWh/3Q5ZNPGOiiQkHX1NvXBS98bjEVbzIh+uBWfrvElcNwyGfD9Vtoe0Pj5fZ02icF/u1+USWtxR
;a9xjBojZFjVZasEQUwrhiLQjJBJ6Ro5MUvTN5X02gyIergVnG4NJajcMqFhTNOGf8T4mCEtDvltJ7s7
;ODkLxRH/NYDiC0i81W2D3D1w0/IW8Iy0kd06kQUnewegiW+pMe64EZ+u8SVw3/Jd8EVWS6/EhKwhgBa
;JDTt7B/glD7E9B3XAVjd0qOWhlxhpWOf60pi4rFXpIv0hi8tP0GFODIx6uBWfr8JQcNxOofD9x/oqmO
;W4IeFKOTVL11/4QaPBXbMhkBI7jJT1OadoPP1SS69VNSnsUIdENPYGjtRFW8FY63WkUtN4mKENjxSNM
;IOCNtC4vJGBJo0pO6cz9GTeCmgAr7jZTAnZcHQyofBs585ihaTkXZ36zQEn1zPwiRPZQeM9mArTIJgN
;ZY9oRXjnNhKMoOBd1UdEuPYGjkX03gyIegQVn65glPUR4jA9TJs2Jujk+FHl+olpP58LyGGj3TUHaah
;e0zzwuUW3LGWA65I6nISsLFCDRLz2Bo5F9N4M8Hq4FQ4fdOigTf8QPYDb9haEiPwlLQr5dU+TRzhlS7
;0NnrgRn67xJXDdV6HwdVZLr8SErCGAFokNO3sD+E0PsV2zxYAmP4yozWnzNEkw05oK6I0p6FCHRLz2B
;o5F9LIMiHoppBpjIbS9bf/cfUDvmhKA/FR56RY5LWO3C6H02gyIergVn67xJfTcMqFhTNOGf8T4mCEt
;CvkFJ7tbjIlviUXvcWgiN2hY4UmDJBT9UkuvVTUp7TWHRDz2Bo7URVvBWOt1pFLTfJjJDY90OYDnzmL
;A/FRR6frVKUeDakXw3gyIergVn67xUXDcMjBBeJubPpiE5JHdOv1tS9NHOEVbwR2zxdQic2TtcNgyof
;D9VkqKVTWh7FCH1Q1zy17UOW/B9fcFrE4TJOwNbacYbSz3Nn70/Lwh8Tr1LPYAbj/jc0prQkQV467xJ
;eFtt2wgbJv6Yii4lFWBOpF1i7cr/GGjnS23aZAmI2UldrZUx5abMK9TVWkp7FAW9Tk71h+IRRNxBccB
;xCJ7OFjBYY9gPP1SS69VNSnvkHtE3PYGjtRFW8FY63WkUtN8mMkNj3Q5gOvSNpig+exVaxYF6YNklwj
;ejIh6uIQuKzz14RGDbI1w6/J+6ODgkZ0KwQVPozfYiVOxXcNoFZuu8SVw3DFhDP3WS69VpJhpnVfVcU
;fL88hJZ901r3FoUiN0nMl5izyNMJfeOsU1LexQh0S9xXOORWTeDIjrCZBSfmDowRFPLE1Eh/Z6nEj4U
;S0i/SVTtz84ZXvBWf8BmAuu9MkiZS0kGm2qS2dVNSl94QKJbGfLP4iJU7E1yx2sAtN8wMF5izBlNCv6
;Eoig4JHxEsFtY8/z8HE/cTWvadRKfvEhcNwyofL8D0uvnTUp7ME2wXEml0P0OaOBNccJsCYzjKiVbZc
;YYWifNnqU9LwlLSbROSeTRzhBW+31x23EXnshJXTcMqHw/1cSr1WFKexQFvU5O9YfiEUTcQXHBaQ6F2
;xY6RWPGCGA84LS9KCsPcVOOQlz5/P4IQ/NXaq4EZ+u8SVy3Wuh8J1WS6/EhKwhgBaJDTt7A/hJb6kx5
;8W0CgtshKDcNqHw/VZLr8Q1KZRQh0QtR4NDlWUTvUUHNagiH1Sc7aGDJBVonzYOwJC0TYCHQLz2Bo5F
;957wiM64FZ8/QKC9DKNsQTArxhLohIxVzfr1KW/X89xhS5312y2QTjs4WMVZ09xNKIeKeoU1LexQh0S
;+91+ORVjeDIjrCZBSfmDowRFPLE1A5+4WyEiYeclWORk/ey/QcQ+ZQQcNkH7TTPChHedx8PlWS69VNy
;i1UIfsvPYGH/RxE9wZtwnY4iNMmMF5izyNPPOGfuiMVE3FApUpP3s7wBWjsV2recBPrvUlcNwyo/GkV
;ksHVTUpfeECiWxnyz+IiVOxNcsdrALTMJitTadojWTD3j7wjLSRgSLxKYuTV9BM3giIergVn67xJXB4
;MqHwbOfOYoWk5F2d+skBS7cr/GmjzTWnKYBW02iw5U2XGG2Ah+4awEiUfcCHQLz2Bo5F9N4MiNa4FZ8
;/QKC9DKNsQTArxhLohIxVzfqNKXPP8+A9o60d/2mAVtNEoJGhj3QhPIObr1E1KexQhUXl9gYORfTenT
;n/dcUOY0DoDVGPHEFY79bSnKCkUdVW0XWLy0/QYU4MjHq4FZ+s8Ihw3Iqh8P3H+iqY5bgh4Uo5MUu7P
;+BNQ3FB3yW0TtNosOVNTwBleIfeZiiArA0tOpFtN9NeRfDeDIh6uhTGrvGVcNwyMEF4m5s+mITkkd06
;+Q1TvxM4PXuRKavFsFbTULD1DadojUjTqtLo4PgthVdEuPYGjkX231WIesQVn65glPUR4jA9TJs2MtD
;0VHX1NvXBe7tH/GEXcRnvCZB7rvUlcNwyofGYVksjVTUpfeECiWxnyz+IiUOJSQchsC4fjLDJTU8sTU
;iX3haYsPhJ7T9EuPYGjkX03gyIesgVn65glPUR4jA9TJs2MtD0VHX1NvXBY78fOGVLvQ2euBGfrvElc
;NwyofB1VkuvxISsIYAWiQ07exPANaOVLcsJaC4rPLC5oY84aYDH3h7Q0SnoUIdEvPYH60X0WgyIeimk
;GmMhtL1t/9xteJc2NvCEmJHhAokpP3sz/IlPmTn/XBWbrvElcNwyofD9LkuvVaSYaZ1X1XFHy/PYcR9
;xEd8JpOIfdOjlFU9gTSDDg69RNSnsUIdFmfYGAkX03p05/3XFDmNA6A1Bt2CNZPP6HiiEvFXNVuXBJ6
;dH0Dl/sTnquBBz/Eg69TYiXfB5VkuvxISsIYAWiQ07exPANaOVLcsJaFIjdJzJeYs8jXDrnhaFNS3sU
;IdEvPXGckVw3gyI6wmQUn5g6MERTzx1PCvSCuSEVCHdAv0FU78TODkfmR3quBGfrvElce9HofCJVkuv
;xISsIYAWiQ07eyv8bXu9OQc1qFYXZOwNTacQdRlWT69VNSnsUeJEvHIGjkVlb4lFqinYLmOMgMlFlxB
;BgMPyPii4lFmREv1xc9cr+EzeCIh6uBWfrvElcLQyofBs585ihaTkXZ364QVvoz/0iUu1GQcpgC4rFS
;V03DKh8P1WS69VrSnsUBb1OTvWH4hFE3EtwyGwLh+MuPUdTzhVTOc2Iuj8kHmZ+tUpR4NqRfDeDIh6u
;BT6rvGNcNwyMEF4m5s+mITkkfU+3RlHt/PYcR9xEd8JpOI7SLQNUY8UMWjvhiqEkJRUUINEvPYGjkX0
;3gwEergVDh906KBN/xA9gPPyNvCEmJHNAoXBb6M/9IlLtRkHKYAuKxUldNwyofD9VkuvVYkp7FAW9Tk
;71h+IRRNxLcMhsC4fjLj1HU84VUznNg7Q5KRNLRbhcSeDN8hho5UN92moV671JXDcMqHzPapLC1U1KX
;3hAolsZ8s/iIl7tRHfCaTiM3TkDUWXEEGA585iwPxUUckeOS1jtwuh9NoMiHq4FZ7L8SXQ3DKhYUzTh
;n/E+JghLSL9JVO3PzhpW8314x2kLtNAoL1J+9xNRCvaOuSwzexUh0S89gaORfTemIh6uIQuKzz14RGD
;bI1Y79IK5IRUcdVGOSVTtz84RVvBHbPF1CJzZO1w2DKh8P1WSopVNYHsUIfVDXPLXtQ5b8H13wGMOh9
;AWO1Z89xpWOf60uSgkHGBJjltV88biFVjvRh6vfnNF+6gmszOoVD9Vks+5LDkPMFK9XGLozfcUW+99e
;c91OI3VJTBof8sdUTv7hbISKRRhT6UvPIGjkX03g9Ihri1n67xtMFZ/3FhMOeG0vCMsEnhNjkhc8fz3
;FFvvfW3NZAmF1Sc7aH/YGVoxkurVTUp7FG0Mbz2ho5F9E+9DbdohFIfPFjVZasEQUwr+iqYoOCR7R7d
;wWeTP8AQ3giIergVn6+UJXCgMqHwbOfOYoWk5F2d+uEFb6M/9IlviUXvcWgiF4y05W23RfD5VkuvVTU
;p7FCHNLz2Bh/0cRPcGbcJ2OILSLzVbYPcQXib3mYo9JQxxU9EuPYGjkX03ymIesAVn65glPUR4jA9TJ
;s2CuysjF3h+vUZT5Pz1FET3Q3DNYGfqJtDFrpUxxQBVjevVTW4XdVKlC07t0M4UWeVLcsJaFIjdJzJe
;Ys8jXDrnhaFNS3sUIdEvPXGckVo3gyI6wmQUn5g6MERTwRJZPP6Hij4pGnpPuEFa3sD+CFn3fXzXWgu
;C0ixcNgyofD9VkhvqTVV7FCH1Q1zy17UOW/B9d8BjDofQFi9UbcYSVjv1tKY9Lx5wIdAvPYGjkTHqwy
;IFrgVnz9AoL0Mo2xBMCvieuD0VF3FPtltV3s/4EF73Ih+uBWfrvEl4dwywfD9Vtoe0Pj5fZ02icFf0z
;uEiWuJaQcpgC4rFSV03DKh8PxXHq9VVSnsUBb1OTvWH4hFE3Ehrw3U4htUnA1NpxB1GVZPr1U1KexQF
;kS8pgaORWVviUWqKdguY4yMpWnz3D08w94/VTEp7FCHRY+DBo4x9N4MGcs92E8/PJS9oYMkFWifNibo
;/Lh5mfr5JW/LG5X02gyIergVn67xJfTcMqFhTNOGf8T4mCEtNsFZY8/z8GEXkR0HNaQiY2RY6Vm/NDz
;9UkuvVTUp7FCHRDj2Bo7URVvBWOt1pFLTRKChSfsEdUwrhiLQhLyRyQLJbUvP86X02gyIergVnsvxJf
;TcMqFhTNOGf8T4mCEtMsFtY88rwEWjwQX/CYDiN3SooWH73BT9UkuvVTUp7TWHRDj2Bo7URVvBWOt1p
;FLTRKChSfsEdUwrhiLQhLyRyQLJbUvP86302gyIergVnsvxJdDcMqFhTNOGf8T4mCEtPuFtP7sT0E2j
;uTXrLWgKT1CgpRHj3DE0w4ZigPy97FSHRLz2Bo6U9N6QiHq4hC4rPPXhEYNsjUTzmmboqLxVLTL5LWN
;7T/RhZ9k9B3ncCmM88LlIMqXw/VZLr1WkKewsh0S8Z7cLiCRPwTm3xawiZ0SgwaGXGGlY5/rS6Oy8Je
;EChLzyBo5F9N4MiHq4iZ+u8bTBWf9xYTDnhtLsiOBZ1TY5bUt7X/g1o8FdsyGQEjuMmKlJ+xB1PVZPr
;1U1KexQh0S8lgaORWVviUWqKdguY4yYkTmvNEmA2/YWhKCQPFCDRLz2Bo5Fpd4MFHq4FQ4fdOigTf8Q
;PYCX9nLEoOCRyRLRLVO/Ezg9Y90Nqx2oJtM4oKF5jqH0/VZLr1U26RBQd0S89pc/wDkOnUXLdWheEyy
;05RVPOGVox+4WyEjgUYEClRlLv/OMcQ+pNQchwCYjIIDNZU8kOWjTNjbQuPhRmIdAvPYGjkX03gyIrr
;gVnz9AoL0Mo2xBMCuKEoikvCUtHtEpZ6M32IkXsVn/abAiF4zs9Q2XHI1kg/IihJCUVS0OwXFiBopF9
;N4MiHq4FZ9a8SVwTYMkPS3Hhh6YSOhRjRbRdYufG9Ble7UVB3GoTisggM1lT2h1LPP20szgkGGBIvkF
;i4sz8DVLtUX/abAiFvEhcNwyofD+lrev/TUp7ME2wXEml0P0OaPNNacpgFbTULD1DZcYbYDb9hqUoJA
;h1VbhAU97X+BBSgyN4yGMBjdpVHDc5qHw/cf6KpjluCHhSjl9P5Mv0HEPqTHnxZh6H1Sc4Un73EFAi9
;5mKJS8aYESjcFDg284SQvdSa9oFZuu8SVw3jP48P2CS69VpJhpnVfVcUfL84Q9S60d/2mwJjOMqJVtl
;xhhaJ82epT0vCUtJtE5J5NHOEFb7fXHbcReeyEldNwyofD/VxKvVYkp7FAW9Tk71h+IRRNxSbMttAor
;IIDJQU84OUDvmtLw/FRNxQKVKT97O8AVo7Fdq3nAT671JXDcMqPxpFZLw1U1KX3hAolsZ8s/iIkfxR3
;bLZBOC0i4DX2nBG1chkurVTUp7FCH5bz2go5F9E+9DbdohFIfPFixFacAZXiH7hbISJhptRKNwVeTK9
;hVDgyMergVn67yZYzc8qHw/cf6KpjluCHhSjl9P5Mv0HEPqTHnxaQKNyBY6UmnMI1cw85+wPxUWdVmO
;QEj10+QJN4IiHq4FZ2vqCVwZDKh8GznzmKFpORdnfqFdWOnG8Ale7UVBwmABn+MgLmhkzR1LMOC0uCw
;yJHtUpV9I9aOQfTeDIh4uUyfrkUlcNyjEHUwhtpi5PhULZkS5Slz1yv8aaPNLbdpqCbTULD1DadojUj
;TqtLo4PgthVdEuPYGjkX231WIegwVn65glPUR4jA9TJs2bpygiHnVVuEFa3tP+ClPmUEHIYAKP1Sc7a
;HjBEVoK952wI0p6FCHRLz2Bo5F9G4MiHoppBpjIbS9bf/cMTTD6jrQ5IxVzfqFASuXG4yJR5kd6x2sA
;tMggMVJTxxhbVZPr1U1KexQh0S8TgaORWVviUWqKdguY4zkuUmTNHUs8/IyKPy8aZn64XWLpxvAJUvF
;9c899OITJPSxCeKh9P1WS69XNHDsUAtEvPaXP8A5Dp1Fy3VoXmdkhOVZ4wRJYCuCOtiIrD3FTjlxN5M
;b1fTaDIh6uBeeA/EltNwyoWFM04Z/xPiYIS1GjSlXkwuUUWeR9bMdiD5/jLzlSaPcUWjTmjqcSJxpsf
;r5aSfHW5X02gyIergXnvfxJczcMqFhTNOGf8T4mCEtRo0pV5MLlFFnkfWzHYg+f4yAuaGTNHUsw4LS4
;LDIke1SlX0j1o5B9N4MiHi5TJ+uPSVw3KMQdTCG2mLk+FQtmSL9bVO/Ezh5O70twymAVtNAmK1J+9xR
;aNOaOpxInGmx+vlpJ8dblfTaDIh6uBee9/ElvNwyoWFM04Z/xPiYIS1GjRlP1yv8aaOBbcsdrA47OFi
;lHfM0OYD33iqEoOCR5QKlwUvTX4QhDgyMergVn6zwfHDchqHw/cf6KpjluCHhSjl9P6M3lFFnkfXjca
;gmf4yAuaGTNHUsw4LS4LDIke1SlX0j1o5B9N4MiHi5TJ+uSSVw3KMQdTCG2mLk+FQtmSL9bVO/EzhFS
;5VZByGACj+MhOVZ4zQ5gOPOTiiI/D2RUpS88gaORfTcDdF6uKWfrvG0wVn/cWEw54bSlPyMVYEi/SGL
;txvcJaOpQQcZgBp/ZOwNabdAjUCDmm6A5SnoUIdEvPQH10X0cgyIeimkGmMhtL1t/9wxNPPyfvCMtJG
;RIoltS7/z5GFb3R2zxaAaT4yYpQ3zdCD9UkuvVTUr7QmHRBD2Bo7URVvBWOt1pFLTMOzVZeMESWArih
;KIpLwlLR7RKWejN9iJD6k978WARjtJJXTcMqHw/VZLr1WdKexQFvU5O9YfiEUTcUmzHaxOC0i4DR2Pf
;GFonzY2wKC4SekaOW1Tsxs4SU+ciH64FZ+u8SVw3DIR8P1W2h7Q+Pl9nTaJwTfPK/wle7UVB3GAGmeM
;gLmhkzR1LMOC0uCwyJHtUpV9I9aOQfTeDIh4uUyfrnUlcNyjEHUwhtpi5PhULZki/W1TvxM4PUuBNf9
;pgFbTPOTlSaKh9P1WS69XNITsUDtEvPaXP8A5Dp1Fy3VoXmdUnKF5izyNNPPWDoRIsHnFFjkdY4Nf0D
;2juQ2bxahKfzDwoNw2ofD9VkmuDDUpWFCHRC1Hg0OVZRO9RQd53DoXIIDJQU9oVWD3mtLw/FRNxQKVK
;T97O8AVo7Fdq3nAT671JXDcMqPxpFZL21U1KX3hAolsZ8s/iIkXsS0HcYACC0ycDVGnGCFonzZPVTOp
;hO/z1iQNBo4x9N4MGcs92E8/PJS9ofscVYCf3jLwiJCR3RL9bWPP86H02CmN+S9WF1XxJRzcMqFhTNO
;Gf8T4mCEtTvkZi88b2FFjtfWzPYQ6ez0ldNwyofD9VrKvVbkp7FAW9Tk71h+IRRNxQccdaFY7bIDNZU
;9wUTTDhg7ohLiR1U7ROPYCjkX03gyI67gV767xJeFtt2wgbJv6Yij4vHHlEv1ti7cb/GkPrfXPHa2fq
;Rjc2i3g79ABVv+vVTW4XdVKlC07t0M4OX+pHcspaBYTIPTNaU8sTUSH9nqcSJhJ6RI5LVPLX8BNU5iI
;fNJz+ciXQ5QgMjXw/VbaHtD4+X2dNonBO6cr0EVPcQHHacQiG4yozWXjHCU0K/oS6PTl7FSHRLz2Bo4
;U9N7EiHq4hC4rPPXhEYNsjTD37jrkpFRl7VaVAUN7A/hND7Fds8XEItNUnOl5gxCNbPOGftCMpHhQgq
;juTxkLr2QiDAx6uBUOH3TooE3/ED2Am+oKwIS4kdk6lW1Ls/PQFR+JMbcdqCeu9SVw3DKh8KxWSx9VN
;Sl94QKJbGfLP4iJE60t7wmE4idM9KFhh9xVRM/uHuRImEnpEjktU8tfwE1TmIh80nP5yJdDlCAy2fD9
;Vtoe0Pj5fZ02icE7pyvQRU9xAcdpxCIbjJT1OadoPP1SS69VNSnswYdEHPYGjtRFW8FY63WkUtM8hNV
;JgzCNdOuafuiAVC2ZOu0pe9cb1IlviW3vcdmfqvElcNwyoJX9VtOvVTW4XdVKlC07t0M4OX+pHcspaB
;ITSPTNCfvcQVjv3tLEkOQ91T7JKPYA5COSuGrunkQV567xJeFtt2wgbJv6Yij4iEnFNtXBe7s3lEkLx
;fXLBaheYvEhcNwyofD9B0uvITUp7ME2wXEml0P0OaPBKd8tpA7TfJi5ZadojWzD+iqxNS3sUIdEvPdj
;jkVw3gyI6wmQUn5g6MERT2xRWMP6PiigkH0tCvkJN5M3iHEPqTXCuBGfrvElcNwyofCVVkuvxISsIYA
;WiQ07e0PkUUu9GQctrA7TYLDBWdah9P1WS69VNSnsUO9EvPaXP8A5Dp1Fy3VoUg9UsMFNTzQRPNPyYv
;CIkexUh0S89gaNhQjemIh6uIQuKzz14RGDbI0w9+465KRUdfU2lSk/ezfAPRexVQdxgAILTJ1w2DKh8
;P1WS45VNb3sUIfVDXPLXtQ5b8H1txmwCh9gWNVlqwRBTCv6CuygVH31SpU5T4saRfASwES2dNrTUvGl
;cNwyMEF4m5s+mITkkZ0m4SlHl/P0cROZQQcFjAbTYLDBWdah9P1WS69VNEzsUPtEvPaXP8A5Dp1Fy3V
;oUg9UsMFNTxB1MMOC0uiMVH3FNsFY9gKORfTeDIh6uBXvrvEl4W23bCBsm/piKPiIScU21cFHg0PQPa
;PNNact3Z+q8SVw3DKhof1WF69VNbhd1UqULTu3Qzg5f6kdyyloIjdo6OUMMqXw/VZLr1U1Kewsh0S8Z
;7cLiCRPwTm3xdg+C2SU4aH/LHVE7+4WyEjkLcUS1LzyBo5F9N8//Xq4sZ+u8bTBWf9xYTDnhtKY4OB1
;1QrRwTujH9CJD5lpq23cCtM4sL1hg3QhWOvzr1NfT4o24SJYCgYuRfTenTn/dcUOY0DoDRHnaGl4297
;SmJC4eS1W0V0n00fQiT/p9cchjFI7ISV03DKh8P1Vy1NV1SnsUBb1OTvWH4hFE3FZ2y3cKitAWOVlvx
;BNMIOCOii8rCHF+tUZO9cL/HlLcVnHxYw6Zzz0DW23RGU1Vk+vVTUp7FNHuLxCBo5FZW+JRaop2C5jj
;PTReYvcLXjn+tLEiPxl4RI5DVO/G4iJU7FBwy3c4j9klPU4MqXw/VZLr1RQKeyUh0S8Z7cLiCRPwTm3
;xcQ+C0hYrVmDEI1s654m5KBUXfU+0XGLkzfUiVOxPbstrFIrIIDNZDKl8P1WS69VNSns+IdEvGe3C4g
;kT8E5t8XEPgtIWK1ZgxCNbOueJuSgVF31PtFxi5M31IlPmTn/XBWbrvElcNwyofD9lkuvVaSYaZ1X1X
;FHy/OUVXu19ac9pC7TYJilVYM0jUzz8jqYSJhpnRKNwUufFzhlS70NnrgRn67xJXDdV6HwQVZLr8SEr
;CGAFokNO3tf5FFncVX/CaTiP0zw+W2n3EFY795iKISsIcVOOQFPex/QRVvoiH64FZ+u8SVw3DIR8P1W
;2h7Q+Pl9nTaJwSenK/yJA4k5y8WEInt4lOWhgwRJaJs2HtD4vCUtRvlhY86OQfTeDIh6uTCfrk0lcNy
;jEHUwhtpi5PhUPfEi/cErgz/0iU+xXfMJgOIfVJzlEU9sfXjv8grsqFRh7VL9bPYCjkX03gyLukQVI6
;7xJeFtt2wgbJv6YijkiEnp+pk5R7fz1EkLhTnvxaQ6F2ToDRG/JElE8/IyKPjoecUXRLj2Bo5F9e15i
;HoIFZ+uYJT1EeIwPUybNn70kJCRjQL1DYvLK/xpb5n1yx2sCtN8mLllp2iNbMP6KrE1LexQh0S892OO
;RTTeDIjrCZBSfmDowRFPcFFY7zZy0ISYkZ0i/SFHk/P0UWeZ9e8BhOIjTJCxSYtsdSzz9hdVMSnsUId
;EvPYGjuH03gwZyz3YTz88lL2h4wBVRCuWKuSEVCH1PtkNY3s/4E1LcR3DKWgOO0CglNw2ofD9VkuvVT
;UpUFCHRC1Hg0OVZRO9RQdptDoXjPj1bYPcPVjv1h7ASJhJ6RI5DXPLG4yJY5URBymALisVJXTcMqHw/
;Vcur1WNKexQFvU5O9YfiEUTcVnbHazic3SUwaH/BElg597S5JCQeS02wXFjz/P4TaOdHcs98Z+q8SVw
;3DKh8P1W569VNbhd1UqULTu3Qzglf6kxB2WQLh+M6NVlrxBlgOfuFsBImGmdEo3BN7tT0DzeCIh6uBW
;fr9QlcGQyofBs585ihaTkXZ36lR1Tv/OYcW+99bcdrAIfZFjBeYs0jTDbzhbskJBxLQr5aU/WjkH03g
;yIervVY65JJXDcoxB1MIbaYuT4VD3xIv3BK4M/9IkTqTHnCYDiH1Sc5aH/LHVE7+4WyEjkLcUS1LzyB
;o5F9N8//Xq4vZ+u8bTBWf9xYTDnhtKEiOiRnVKNJXOLGzh5Y7VZx23c4iNM7MlJ+9xhaOfOS1UxKexQ
;h0S9kwaO/fTeDBnLPdhPPzyUvaHjHDGAm55mzLCkeS0K+QUnu1uMiUu1GQc1qCpvZJy9WeMETUVWT69
;VNSnsUIdEvGoGjkVlb4lFqinYLmOM9M0dT2wlNM/OIsBIpFHpVvlpP3sb/GWjnR3LPfGfqvElcNwyof
;D9Vv+vVTW4XdVKlC07t0M4JWPN9bdt3AYrfLANUY8YIUCDgtLksOR5mfr5JW97H9BFW+iIfrgVn67xJ
;BXcMhHw/VbaHtD4+X2dNonBJ7tPODkLxRH/NYDiI0ycoWHnaI1M04Y6nEiUVS0W0Q1z4o5B9N4MiHq4
;FZ+uVSVw3KMQdTCG2mLk+FQ97UY5cSPPF8B5S3EFxwHEIns4WMFZ/zQ5gJf2csD9KehQh0S89gerRfR
;yDIh6KaQaYyG0vW3/3CFAlzZigPywad0SOTFLv1/4IRdxOd8BgOI/VOihWYssZP1QIckzU0+KtHtEMP
;YGjtRFW8FY63WkUtMgmLGh/3Q5ZNPGOii4lFWBOpF1i7cz+DUSDIx6uBWfrvLljNyiofD9x/oqmOW4I
;eFKOW1Lx/OIIReVDfctaBITSPTNCfvcTWTPhjqFNSwAAj5bORzUckVE3gyI6wmQUn5g6MERT3BNPCuG
;epysrGHF+skBT9czkD2jwQX/Aaw6F2xY/WHnGCD9UkuvVTUp75B7RAz2Bo7URVvBWOt1pFLTIJixof9
;0OWTTxjoouJRVgTqRdYvLA8BNZ6kx58XYXjtktXDYMqHw/Vd42lU16exQh9UNc8te1DlvwfWrBdTiYy
;Ts6Vm/NI1w6/J+6ODgkYE6ORlPnyv0RaOdLbdpkCYjZSV1MGAY73i821NVkSnsUBb1OTvWH4hFE3FZx
;3loUns4vPVRp9xVRM/uHuRIpFGZPtF1i5cb9HE6DIx6uBWfrvBAcNyGofD9x/oqmOW4IeFKOW1Lx/OI
;IReVDfctaDoXaIDBbU80SWwrxhLg9LxVnQKVGUu+jkH03gyIergVn65pJXDcoxB1MIbaYuT4VD3tRjl
;xI88XwHlLcS3DIbAuH4ywyU1PMGVM06+vUTUp7FCHRLz2Bj5F9N6dOf91xQ5jQOgNDY9gjTCDgjbQuL
;yR9T7dGUe38/RxE5lBBwWMBtNgsMFZ1qH0/VZLr1U0TOxQK0S89pc/wDkOnUXLdWhOEzBYvQn7OHVww
;zYK7KyMXeH69Tk7k0c4SWdxGe8JkHuu9SVw3DKh8P1WSw9VNSl94QKJbGfLP4iJD7FJB3XAVjd0qOWh
;lxhpWOf60uSw5HmZ+oUBK5NGRfDeDIh6uBS6rvGNcNwyMEF4m5s+mITkkYE6hcE700fccVOZ9d8BjDo
;fQFjBeYs0jWzzhn7QjKR4UIEu2pBg6CMQIgwkergVDh906KBN/xA9gIf2bij4/CXJAskpi6M33FFvvf
;W3NZAmF1Sc7aG/HCVEhkurVTUp7FCEhED2yo5F9E+9DbdohFIfPFihYfPcPSif0irYoFRJ6R7hDUd7Q
;8hxZ7UtwyVoEhMknKGhu0SNTPPyO1UxKexQh0S/NvqO6fTeDBnLPdhPPzyUvaHjHDGAm55mzLCkeS0i
;/SVTtz84OVOJMcMdrALTPOTlSaKh9P1WS69UBlzsUPdEvPaXP8A5Dp1Fy3VoThMwWL0J+zh1cMM2HtD
;QvCWch0C89gaORfTeDIgGuBWfP0CgvQyjbEEwK5oSlEjkOZkewTFje1/kPUvBKccJhZ+oEV9ncXRDCA
;FWK69VNbhd1UqULTu3QzgVO3FF/yGA4md0tNUJ/qH0/VZLr1U2qRBQ80S89pc/wDkOnUXPPaQu02iw9
;Q3naGUwK9oK0IC8PcVPRLj2Bo5F9N6diHowFZ+uYJT1EeIwPUjT+h4orLxpgVKNKTt7L/hFS3EZ3z2g
;Cn9k7XDYMqHw/VZL3lU1rexQh9UNc8te1DlriTnLxYwKKyDwuUn/3FVEz+4e5EjgaYEi+LzyBo5F9N4
;N7Xq4lZ+u8bTBWf9xYTDjzh7kSLB51VaRdWPL84g1S5kZB3GQTgtNJXTcMqHw/Vdur1WVKexQFvU5O9
;YfiElvqRkHMahOf0yQDUnTcDkom+4S7Ej0ScFW5cE/g1/gSN4IiHq4FZ+vlCVwXDKh8GznzmKFpORR4
;SLVwX+7X5RJa3ER3wmQKjtI9A1Fgxws/VJLr1U1KO0Fh0Tc9gaO1EVbwVjrdaguC2BY+WHjcE1IK/oq
;sKDh7FSHRLz2Bo4U9N5siHq4hC4rPPXhEY8QVWwrwhKE5JRZLUqFKWOWjkH03gyIerksn65xJXDcoxB
;1MIbaYuiEjH0tHuENR3s3wD0XsVUHIaQiczigoUgypfD9VkuuVGAp7CCHRLxntwuIJE/BNcsdhOILSL
;zVbYPcZRyXzhaYkJRUUINEvPYGjkX03gwoergVDh906KBN/xxBWMc2CuysjF3h+tFdN4M3iFFjtfWzL
;aAid2RY0WGDNfD5VkuvVTUp7FCHILz2Bh/0cRPcGbcFpDo/jIDJRZcQQYCb6jrkhOXsVIdEvPYGjkX0
;3nyIeriELis89eERjxBVbCvuFsyQmF0tWuEtJ6fz8FFmDIx6uBWfrvElcNymofD9x/oqmOW4Ie024S2
;L1zOEiUvtWbNt2DoTSFiteaNwUYCfzn7wiSnoUIdEvPYH60X0qgyIeimkGmMhtL1hgwRhgIf2biisjF
;3VMtEFJ3sX9EkCDIx6uBWfr/BwcNxmofD9x/oqmOW4Ie024S2L1zOEiW+Jbe9wFZuu8SVw3DLw8P0CS
;69VpJhpnVfVcUu3K9SJD7FJB3XUCjthJXTcMqHw/Vdyr1WpKexQFvU5O9YfiCEfzTWzaWgaP3TkoXnr
;NI1Y79IK5IRUJdVW4QGLswul9NoMiHq4FZ6/8SXs3DKhYUzThn/E+PwtkTqNbYuDH8A1D6lR78WwJjd
;UlMGh+yQhWOs2GvCNKehQh0S89gYfRfRGDIh6KaQaYyG0vQnzYE00hzYqxLDoPfVe0cFTvzfQPaOZab
;s9rFILTJ1w2ljHlpswLMupNV3sUIfVDXPLXtQ5C81Jx3HE4itgoLENl3hlgOfOSsD85exUh0S89gaOF
;PTeiIh6uIQuKzz14RHnYDFAn5rS0KSsLYEinSmLzxvUIVPdLccB2Z+q8SVw3DKh8f1Wy69VNbhd1UqU
;LTvTT4RJF931/ymQXn9U/OWh7wRhLPc2GvCNKehQh0S89gavRfS6DIh6KaQaYyG0vQnzYE00hzYm0Pi
;8keECoSk/yo5B9N4MiHq4FZ+ujSVw3KMQdTCG2mKA9OhRmVY5NXPLGzhFW+kds3VoUm9ksODcNqHw/V
;ZLrnA1KYBQh0QtR4NDlWUT2Um7BdxO03js1U2vNI1M0646nPkp6FCHRLz2Bo5F9L4MiHoppBpjIbS9C
;fNgTTSHNiackJyRjSLVbVYGikX03gyIerkVnz7xJXBNgyQ9LceGepT0lCWB+skBT78byCV7sTEHWfDi
;P1TooVmLLGT9UCHJM1NPirR7RDD2Bo7URVvBWOt1wF5vTOyhoadAITSDhgrojFQx9RaVHYvPC5RRYgy
;MergVn67wQHDcXqHw/cf6KpjluCGFRoUBP9fz3FFviT3vAcTiN0CYrNw2ofD9VkuuMDUpkFCHRC1Hg0
;OVZRPZSbsF3E7TVJzpeYMQjUzD8jKElFRZ9T9EuPYGjkX03gyIeswVn65glPUR4jA9KJeKEpzkVEnpH
;uENR3szkCVvqTHvdBWbrvElcNwyofD9CkuvVaSYaZ1X1XEjx0/4PQ9xEd8JpOJndPTk3Dah8P1WS6+s
;NSmgUIdELUeDQ5VlE9lJuwXcTtN0nO1tpqH0/VZLr1c0MOxQ40S89pc/wDkOnUWvedQiZyBYsXmDEHU
;0K4YKvKEp6FCHRLz2Bs9F9BoMiHoppBpjIbS9CfNgTTSHNmLgsJhdLR71AXPXG9SJR5kNq23cCmOMxJ
;Whp0AxeO+GCuiNKehQh0S89gVOufSSDIh6KaQaYyG0vQnzYE00hzZilKC8fFCDRLz2Bo5E0d4MBHq4F
;Q4fdOigTf90MTzrgn4o5OB5xfrNdXO/A+SJW7UVyy1oKisRJXTcMqHw/1dSr1WxKexQFvU5O9YfiCEf
;zTWzaWhOZ2SwDVX7JElw9zY+wIzkSYFjRLj2Bo5F9N71iHowFZ+uYJT1EeIwPSiXihKc5FQ9mRLRwX/
;PC/x5f3EZ3z2gCn9k7XDYMqHw/VZLrlU14exQh9UNc8te1DkLzUnHccTifziw5aG7aHVE2+rSxJCsWc
;VW0XWLlzOQfW+Z9cdtxC4LSLC83Dah8P1WS690NSl0UIdELUeDQ5VlE9lJuwXcTtMg7OVJTyg5eO/GD
;iikjGnlEpUpP3s7wBTeCIh6uBWfrkglcLQyofBs585ihaTkOZFG+XUne2+giUvtSf8B2DoTSSV03DKh
;8P1WS69VUSnsUBb1OTvWH4ghH801s2lofkuMtNUR4yRJcMJLqsyssHXJHNxA9o6ORfRPvQ23aIRSezD
;kzRXj3BmA69I2mKD4kcE6mQWLtwugYRfAiH64FZ+u8SawIDIh8P1W2h7Q+Pl9nVKFfUvPXzgdo7ER43
;WATtMk5A1tt0RlNJpLq1U1KexQhIRA9pKORfRPvQ23aIRSezi89VGn3D1Yx97ShKDIPYVO0cE/k0P4R
;QvdLccAFZnEl0MWulWFDP3GS69VpJhpnVfVcSPPF8B5S3FF3ymA4n9kxKEJ+zSNHLM2Esys5HmAh0C8
;9gaORfce8IjquBWfP0CgvQyjbCU0z84iwEjkUeEi1cF/u1+USWtxHZt5kCZjVJjI3Dah8P1WS69VNSk
;sUIdELUeDQ5VlE9lB4z2YCtM8mMF5o9x5QIeaEuBIvA2BTpFxU7s3OCl7nVnbxdwaf1SZcNgyofD9Vk
;rKVTWl7FCH1Q1zy17UOQvFEf81gOJjTJTVTU8oTSyH9hoorJhRjU7BbWIGikX03gyKe9UVnyrxJXBNg
;yQ9LceGepysrGHF+okBR6MfOH1j3VnHDWguKxSwuRAypfD9VkuvVTUp7NCHRLxntwuIJE/BXbMhkBI7
;jOjNbZcwjXTrmn7ogFQhkRLRLPYCjkX03gyJQ7gVG67xJeFtt2wgbJueZsywpHktSvkNU5fzlEkfcR2
;beZAmY1SYyNw2ofD9VkuvVTUpWFCHRC1Hg0OVZRPZQeM9mArTPJjBeaPcIUCXNjq05OA5nSL5BYvbK9
;Qlf3FB/2mwI671JXDcMqHxmFZLL1U1KX3hAolsZ8tbjG1bgR0HdaguC2BYoWHz3GlM65Zm0OS97FSHR
;Lz2BI8o9N50iHq4hC4rPPXhEedoaXjb3tKYiJhJwfqVATd7P8ARS8VEerwVn67xJXDcMqFs/VZLPuSw
;5DzBSpF1b4MD0IkTsTnfKWhOEzBYyVn7aE0gK9Ie6OjgaYETRLj2Bo5F9t9hiHrMFZ+uYJT1EeIwPSi
;f0irYoFQh7TbhLYvXM4SJE80d7ygVm67xJXDcM7Dw/dZLr1WkmGmdV9VtY7NP0D1b3V2zLWgWEyD0zW
;lPbCU0z84iwTUt7FCHRLz3o45FSN4MiOsJkFJ+YPTlafM0OXiHnmbASKBRgVb5CYvLW4xtW4EdBz3cC
;iuM9NEVp2xRQOfbr1E1KexQh0UZ9gZmRfTenTn/dcUOf2SQsUn7JCEon97SxKCkJcUCiSlne0fAbQ9x
;Ra9xjBojZFjFYaM0QYDP7maY5FRd1WLRdPYCjkX03gyIergVw67xJeFtt2wgbJeCCuzkVD3FMoUpP4N
;fkD1KDIx6uBWfrvCAcNxSofD9x/oqmOW4LZki/W2L1xvwNUvFDatt3Atm8SFw3DKh8nzzS685NSnswT
;bBcSaXT4xRZ9318y2E4n9kkLFJ+yQhKJ/fr1E1KexQh0WF9gbaRfTenTn/dcUOf1CAyaHvJEFMK4Zuw
;KC57FSHRLz2Bo9g9N5ciHq4hC4rPPXhEfN0OTAr/iq06Ix9gSdEuPYGjkX03Yx0esQVn65glPUR4jAh
;XPPy0oiwmF0tWuEtJ6fzjHEPqTUHDZB/rvUlcNwyofFYVkvTVTUpfeECiWxn1y/gTaPRDcsJaEILYPT
;RofskIVjrNhrwjSnoUIdEvPYGa0X0lgyIeimkGmMhtKEVt3hlTCuGbsCguexUh0S89gePBPTenIh6uI
;QuKzz14Q37JClo5zZGKKikUcESOS1Ty1/ATVOZ9eMdrDpjUSV03DKh8P1WGq9VZSnsUBb1OTvWH6yJD
;8UNoy2k4mMwsOVMMqXw/VZLr1VkKezgh0S8Z7cLiCRP1TXLbaAKfziA/aH/YGVoxzZi4IiUPfH6iSlr
;sxv8JaO9HcMlxD+u9SVw3DKh8NxWSzNVNSl94QKJbGffM/Qha5lZsx2Y4mMwsOVNT2xFQOuaDijkiCX
;FSuUBR5aOQfTeDIh6u9VjriUlcNyjEHUwhtp26IT8WcVWjRl7e0OEYUud9bcNqCJ/UFihFbd4ZUwr+j
;rsqPhNLVbldWPLL/hFTgyMergVn67xdHDcXqHw/cf6KpjluDH1RtHBU78X4EVvcRnfdcQaF3yxtNw2o
;fD9VkuvVTUpgFCHRC1Hg0OVZQOpSe/FsCY3VJTBoaMEPSzT8iLB/SnoUIdEvPYGjkX0XgyIeimkGmMh
;tK158zSNQIOaOpxIjFWdEpXBZ6NDlHFngRy+uBGfrvElcNwyofB9VkuvxISsIYAWmRk3k/P4IQ+ZQQc
;drFI7IFjhef9wdUTb32dVMSnsUIdEvPYGjjH03gwZyz3YTz8sgLFJTxwlLMOC0vCM5HmB+ol9Y5Megf
;TaDIh6uBWei/ElBNwyoWFM04Z/xOiMLcX6+Wknk0c4UWfBHavF2F47ZLW43Dah8P1WS65wNSlIUIdEL
;UeDQ5VlA6lJ78XcCn84oP0NlxxJgN/eNuj8vJGNIoUpi58LyCVjxEx6vBWfrvElcNwyoVT9Vks+5LDk
;PMFa4X1je0fQJReJBasdqCbTeLDpYfs0jSDzijoorKxhgTqMdPYCjkX03gyIergVG67xJeFtt2wgbIv
;ubsBI5FHhItXBU78X4EVvcRnfdcQaF3yxtNw2ofD9VkuvVTUpaFCHRC1Hg0OVZQOpSe/F2CIfVLQNeY
;s4VUznNj7w+Php6QrQdPYCjkX03gyIergV767xJeFtt2wgbIvubsBI5DmRRvl1J3sf4DkPiTH3LNGfq
;vElcNwyofD9VjuvVTW4XdVKlC0ro0/QiRPZSbsF3E7TYIC9DbcYfWmeS6tVNSnsUIdEvPZ+jkX0T70N
;t2iEQgswsA0NkwRJgIvOHuRIuEmdVsEFe5JKRfDeDIh6uBWfrvFdcNwyMEF4m5s+iJDoeS1W5RlPe1P
;ARW9xGd91xBoXfLG43Dah8P1WS69VNSmAUIdELUeDQ5VlA6lJ78XEInNk7A1V+wRFgIvuPoSVKehQh0
;S89gaPRfSyDIh6KaQaYyG0rXnzNI0s65Y6nEiwSbES1cE3u0Ol9NoMiHq4FZ9L8SUc3DKhYUzThn/E6
;IwtxfqVASuTRzhte+0d68XUImMVJXTcMqHw/9cyr1VdKexQFvU5O9YfmFEfmfWrBcgKZ4y8wWHvaHUs
;wo+vUTUp7FCHRdn2BuZF9N6dOf91xQ5zVOTloeMcLWifNjbkiPQl1VbQdPYCjkX03gyJH7gV767xJeF
;tt2wgbIvubsBI+FGNEo3BU78X4EVvcUH/aYGfqvElcNwyoJX9VtuvVTW4XdVKlC0ro0/QiQ+xVe9xaC
;4TTOS9oackfVwr3k6E/Px9xU9EuPYGjkX03i2IenwVn65glPUR4jAtWJfe0oSI9HmZ+vkxJ4MT+E1bv
;fW7HaQuKzhY+WHjcE1IK9oK0IC8PcVPRLj2Bo5F9N8piHoAFZ+uYJT1EeIwLViX3tKEiPR5mfr5MSeD
;E/hNW731ux2kLis4WKFh89xhWNP+OoSg4exUh0S89gaOoPTebIh6uIQuKzz14QGXYGWAh/ZywPxUUck
;eiSkn5o5B9N4MiHq4Fp+ukSVw3KMQdTCG2nLw9LyRgTqZKT97M9xtE5lZnrgRn67xJXDcM6HwpVZLr8
;SErCGAFpkZN5PzlEkDmUEHddQKO2EldNwyofD9VrKvVVkp7FAW9Tk71h+YUR+Z9asFyApnjPzNbecUZ
;YDj7hdVMSnsUIdEvHcGjh303gwZyz3YTz8sgLFJT3BNIMOC0oiQuD3wh0C89gaORfR/DIgmuBWfP0Cg
;vQyjHE0UwzZi9JC8XcH6wQVrtxpF8N4MiHq4FWau8UFw3DIwQXibmz6IkOh5LVrBDUd7F/RJA8UNqyz
;Rn6rxJXDcMqCV/VYvr1U1uF3VSpQtK6NP0IkDiTnLxYwuEyzs9Q2mafD5VkuvVTUoiVCHNLz2Bh/0cR
;PcGccF/ArTPITVSYMwjUzz8joouJQ56VdEuPYGjkX03cx0etgVn65glPUR4jBNQL/e0piUjHnhFjkBb
;59D0CTeCIh6uBWfrvAlcIgyofBs585ihaT0SZESOWFztz84OR+ZHeq4EZ+u8SVw3Reh8LFWS67QuKR5
;4RKNOSejM/yJV7FZqwWhn6rxJXDcM6AN/VYnr1U0rGHdEvUpP4Nf4ElncQHHacQiG4zopRWrJH1pVk+
;vVTUp7VF6RLyWBo5EcVOBHcst3Bp/VJjJoasEOTCHNh7Q0LwkUINEvPYGj0QJ3gzEergUGiN8sMFJ+y
;QhWOvy0vCMsEnhN0S49gaORfXf8Yh62BWfr3So/UmDNDl4h+4S7EiMVZ0SlcFTvzfQPN4IiHq4FZ6vD
;CVwvDKh8XjbxjrkoOBpgSL5BYujN4hhD3E1r2mAV671JXDcMqDxAFZL51U1KGndCtENY88LlFFjtfW7
;cbAmfvEhcNwyofH8q0uvBTUp7dUKySlHk0fAJXuxMQd1wF5vTOyg3Dah8P1WSq6oNSmsUIdFOXuLG/R
;hF4lZ3wWs4n9M5XDYMqHw/VdKUlU1SexQhsExe5M/0D1b3S3HAWhOEzBYvQn7OHVwwkurVTUp7FGGub
;z2So5F9VuBBe8JgFYrIIDNZU9wOXiP3h9VMSnsUIdFvQsGjs303g0N9zWALjs4oKF5jxiNLJ/OdsCEV
;CHxOo1ti5criCVbtQXuuBGfrvElcNwyofBZVkuu0OyUScH6lXVz3xv0iX+xOe91aF4rIIQNabdAjUzD
;8jKElFR11QqVAT4GikX03gyIex0VnwrxJXFZ6xxVbCuaZtDsvF0tJvkNY8vzhHEPrfXPPfTiF0xYuUn
;jaHVwh+4S7TUt7FCHRLz2Bo5F2N4MifMtpE7TTLzpEadx8PlWS69VNSqsrIccvPYHB9BFD3FB/yHE4i
;t8qOVtp2h1LPP2F1UxKexQh0W9CwaOBfTeDQHvCcTiZ3S8oaG3BDlg04uvUTUp7FCHRzwKBsZF9N+FH
;ctpaFYraPQNRYMcLTTTmjtVMSnsUIdEvZMGjn303g0B7wnE4md0vKGhmzQ5UVZPr1U1KexQ1kS8tgaO
;RH1LvVkHcZAGf4yY6UX/NCD9UkuvVTUp75B7RID2Bo/MYW/d9bM9jE7TPOTlSaKh9P1WS69VNZDsUMt
;EvPePG/Qlo8UN42loTg9UqN1lp2w8/VJLr1U1Ke+we0T09gaPzGFv3fWnPaQu02iUzQH7JCFpVk+vVT
;Up7FHiRLymBo5EfUu9WQdlkC4fjJTlZa9wUYDj7hdVMSnsUIdEvzb6jnn03g0B7wnE4nN0lMGh/2Bla
;MZLq1U1KexQh9W89n6ORfVXxS3rJbAmM4ywkQ37dD1Y6/LSiJC4PfH6jTknozJF8N4MiHq4FPqu8W1w
;3DMoOVjH1grsqFR11T45cTeTG9X02gyIergVnsvxJSDcMqB5NPPaMvCMtJHJIqUpZ3sL/GlvmIh+uBW
;frvElcNwyxfD9V8Jm8KS0SekaOSVHuwuUYU9xDbMtkOIbVJ1w2DKh8P1WS35VNW3sUIbNdVOXE+BNQ3
;ERywXIVisgsXDYMqHw/VZKylU1SexQhs11U5cT4E1DcUXbLaQuY4y8wWHvaHUswkurVTUp7FCGIbz2U
;o5F9VfFLeslsCYzjOjRSYMQPYCbijrApSnoUIdEvPYHn0X05gyIezHcOj9sgMlBT2wxaMPbr1E1KexQ
;h0WF9gYKRfTfhUHfKYg6F2xYvQnzYE00h94+KLDgedX6jTknozM4QVvsiH64FZ+u8SRV3DKd8P1Xwmb
;wgFRd9T7RwXu7W/wk3giIergVn65IJXDwMqHxdJ/uGiiIsHWdEpS88gaORfTeDIh6uF2frvCozVn/cF
;VEyzY+8Pj4aekK0Hj2Ao5F9N4MiHq4Fdeu8ST9YbdsIVjv1tLEkOQ91T7JKD4GikX03gyIergVnxbxJ
;XFRjxhhWIfuEuywmJHtPtHBO6cb9EWjsTEHaahe0zzwuUW3LGUwK/4K7EisJcUDRLj2Bo5F9N4MiHoE
;FZ+vfJjJTZdwVUDvzh4oiJB5LUrlKUe38/hNo901u8XYSmdooP1J/9xFWO82cvCk+ExQg0S89gaORfT
;eDDR6uBQSE0i01Q2XHEl45zZ+6PRUIYVO3Tl7k/PgTUepOcvF1Bp/ILC5ZU8UVUQrzmbAsSnoUIdEvP
;YGjkX0HgyIezWoJj9U9NVhiyRBgIf2bij4/CXJAskpi6M33FFvvfW7PcROOzicDWmXGI0g89p+9TUt7
;FCHRLz2Bo5FoN4MifcFqC4LSLgNUY80aWTzxgrAjPiR1IdACfp1Ic0ttvCILrgVniNMmMF5izyNcOve
;NsyQpEnFPpXBfgaJcsftP7tJaumf+vElcVGPHEFY79bS2Ii8dckiyRljv184eN4IiHq4FZyvOCVwkDK
;h8XDr9h4ogIxVLTbBWWPP85RRa5iIfrgVn67xJeHcMuXw/VfGEuiEVFn1PjklY5MfjHEPmIh+uBWfrv
;El4dwy+fD9V9o67Pi8kZ1ShX1Lz184bW+xVbM9xAuu9SVw3DKh8ZhWS9tVNSh9xT6JKYvLW4Q1Y8VZB
;x2sBgtAlA1h53BBWO/eY1UxKexQh0S89gaOGfTeDUWvedQiZyBY4UmLbGWAz+4e5EjgaYETRLj2Bo5F
;9N9diHrMFZ+vYLDJEafcPSiXihKc5FRJ6T7RdYuTb4RxZ8EtxwAVm67xJXDcMqHw/RpLr1T4/C2ROo1
;ti5cb/DlLcTn/XYBXrvUlcNwyofD9VkvDVTUofcU+iSmLy1uENWPFWQcJkHo7OOgNVY9wIUDiS6tVNS
;nsUIdEvPZKjkX1T5kxty1oUnsw5M0V49w9PMPeP1UxKexQh0S90waOIfTeDRnfDYAmY1SYyaHTRI1w6
;/5uwIzkaYEi+QT2Ao5F9N4MiHq4Feeu8STheYc0STDz9hYo1MyR3TrxfWO/Q8Ale7ExBxmoLjrxIXDc
;MqHw/VZLrzE1Ke3BNoXBc79f4HFvqQ23HawC02zs9TlPFHUdVk+vVTUp79E6RLySBo5EZW/N9f8BxDo
;rQID1EZcYbYDLgiqwSJxJ6IdAvPYGjkX03gyIIrgVnj9A5A1Zi3BVeOfuKpiQkHEtNtFlY7aOQfTeDI
;h6uJSfrq0lcN2jEDGA0/J+8LCYSdVK4QVrezvQJX+xGHq8FZ+u8SVzHM6hbP1WSj7k9FRl1UrRwUeDa
;9A9o4kRqy3c4jsQ5M0R52hlgIvOCoRI+EnlE0S49gaORfTeDIh6GBWfr2CUsaG7JD1oK/oqsKDgkdkS
;3QE/k/PQFR+xRa9xgOJzdIChoeMERWlWT69VNSnsUJZEvIYGjkRlb8318z3YCtNAoJVJ+9x5QJ/aOpx
;IlHXJStFs9gKORfTeDIh6uBUPrvEk4W3z3Hl4m97S5LDMeZn6yQFP1zOQPaOZabsF2EpnZFiheYc18P
;lWS69VNSlNUIfovPYHH/Q1o4UNty1oLisUsLmhp2whWOPOfvCIkJGBIvEpi4sz8DVLtUX/abAiFvEhc
;NwyofD9VkuvxTUp7cE2hcF/g0PQiW+Jbe9xaAYLQJTVZa/cZRyX9mKA/LyRgSLxKPYCjkX03gyLukQV
;+67xJOFt89x5eJve0uSwzHmZ+oUBK5NHOEFjnRx6vBWfrvElcxzOoXT9Vko+5PRUZdVK0cFHg2vQPaP
;FDbsdhOI/OJixodvcPTzD3j9VMSnsUIdEvHcGjtX03g0Zy3loFis8sA1tt0RlNCuCKpSQuJHhIt1ti+
;/z1FET3Q3DNYGfqvElcNwyobn9Vs+vVTS4XZH6zTk7k/P0cTuZQQdxkF4LYFjBeatwjRQrhm7AoLnsV
;IdEvPYGjsT03oCIermELm+MrPURp9xBeLPeZij4mFGN+tV1S8fzrIlPqUWrPawSOvEhcNwyofD9d0uv
;1TUp7cE2hcF/g0PQiW+Jbe9xaFIfTPgNTfscMYC/NmKUoLx8UINEvPYGjkV13gwEergUDh8wWPlZ/zS
;NTNOuOpxI5F3tWjkNU59fOB2jnS23aZAmI2UldNwyofD9VmqvVbUp7FEW9X2LjwuIYaO9DZ8t3OJjQJ
;itoYMEaSwrotKY9Lx5wIdAvPYGjkX0XwyI6rgVnj9A5A1Vt2xlgOfOSsD8VCGFRoUBP9fz0BUfsUWvc
;YDif1SQ5Nw2ofD9Vkuv9DUpeFCHRS1Hx/PMcROZ9cs98ApnjPTReb8MSWibhtLYiJwtxT6JOSejM/30
;2gyIergVn67xJeDcMqBhTJc2JtD4vJHhAqEpP3tbhDVLxfW7BbAmf4z49Xnj3CFY49+vUTUp7FCHRzw
;KBrJF9N+dObvFnBpjZFjBWdc0OTFWT69VNSnsUAZEvIoGjkRlb8319xmQKidk7A19pyQhKJc2YoSwkH
;3ZYjltU7MaRfDeDIh6uBXOrvGlcNwzMEE8K8YO0ICgeZn6hXVTv1/gTUNxWe8N1ApndPSlFaah9P1WS
;69XNCzsUMNEvPeXP4SJU7ExqwXAVtMsgOENkqH0/VZLr1U1COxQu0S895c/hIlPxW3fAYjif1SQ5Nw2
;ofD9VkuvBDUpoFCHRS1Hx/PQZUOZ9fMJwFbTQLCpSYKh9P1WS69VNukQUAtEvPeXP4SJR6lBz2WQVju
;MoP1RpxBlNNOaCuiMVAUtFtElc9M/lfTaDIh6uBWfP/ElHNwyoGFMlzY28PycMdVO0cFfk0foiTdxGe
;8hkEofISV03DKh8P1Vi1NVVSnsURb1fYufK4xBA4lB78XYXjtktA01TxR1HVZPr1U1KexQ1kS8mgaOR
;GVvzfXbLZBO03zwuXmLPI0sw/5uwPysPYVO0LzyBo5F9N4NsXq4SZ+u8LTBHU8ERXjL3tKE/KxVnR7R
;dYvXK/Bg3goxZT39zRakJXCQMqHxbOeK0vD4mGnpFjk5P5MLOEF7tIh+uBWfrvEmkCAyzfD9V9oelEi
;YabUSjcFDk0fYYaOBOcd1gOI3dKjlEDKl8P1WS69VNSnsPIdEvWe3TzhADsxJBzWoKht0nOGhozRBeL
;M2fvCAvexUS4hwOspBCQjeqIh6uYQub4yQ1U2jEGWA585KwPxUaclW0XWLk2+ESRPZQe/FyBoLIFihe
;Yc18PlWS69VNSnsUIfsvPYHH/Q1o7kt6ymkCtNAoJVJ+9x5aM/2ZsBIvA2ROolpP5PzmHF73fWrHaAL
;rvUlcNwyofDsVkvXVTUofeFGOQlTlx/0YaO9DZ8t3OInTOzhSfvcTWTPhjqFNS3sUIdEvPYGjkVs3gy
;J6wnU4htUtOFtp9xBeLPeZii4lFWBOpF1i5NvhEkT2UHvxcQ6G2UldNwyofD9VsqvVYEp7FEW9X2Lsy
;vUZW+Z9cs98ApnjLC9DZcUdSzz9hYo5IxZxfrJAUPHG/w5W90txwAVm67xJXDcMqHw/fJLr1SkmC0tM
;uEtZ7cbOEVb6R2zxYB+b0zopRWn3CFY497ShPysVZ0ilRlLvo5B9N4MiHq4FZ+uaSVw3aMQMYDj7j7E
;hLyR4QKhKT97F+BFb6kx58WAfm9M6KUVp9whWOPfr1E1KexQh0d8CgbiRfTfnTm7xaA6P2CU5aGDJBV
;onzZu6Oi8JS0y+S1iBopF9N4MiHl46Z8i8SVxTYNgjUjz2j7koFRd1WLRdYvPC4RRT3EZswXU4keM6L
;FJpzHw+VZLr1U1KW1Qh9y89gcf9DWjuS3rKaQK00CglUn73Dl4l+4+KISMdYH6rcFno0OUcWeBHHq8F
;Z+u8SVw3TKhfP1WSj7k9FRZ9RbVDWN7P8ARS8X1sz3UOj+MlNVF49wZgJuKOsClKehQh0S89gYPRfRK
;DIh7KaRe00SA4U2DNI1M0646nEjkXe1aOS0/u084HaOdLbdpkCYjZSV03DKh8P1WSq9VvSnsURb1fYu
;zK9Rlb5n1yz3wCmeM6MFh79xhNOuK0rxI5C3FEtS88gaORfTeDAl6uIGfrvC0wR1PFFVsx/o6KISsCc
;VOOXFHu1M4RXuVWQdRaA4LPPT1Zb818PlWS69VNSntUIfMvPYHH/Q1o7kt6ymkCtNAoJVJ+9w9TOuW0
;uSQsD0tbjlxN5Mb1fTaDIh6uBWfL/El6NwyoGFMlzYa8KS4XcX69TkTk0c4OQvNScdxxOI7EOTNEedo
;ZYCH7hrBNS3sUIdEvPaHjkVs3gyJ6wnU4htUtOFtp9xBeLPeZijg6C3FTjl9S6M3lIkDiS2rxcQ6G2U
;ldNwyofD9VkuvVXEp7FEW9X2LsyvUZW+Z9cs98ApnPSV03DKh8P1Wyq9VkSnsURb1fYu/M4xBW731yz
;3wCmeMoOkNp2iNaLeKEpjg4HktWsEZJ3tf4EFKDIx6uBWfrvElcNyaofD8x/puKIyUJeUC9cFHg2vQP
;aOFHeMF3ArTZMSxYf90OWgrlirw5FQ99TLQvPIGjkX03gyJerhtn67wtMEdTxhNNOPOHiiErAnFTjk1
;S88f0D2jsRHjdYBPrvUlcNwyofD9Vks3VTUofeFGOQVLzzvARaO9DZ8t3OIjTJyhYedojWi3ihKY4OB
;5LVbhCWIGikX03gyIevkVnxrxJXFNg2CNROuCGtCEVF3VYtF1i5NDlFFriVnfBazif1SQ5aG/HEU8w/
;Ji0OSMUeiHQLz2Bo5F9N4MiOK4FZ4/QOQNZY9oRXjnNh7Q0LwlLR7hDUejN9iJS+1Jx3XAVjuM9NVpp
;qH0/VZLr1U1aOxQ60S895c/hIlnsUHPPaTiH3TA5RVPYE0gw4LS4Ii4eFCDRLz2Bo5GNCIMBHq4FA4f
;MFjJYfsUdUwr+iqwoOCRmQKFGWd7H4xJH3FhB3XUCjthJXTcMqHw/Vbqr1WtKexRFvV9i78zjEFbvfX
;LPfAKZ4zs9R2XMI1M89J+KNxUffVKlTlPixpF8N4MiHq4FZ6u8alw3DMwQTwr8hKcgKxdLTbBWWPP84
;xxH6kZBwmwBn+MzA0R8zRlbVZPr1U1KexQJkS8YgaORGVvzfXDBdwqK0BYwVnXNDmAm/oSiEi4Je1GO
;VWLlyuIJVu1Be64EZ+u8SVw3/Jd8HVWS67EhOiR6TqNCXO38/RxO5lBB3WkInOMtLlh89wZgJuKOsCl
;KehQh0S89gYvRfRKDIh7KaRe00iYuWm3EI1M0646nEjkXe1aOQ1Tn184HaOdLbdpkCYjZSV03DKh8P1
;Vi1NVvSnsURb1fYu/M4xBW731yz3wCmeM6MFh79xBWM+a0rxI5C3FEtS88gaORfTeDNl6uI2frvC0wR
;1PGE00484eKISsCcVOOXEjx0/4PQ9xHZt5qFJ7OLANDZcUZP1SS69VNSnsOYdEJPYGj9RFH3Exx3GgG
;h+MlPU5p2iNKJeKOpxI6FH1PpXBK4MrlIkPqT3uuBGfrvElcNwyofCFVkuuxITokZkS8QEvk/PMIVeF
;Oe/FyBoLIIDJQU9wVUjCS6uZ+eUgnEgIQPYyjkX1T71JB3WYGh9UnO2h0qH0/VZLr1U0TOxQs0S895c
;/hIkTgQ3LHawC0xUldNwyofD9Vy6vVXkp7FEW9X2Lyz/geUtxWccJgFYrSKjk3Dah8P1WS69VNSkkUI
;dFLUfH84ghF5UN9y1oUgtgsA0Np0AhKJ/e0sSQ5GnZNtHBS7/z+C1LxSn/AYjiK0i4wUgypfD9VkutV
;DAp7NyHRL1nt084OQvFEf81gOJjVLTloeM0ESyDgjoo/Lwh7TaRbVO7NkXytGruHN5ze1LxrXDcMzBB
;PCuGepysrGHF+okZZ5PzlGE/3V2zLWh+S4yY6UX/NCD9UkuvVTUp79B7ROD2Bo/URR9xWe8N1ApndPS
;lFafcfVzT/ibA/SnoUIdEvPQHi0X0ngyIeymkXtMsoL19lxhtgOP2PsE1LexQh0S89cZyRcjeDInvWc
;RWe2CwuaG3FE0o75uvUTUp7FCHR3wKBtJF9N+ZaatxwA47OFjlPb8AdUTL3tKEkJx4lIdAvPYGjkX03
;gyIJrgVnjsQ9LkJozQ5gMOqIvSwkHHF+pUZQ5JGRfDeDIh6uBWfrvFtcNwzNBEsn54+wPxUUckeiSkn
;e26B9NoMiHq4FZ9L8SU43DKgZRyHgnrEoOCR7R7dcWPX86U83giIergVn67xJXCUMqHxaLeaZoCkvCU
;tOt0lO5NfOBQSDIx6uBWfrvElcNx6ofD8w6p+nOC4eZn6+SVvyxuUiTrIiH64FZ+u8SVw3DLp8P1X3k
;6E/Px9xU45AW+fQ9Alo+hAerwVn67xJXDcMqG4/VZKOrTk4DnBEo3BS58XiGEPcWy2uBGfrvElcNwyo
;fAxVkuuwNT4JYUW0XWLy1PgJVOt9fcFqC4LSLgNfackISiXNirE7KxV3RI5bWOzT9A9W91dsyzRn6rx
;JXDcMqBV/VaHr1U0vA2BTpEtY8/ziCl73QXbxZgiE0CAyUFPAGV4h55uKLC4NdU+ySmL1xvwNUvFDat
;t3Atm8SFw3DKh8PzzS6/5NSntxWaVdSOXG4yJE9EtqzW04iNMmMF5izyNXMPOfoD0VGnBXsEFe5PzlF
;FrmIh+uBWfrvEkYdwy2fD9V95OhPz8fcVOOXEro1/IVaOBNccJsCYzjOT1FZ/cEP1SS69VNSnsqYdEx
;PYGj9AVD8Vd6y3c4mMsgKFRk9x9QOv6CuyoVC3VTunBEgaKRfTeDIr7wRWfPvElcUnTcDkox95mKPj0
;SYEK5cF7uzP0UWeR9astoF47OKChCfs1NP1SS69VNSvtyYdELPYGj9AVD8Vd6y3c4mMsgKFRk9x9QOv
;6CuyoVD3FMoUpP4NfkD1KxIh+uBWfrvMk6dwyxfD9V4I6mOSsJYH60V0nzws4ZQuJOQc9oCJ7SPVw2D
;Kh8P1WS69VNb3sUIbRXSfPW9RhF3FFpx3EEg+M7OUR4yQ5LCveToT8rJHVMvlpT9ZGRfDeDIh6uBWfr
;vFtcNwzaGUwh85mhEi4OdU2OXE3kxvV9NoMiHq4FZ9/8SUI3DKgZRyHgnrEoOCRnVrhbXun84xhE90N
;s2loUm9ksOAUMqXw/VZLr1XkKewIh0S9P5NfjHFT3S3HAWgOe3SUDVmHHCVEhkurVTUp7FCH1bz2jo5
;F9UvtWbNthApnjOiteeMsUYCf3n6csKQ99Tr9wXOzM5BNDsSIfrgVn67xJeHcMvXw/VeCOoT8rGGBIv
;kFi5dbwEWjwUnvLYWfqvElcNwyoSH9Vs+vVTS8DYFOkS1jz/OIKXvdBdvF3Ap/OKD9DZccSYCbijrAp
;eHsVIdEvPYGjpT03kCIermAfn848OFJ+9wtWJfe0oSQnHiUh0C89gaORfTeDIg2uBWeOxD0uQmjNDmA
;i+5uwEj4SeUTjLzyBo5F9N4MiHq4KZ+u8LCRDft0PVjr8tKIkLg98IdC1pBg6COTuvCIPrgVnjsQ9Lk
;J/wRNRCuWCsTkiJCYh0LWkGDoI5O68Ig2uBWeN3ScDVWDBDGAl856mKBUWZ0SyLzyBo5F9N8NdXq4XZ
;+u8Lz1ZU8oQViXNn70/Lwh8Tr1LPYCjkX03gyIg7gVu67xJOlZi9w9PMPeP1UxKexQh0S9kwaOcfTeD
;RH/AWhSb2Sw4aGHJBD9UkuvVTUp7QGHRPj2Bo/cUW+JPe8BxOI/VKDFSeM0OP1SS69VNSnvoHtE9PYG
;j9xRb4k97wHE4j9UoMVJ4zQ4NVZPr1U1KexTd7i8vgaORG17vQ3PLaxO02CA9WmncGU1mkurVTUp7FC
;HRLz2To5F9UepOf8NgCZ/jLTVWYc0IWiem69RNSnsUIdEvPYGukX035Utyz2gChcgWOltj33w+VZLr1
;U1KIlQh3y89gcX4EVbuR3DaWgGH0z5tNw2ofD9VkiuCDUp1FCHRSVTtwvwYWfd9eMJqENm8SFw3DKh8
;vwPS69hNSntySL1OUOTN5SJD+lJ7rgRn67xJXDcM6HwxVZLrsyQmGnlEv1ti9drhGAWDIx6uBWfrvEk
;cNyyofD8z+4ehKDgke1SlcE7swv0RaPNDbNpaFILGLANFbdwVUFWT69VNSnsUeJEvGIGjkRte8VFq8W
;kGktk7A1NlxRlRJvuEuxIyAktCvkJN5M3iHEPqTXCuBGfrvElcNwyofBVVkuuzJDgIYH69TkTk0c4ZX
;u5HcN1sCIXjMSVob8cRTzD8mLQ5IxR6frlAUeSjkH03gyIergVn651JXDdqwQ5MIc2HtDQvCUtEqVtP
;9ND4ElncVXfKcQ+0zigoXmOofT9VkuvVTRM7FDnRLz3nyuMOQ+9DZ8t3OI3VJT1aacYIYDP+hKJNS3s
;UIdEvPdjjkW03gyJ8wXEThNEWKF9lyxdRMOGY1UxKexQh0S/tvqODfTeDRHfcdhO00CglUn73D1cw/o
;emTUt7FCHRLz2V45FTN4MieMd3FJ/jJT1OadojTDr+grESIxVySL1DYuTb5Q9C8EtxwFoQgtg9NGh+y
;QhWOpLq1U1KexQhiG89oKORfVHqUG3aWguKxSwuaH/HEFYxzYK7KyMXeH63Q1L20fAJUoMjHq4FZ+u8
;EBw3Eqh8PzP7maY5FRd1WLRdYvLM/RRT3EtwyGwLh+M6LFJpzHw+VZLr1U1KP1Qhwy89gcH+CUPsT0H
;CZB6OzhYvR2nNGD9UkuvVTUp7UGHRPD2Bo/YcR9xEd8JpOIbVJwNbacYbSz2S6tVNSnsUIdEvPa2jkX
;1Q4lJByGwLh+M6NVlrxBlgMOqfpzg5EntPjkxS7NP0E0TiVnfBaziZ3T01WAypfD9VkutVHQp7NyHRL
;1rg084bXu9OQd1sCYzQLANSdNwOSib7hLsSOBpgSL5wUODbkXw3gyIergUOq7xqXDcMzx1PCvSCuSEV
;CH1PtkNY3sbpCUX2UXfBaziZ3T01WFPFFVFVk+vVTUp7lGGRLyKBo5EaVvN9eMdpC7TPIDJQYM0jWi3
;mmaA+IxR6fqJfWOTHkXw3gyIergVeq7xHXDcMzx1PCvSCuSEVCGREtEs9gKORfTeDIlDuBXfrvEk7VG
;PMGWAh65uwEiMVcESpLzyBo5F9N4MiHq4WZ+u8Lj9YaM0jSTDggrM0FRdxT7ZbVYGikX03g8IEX0Vn+
;LxJXFBvxxhaCuSOpyQsAktOt0lO5NeRfDeDIh6uBWfrvEZcNwzPEFA384eKIiwdZ0SlcEWBopF9N4Mi
;Hq4FZ+S8SVxQYMceXjnNhLMrOR5gfqgvPIGjkX03gyIergpn67wuMFhuyRBgOvSNpig+JG4h0C89gaO
;RfTeDIguuBWeD2SgoXmLPI1w6942zJCkScU+lcFyBomsDXT9Wjca6Z/68SVxfackIVjv1tLYiLx1ySL
;JGWO/Xzh83giIergVn67wJXCIMqHxXMPOfvCMtJHdOtElb6MD4GFn3fX2uBGfrvElcN0LofCNVkuu9K
;CsPfU+2cEnozvQiUvBWd8NkE4LTJwNDddgZP1SS69VNSnsUIdE6PYGj+RhW91du8WIEhNgsA0Rp2Qla
;O/GO1UxKexQh0S89gaOxfTeDS3DIbAuH4yg4VnzcFUkwzYK7KyMXeH6jTknozM4QVvsiH64FZ+u8SWJ
;3DIh8P1X7hbMkJhdLQLVOTfXK5xho6kx4x2kLtM4oKF5j9xFWO5Lq1U1KexQhxW89nqORfV7tRHfCaT
;iK2CgsQ2XeGWA8/IWwPxUebFGwQU7ozP99Nhm7hzec/gKDSUo3DKgVUTP7h7kSKx91UaVGS+T8/RxO5
;lBtrgRn67xJXDcY6HwlVZLrvCMsEnhNjk5Z4NPlFEHmfWzLYRKIyCAzWX+ofT9VkuvVTUo7FDjRLz3o
;zfcUW+99f8pkF5/VPzloe8EYSz3NhrwjSnoUIdEvPYGr0X0sgyIex2sBgtAlA1ZiyxRQJ82HsCMtD3x
;+t05e9czjfTaDIh6uBWfrvElTNwyoFVEz+4e5EisJcUCOQlTvo5B9N4MiHq4FZ+ugSVw3ZcYaVjn+tK
;Y9KwlnRI5MUuzB+BNS3E5/12AVmLxIXDcMqHw/pa3ryU1Ke31Pt0ZR7fz0BUPxV23Hagm0yyA4Q2T3D
;l4h+4TVTEp7FCHRr2vBo4V9N4NLcMhsC4fjLzVbbcUZUSHNjbkiPXsVIdEvPYHjxD03jCIermwJjdUl
;MGhjzhpMMOa0rU1LexQh0S89gaORcjeDInfAYw6H0BYzUWrbGUsK6+vUTUp7FCHRLz2Br5F9N+VLcsJ
;aCJ3ZOzBWfKh9P1WS69VNXjsULdEvPefK/RFo50dw3WwTkrxIXDcMqHw/QdLr2E1Ke31Pt0ZR7fziFV
;LvTm2uBGfrvElcNwyofDNVkuu8IywSeE2OXE3kxvV9NoMiHq4FZ6X8SUw3DKgVUTP7h7kSPRJwVblwU
;OjNkXw3gyIergVn67xtXDcMwRJRMOC0tz8jH3NIv0hi5NvlD0LwS3HAWhCC2D00aH7JCFY6kurVTUp7
;FCGIbz2Wo5F9Xu1Me9xaBZnVLTteYs8jWTn9nKcsPh4UINEvPYGjkSR3gzYergUOhdIsLmhu2hVbMvu
;FshI5C3FEtS88gaORfTeDbF6uJGfrvCAyRGncI1Y7/I6nEi8DYFOkXFTuzc4KXudWdvF3Bp/VJlw2DK
;h8P1WSspVNXnsUIbhBTuTXzhRZ7Uds8WMLhMs7PUNpqH0/VZLr1Q0fOxQt0S896M3iGEP7fW3eYAKPv
;EhcNwyofD8R0uv0TUp7fU+iSknezOQJUvF9e9ZxFZ7PIDNZU98VWyH6tKcsPhJ7IdAvPYGjkX1uwyIK
;rgVngtI6OUNTxwlLMOC0syElDGZApUo9gKORfTeD4knuBWvrvEk1WX/NCA8K4ZuwKC57FSHRLz2Bo9U
;9N50iHq5sCZ/ZOzBYb8MVUTLNibo4JB91U6hwWejQ5RxZ4EcerwVn67xJXDdMqGs/VZKCuzkvCXhOsk
;RU78TOHlLvTkHPawCH2UldNwyofD/VpKvVVUp7FEi/W1jzz/4eXOpMefFmAofQFjBWdc0OTFWT69VNS
;nsUIZEvKoGjkRRZ90dswmoEgNUnO2hvzRBTCuWCsTkiexXAqzuTxkJ7QjeRIh6ubAmf2TswWG/DFVEy
;zY+wPT4TFCDRLz2Bo5F9d4MvHq4FDpnTJzVZa/cdUTL+jtVMSnsUIdGva8GjgX03g0tswWsOhdsWOlt
;j3w5eIffr1E1KexQh0Tt9ga6RfTfqUHHAbAmM4yAyRGncfD606P97CquxKyHELz2ByuMSWepMefFpDo
;XZFjhef9wdUTb369RNSnsUIdEvPYGukX036lBxwGwJjOM6LFJpzHw+VZLr1U1KX1Qh2i89gcn0D1zcQ
;HHacQiGvEhcNwyofD9B0uvGTUp7fkSjRGLjzOUJWO59bdt3AYrfLFw2DKh8P1WS/5VNWnsUIbtKT+r8
;9xRF8FZBwmQejs5JXTcMqHw/VYar1UZKexRLtF1W3sr/G17vTh6vBWfrvElcI0yobD9VkoGwPyEkfU+
;iSkneyv8TUvEiH64FZ+u8SUh3DLh8P1X4jqcmFRJ6UrRbYu7W5RhFgyMergVn67xdHDcGqHw/P/eZvh
;I6CX1PpS88gaORfTeDNl6uCWfrvCM5RWf3D0ol4oSnOUp6FCHRLz2Bt9F9P4MiHsRgFYDjPTNHDKl8P
;1WS69VZCnsEIdEvV+TR+iJD7FJB3XAVjd0qOTcNqHw/VZLrwQ1KcBQh0UVY88jOCUXiVHvCBWbrvElc
;Nwy8PD9ekuvVPTgSelWOXE3kxvV9NoMiHq4FZ6/8SVA3DKgQXiz3mYolLxJzSaUvPIGjkX03g/IhriN
;n67wlPU5p2iNXMPuMvTkVGnBAoVtU98bOEFb7fXbLbACDyBYuVnjBEz9UkuvVTUp7WmHRCT2Bo/0cTu
;ZQQcZgDozUPQNWaMkMSzzkjoogIxVLSbRGWunXzg9W90txrgRn67xJXDc16HwcVZLruSwzHmZ+uUpU5
;svlIlbnQ27abBGO4zo9WnzEFVEyzZihKDp7FVrFgXpg2RVCN6giHq5pBpLZOwNfacEbVyHNirEsOg99
;V7RwTvXG4RJB5lBBzGoTn9MkA0Vt3BVQVZPr1U1KexRokS8VgaOREVb6R2zxbQKC2yEoaG3MHU8h+52
;wEjkPcVG+WVjz/OUSR9xQf9psCOu9SVw3DKh8dhWS/NVNShd1WLRdYuzG4xpS3EFywXYCtNooP1J/qH
;2lzAtyTNTzRBQ50S897cLoGEXcUXvJaAKFyBYwUmLPCFcK/4K7TUvhjbhItqQ4nJF2N4Miac9pC7TPI
;TlbYNt8PlWS69VNSmtUIcUvPYHP8ARS8X1txmALh88WM0Fp2hBeJZLq1U1KexQhmG89rKORfVviW3vc
;WhSf3TsoaHzHFVEhzZi2LDgdS0u+RlP1/PATUO9HQdptFY7PITNbaKh9P1WS69UtKTsUBdEvPe3C6Bh
;F3FFqz3cTtMwmNVl49w9cNOCNiiclEnpVjkNY78TlFTeCIh6uBWfriAlcHgyofFM0646nEjkPdVOlcE
;3uyv8JaPBBf9xjOIHTIDJDU9sMWjD2tKcsPhJ7IdAvPYGjkX1uwyIurgVnh90wOUVT2wheJ+a0pSIjF
;WB+okxc88XOF1jqTGrxdhOKzj0DX2nBG1chzZm0OSMUFCDRLz2Bo5F9N4MBHq4FC4rFLC5of9wdTSHN
;m7okJA9LUrJOT+f8+xJe7VZB3XECm89JXTcMqHw/Vbar1VhKexRNsFZY8/ziCVbxVm7BbAmf4z0lR2m
;ofT9VkuvVTUI7FDLRLz3nyukYU9xOf9dgFbTPPT1FePcEP1SS69VNSnsUIdE8PYGj9xRP5kZBwmQejs
;4WL0Nt2ghgLJLq1U1KexQh0S89nqORfVriVkHNagmNjRY6XmDJEVo75rS2IicLcU+iTknozP99NoMiH
;q4FZ7L8SUY3DKgRXiHNiLojLEpLR7hDXOzG/wlo50dw3WwTkrxIXDcMqHxfxtLrzk1Ke3lApXBe7s33
;TGjlS3LPaAKFyBY4Xm3FGUsw4OvUTUp7FCHR0wKBuJF9N+5DavFmCIXaeANRZcQdUjD8n4o9OBJ3RI5
;MU4GikX03gyL+xkVn8LxJXFpt3CNcOvyN5BIsEnhAvEpT9fzhD17gR0HEdWfqvElcNwwgz39VjuvVTS
;caYH6yQFPnks4bXu9Dc8trE7TMOzVUafcXUCeS6tVNSnsUYQ5vPZqjkX1a4lZBzWoJjY0WOl5gyRFaO
;+a0pT8jGHF+pFw9gKORfZfz3ybuBUvrvEkxVnj3H1A79NqKKyMXdUy0QUne0PQJQ+pMed1aAYLQKDFS
;YtwjWzD8mLw5M3sVIdEvPYHDAj03riIermgGn+MqM1lqmSNZPP6KuCgkD0tStFtJ6M32DmjlS3LPaAK
;FyBY4Xm3FGUsw4OvUTUp7FCHR0wKBjpF9N+5DavFmCIXaeANRZcQdUjD8n4o+Lw9gSL9ITt7F+BFW7k
;dw2loBh9M+LlZ4zXw+VZLr1U1KIlQh+y89gc7wCWjgTXDINDiN1SU9WmnGCGAm95+hJCQcZ363RlHgz
;vQTQ9xSbMdmAuu9SVw3rNiBBxWSxdVNShZ1VY5MUu/FoCJR6k5/w2AJn+M6OUN4wRJYJs2NvCErFnFP
;pXBL5NH4G07cS3quBGfrvEncp8/ofCNVkuu4LD4kd06/SQzexfgRVu5HcNpaEY7OIDpOU8EYP1SS69V
;NyuvXYdEwPYGj/BxD3EFxwGNVtNogMFZhzRJLCvGEuD0vFWdApUZS76OQfTeDIh6uXCfrpklcN2HJCG
;A2/YWzfxUdfU2wQljv184ZUu1Rd9p8Z+q8SVw3DMjvf1WJ69VNJxpgfrJAU+eRzhte70Nzy2sTtNggP
;Vpp3BlNVZPr1U1KexTd7i8mgaOREFb3fX3BawHZ4y81W23FGVEhzZunJCkeS0K/LzyBo5F9N2NKXq4e
;Z+u8JD1DU8sTUTOgtLMkJhp5RL9bYvHR+B5S3EhurgRn67xJXL+/6HwjVZLruCw+JHdOv0kP3sX4EVb
;uR3DaWheZ1So5aGfHDj9UkuvVTUo7y2HRND2Bo/wcQ9xBccBjVbTaIDBWYc0SSwrimbwuLyRhUtEuPY
;GjMQ3Ku2IeggVn69EoKGhvxxJZZ82NvCErFnFPpXBO5NflFFnkUUHIbAuK0SwyQ1PMGVEm+5+sTUt7F
;CHRL10S45FQN4Mic89xOIjTJzoFU84VUzT/jrs5FQhxVaVGU+bQzhte70Nzy2sTtNggPVpp3BlNVZPr
;1U1KexTd7i8QgaOREFb3fX3BawHZ4y81W23FGVEhzZiwOT4SekaicFvoz/AQUu1WQchpCJzOKChSDKl
;8P1WS69UUCns+IdEvUODXzh5Y7UQs8WMOh90kOVl49w9aIeaCuyo5JHJIvU5Q5M3lIkfxS33LBWbrvE
;n8R/GQPD97kuvVICsPS0K+QVuz/PcUW+JPe8BxOJjZPSheYs8PYDP7h7QgLxVgfqdKT+jF6CJe5yIfr
;gVn6zzZn3cMtHw/Vf+KoRIpFHpH43Bb6M/wEFLtVkHYYBWC2jADXmiofT9VkutV3Yk7FDbRLz3swuUY
;RepDcvF2BIrQLANRbcsIUCfNk9VMQKy3UewFZMGjhn03g09/2mAVgt0lA0RvyRBaCvSKtjklCUtY0S7
;qItOsdwDaYh65BWfr0SgoUn7BHVMK4Yi0IS8kckCyW1Lz/Ot9NoMiHq4FZ7L8SUk3DKgRXi3NnbohPx
;ZxVaNGXt7Q4RhS5xMerwVn67xJXDcMqGk/VZKGtDUVDXtNpEJY9dH4HmjwUnvLYVXrvUlcNwyofD9Vk
;vbVTUoWe0W0Q2Lx0fQeXvBHQdRaD47VLjRDU8QdRjDgmNVMSnsUIdEvKcGjmn03g0xx1H8LjuM6NU1p
;qH0/VZJLTNSTRBQv0S899sL9EWj3SnfNbgmOzzpcNpYx5abMCwLqTVh7FCGiWk3xzOMJaPl9esd2E4r
;SKjk3DZtPDGah2BZySm4UIdFAS+TR+RxZ5H1txmALh88WPVlrxBk/VJLr1U1Keyph0TY9gaP+C1LxSn
;/AYjiY1CwwW3/3Gl47zZilKC8fFCDRLz2Bo5Ekd4M6Hq4FCJ3ZOzRWYs8jTD33h7k+FR14TqZdXPXGk
;Xw3gyIergU+q7xcXDcMxwpaJ/qKuyoVCHxEvUNO3tDhGFLnIh+uBWfrvEkVdwy5fD9V4pmwPjkOZkSO
;Tln3wv8eUrIiHzSc/nIl0PUIDLl8P1XimbA+OQ5mRI5OWffC/x5SsSIfrgVn67xJXDcMsHw/VeKZsD4
;5DmZEjk5Z98L/HlLcS3DIbAuHjUldNwyofD9VkuvVVUp7FFGjSk7y1uMYaOJGaM9rBI7jIDJRZcQQDV
;WT69VNSnsUIdEvIIGjkQ1F5lFt23cCtN0tKlZiyxlgPPyYsDkVEnpPtF0MgaKRfTeDIh6uBWf2vElcR
;37ND0wg4I6KLC4NdU+ySmLozeIYQ9xLcMBgFdm8SFw3DKh8P1WS68hNSntkU7RcTvTR9CJW51R/wGYC
;tNUnL1J49xNKIfeZ5E1LexQh0S89gaORYDeDIm7cYBSYyTs5aG3MCl478Y6KJCQIcVWOQEj1xuNPN4I
;iHq4FZ+u8SVwqDKh8Tyf3mKY4OB5LQLVZXO/A9CJD7FJB3XAVjd0qOQYMqXw/VZLr1U1Kewkh0S9N88
;biDkLxR0HPYRGK0io5aHjHDGAm55mzLCkeJiHQLz2Bo5F9N4MiMq4FZ5vOIDJDadojXDr8jYooMg9mV
;LVKT7D88hFS4lB/wGYCtN4oP1xTxxpZJvef1UxKexQh0S89gaO4fTeDUmzHaxOOzhY/WGLOI1ot5pmg
;KS8JJX6yQ1jg0fATVOZ9e9ZxFZ7YLC43Dah8P1WS69VNSlYUIdFfT+jN5RhF3EFxwGM4jsQ9LkJozQ4
;OCvGHsCw4GnpCtHBb88z/CWjsRHjdYBPrvUlcNwyofD9VksfVTUoLZki/W1jz/PISWeV9e9ZxFZ7YLC
;4GU8sQWjTgirsuLyR4RLdbYu7F9w5S9yIfrgVn67xJXDcMhXw/VeKZvCM+HmZ+skBT5/z0BUPxV3rLd
;1a03yU5Vn7JElwwzZm8KiIPS063SU7k15F8N4MiHq4FZ+u8eVw3DNgOVjvmjqcSKRR6R45KRfXR5BlS
;8RNBzXAUn9MkA0d+wRJLNPCHsBI4HnNIvkFi+aOQfTeDIh6uBWfriElcN3zaFVEh95mKLiUVcn60V0n
;z1vUYRbJ9fdt2E4TRFixFZcYIXjf+joo/Lxx9Tr9wRfLK6xg3giIergVna9cJXAcMqHxPJ/uFoSg4JH
;dOv0li5NvlD0LnR2yfWgSezz0zWlPYDlY75oq3IS8kZkS2RlLv/Oh9NoMiHq4FZ+u8SWg3DKgMTTz8n
;7A/FRh7T7dwWPnX4whT5lAv8WYSmMgmMWh82hVRIfOJuSgVCXFGuEBT3triFE3mIh+uBWfrvMk3dwyE
;fD9V4pm8Iz4eZn6yQFPn/PQFQ/FXest3VbTfJTlWfskSXDDNibQuISR7R7dcWPWjkH03gyIergVn65V
;JXDd82hVRIfeZii4lFXJ+tFdJ89b1GEWxfX3CYAaZ3Sc/UlPNBEsn54+wP0p6FCHRLz2BU659GoMiHt
;53DoXILC5ob8cSWQr3k6E/Px9xU+NwXu3G8A9W7UF78WMVhNI9A1hqzg9aIZLq1U1KexQh0S89raORf
;UfxS3DaYBW03yYyUVPNBEsn54+wP3gkd020Tk/gzfIYaO9HeNpaCI3aOjlDDKl8P1WS69VNSns5IdEv
;TfPK/wlS8X19wWsBtNkxKEV5zBlNZ82IuSgrCXVPskpi88r2FUPcTXjIdgKfvEhcNwyofD9VkuvlTUp
;7ZFO4QUnk0c4eWO1EQct9E5nJLTlFPvcfSibmhLgSOgl9T6VOX+3Gzg9S5EtxwFof671JXDcMqHw/VZ
;Lf1U1KC2ZIv1tY8/zyElnlfXvWcRWe2CwuBVPLCUwh/YaKPTgSelWwTVHk/OMYUOpNcPF9FILGLFw2D
;Kh8P1WS69VNensUIaFdVO/X9A9o4E1wyFoCk8g7KVNp2k5gNueYoSInJGRTuEFJ4MH9GGjxR3nHagm0
;xUldNwyofD9VkuvVeUp7FFGjRlP1xuMiVOxMePFgH5/OPDhSfpojXCDhn7ogFQtmSL9bXOPP9CJF5kV
;3wWs4ks8gJlIMqXw/VZLr1U1Kew4h0S9N88r/CVLxfX3BawG02ygyQ37RI1cw+4y9OUp6FCHRLz2Bo5
;F9KoMiHt53DoXILC5ob8cSWQr/irYlIxVxfrNOSOXR8AlSgyMergVn65xFHTcSqHw/JeCCuzkvCUtCv
;kFb3s7wHl/qTHvxZwKP4zo0VnzNfD5VkuvVTUp7FCHwLz2B0+MUWfdHbPFmCIXaFjFWb8AVUTDNibAp
;FQ9xTKFwUODbkXw3gyIeroU8q7xvXDcM2A5WO+aOpxIpFHpHjkJc4sv4E1LcQHvCcTiM3ScoRXX3HVE
;y/o7VTEp7FCHRr3vBo7J9N4NSbMdrE47OFj9YYs4jUjTxg7wjLyR3TrxfWO/Q8Ale7ExB1gVm67xJXD
;cM8Tw/dpLr1T04EnpVtF1i4sz/G2juQ33GbAmO4yozWnzNEkw05oK6IxUCFCDRLz2Bo5Ekd4MNHq4FF
;5nVJyhSfvcfUDv0tLgsKRN9T7RwWeDX8CJR6k578XEPntErMlZlxCNXMPuMvTlKehQh0S89gSfRfRmD
;Ih7edw6FyCwuaG/HElkK/4q2JSMVcX61Tkng/PcUW+Z9asZwConSKDVbU98VWyH669RNSnsUIdGrfYG
;5kX0381B3wHECmeMqM1lq9xFeNvqCuygVH31Mjlc9gKORfTeDYnHuBX3rvEksRWXGCFonzYi6IywkeU
;CyR1Tvxs4ZXu59Z64EZ+u8SVx3Y+h8JVWS66U/IxVgRKNwXu7N9yJa4kF2x2sCtNggMWh2qH0/VZLr1
;Q0lOxQI0S898dH4E0PmUEHNagmN4yQ9VGTBEloK9oKmOSsVd0SOSU/uzs4fWPFGe9wFZuu8SVw3DKw8
;P3SS69U9OBJ6VbRdYuLM/xto7kN9xmwJjuMsJEN+3RhaJ82FoCBKehQh0S89gVOufRCDIh7edw6FyCw
;uaG/HElkK/4q2JSMVcX60V0nz1vUYRdxNeMh2Ap/jMW43Dah8P1WS6+wNSlwUIdFfT+jN5RhF3EFxwG
;M4ht0qNF5izSNaLeaZoCkvCUtOt0lO5NfOBAWDIx6uBWfrvElcNxOofD8l4IK7OS8JS0K+QVvezvAeX
;+pMe/FjDofdJDlZePdNP1SS69VNSnsUYdEwPYGj4Q9e7VZ73FoEhNIvA1ptyxRWO/e0syQmGnlEv1ti
;s6OQfTeDIh6uBSfrjElcN3zaFVEh95mKLiUVcn68Tl7pyv8YaOVLbMNyBpnZFj1Ub80QWifzn7wiJCR
;xfrxORYGikX03gyKWbUVn2LxJXEd+wRJLMOC0tiIkHUtMsExV6M30IlHqUHPZZBWO4yg/VGnEGU005o
;K6IxULZki/W1TvxJF8N4MiHq5F6Ku8e1w3DNgOVjvmjqcSKRR6R45CXOLL+BNS3ER33GgQis4sA1Zvy
;xlTMOCKoSQlFUtTtFtP4MDlfTaDIh6uBRdM/EltNwyoDE08/J+wPxUYe0+3cFDgwPkUWeZ9eMd3Cpzd
;OzlobcsfWjn3mbQ5IxR6fqVdXPfG/X02gyIergUnZPxJbDcMqAxNPPyfsD8VGHtPt3BQ4MD5FFnmfXj
;Hdwqc3Ts5aG3LH1o595m0OSMUen6pcFDg25F8N4MiHq6Rpqu8eVw3DNgOVjvmjqcSKRR6R45CXOLL+B
;NS3ER33GgQis4sA1ZvyxlTMOCKoSQlFUtYjkJc+aOQfTeDIh46xCfrjElcN3zaFVEh95mKLiUVcn68T
;l7pyv8YaOVLbMNyBpnZFj1Ub80QWifzn7wiJCRufrxORYGikX03gyIe90Vnx7xJXEd+wRJLMOC0tiIk
;HUtMsExV6M30IlHqUHPZZBWO4y85UmjaHUswzY6KICsDFCDRLz2Bo5FEd4MOHq4FF5nVJyhSfvcfUDv
;0tLgsKRN9T7RwW+jR/ApW8UdByGACj84oKFJT0CNSNOrr1E1KexQhEV19gY+RfTfzUHfAcQKZ4yozWW
;r3EV42+oK7KBUdfVO8WFzzxs4bUuZGbM9xArTFFjFWdKh9P1WS69WNODsUDdEvPfHR+BND5lBBzWoJj
;eMkPVRkwRJaCvSCpyA9GmZEjklY5MfjHEPmfWTxaAaTvEhcNwyofD9B0uvxTUp7ZFO4QUnk0c4eWO1E
;QcNkBIPVJzloasEOUiLzmbASIB5mSo5KPYCjkX03gyIK7gVD67xJLEVlxghaJ82IuiMsJHlAskdU78b
;OG17xT2nPdwK01iwuXFPQfD5VkuvVTUpTVCH1Lz2B0+MUWfdHbPFmCIXaFjFWb8AVUTDNjbw/Jwx1U7
;RwV+TR+iJOgyMergVn67xhHDcoqHw/JeCCuzkvCUtCvkFb3s7wHl/qTHvxYw6Z0T49RWn3Flon+bSvT
;UvhjbhItqRYnJFcN4MibtxsCZ/ZOwNUY8YaYDjziL0kJB5LRrJAWeT88B5D6k1wrgRn67xJXDcMqHwU
;VZLrpT8jFWBEo3Be7s33IlriQXbHawK02yozU2n3CFcg/4m7LCMXS0m0Rlrp15F8N4MiHq4FDqu8Y1w
;3DNgOVjvmjqcSKRR6R45CXOLL+BNS3EV9wWECtMghKVpuxh1WOc2cvCk+ExQg0S89gaORFHeDDh6uBR
;eZ1ScoUn73H1A79LS4LCkTfU+0cFHg0OUiQvNOcc9hOJjZOypSfvcIRiX369RNSnsUIdEvPYGHkX038
;1B3wHECmeMqM1lq9xFeNvqCuygVFXtbq0NY3sf4HFrmVnvcBWbrvEn8rpVxQz9zkuvVPTgSelW0XWLi
;zP8baO5DfcZsCY7jJzNNdsQZYDH7irgoPh5mfuMvPIGjkd2uGvshriNn67w5Ll5i3BlNCvGEuysVFnV
;CuUZT5Pz/Ek35TnvxcQKGzBYxVnT3TT9UkuvVTUobZ2HRCT2Bo+EPXu1We9xaBITSLwNabcsUVjv3tL
;siMAF4RI5bWOzTzhBW+30srgRn67xJXFd/6HwgVZLrpT8jFWBEo3Be7s33IlriQXbHawK0zDs1WXj3E
;VAx9+vUTUp7FCHRLz2BjZF9N/NQd8BxApnjKjNZavcRXjb6grsoFQtmTrxfSd7W4hho8UN42loTg84s
;L19jxBg/VJLr1U1Ku3Zh0TU9gaPhD17tVnvcWgSE0i8DWm3LFFY797SmOS8LcSHQLz2Bo5F9N4MiMa4
;FZ5vOIDJDadojXDr8jYogKxh8SL9KYvfK4wlC4k5By30TmcktOUVTxxpZJvefijV4exUh0S89gaOoPT
;esIh6udRWC0j05RVPLE1EzzYa0LiISekSOWVTz1+QcW9xHZtp3Eo/ZOwNYas4PWiHNkudNS3sUIdEvP
;YGjkXY3gyJsz2MTtN0gLlBt2Hw+ZqHY5n55uCshwi89gdHwG0PcQH/dYDiH1Sc5QGXMCFdVk3FM1NPi
;jcjuLyKBo5EPVuVWQcxkFI7jLCRDft0PVjr8tKIkLg98fqNOSejMkXw3gyIergUOq7xfXDcM2h1ZIc2
;JtD4vJH1Pt0ZR7fzwE1DvRx6vBWfrvElcNwyoaj9Vkpm0Kz4kdkCiSmLozfcUW+99bM9xDoS8SFw3DK
;h8vxXS68ZNSntmQLdbYuPC4hho90p3zW4Jjs86XDYMqHw/VZIL6k1aexQho05b9fzzHETmfXLPfAKZz
;0ldNwyofD9VkqvVXEp7FFOwSUnez/gTUtxRbs9mDoXbSV03DKh8P1Waq9VCSnsUU7BJSd7B8A5S3FFu
;y2AD671JXDcMqHwfFZLz1U1KCXVHpXBU79f0D1HiQXvxaQ6F2T41U3jAfD5modjmfnmYKyH1Lz2B0fA
;bQ9xLcNpgFY3dKjloadAITSDhgrojFQx9RaVHYvPC5RRYgyMergVn63wrHDcXqHw/J/ONoRIjFWBEo0
;lc4sbOFFnlS3LCWgaF2yU5Nw2ofD9VkmuDDUpgFCHRXVzn184UWfdHbMhkBI7jIDJRZcQQYCfzn7wiS
;noUIdEvPYHq0X0vgyIe3GQBn+MgMkNp2hpeNve0oSUjGH9PtFxOgaLDxSkGyU92Omf+vElcRW3OCGA8
;/J+wPywad0SOQ1z4xuMON4IiHq4FZ+tMdlwhDKh8TTT0n4okJA9xU7dOXuT84g1W4EtwyQVm67xJXDc
;MWEM/QZLr1T8rHWB+uEFJ5NH3HFTmfW3eYAKPvEhcNwyofD9r0uveTUp7ZkC3W2LswuMaXu0iH64FZ+
;u8SUh3DL58P1XgirM5FQhhU7dOXuT8/RRZ5lV3ynEP673Txa6VMeXmapLJ1U1KCXVHpXBO9NH3HFTmf
;XvWcRWezyAzWVPfFVsh+rSnLD4SeyHQLz2Bo5F9bsMiC64FZ5ndLyhof90OWTTxjoorJhRjU7BbWIGi
;kX03gyK+y0Vn8rxJXEVtzghgJueZsywpHktIv0lU7c/OHFnkTnuuBGfrvElcNzLofClVkuunLCwPS1K
;kXVvgwPQiUepOcvF3Bp/ZSV03DKh8PxXHq9VbSnsUU7BJSd7Q5A9R4kF78XEPgt8iMlJ/23w+fM5kF7
;hityshwi89gdHwG0PcUWvcYwaI2RYwVnXNDkxVk+vVTUp7FCGRLymBo5EPVuVWQd1wFY3dKjlof9gdX
;Dz8jNVMQKy3Uewl6r6jg303g1B/yHE4mMk7OlZvzSNMJfeOsU1LexQh0S89z+ORaTeDImzPYxO0yDs9
;QWnEI0cszZilKC8fFCDRLz2Bo9Etd4M2Hq4FFY7PPT1FePcZRyHgioosJxRhT6UvPIGjkX03gyIerhN
;n67w7OUR4yQ5LCveToT8rJHVMvlpT9fyjfTaDIh6uBWfrvElRNwyoDlom5oqnORUIZES0Sz2Ao5F9N4
;MiJ+4FaOu8SS5Sf9wdTSHNmKUoLx9LE9EuPYGjkX03umIevwVn684sKEVtywhWOvy0tCAlDnpV0S49g
;aORfTdzHR69BWfrziwoRW3LCFY6/LS0ICUOelWOHT2Ao5F9N4Mi7pEFcOu8SS5SeNodXCH7hLsSLg5m
;SL9IYvbK4RgFgyMergVn67xJXDcrqHw/J/efpywpD31Ov3BY78LzEVLcTWvadg6P2RY+WHjcE1IK/oq
;sKDgIFCDRLz2Bo5GNCIMGHq4FFY7IOz1UeMETUQr3hbQvJh5LTqRbTujH9CJD7FJBwmQejs46XDYMqH
;w/VZLrlU1WexQho0pJ88LyCV7sTEHDbAmC0SgwaGnQCE0g4YK6I0p6bzV/aNz7N659KYMiHtxgE5ndK
;iheY8YjUjz8grgsJiRxWaVdSPLK/hNosSIf1RHJrF0zyAgMvXw/VeCOoT8rGGBIvkFi7Mr/IkPxQ2jL
;aWfqvElcNwyojABVhevVTTgeYFOwTEnozP8iWupMQdp3Bp3ZJQMFDKl8P1WS69W9dXsEIdEvT+TX4xx
;U90txwFoUm9ksODcNqHw/VZLrkQ1KaRQh0V1Y9dHwHkPqTXDxdheO2S0DBQypfD9VkuvVCQp7GiHRL0
;/k1+McVPdLccBaD4TMSV2tlTHlpsxb1NVdSnsUU7RbT+DA5RRY7X12wXU42bxIxq6VMeWmnK3rz01Ke
;2ZEpV1c4tf4ElncWHbBdTiI0yc4XnjBE1FkkurVTUp7FCHRLz2bo5F9ReZWbM9mE4LTJwNNZMcMYDb9
;hbEkPhJ7T+MvPIGjkX03gyIerhZn67w6OVRjxhhgOfOSsD8VAUtNuElJgaKRfTeDIh6uBWf5vElcRGT
;NEFMK+4WzJCYXS06jS1jzo5B9N4MiHq4NJ+uwSVw3f8MVTSHNh7Q0LwlnIdAvPYGjkX3HvCIOrgVnmN
;cgLkNTxBlRMuaDiiAjFRQg0S89gaORfTeDMh6uBRSA1TsoaGDBEloK8YSgIz57FSHRLz2Bo789N5ciH
;q52DILOPQNaZcYVUjT+tLkoJBxgSdEuPYGjkX334WIepwVn688iNUV49xteJZLqrlnkPPVbVRA9iqOR
;fUToS2zaWhSb2Sw4Nw2ofD9Vkuv7DUphFCHRXFHu1M4ZWPRMQchsFZjIFjpSe/cQXiz3maZNS3sUIdE
;vPYnjkWA3gyJtwnY4itU7A1pjzBlgMOqDtDg5D0tRo0pO8tbjGDeCIh6uBWfriAlcKwyofEw54bS0JD
;gkeU61SmLxz/QTQu59btxgFJjJOzk3Dah8P1WS6/ENSlwUIdFcUfL88xJD901z8XYSmdooP1JTyxNRI
;f2epxIpFGZPtF1i5cb9HE6DIx6uBWfrvBAcNyeofD8m/piKLyUPYE68cE700fccVOZ9fcFrE4TJOwNS
;YswjXDr/m7AjORpgSL5BPYCjkX03gyIergVD67xJL1t/9x5QIeaEuBI5DmZHsExY3sD+E0PsV2zxYAm
;P4y05W23RfD5VkuvVTUp7FCH7Lz2B0P0OaOFNatpqCrTPPC5RbcsZYDb9haEiPwlLTbBcWPP8/htR3E
;Z7wmQe671JXDcMqHxmFZLC1U1KCHhSjk1S9df+EGjwV2zIZASO4yozWXjHCU0K/oqmKDgke0+OS1jtw
;uh9NoMiHq4FZ+u8SXo3DKgPUybNibo5PhR5fqJaT+fC8hho4E1w2moSmeMlPURp2iNPOuWOp01LexQh
;0S89yOORVTeDIm3CdjiJ0z0oWGH3D0on9Iq2KBUYe0+lQEjz/P0UWeZ9esd2E4rSKjk3DTLlpswLcmx
;ySlsUIdFcUfL88xJD901z8XYSmdooP1JTyxNRIf2epxImFHtRoi88gaORfTeD0iGuJGfrvDowRFPKE0
;sh/YaKPj8JckCySmLizP8JWPZQQcFjAZjZPVw2d7zSeLToX2pNY3sUIaJDTt7B/glD7E9B3XAVjd0qO
;WhvxxJLOueZij4pGnpPuEFa3sD+CFn3Ih+uBWfrvEmsCAyBfD9V4YemEigUYFW+QmLy1uMbVuBHQc1q
;CZ/TPC5of8sdUTv7hbISOQtxRLUvPIGjkX03z/9erihn67w6MERTyhNLIf2Gij4/CXJAskpi4sz/CVj
;2UEHaajiC0i81W2D3GFYm5oq7Li97FVrFgXpg2TVCN6UiHq52C5jjKzNDeMcRYCbnmbMsKR5LSL9JVO
;3Pzh5Y8Ux73FoDjtAoJTcNqHw/VZLrjA1KURQh0VxR8vzzEkP3TXPxdhKZ2ig/UlPBElk8/oeKKCQfS
;0K+Qk3kzeIcQ+pNcK4EZ+u8SVw3DKh8HFWS66YhOSR2TqVbUuz84ghF5UN9y1oOhdogMFtTzRJbCvaO
;uSwzexUh0S89gaORfTeqIh6udguY4yszQ3jHEWAm55mzLCkeS0i/SVTtz84RVvBHbPFqAY3jLTlbbdF
;8PlWS69VNSiJUIfkvPYHQ/Q5o4U1q2moKtM88LlFtyxlgPPyNvCEmJHhAokpP3sz/IlPmTn/XBWbrvE
;lcNwyofD9wkuvVPiYIS0O+W0nuzs4OQvFEf81gOILSLzVbYPcQXib3mYo9JQxxU9EuPYGjkX03ymIei
;QVn688lL2huxwhLOv+0pjg4HXVCtHBU78X4EVvcTnfAYDiP1TooVmLLGT9UCHJM1NPirR7RDj2Bo+IR
;RNxAcdpxCIbjOilFaskfWgr7hbMkJhdLTqdKT+3C4X02gyIergVn67xJdDcMqA9TJs2Jujk+FHl+olp
;P58LyGGjqTHjHaQu0zyo9WWLBElgK8YSgIz57FSHRLz2Bo2FCN7MiHq52C5jjKzNDeMcRYCbnmbMsKR
;5LSL9JVO3Pzg5U4kxwx2sAtN8mKVl49x5GCv6CuyhKehQh0S89gVOufR+DIh7daRS03iYoQ2PFI0wg4
;I20Li8kfU+3RlHt/OIeVu1Md8BiOJjMLDlTDKl8P1WS65mQCnsNIdEvTu3Qzh9Y91Zxw1oUns4vPVRp
;9xBeLPeZpk1LexQh0S89gaORYTeDIm3CdjiJ0z0oWGH3D0on9Iq2KBUPfFO0XFXuz/V9Njs8m0VU31W
;DSXg3DKgPUybNibo5PhR5fqJaT+fC8hho901BwGoVht0lA1h6zQ5TNOLr1E1KexQh0S89gYqRfTfwTm
;3xZwifyCYxaH/dDlk08Y6KOSUkYE6hcE700fccVOZ9cdhgFYfdOVw2DKh8P1WS69VNUnsUIaJDTt7A/
;hND7Fds8WYImdIsLmhozRBeLJLq1U1KexQhiG89naORfUTvUUHNagmf0zwuaGnGGGA2/YalKCQIdVW4
;QFOBopF9N4MiHq4FZ/68SVxEYNsjXDr8n7o4OCRxT7VwWeTP8AQ3giIergVn67xJXCwMqHxMOeG0tiI
;kD3tUo3BR4ND0D2jsRHjxYQKH3TBcNgyofD9VkrKVTVB7FCGiQ07ewP4TQ+xXbPFpBpjZOwNYYvcYWj
;nzktVMSnsUIdEvPYGjhn03g1Fy3VoEhNI9M0J+9xBeJveZij0lDHFT0S49gaORfTfKYh6yBWfrzyUva
;G/HEks655mKIS8Vc1W5cEnp0fQOX+xOeq4E3/U5og2Pwpd8JlWS66YhOSR3Tr9bUvTRzhFe7UdBymwU
;n90nP1IMqeamzAtyTPR1ewUh0S9O7dDOHljtVnHbdziH0yYsRAypfD9VkuvVvXV7BiHRL07t0M4eWO1
;Wcdt3OITaLy9SeKh9REE8rDQ3/sQUO9EvPfLP4iJU7ExqwXAVtM8qPVliwRJYCvGEoCM+exUh0S89ga
;NhQjeZIh6udguY4yozWXjHCU0K4Yi0IyQSekaOXE3kxvV9NoMiHq4FKzb8SUI3DKgPUybNiLojPhRhU
;45bUt7K/xte705BymwUn90nP1IMqQcr+9UKr+l1ezgh0S9O7dDOHljsTnfAYjiIxSU1WWjNDmA5/Zyw
;PxUTcUClSk/ezvAFaOxXat5wE+u9SVw3DKj8aRWSx9VNSgh4Uo5MUu7P+BNQ3EFnwmwJj9k7A0J82Bl
;NCvqOtDkvCUtMsFdi7tblDUL3Ih+uBWfrvMkKdwyOfD9V4YemEikUe024QVrexeMSWfd9d9xaD47dPT
;lFU8UdRwr9nqE9Pw8UINEvPYGjESt3gzAergUUh88WP1hjxBVRMs2DsCQtE2Ah0C89gaORfRPDIgauB
;WeY0DoDVGPHEFY79bS5LDMeZn65SlTmy+V9NoMiHq4FZzuDSXs3DKgPUybNiLoiJhJ6Ro5DWOfXzhtS
;5kZBxmAGn9k7A1pt0CNQIOaboDlKehQh0S89AfXRfRKDIh7daRS03yYzW2XGG2A5942hEiMJS0m0Tkn
;k0c4QVvt9cdtxF57ISV03DKh8P9XEq9VpSnsUUr1cYuLM/hFe7UVB3mwUn9MnA19pyQhaJ82GtDUVFG
;FVoVpJgaKRfTeDIp74RWfPvElcRGDbI1w6/Ye8Iy0kZE6mS1jz/PcYUudLcMlaE4LRLANSes0SP1SS6
;9VNSnsUIdEMPYGj4hFE3EFxwWkOhdsWLFh7zBlNCvSOsCkjFXN+pUZQ5Pz+GVODIx6uBWfrvElcNymo
;fD8m/piKLiUUeEi/SGLzxvAPaOpQQcZgBp/ZOwNabdAjUCDmm6A5SnoUIdEvPQH10X0tgyIe3WkUtN8
;mM1tlxhtgJ/eIuiw+HmZ+ol9Y5MeRfDeDIh6uhQyrvGFcNwzbEEwK8YS6ISMVc36jRlrp184bUuZGQc
;ZgBp/ZOwNabdAjUCDmm6A5SnoUIdEvPQH10X0RgyIe3WkUtN8mM1tlxhtgJ/uMvTkVEmZ+uUpc9cbjI
;lriWkHBcBObyT1cNgyofD9VEr2VTVN7FCGiQ07exPANaOVLcsJaBITOJzlFU8wZUzTr69RNSnsUIdF2
;fYG+kX038E5t8WIGm+MvNVtg9xlRMc2IuiA6HnpSsFtU7s2RfDeDIh6uBWfrvF9cNwzbEEwK9YqlEiw
;SeE2OSlPl/PUYW+JbHq8FZ+u8SVw3DKhgP1WSmLk+FRx1UY5JVO3PzhFW8Eds8WoBjeMtOVtt0Xw+VZ
;Lr1U1KIlQhyi89gdD9DmjkQ27xYw6H0BYwVn/NDmA6/LSxKCYabSHQLz2Bo5F9N4MiBq4FZ5jQOgNQb
;dgjWTz+h4ohKwhxU45fUvbG4302gyIergVnovxJQTcMqA9TJs2MtD0VHX1NvXBR5M32CV/cVnbcYBSD
;0yU4Nw3TaJESc5FRckpgFCHRXFHy/PYcR9xEd8JpOJjfKDJZZcYbYDb9nrs5SnoUIdEvPYFTrn0sgyI
;e3WkUtNsoLGhqwRBTCuGItCMkEnpGjlxN5Mb1fTaDIh6uBSs2/ElLNwyoD1MmzYK7KyMXeH6yQE/vxu
;MiU+ZOf9cFZuu8SVw3DPE8P06S69U+JghLSL9JVO3PzhhZ5319wWgXjtI6PUNlxxI/VJLr1U1KexQh0
;Ts9gaPiEUTcS3DIbAuH4ywyU1PMGVM06+vUTUp7FCHRLz2Bg5F9N/BObfFsCY3VJTBoa8kMYDP7h7kS
;KRRmT7RdYuXG/RxOgyMergVn67wQHDcoqHw/Jv6YiiQkHX1NvXBa4NPOG17vTkHLawO03yYxR2nGD14
;h+4S7TUt7FCHRLz2Bo5FgN4MibcJ2OILSLzVbYPcbXiXNjbwhJiRxT7VwWeTP8AQ3giIergVn67xJXB
;4MqHxMOeG0vCMsEnhNjkhc8fz3FFvvfXbPcQSD4y01RHjJElwwzY20Lj4UZiHQLz2Bo5F9x7wiPa4FZ
;5jQOgNeYs4VUznNjLQ9FR19Tb1wUeDQ9A9o7ER48WECh90wXDYMqHw/VZKylU1oexQhokNO3sr/G17v
;TkHJZBe02iAwW1PEHUww4LS6IxUfcU2wVj2Ao5F9N4MiHq4FeOu8SS9bf/cVUTP7h7kSLRpkfrdGUe3
;8/RxE5lBB3moQjs5JXTcMqHw/Vdur1WlKexRSvVxi6M33FFvvfXnPdTiN1SUwaGDNElgh+rShJTgeZ0
;m+Q1mBouppmcTDZCo6Z8m8SVxEYNsjVjv0grkhFRx1UY5JVO3Pzg5U4kxwx2sAtN8mKVl4qH0/VZLr1
;U26RBQD0S898s/iIl7tRHfCaTiM3TkDUWXEEGAm8Yq7IyMVc36iX1jkx5F8N4MiHq5Juqu8U1w3DNsQ
;TAr7hbMkJhdLTbBcWPP8/htR3EZ7wmQe671JXDcMqHxmFZLy1U1KCHhSjkZT58r9EWjvQ23LdziE0hY
;4UmDJBT9UkuvVTUp7FCHROT2Bo+IRRNxLcMhsC4fjJT1EadojTzrljqdNS3sUIdEvPcjjkWU3gyJtwn
;Y4gtIvNVtg9xBWO/e0sSQ5D3VPsko9gDkI5K4au6eRBX7rvEkvW3/3FVEz+4e5EjkYdU+/RlPm/PISQ
;u1WHq8FZ+u8SVzHM6hdP1WSmLk+FRJ6R7hDUd7Q8hxZ7UtwyVoEhMknKGhu0SNTPPyO1UxKexQh0S/N
;vqOIfTeDUXLdWg6F2iAwW1PbH147/IK7KhUIZES0Sz2Ao5F9N4Nuw+4Fcuu8SS9bf/cWSjjitLkoJBx
;gSY5DVOzK5X02gyIergVnz/xJTjcMqA9TJs2BoCA6JHlAqXBZ5M/wBDeCIh6uBWer6QlcJQyofEw54b
;S/OCcLS0y4QWLlxv0cToMjHq4FZ+u8bRw3Aqh8Pyb+mIonPxZkfqJfWOTHkXw3gyIerkm6q7xeXDcM2
;xBMCv6KrCg4JHZOo0tY8/z+G1HwR2quBGfrvElcNwyofCRVkuumITkkeECoSk/ezvQPUOZ9fcJqFI7j
;Lz1Uadt8PlWS69VNSnsUIcovPYHQ/Q5o7kNqy3cOitAWL1RtxBlgM/OIoSI4JGwh0C89gaORfW7DIgW
;uBWeY0DoDWm3cGU0884eKPikaeESOSVzi1/4PaPoiH64FZ+u8SQV3DLN8P1Xhh6YSJxpgRKNGXO384h
;5W70dByGQEn9M7A00MqXw/VZLr1RQKezYh0S9O7dDOE173UHHJYAm00SY4UlPNBFc055ihEjoJcVKiW
;k/ko5B9N4MiHq4xJ+udSVw3f8QPYDv7n6ciLR56frxAWeT84RFS7Vdz8XUVjs86KUVpqH0/VZLr1U1u
;OxQ40S898s/iIlnsUHPPaTiC0i81W2D3E0kw4Ie0PUp6FCHRLz2Bo5F9FoMiHt1pFLTSJi5abcQjSzr
;Nn7o9FQhhU7dOXuT8/gtS8U5/3gVm67xJXDcMqHw/R5Lr1T4mCEtOqVZa5M3OHljtVnvAcWfqvElcNw
;yoaH9Vs+vVTTkXZ36hQErlxuMiUeZHesdrALTOJihWeMETUQrgiqEkJXsVIdEvPYGjYUI3tSIernYLm
;OM5M0BozQ5gM/eOsSQkHEtTvltc9cr+E2jxQ2rHajiNySc/Q2XHEmA04I60Eiwad1W+XT2Ao5F9N4Mi
;Hq4FSOu8SS9bf/cMUCL2jqcSLB5xRbhBWt7R/glW90txwFoVisggM2hq3RJcIfuEuxIoGmdE0S49gaO
;RfTeDIh6ZBWfrzyUvaHzHC1sw4LSzKC8ffU+2cE/u1/AJXuxMQdxkE4LTFjpCYssIVjr8tLYiJwtxT6
;JOSejM/302gyIergVnG4NJeDcMqA9TJs2bujouHmZ+uUpc9cr/GmjgTXPeYAmY3T01WGL3CFY49+vUK
;ywdcke3M32BjJF9N/BObfF1FY7ULD1DZcYbYDbrh7wjLh5mfr1ASuTRzhVS4lZ73FoKisQWM0J42AlL
;VZPr1U1Ke5R3kS8SgaORDlvwfW7cYA+O3T01WWv3H0Y5+4WxKDgkYVGhSk/ey/QcQ+ZQQcNkH7TTPCh
;Hedx8PlWS69VNyi1UIfgvPYHQ/Q5o81B7xmAGn9UnO2hq2hNRIc2CpxIiHnVVtF1i7MLpIlj2Vm7bcW
;fqvElcNwwoKn9Vh+vVTTkXZ36hXVjpxvAJXu1FQcZgDozUPVw2DKh8P1WSw5VNUXsUIaJDTt7T4xhf5
;kNqx2sAtNAoJVJ+9xRaPPWDoU1LexQh0S89UZyRVzeDIm3Cdjibziw0Um3cFVEyzYewKz4kckS0S2Lp
;xvAJUvF9c899OITJPSxCeKh9P1WS69XNHDsUCdEvPfLP4iJH8Ud2y2QTgtIuA1tpzghgPOC0vSgrD3F
;TjkJc+fz+CEPzV2quBGfrvElct1rofBhVkuumITkkZFO0R1jg1/gTUNxSd91xCIXjITlWeM0OYDjzk4
;oiPw9kVKUvPIGjkX03A3ReriJn67w6MERT2A5aPfeKoSQkHEtRvlhZ5NHOG1LmRnfAYjif1SQ5aGneG
;VFVk+vVTUp7FCHRLxuBo5EOW/B9btxgD47dPTVZa/cMUCL2jqcSLB5xRbhBWt7X+BBS3E16ygVm67xJ
;XDcMqHw/fZLr1T4mCEtRo0pV5MLlFFnkfWzLZBW01TsDX2nJCFonzYa0NRUUYVWhWkmBopF9N4Minvh
;FZ/a8SVxEYNsjTyf3g7AsPhJ6Ro5dWOLM8AlS8X1t3mACj7xIXDcMqHy/PtLr/k1Ke2dNonBN88b5GF
;b3S3DJWhWC2yEoaGrNGVsK+o60OS8JS0ywV2Lu1uUNQvciH64FZ+u8yQp3DIF8P1Xhh6YSOglxSbROS
;ejN9iJF6kV22loOmeMhOVZ4zQ5gOPOTiiI/D2RUpS88gaORfTcDdF6uKGfrvDowRFPYDlY75oK7KhUY
;bU24QVnk0c4RWPRHbPFtAorILC5oYckEYDrnn6U4PnsVIdEvPYEjxz03riIernYLmOM5Ll5i3BVRMs2
;IrCEjFXBEo3BI8dP0D2jrR3/aYBW00SgkaGPdCE8g5uvUTUp7FCFReX2BhJF9N/BObfF1FYLSPTVZa/
;caTTr8n4okOCR8RLBbWPP8/BxP3E1r2nUSn7xIXDcMqHy/A9Lr/U1Ke2dNonBN88r/CV7tRUHCYAGf4
;y85Umj3FFo05o6nEicabH6+Wknx1uV9NoMiHq4F5738SXo3DKgPUybNm6ckJA99T7ZwUeTF5SJe8X12
;y2QTjs4WMVZ09xNKIeKeoU1LexQh0S+91+ORWDeDIm3CdjibziAyQ2XGG2Al+5ihIiQkfESwW1jz/Pw
;cT9xNa9p1Ep+8SFw3DKh8vwPS6/BNSntnTaJwTfPK/wle7UVB3moQj9k7A1FpzRhWO/W0oSQnHktEp0
;pTgaKRfTeDIh6uBWfPvElcRGDbI08n+4WhJCQcS1G+WFnk0c4bUuZGd8BiOJ/VJDloY8wYP1SS69VNS
;nsUIdEJPYGj4hFE3FJsx2sTgtIuA0VpyQ5gPOC0vSgrD3FTjkJc+fz+CEPzV2quBGfrvElct1rofCRV
;kuumITkkZFO4QUnozfYiReZBcc9xApnjOixSacx8PlWS69VNyhBUIfgvPYHQ/Q5o81B3wHEOhdsWLl5
;rwAhgM/eOsRIiHnVVtF1i7MLpIlj2Vm7bcWfqvElcNwwoKn9VtevVTTkXZ36hXVTv1/gTUNxQd8ltE7
;TVOwNfackIWifNhrQ1FRRhVaFaSYGikX03gyKe+EVn/LxJXERg2yNNOvu0pygtEntPjkxY79f0D2j7I
;h8OH0g2mO9i9wy/fD9V4YemEjgUfX6jSlrozP8iVOZMast3OJK8SNV2bE2s3WtS68BNSntnTaJwT+7K
;zg9S5EtxwFoVitggKUQMqXw/VZLr1XMKewkh0S9O7dDOD1jqfWzLYg6E0hYoX37ND1c6/o+KLDgedSH
;QLz2Bo5F9E8MiCK4FZ5jQOgNEac8RWjvmtLkoJBxgSY5CVO+jkIdJ6Z5qPY1Y65tJXDd/xA9gJvqCsC
;EuJHZOpVtS7PzyEln3TWvcWguC0iwDU2XbCF478Y7VTNDijbhItoS+o459N4NRct1aFIPVLDBTU8oTS
;yH9hoouJRVgTqRdYu3M/g1EgyMergVn67xdHDcgqHw/Jv6Yij4iEnFNtXBf7tflElrcQXHAcQiezhYo
;WFPBElk8/oeKKSMIYEC/TFiBouppmcTDZAo6Z/C8SVxEYNsjTD37jrkpFRl7VaVAUN7G6Q1W7VF3wWt
;n6rxJXDcMqGh/VbTr1U05F2d+okdU5M/1IlXsVmrBaDiC0i81W2D3EFY797SxJDkPdU+ySj2AOQjkrh
;q7p5EFf+u8SS9bf/cPVzz3h7ESKBRgVb5CYu3C6BhF8CIfrgVn67xJeHcMinw/VeGHphI5E31EvUti4
;8zlCVjufW7cag2O3z05U1PEHUYw4JjVTEp7FCHRL2TBo7F9N4NRct1aFIPVLDBTU8sTUSH9nqcSJhJ6
;RI5LVPLX8BNU5iIfNJz+ciXQ5QgMsHw/VeGHphI5E31EvUti4sz/CVj2UEHCagibz0ldNwyofD9Vhqv
;VWkp7FFK9XGLyy/gYW+d9fcF3CY7OFjhSYMkFP1SS69VNSntNYdE0PYGj4hFE3FF2x2ALj+MsMlNTyx
;NSJfeFpiw+EntP0S49gaORfTeDIh66BWfrzyUvaH/AFVo59rSwIy4kcES9TkSBopF9N4MiHq4FZ/+8S
;VxEYNsjTD37jrkpFR5sUbBBTujM/302gyIergVnG4NJQzcMqA9TJs2YvSQvF3B+t0ZR9cbjIlniUGzB
;cjiZ2S41WGKofT9VkuvVTUI7FD7RLz3yz+IiROtLe8JhOILSLzVbYPcQVjv3tLEkOQ91T7JKPYCQok4
;EsBHNkQV967xJL1t/9w9XPPeHsRImGmdEo3BS58XOGVLvQ2euBGfrvElcN1XofCZVkuumITkkZ0m4Sl
;Hl/P0cROZQQcFrOI/ZJT1ODKl8P1WS69VNSnsCIdEvTu3Qzg5f6kdyyloLis8sLmh8xwtaJ5Lq1U1Ke
;xQhxW89kKORfUTvUUHdbQ6O0C0DWGrOD1ohkurVTUp7FCHRLz2Yo5F9RO9RQd1tDo7QLQNEb8kSUTz8
;jIo+Oh5xRdEuPYGjkX17XmIejQVn688lL2h/3Q5ZNPGOij4jH3F+pUpF9dbjGGjxR23BaRKf1SYyNw0
;y5abMC3JsckpZFCHRXFHy/OIIReVDfctaFILYLANDadAISif3tK00FRRyR6JKSYGikX03gyIeTjpn2b
;xJXERg2yNLPfeZuCwmJHFPskNS8tbjGGjhQ23LWgOCzz09WW/NI0s6zY28PzkPS02wVljzo5B9N4MiH
;q71WOubSVw3f8QPYCH6grsSPRp4TY5LUvTB/Rho70twy3Y4iNM7MlJ+9xhaOfOS1UxKexQh0S9kwaO6
;fTeDUXLdWhOD1ScDQG3EEGAx/Z63IS8keEi/Sk7exv8ZaOBNc95gCZjdPTVYYqh9P1WS69VNSnsUBdE
;vPfLP4iJD60tw8XIGh9AWOFh5yhBaCv6Cuyg5JHFPtXBZ5M/wBDeCIh6uBWfrvElcHQyofEw54bShJS
;MVS1awQ1Hex/4IVe9HQcJsCY7PFjBWf80OYDr0jYopLxd1WNEuPYGjkX032mIehwVn688lL2h4wBVRC
;uWKuSEVH3tUs0NY3s/4E1LwfXLPdgKZ4yYyaGjNEF4skurVTUp7FCHRLz2no5F9RO9RQdptDoXjPj1b
;YPcYUCDwh7ASJhJ6RKJwUeDQ9A9o801py3dn6rxJXDcMqDV/Vbvr1U05F2d+pUdU7/zmHFvvfXrBcAW
;H2RYwXmLND2Am8Yq7IyMVc36yQEjv15F8N4MiHq4Fl9S8YFw3DNsQTArmg7wjFQx1Tb1wWe7W8xFS3E
;53wGAUtM8qPVliwRJYCuGbsCguexUh0S89ge9MPTelIh6udguY4z00XmL3C145/rSmJCQceESOQ1Tvx
;s4eWPFMe9xaA47QKCU3Dah8P1WS64wNSlEUIdFcUfL85RVe7X1pz2kLtM8gMlBgzSNTPPyOiigkH0tC
;vkJN5M3iHEPqTXCuBGfrvElcNwyofBxVkuumITkkYEm4QWL2wv0RaPBLcMlpArTQIDJSU80SWwr2jrk
;sM3sVIdEvPYGjkX03qiIernYLmOM9NF5i9wteOf60piQkHHhEjkNU78bOEVbwR2zxagGN4y05W23RfD
;5VkuvVTUoiVCH5Lz2B0P0OaPdKd8BaEIrQJQNEZcYbUzDNh7wjLyR4QKJKT97M/yJT5k5/1wVm67xJX
;DcMqHw/cJLr1T4mCEtVuUZT3tTwEVvcUXfAYguO4yU1WWn3EF4m95mKPSUMcVPRLj2Bo5F9N8piHoYF
;Z+vPJS9oeMAVUQrlirkhFQh9T7ZDWN7P+BNS3FF9z2sJgtIuA1Rj3RJLVZPr1U1KexTR7i8VgaORDlv
;wfWrGbAm0yygwW1PbFVEy/o6KISMVcX6iTFzvzfgTUNxRbstgA+u9SVw3DKgw4hWSz9VNSgh4Uo5bUv
;H84ghF5UN9y1oEhNI9M0J+9x9QJ/yOpxIuHnhAqC88gaORfTeDe16uLWfrvDowRFPcE08K4Z6nKysYc
;X6yQFP1zOQPaOZMevFmCIbMLDJEbdwVUDuS6tVNSnsUIdEvPaCjkX1E71FB2moXtM88LlFtyxlgNv2F
;oSI/CUtEv0ti5cb9HE6DIx6uBWfrvElcNyuofD8m/piKOSULS1KkXVvgwPQiVOxMasFwFbTQKC9Sfvc
;TWTPNj7AhKwIUINEvPYGjkSR3gwQergUUh88WKFh89w9KJ/SKtigVGHtPpUBI8/z9HETmUEHBaziP2S
;U9TgypfD9VkuvVTUp7NyHRL07t0M4JWPN9bdt3AYrfLANUY8YIUCDgtLksOR5mfqFASuTRkXw3gyIer
;gUuq7xsXDcM2xBMCuaEpRI5DmZHsExY3sD+E0PsV2zxaQ6F2RY4Xn/cHVE29+vU19PijbhIlgKBvpF9
;N/BObfFxCJvjOilFaskfWgrxhLs5JQ5mfr1AUvHQkXw3gyIergWX1LxXXDcM2xBMCuaEpRI5DmZHsEx
;Y3sD+E0PsV2zxagGNzywoNw3TaJESc5Fh8kpdFCHRXFHy/OUSR9xRa9xjBojZFj9YYtwTSifNmLYsJB
;V9T7ZwXu7W/wk3giIergVn60x2XBEMqHxMOeG0oSI6JGdUo0lc4sbOHljtVnHbdziY3ygyWWXGG2Am4
;o6wKUp6FCHRLz3NftF9HYMiHt1pFLTIJixof90OWTTxjoouJRVgTqRdYvXMzhRZ5UtywloDgs89PVlv
;zXw+LoZFkqww3ysh8i89gdD9Dmj3TW7xdhKZ2ig/UlPBElk8/oeKLiUJekSjcFnkz/AEN4IiHq4FZ+v
;lCVwQDKh8TDnhtKEiOiRnVKNJXOLGzhRZ5UtywloChdgWP1hh2BlRJvOfvCIkexUh0S89gaORfTejIh
;6udguY4z0zR1PbCU0z84iwEiMVcki9Q2LkzfUiU+ZOf9cFZuu8SVw3DKh8P3OS69U+JghLVb5fYvLW4
;xtW4EdBx2sBgtAlA1tt2xlNCv2NsxIuHnhAqC88gaORfTeDe16uIGfrvDowRFPcE08K4Z6nKysYcX64
;QVvoz/0iW+JRe9xaCIXjLTlbbdF8PlWS69VNSnsUIfMvPYHQ/Q5o901u8XYSmdooP1JTwRJZPP6HiiE
;rCHFTjl9S9sbjfTaDIh6uBWei/El4NwyoD1MmzZ+6PRUIYVO3Tl7k/PgTUepOcvFpDoXZFjhef9wdUT
;b369TX0+KNuEiWAoGGkX038E5t8XEIm+M6KUVqyR9aCvuFsyQmF0tSsk5T78r/GmjgTWvAcWfqvElcN
;wyojABVv+vVTTkXZ36lQE3e0OQPUeJBe/FsCY3VJTBof8sdUTv7hbISKRRhT6VwX/j8/RRZ5iIfrgVn
;67xJrAgMjXw/VeGHphI+FGR+olpP58LyGGjqTHjHaQu0zyo9WWLBElgK4ZuwKC57FSHRLz2B70w9N5U
;iHq52C5jjPTNHU9sJTTPziLASJhptRKNcPYCjkX03gyIergV+67xJL1t/9whQJc2YoD8sGndEjltV88
;biFVjvRh6vvXluVxjkiTOobj9Vkpi5PhUDbX6iTlvk/OMcU+pXba4EZ+u8SVw37Jd8KFWS66YgKxd4f
;rdKXPXW4xhE3EZ3z2gCn9k7XDYMqHw/VZLPlU1WexQhokJc7c/OG1LiVmvcYBS01CYwUlPMFV4495+w
;P0p6FCHRLz2Bv9F9LIMiHt1oBofQFjpSbdwJTTDhtLwjLBJ4TY5dXPXK/n02gyIergVnsvxJRjcMqA9
;SNP6HiisvGmBUo0pO3tDhGFLnfWzPcQ6EvEhcNwyofD8c0uv3TUp7Z069Rlnewf4JQ+xPQct9E5nJOj
;VYYvcLVjHmg4o/Kw99TtEuPYGjkX032mIetAVn688mMF5o9x5QIeaEuBIsEnhAvEpT9fz3EVj0Ih+uB
;WfrvAkJdwy6fD9V4YS5JC4kdk6lW1Ls/P0cTuZQHq8FZ+u8SVwjTKhuP1WSmLohIx9LQ75bSe7Ozg5H
;5kd6rgRn67xJXDdC6HwlVZLrpiImEnB+t0ZR7fz/HEXxTWnxYwuEyzs9Q2mofT9VkuvVDR87FDfRLz3
;yzP0UU9xLcMhsC4fjLCRHbcYPVjr869RNSnsUIdEvPYGBkX038E1yx2E4gtIvNVtg9xlHJfOFpiQlFU
;tTtEJS98bOFVjvRx6vBWfrvElcNwyobz9Vkpi6ISMfS0i/SVTtz84OX+ZOct0FZuu8SVw3DKh8P0OS6
;9U+JRd9RY5GU+fK/RFo9Et62m04htUnXDYMqHw/VZLr1U1VexQhokBR6MfOCVjzfXvWcRWezyAzWVPf
;FVsh+rSnLD4SeyHQLz2Bo5F9bsMiCa4FZ5jTJTVTU9wTTwr0grksJx56VY5JUe7UkXw3gyIerkUyq7x
;GXDcM2xNTPPa0oSI6JHhAqEpPgaKRfTeDIh66RWfkvElcRGPEFVsK5oSlEjkLcUS1LzyBo5F9N4NsXq
;4kZ+u8OilHfMcOSwrzj7Q9PhJiRI5GU+fK/RFo8UNqx2o4ht0xXDYMqHw/VZKvlU1rexQholpN8czjC
;WjiRn/ecQ6d2RY1WWrBEFMK4IqhJCUkeUi/LzyBo5F9N4MGXq4lZ+u8OilHfMcOSwrzj7Q9PhJiRI5G
;U+/G4yJS+1J/wHYOhNJJXa2VMeWmzEvU1VpKexRSpF9N7tHlIlbnQ27abBGO4yU9TmnaDz9UkuvVTUp
;7AGHRND2Bo+IIR/NNbNpaBo/dOShees0jTTD2nrY5IxR6UtEuPYGjkX03g2IetAVn6888LEdj2ghgNP
;aKpTkjDXF+pkZZ9cvOEF7tIh+uBWfrvElUdwy7fD9V4Z6lPSUJYH6zTk7k/P0cTuZQba4EZ+u8SVw3D
;Kh8JlWS66Y4Ogt7U6VwX+DQ9CJb4lt73HY4mMwsOVMMqXw/VZLr1QQKewEh0S9O9NPhEkX3fXzcbAOM
;2RYwVnXNDkxVk+vVTUp7FCHRLy+Bo5EOQvNScdxxOInOIDFoe8EYSz2S6tVNSnsUIdFvPZ+jkX1E9lJ
;uwXcTtN8mMllpywhWOvy0rTQVH31SpU5T4saRfK0au4c3nN7UvFRcNwzbCU8l/ZmhEi8DYFOkXFTuzc
;4KXudWdvF3Bp/VJlw2DKh8P1WSspVNX3sUIaJaTfHM4wlo5Utyz2gChcgWOltj33w+VZLr1U1KIlQhy
;C89gdDkDUfsUGrxbAmN1SUwaGDNElgh+rS4JCR7FSHRLz2Bo5F9N5QiHq52EpvMJi5DU8ESWTz+h4oi
;Pw94SL9KToGikX03gyIergVn+rxJXER52AxQJ+a0syQmF0tTsFtYgaKRfTeDIh6QRWfmvElcRHnYDFA
;n5rS0Iy0XcSHQLz2Bo5H9ccMiDa4FZ5jJOSxYftwjTzz+h7Q/FQh9W7QvPIGjkX03gzJeri5n67w6KU
;d8xw5LCuGGtCEmJHJNvk5J5MfOG1LiVmvcYBS0xDADUnTYHVEm+4S7TUt7FCHRLz1xnJFwN4Mibdt1F
;4TOPQNEfM0ZW1WT69VNSnsUaJEvIIGjkQ5C81Jx3HE4n84sOWhu2h1RNvq0tCMtF3F+vE5FgaKRfTeD
;Ip7oRWfwvElcRHnYDFAn5rShPy8eS0OjTlPiy84ZUu1Rd9p8Z+q8SVw3DKhCf1WO69VNOQ5kUb5dSd7
;X4xhS3EBsz2sEg+MtNVZhzQhaJ5Lq1U1KexQh0W89raORfUT2Um7BdxO0yDs5UlPKDl478YOKKSMaeU
;SlSk/ex/4IVe9HQcFwE4fVJzlEDKl8P1WS69VFCns0IdEvTvTT4RJF931q3GACtN47PVlvwCNbPPOGs
;DkvCUtMsFc9gKORfTeDIjDuBXPrvEkvQnzYE00hzZOsEi8DZEC/XFTuzZF8N4MiHq4FZ+u8Wlw3DNsJ
;TyX9maESMgJLRbhcSeDN8hg3gkR4yGMBjVp2XCsMqHxMIOKbuj8+JG5+vklb8sblIlPsVXDxaQaS2Ts
;vNw2ofD9VkuslckphFCHRXEjx0/4PQ9xYQcFjAZjZPQNCfPcQXiz3maZNS3sUIdEvPXGckWI3gyJt23
;cBit8sA0RlzBlgIfeToTg4HktTtFxS7dblFFjtIh80nP5yJdCVCAy2fD9V4Z6nKysYcX6iRlnk/OUYT
;/dXbMtaH5LjJjpRf80IP1SS69VNSnvkHtExPYGj4ghF5UN9y1oUhNAgOGhuxwhLOv+0sDU6GnpSuEBT
;gaKRfTeDIh6uBWfBvElcRHnaGl4297SmIiYScH6zQEn1zPwiUvtWbNt2DoTSFiteaNwUYCfzn7wiSno
;UIdEvPYH60X0qgyIe3XAVjd0qOWh/xxBWMc2Jujk+FHl+t0NS9tHwCVKDIx6uBWfrPBIcNxeofD8m55
;mzLCkeS1K+Q1Tl/PMSQ/dNc/FpBpLZOy83Dah8P1WS69VNSmEUIdFcSPPF8B5S3FFxwmwDtN4mKENjx
;SNMJfeOsU1LexQh0S89z+ORZjeDIm3bdwGK3ywDRGPEFVsK5oSlEi8DZEC/XFTuzZF8N4MiHq4FZ+u8
;blw3DNsJTTPziLASORR4SLVwSe7TzhhP91Br3WwIheM+NVN4wCNNNOaCuk1LexQh0S892OORZzeDIm3
;bdwGK3ywDRGPEFVsK5oSlEiwXe1ajTknko5B9N4MiHi5eJ+ukSVw3f90OWTTxjoo+JRd9RY5bUvH8/R
;xO5lBtrgRn67xJXDcMqHweVZLrpjg4HXVCtHBO7s/4GWj3TW7xawaZziYraGrEE0gn85+wTUt7FCHRL
;73a45FqN4Mibdt3AYrfLANEY8QVWwrmhKUSOQtxRLUvPIGjkX03g2Zerh9n67w9OVp8zQ5eIeeZsBIo
;FGBVvkJi8tbjG1bgRx6vBWfrvElcXkyoVT9Vkp+wIDoeZkClWk/k/PMSQ/dNc/F2EpnaKD9SU8kOWjT
;Nn70/Lwh8Tr1LPYCjkX03gyJ37gVT67xJKFJh2BlNNOaepygVH3FCo0pc8sb1IkXiRGrxdhKZ2ig/Ul
;PFE1sw/rSzJDgIYH69TkTk0ZF8N4MiHq4FZ+u8WFw3DNgOVjvmtKEoJwtxU7BbSPPGkXw3gyIergUOq
;7xbXDcM2A5WO+a0oSgnC3FTsFtI88ajfTaDIh6uBceC/ElONwyoDE08/J+KOS8WZESjTkn00fRON4Ii
;Hq4FZ+u8SVwlDKh8Tyf7haESPh55UbRdXPXW4xgDgyMergVn67xJXDcZqHw/JeCCuzkVGXFFjltY7NP
;0D1b3V2zLBWbrvElcNwzmPD9akuvVOSISen6mTlHt/OINUuZGHq8FZ+u8SVx+TKhyP1WSmKU4OAhLTL
;BXSujH5RU3giIergVn61x2XC4MqHxLPfuFijorF3h+pkZZ9cvOD1b3S3HxaAaTvEhcNwyofD880uvMT
;Up7YEm4QWL2wv0RaPRLetptOJndPTVYU8UVUVWT69VNSnsUGJEvMYGjkQlF4lR7wloUm9ksODcNqHw/
;VZKrhQ1KZRQh0VtP4NX0EWj5fXnNagOO4y01RHjJElwwzY28IyMIfCHQLz2Bo5F9I8MiEK4FZ5HjPS5
;Wes0QYCbijrApSnoUIdEvPYG30X0mgyIe2GAVmNUmMmhgyQ9LCvePvDlKehQh0S89tGLRfRGDIh7Yag
;ue0SwoRWXLI0wl946xEjkWe06lR2LyxvYQUu1WQcJgCYzIIVw2DKh8P1WS45VNa3sUIadAUfTO9AlF6
;kFB3XUCjtgWL1pjxwhXCuaDpyg5E3tNtS88gaORfTeD0iGuKmfrvD8zW3nFGUsn+4iKPjoecUWOXFDu
;zOUVaPdQf9hgC7TQLDJQeMAjSz3gjqYlJRdwIdAvPYGjkX0jwyILrgVnnNU5OWhlxhpWOf60sSQ5D3V
;PskoMgaKRfTeDIh6uBWf+vElcQGXYGWA8/I28ISYkcEiiW1zvwPRPN4IiHq4FZ+u8SVwtDKh8SDzijo
;oiPw9xU45GU/LG5SJT6lFqz2sEjo1JXTcMqHw/VZLr1VdKexRWuF9Y3szkCVLxfXfAdgKf4y01RHjJE
;lwwoOvUTUp7FCHRLz2BtJF9N/RLbstaCJ7ILC5oZcYPWiHNmKUoLx8lIdAvPYGjkX1+wyIJrgVnnNU5
;OWhj3QhaJ82Cuz4vD0tSoUpY5ZGRfDeDIh6uBS6rvGpcNwzfFU8wzZmwOTgad1W4QFPewfQbWPFHQdl
;sF47jLz1UeMcODlWT69VNSnsUIdEvHoGjkQpe80dB3GATmd0qKF5jxiNdMPSEpygVDH1RtHBb4MDlEk
;WxIh+uBWfrvElcNwyzfD9V5YKlKBUIe024S2LozfcUW+99esd2E4rSKjkGDKl8P1WS69VNSnsPIdEvS
;ujT9CJE7E53yloOhdogMFtTzBVMIfOFtih4exUh0S89gaORfTeVIh6ucg6b2RYvQnzYE00hzY+8Pj4a
;ekK0Hj2Ao5F9N4MiHq4Fceu8SStefM0jTCDim7o/PiRwSKJbXO/A9E83giIergVn67xJXC8MqHxIPOK
;OijkiEnp+pk5R7fz1FET3Q3DNYFbrvUlcNwyofD9VkvPVTUoMfVG0cEnpyv8iQOJOcvFhDpjIKDJUaZ
;p8PlWS69VNSnsUIcQvPYHU+A1S3FZx2WAVtN47NVpT3xVbIfrr1E1KexQh0S99gbaRfTf0S27LWhOEy
;ywuaGrBBFoxzZu6PjJ7FSHRLz2Bo6g9N5YiHq5yDpvZFihYe80OYDP7k7ApFQt7UqgvPIGjkX03I3xe
;rhFn67w+NUdp9whQIveZiismFGNTsFtYsKOQfTeDIh6uXCfrqElcN3vBDFoK5oSiKDgkck2+WE/g1/R
;PN4IiHq4FZ+vlCVwhDKh8SDzijoo5JQxxU45GU+fK/RFo8UNqywVm67xJXDcM8Tw/S5Lr1TojC3F+pU
;BK5NHOEVjsUm3xYAaI1BY5T3jaCVsw4OvUTUp7FCHRJ32BiJF9N/RLbstaE4TLLC5oY8sIXjL9hbQhF
;Qt9Tb1OT97B/glD7E9BymwGhtk9OUUMqXw/VZLr1QQKezwh0S9K6NP0IkPsVXvcWgiIyCg7WGLJEGAl
;+4e5LDgkYE6hcFnowvwYQ+ZQHq8FZ+u8SVwOTKhuP1WSnLw9LyRgTqZKT97M9xtE5lZmrgRn67xJXDc
;MaHwtVZLroiQ6HktVvlhY8/z+G1HwR2rXBWbrvElcNwyoPD9FkuvVOiMLcX6lQErk0c4OR+ZHeq4EZ+
;u8SVw3Muh8KlWS66IkOh5LVb5YWPP85xJb9k978WgOhbxIXDcMqHw/ddLrxU1Ke2NIoUpi9czmGEXcV
;XfKcQ/rvUlcNwyofBcVkvrVTUoUe1u0cE7pyvQRU9xDcMlpAuu9SVw3DKh8ARWS+NVNSgx9UbRwSuDP
;/SJR701p3GQTjo1JXTcMqHw/Vcur1V5KexRWuF9Y3tTwEVvcRHLBchWKyCxuNw2ofD9VkuuMDUptFCH
;RQFL7xs4OX+pHcspaC4LSLANUY90SS1WT69VNSnsU0e4vL4GjkRJY+UdB3W0OjtAtA1hqzg9aIZLq1U
;1KexQh0W89jqORfUDqUnvxcgaH0BYvR2nNGD9UkuvVTUp7XWHRNj2Bo7URVvBWOs9mBI7QLC5WeMETU
;Qr3hbQvJh4UI9AvGIGjkVlb4lFqimQEiNklOUVt3BVQO82NvD85D0tNsFZY8/z0E1bhTnuuB2frnklc
;NyjEHUwhtoqjIiMfS0i/XFjz184aVOxGe/FxOIjTJDFWYsx8PVWS89VNSl94QKJbGfPG5Q9W4FZ3wWs
;4iNMkPl5iz3w9VJLd1U1KX3hAolsZ4NX+FFPcVmzPcwKH4yEzW2nbI0805oOKICsDS020QVr1y84bVu
;BWcdxaAoXdKzBSDKp8P0OS69VpJhpnVfVNWO3Xzg9W5VZBy2sGidAsXDUMqGo/VZLPuSw5DzBDtENJ3
;tTwEVvcR3DPZwuOvEtcNxmofD9x/oqmOW4ZZki1SFTvxM4YWeJAcssFZeq8Vlw3DIwQXibmz7c/Ix9z
;SL9IYufC/yJE80d7yloChd0rMFIMqnw/dJLr1WkmGmdV9U1P6Mf2FFnkfXjHfQKP4ygyUGDNI1o784m
;5KEp5FCHNLz2Bh/0cRPcGfNxsA4zVJztof8AZUznhtLAjKxl4RNEtPYGDkX03p05/3XFDic4gMWhp0A
;haJ/yKuRI5E3FNvVxi58rjDkODIB6uHWfrvG0wVn/cWF0n+4aKJCQIfUW0cFjvwvMRUoMgHq4sZ+u8b
;TBWf9xYXDrzmKEkJBxLRL9OX+3GzhRZ5UtywloUgtIuMFJTxBVRMKPr101KUhQh0QtR4NDlWVTsQ23a
;bAmM4ywyVm7EGWA8/I28ISYkZ0i/SFHk/P0UWeYQHqwFZ/G8SVwTYMkPS3HxhLohIxVzfrdOU97K/x5
;F5kNtywVl6rxoXDcMjBBeJubPtiIlF31PtnBN88r/CUTzR3vKWhSH0z44WHvGfD1UktjVTUpfeECiWx
;nizP4RXu1FQd53DoXIOixSacwjTDn9nLEiPRVLQKdAVOX8/ghD5lBB3W0Ch9BJXjcMj3w/VbaHtD4+X
;3dOvkNU78TOClbqVkHcYAaI1BYxXmL3EF4s95mKOSMWcSHTLz2ro5F9E+9DbdohA47SOjlof90MTzrg
;n4osJg9xU79OSeT88BNQ70dBy2sGidAsXDUMqF8/VZLPuSw5DzBFtEFO5PziCEfzTWzaWgGH0z4uVnj
;NI1o784m5KEp5FCHoLz2Bh/0cRPcGestrFI7jOilHfMcOSwr7hbMkJhdLVKJKYu3K/xhE3Etw8W0OjN
;QWOFJi2xVLLM2MpyQuexYg0Qc9gaO1EVbwVjrKYAmY2RYvQnzYE00hzYe0NC8JZ36zQEn1zPwiUu1Df
;MJgZ+m8SXE3DKhYUzThn/EpJgtLQrlOUOPG4yJH8Utw2mwJjOM9OVp8zQ5eIeeZsBIvFXVDvUo9g6OR
;TDeDIjrCZBSfmC0wR1PLFF448I6nEj4eeVG0XVz11uMYaOpMbct3E7TbKjNTafcZUTTwh7BNSHsUB9E
;vPaXP8A5Dp0Zy3loAiNMtOWhqwRBaO/OGsBIsFGZMsFti5M3wH1vmIhyuBXrrvEl4W23bCBsx/puKIC
;8Jc0SOQE3kzc4OUuRPe8BxFOu+SFwqDKh8GznzmKFpLhdkfrxKT+bGzhJB5lByz3U4m907KEQMqn0/d
;5Lr1WkmGmdV9UtR8fzjGFDqTXDPaTiOxDkzRHnaGWAw/Iq3IS97FiDRMT2Bo7URVvBWOsppF7TOLDFY
;es0jXSDwibkoFR56QLNDWIGhkX0YgyIeimkGmMhtOFt89w9KJ/SKtigVCH1FtHBJ5NvlCEXmfX3BaQi
;Z4yczRWHJEFYv94/VT0p7JiHRLxntwuIJE+dObvF2EpnaKD9SU9sVWzDNn7A1Pg5mRI5LVPLC8xFS3E
;1w8WoRjs4hPVlrqH4+Vbfr1U1uF3VSpQtZ7dPODkLxRH/NYDiY1S05aHjNBEsg4I6KKCQadk20Lz+Ao
;7h9N4MGcs92E8/YJSxof90OWTTxjoo+Ix9xfqVKRfXW4xho70t5xnECmeM8LDcOqXwUVZLr8SErCGAF
;tUNN3tDkD1HiQXvxdg6P2RYoUnTcCU0wzYSgOTkScESOQFPt2pF/N4MGHq4FQ4fdOigTaMQMYCH3hqU
;oOBpgVKNKYuLL8BBV5lBBy2sGidAsXDUNqGc/VZLPuSw5DzBEqVtY883wEWjwSnvCaRS02iAuRHiofj
;5VjevVTW4XdVKlC07k1+UUWeR9e9ZxFZ7YLC5oPvcZUTTwh7BNSHsUCtEvPaXP8A5Dp0dm2ncSj9k7A
;0R7wQhcPc2IuiImEnpGjk1Y58zjGGjwVXfaZg/rvklcGwyofBs585ihaS8DYFOkS1jz/OIKXvdBdvFm
;CITQIDJQU8AZXiHnm4osLg11T7JKPYOjkVs3gyI6wmQUn5gsJEN+3RhaJ82YoiQ+GHx+skBS7cr/Gmj
;qTH/NcQ6d2UleNwyGfD9Vtoe0Pj5fcVmlXUjlxuMiRPRLas1tOIjTJjBeYs8jTzTggIogJQ1xfrRBXO
;PP9H01giI0rgVnz9AoL0MozQRLJ+ePsD8VCGNIpUxV3tDlEkfcVXfeYDic3SUwaHjHC1onkunVTXd7F
;CH1Q1zy17UYT/dQa8pgFbTPPjVDb8AjTCH9m4o6IwtxfqZOUe385RJA5lBBzWoIh+MtM0Bi9xlHIeCe
;sSg4exYg0To9gaO1EVbwVjrIZAm03iU1R1PNEl43/o7VT0p7DCHRLxntwuIJE+VDcPFmCITQIDJQU80
;SXjf+jtVPS3s4IdEvGe3C4gkT5UNw8WYIhNAgMlBT3x1WIc2Nuj8VFntXtEJY79fOG17tS23GYAPrvk
;lcJgyofBs585ihaSwaen60QVzjz/QZN4EjHrcFZ+uYJT1EeIwaXjv9jbMSLRh7RbRwWO/C8xFSgyAfr
;jdn67xtMFZ/3FhZPOCYoRImGm1Eo3BZ6M70E0TqTXDxfR603yYxR2nGD14h+4S7Ei8VdUO9Sj2Do5Fi
;N4MiOsJkFJ+YLzVFf9wjUzTrjqcSORNxTb1cYuTN8B9b5iIcrgVc67xJeFtt2wgbM/uZpjkVF3VYtF1
;i8sz9FFPcS3DIbAuH4ywkQ37dD1Y6/LSiJC4PfH6jTknozM4YWeJAcssFZeu8Z1w3DIwQXibmz7MkOA
;hgfr1OROTRzg5Y70t68WwJjdUlMGhqxBNIJ/OfsBIvFXVDvUo9g6ORVjeDIjrCZBSfmC81RX/cI1M06
;46nEjkUeEi1cFTvxfgRW9xRbstgA7TZJz1VYM18PVWSytVNSl94QKJbGefP/gpF4lZ78XcCmNk9A1Bv
;xxhaCveFtC8mHhQj0C8agaORWVviUWqKYgab4y81W2D3E1E567ShIjokdk6lW1Ls/OIIReVDfct2Z+m
;8SUk3DKhYUzThn/EqKwtLR7hDUd7Q+Rhb71EerARn9LxJXBNgyQ9LcfWKpRIsEnhNjlxU78T9GGjmWm
;rccBSC0ydcNQ2oTz9Vks+5LDkPMEawX2Lnyv0RaPBLcMlpArTZMShFedsVUDvNiLogOh56UrBbVO7Nz
;hhZ4kByywVl67xuXDcMjBBeJubPsi4lH3F+tEFZ3tfkD1nsRHjxawiRxiYwUlPAGV4h+4WyTUh6FAPR
;Lz2lz/AOQ6dFfcFhArTaIDBSYskRWgr0hKcgKw9LRL9OX+3GkX83gzwergVDh906KBNkzR1LPPyMijk
;jFnF+sk5R4vz0E1bhTnuuB2frnElcNyjEHUwhtoK7Pi8JYH65Slz11uEiUOBNestaAoXdKzBSDKp9P0
;6S69VpJhpnVfVHWODX5A1o5EFxymA4nd0lNVNt3Bk/V5Pr9E1KezBNsFxJpcr/G17vTkGfNVe0yTo5a
;H/HEFYxzYK7KyMXeCHTLz2do5F9E+9DbdohDoXaIDBbU8kYXiXmgqMoFR56QLNDWIGhkX0dgyIeimkG
;mMhtNVlqwRBTCvGEuy4vFWBTuExi8sz9FFPcV23LWgCKzBY6XmDEfD1VkvXVTUpfeECiWxnozfcUW+9
;9fcFrCY7fPQNSYswMUDz8n6ZNSHsUM9EvPaXP8A5Dp0twyGwLh+MvNUV/3Hw9VJLL1U1KX3hAolsZ6M
;33FFvvfW3GYAuHzxYpRGn3G14lzY28ISZ7FiHRBD2Bo7URVvBWOsdrAYLQJQNCf80jUzz8jqYSIxVLS
;bhIVd7H9BNE6lZn8WIVgthJXjYMsXw/VbaHtD4+X31PpUpP7czyFl7tRUHLawaJ0CxcNQyoaD9Vks+5
;LDkPMEijQFPozfYiUu1DfMJgZ+m8SUs3DKhYUzThn/EkOBR6SL9IYuzM/xJD7Ex3zQVl67xRXDcMjBB
;eJubPvyg4EEtFtENJ4PzhD17tVnvcBWXrvFhcNwyMEF4m5s+/KDgQS0S/Tl/txpF/NoM/Hq4FQ4fdOi
;gTZs0OVAr0gqc+PiR4QKhKT97G/xxV70cerAVny7xJXBNgyQ9LcfSCrRIiFGZTuE1R5PzkDlLcTW7La
;ziJ1T0vNw6ofB1VkuvxISsIYAW9TkTk0c4VUupFdtpaBo/dOShees0jWjvzibkoSnkUIfAvPYGH/RxE
;9wZyz3wCmeM6NFJgxA9gOuCPsD8VFGRVuEJU+8aRfzeDFx6uBUOH3TooE2DJBVonzZihLDgPS1G+RlP
;1/OIeVvFEQcRqDoXIFj1bYMcLYDz8hbA/FQh8RL1DPYOikUo3gyI6wmQUn5glPU5p2iNMIfOZoRI6FH
;1PpXBO4sLjG2jpTXfAcTiKziYpWWj3GVEh+5mwEjkTcU29Lz+Bo759N4MGcs92E8/QKCVSfvcPSzTgn
;4o9JRJ6VY5cXuDR9yJd7Etw2loEhNItNUNlxxJeOZLp1E1iexQh9UNc8te1EVb6R2zxdhOKzj0DR2PB
;EksK4Y60IBUecEa0cF7kzeUYRYMgHq4tZ+u8bTBWf9xYUzTrjqcSOQ91U6VwTe7K/wlo8Ed/w1oKhMo
;sA15i3x1NMZLp1U1jexQh9UNc8te1EVb6R2zxdhOKzj0DR2PBEksK4Y60IBUVe36+WVjzy/ATUPAiHK
;8FSOu8SXhbbdsIGznzkrA/FQhgQKNbYvHM+BND3FF7z2g4hdMnA0djxAVYOvy0oyg4D3FZ0S09gY2Rf
;TenTn/dcUOH3TA5RVPbCF4n5rSlIiMVYH6iSlzs/OMYW+JWd9hgOJvTOjVDZccSP1eS6/NNSnswTbBc
;SaXF+AVo601s3GwFh9kWOU94zRJMPOSOij4+EmBCuUZT5qOTfTegIh6uIQuKzz14UWXQI1c64Jm8LyY
;eS1S/RlLv/P4LUvFOf951Ao+8S1w3EKh8P3H+iqY5bhZ7RbRDYvHR9B5e8EdB1FoPjtUuNEMMqnw/d5
;Lr1WkmGmdV9UJS5cr3FFLxfW3GYAuHzxYxUn7PGWAl85mwIz57FiHRDD2Bo7URVvBWOshsH7TUJi5FZ
;coQWgrnhbwiJCR1Tb1wSfjT9CJWgyAfrh1n67xtMFZ/3FhMPvuZoRIsFGZCtHBY78LzEVKDIB6uF2fr
;vG0wVn/cWEw6/oKxEigUYFW+Qj2DopFyN4MiOsJkFJ+YOjNbZcwjSzri69dMSmsUIdELUeDQ5VlA6lJ
;78XEInNk7XDUMqFg/VZLPuSw5DzBOv0NE3sz/GGjwSnvCaTiE0hYoWHz3D0on9Iq2KDl7FiHRMz2Bo7
;URVvBWOsFzApnUKDJQU9sUWjn+mIooJBp2TbQvP4Gjt303gwZyz3YTz9M/OUVkyRJYCuGDsCEmCEtHs
;EFi8tP0GFPcR3DPZwuOvEtcNxKofD9x/oqmOW4UYkSjXVTlxs4bXu9Dc8trE7TZJz1VYM18PVWS9NVN
;Sl94QKJbGe7V9A9F6kZ78WMOh90kOVl49xlRNPCHsH9KeRUhzy89gYf9HET3Bm7cYBSYyTs5aG3MCl4
;78Y6KKCQadk20Hj2DopFjN4MiOsJkFJ+YOS5Sf9sJTTDNirE7KxV3RI5KU+DB/RgFgyAerhxn67xtMF
;Z/3FhPJ/uFoRIlC3FPjlxY5s70E0PwIhyuBUfrvEl4W23bCBsl4IK7ORULdVOlXGLyxuAIUu1Be/FqF
;Y/ZO1w1DKhpP1WSz7ksOQ8wU7BJSd7I9BhH3EpxwmAU675JXC0MqHwbOfOYoWk4GnJVjkBL5NHjFFPm
;fXvAZAWH2UleNwy0fD9Vtoe0Pj5fZkC3W2Ly1uMbVuBHQcNqCYTIJjJeb6h+P1Wx69VNbhd1UqULW+j
;bzhVY8VB3zGkCtMknNVhi9x1TOc2frD0vJHYh0y89r6ORfRPvQ23aIRWOyDs9VHjBE1EK8526JC4kYU
;+/Sl7k0OIcRfp9d8BaFJ7MOTNFeJl8PVWSxdVNSl94QKJbGfPG5Q9W4FZ3wWs4isomNVNT3RJRMPGOp
;j4rCW1+uEFi8tbhDVjxViyuB2frnUlcNyjEHUwhtpmwOTgad1W4QFPex/gOVuFOe/FkE7TPPT1FeKh+
;P1WJ69VNbhd1UqULT+TX4xxU90txwFoJhMgWNVl/wRhaVZDr1VBKexQFvU5O9YfjGEPxQ33abAiF4y0
;pRWXGG2Ai+5uwfEp5FCHMLz2Bh/0cRPcGbMtxFYrfPTVYYvcYSif7hbISPRJkROMvP4Gjhn03gwZyz3
;YTz84sKEVtywhWOvy0sCMrGXhE0S08gbqRfTenTn/dcUOZ2T0uVm/cFVA7zY67LCgXcX7jLz+Ao7t9N
;4MGcs92E8/OLChFbcsIVjr8tLAjKxl4RI5NWOfM4xho7Fdqy3c4mNQsMFsMqn0/SZLr1WkmGmdV9V1Y
;9dHwHkPqTXDxaQaS2Ts/X23GG1pVkOrVUkp7FAW9Tk71h+MYQ/FDfdpsCIXjLDJWbsQZYDrnn6YkLh4
;UI9EvHIGjkVlb4lFqincCn84oP0NlxxJgL/qEpRIlFXhYjlxS7cr1TDeBIh6PBWfrmCU9RHiMDloh4I
;q2OSMUen6rR1Lx/P4TW/p9bcFpDo+OSV43DIl8P1W2h7Q+Pl9nSrhdSd7G6QlS8Ux/wloUg9klMERTz
;hVNJubr101KYRQh0QtR4NDlWUTvUUHPawmO3SU1WWv3GVE08IewTUh6FAbRLz2lz/AOQ6dRct1aBITS
;PTNCfvcdUyH3mbssPhJiRI5LVPPG8gle7EwerAVnzbxJXBNgyQ9LceGHphIpFHtNuEFa3sH0GWj3R3P
;eYBWKyDwuUlPfHVYhkunVTXJ7FCH1Q1zy17UOW/B9fcFqC4LSLgNUdcQVUTH3mYohJQxxU45HWODX9A
;9o90dz3mAVisg8LlJT3x1WIZLp1U1yexQh9UNc8te1DlvwfX3BaguC0i4DVHXEFVEx95mKODoLcVOOR
;1jg1/QPaPdHc95gFYrIPC5SU98dViGS6dVNeXsUIfVDXPLXtQ5b8H19wWoLgtIuA1tpzghgM/eOsRIi
;HnVVtF1i9cb8DVLxQ2rbdwK0yyg1QwyqfD9lkuvVaSYaZ1X1XFHy/PISWO9LcMlaF4LPPTNZU8AZXiH
;3mYo5LxZkRKNOSfTR9CJA4ktqrgdn64hJXDcoxB1MIbaYuT4VGHtOvUZT5vzjFFDrVkHIYAKP4yE5Vn
;jNDmAh94alKDgaYFSjSmL2wvgJN4EiHrcFZ+uYJT1EeIwPUybNjLQ9FR19Tb1wWO/C8xFSgyAeriNn6
;7xtMFZ/3FhMOeG0si4lH3F+t0ZR5M3wEFLcRHHcaAaf4ywyVm7EGT9Xkuv1TUp7ME2wXEml0P0OaOpM
;eMdpC7TbKCxoasEQUwr3hbQvJh4UI9EvB4GjkVlb4lFqinYLmOMgMlFlxBBgOOeHoSQ6F3F+okxc783
;4E1DcQXHbaxO03SUoUn7GHUs85I6KLCQceETRLTyBvpF9N6dOf91xQ5jQOgNaadobWgr9m7AjFQhxRr
;xKU/XQkX82gz8ergVDh906KBN/xA9gOPeZsigVFGJEo0Nc8fzhHEX3UR6sBGfBvElcE2DJD0tx4YemE
;iQSYFO+SFjv/OEPWPdHfdpsCIXjOTNEePcfUDr+grsqSnkUIfUvPYGH/RxE9wZtwnY4hMosLkRlxgha
;J/uFshIpFHlRtEFO4Nf4ElmDIB6uLGfrvG0wVn/cWEw54bSlPy8TcUClRlPm/PMYU9xWe8N1ApndPSl
;FafcLXjzm69dMSkAUIdELUeDQ5VlE71FB3ncCg9koKF5izyNcLP6CuykvCUtNvlhY8/z5GFb3R2zxcQ
;KGzCwuVnjdDloK5Yq8OUp5FCHqLz2Bh/0cRPcGbcJ2OJvOLDRSbdwVUTLNiKwhIxVwRKNwSPHT9A9o6
;0d/2mAVtMgsMUdp2h1LIOCOijorEmAh0y89t6ORfRPvQ23aIRSHzxYsRWnAGV4h+4WyEiYeclWOSVjk
;x84VUuJWe9xaE47ROTlFbdwJTTDNnLQkPnsWIdEcPYGjtRFW8FY63WkUtMw7OV9pyQhWO/W0pSQ5D3t
;PjkdY4Nf0D2j3R3PeYBWKyDwuUlPfHVYhkunVTX17FCH1Q1zy17UOW/B9btxgD47dPTVZa/cOVjL6n4
;orLx5wfrlKXPXG4yJD5k9uy3cGn8k7OWh7yRVLVZDr1WxKexQFvU5O9YfiEUTcUmzHaxO0yCgvXFPEH
;V0w/rSwIysZeETRLTyBhJF9N6dOf91xQ5jQOgNHfsESSzz8jIovLx9LVbRCTeTR8AlC8UdB2WQOn7xL
;XTc1qHw/cf6KpjluCHhSjl9P6M3lFFnkfX3XaQ6F2CwuaGDHC1onzYOwLD4eZn6lSlDxxuMcQ/ZQe/F
;yBoLISV43DJF8P1W2h7Q+Pl9nTaJwTfPK/wle7UVBzXwLgtItOUVT3QxPMOC0vSgrD3FTjltY7NP0D1
;b3V2zLWhCK1T1cNQyoSD9Vks+5LDkPMFK9XGLx0fgTQ+pMefFpAo3IFjpSacwjVzDzn7A/FQ9xTKFKT
;+DX5A9S3FV/x3Fn6bxJbTcMqFhTNOGf8T4mCEtRo0ZT9cr/GmjzS23aagm01Cw9Q2naI0sw/5uwPysP
;YVO0cErgyuV9NYMiK64FZ8/QKC9DKNsQTArimbwjPhJ6Ro5dVObL5SJR5kd68W0CisgsLmh4zRFPMOC
;KoTg4HktWsEZJgaGRfSmDIh6KaQaYyG0vW3/3DlA8zZmwKiMUen6iTFzv/P0cRPciHK4FcOu8SXhbbd
;sIGyb+mIo+IhJxTbVwWO/C8xFSgyAfripn67xtMFZ/3FhMOeG0pjg4HXVCtHBO6Mf0IkPmWmrbdwK03
;yYwWH73ElAn/4q5JDAecCHTLz2ko5F9E+9DbdohFIfPFi9Cfs4dXDDNmLwpLyRgRKlbSPPGzhhZ4kBy
;ywVl6rxgXDcMjBBeJubPpiE5JGdUo0lc4sbODl7nR0HaYB+fyTs5aGDBG1ch95mKODp7FiDRBD2Bo7U
;RVvBWOt1pFLTPPC5RbcsZYCb7j7ASPh5sVaRdWN7M5AlE6kZ78WoJh8VJXjcMj3w/VbaHtD4+X2dNon
;BJ6cbjEFbvfXvAZguEzzwuUlPKHUwwzY67LCgXcSHTLz2mo5F9E+9DbdohFIfPFihfZcYjSDT+h4opJ
;Q52TbRwUejN9A5o5kx/zGkC675JXAEMqHwbOfOYoWk5FnVNvXBc88bwIkTsTnfKWg6F2iAwW1POEFAi
;zYi6IDoeelKwW1Tuzc4YWeJAcssFZeu8Ulw3DIwQXibmz6YgKxd4frdKXPXW4xhE3Edwz2cLjrxLXDc
;kqHw/cf6KpjluCHlAvUNi58bwCULxR23xbAmN1SUwaH7JCFY6zY67LCgXcSHTLz2to5F9E+9DbdohFI
;TQIDhoasEQUwr7hbsoOCR2U7hLWujN9iJW4U1oy1oUm907L1IMqnw/dpLr1WkmGmdV9VxS7cr1Il7tR
;HfCaTiJ0z0oWGH3EVA7/Z+6IyMYFCPRLxKBo5FZW+JRaop2CIfVLQNeYs4VUznNhbQ/OBRjfqNKWujM
;/yJC8EdBzWoJiNknKEVly3w9VZLL1U1KX3hAolsZ8sz9FFPcS3DIbAuH4z0zR1PFE1E65oS7JCl7FiH
;RMD2Bo7URVvBWOt1qC4LYFjVZasEQUwrnmLASLRpkfrdGUe2jk3w3jCIeriELis89eER8wQ5eOfuRsE
;1IexQF0S89pc/wDkOnUW7HdwaH4yQzU2n3DF4h+rS8Iz4eZlG+Q1z1yv4TN4EjHrMFZ+uYJT1EeIwPS
;iXihKc5FRpwQKFbVPfGzhhZ4kByywVl67xdXDcMjBBeJubPpjg6C3tTpXBY78LzEVKDIB+uHmfrvG0w
;Vn/cWEwg4pu6Pz4kcU+3QE/ixuMiWO1OZ64HZ+uPSVw3KMQdTCG2mKA9OhRmVY5GU+fK/RFo9lF78Wk
;Ohdk6A15i9xRWMvq0sSgkCH1VqHBa88r1fTWCIgGuBWfP0CgvQyjbCU8l/ZmhEicUcEi3Rljz/PYYWe
;ZQf9pgZ+m8SXE3DKhYUzThn/E+PwtkTqNbYvPG8g9S4lZ78WQBn9k7A1pjzBVZPPeZii8lFHhEsEE9g
;6ORWTeDIjrCZBSfmDopR3zHDksK4Ya0ISYkck2+Tknkx84bUuJWa9xgFOu+SVwpDKh8GznzmKFpOQ5k
;Ub5dSd7P9Bxc+n19wWsJjt89NVhiqH4/VYvr1U1uF3VSpQtO9NH3HFTmfXPBYQK02Sc9VWDNfD1VksD
;VTUpfeECiWxny1uMbVuBHQd1sA47jPTlPeN0OWgrxhLkiOCR6TqNCXO3K6xhTgyAeriRn67xtMFZ/3F
;hMIOCNtC4vJGdItUpi9cbpCULxR0HLawaJ0CxcNQ2oWT9Vks+5LDkPMFKkXVvgwPQiROpGe/FxApPIP
;C5SU8QVWD3mjqcSPwsUI9AvGoGjkVlb4lFqinYSmdooP1JT2xVbMM2fsDU+DmZEjkBI9dD4GVLcTXDC
;fGfpvEl9NwyoWFM04Z/xPj8JckCySmLyzP0UU9xWcd5aCoTSJihYYsEfP1eS6/JNSnswTbBcSaXX9BB
;H5lB/2nAVjuMrM0N4xxFgJueZsywpHktEv05f7caRfzeDPx6uBUOH3TooE3jNEU8w4IqhODgeS024XE
;nexv8cVe9HHqwFZ/m8SVwTYMkPS3Hhm6A/OSRxT7BNUeSjk303pyIeriELis89eEFjxAlSMOaZvC4VC
;GREtEti8s7+EkPrfXvAZAWH2UleNwy/fD9Vtoe0Pj5fcU+wTVHk/OYUR+Z9asFyApm8S1w3Kqh8P3H+
;iqY5bgx9UbRwSe7U9A9o5Utmy2E4m9M6NUNlxxJgMPyKtyEvexYh0QQ9gaO1EVbwVjrZbBeO4z0zQGn
;aI1M6/ZumEi8ad0mOSkX10eQZUvF9e8BkBYfZSV43DLl8P1W2h7Q+Pl97TqtKYvLL+Bhb5yIcrwVO67
;xJeFtt2wgbIvubsBI9GnhNjklS88D0GWjhW0HdbAmM0CwDUnTcDkox95nVT0p7ByHRL1ziwPQRUvFDa
;sdqCbTZJz1VYM18PVSS9NVNShp3QrRDWPPC5RRY7X14x3cUn+MlPU5p2iNaO/OJuShKeRQhzS89gcLn
;El7nfXfAdgKZyBY7VGPMGWAhzYi6ICcaekXRLT2BsZF9N/FHatxkBJ/VJjJob8cRXTz8jNVPS3skIdE
;vXPfM+Blo91B/2GALtNQmMFJ/9wxeIfq0uCwyJHhEv0hJ6fz3HFT3TWzxYAmK3iU5Nw6ofC9Vkuu3KC
;YPS1OwSUnexv8cVe9HHqwFZ/u8SVxVacQIYCLzh7kSLxV1Q71KPYOjkXI3gyJ83GwDjNUnO2hpxh1dO
;ffr10xKYhQh0U1P6Mf2FFnkfXjPaziYzCw5U1PNEl43/o7VT0p7DyHRL1/zyvUaXu1FQchsH47YFj1Z
;a8QZYDD8irchL3sWIdE5PYGj8w9e50V3wGI4mNQsMFt/9xlRNPCHsE1IexQ70S8949H4EGjmWmrLdwm
;K0BYvX2nEEEwK9IKnPj57FiHRPT2Bo/MPXu59d8B2Do/ZFjlZbcoQWlWQ69VuSnsUQr5OTvXK/xpo5k
;x/zGkCtNUnOl5gxCNMPPyMuSgVF31PtB49g6ORXjeDIn3BZBSf1Sc7aGnGHV0597S8IywSeE2OXFTvx
;P0YaO9LcMs3Z+m8SUg3DKgfUDr+grsqFR11T45GU+LR9BxE5iIcrwV867xJP1hjxBVRMs2bpyQkD2dR
;tEpZ3tD9EkDnTWnABWXqvGRcNwzLE1A5+4WyEjoJfU+lXE3kxvUiRO9NacpqEIXjKCpYZcwjUCDmjqc
;SORNxTb0vP4GjsH03g0FxwWkOhdsWK1Zl3CNNMPOIvRInEnp+vU5E5NHOCV7uRx6sBWfPvElcU2nGD1
;oK4Z6lPSUJYH6wQ0nk0f8cQ+Z9f8BiC47jLDJWbsQZP1eS68hNSntwRL9cWN7Q5A1H7FBq8WMLhMs7P
;UNp9xlRNPCHsE1IexQS0S895cb/DlLcUWvedQiZyBY1WWrBEFMK55iwEiYSekSicFTv/PkUUOt9estr
;FILIMANQfsEYP1eT6/dNSntwRL9cWN7Q5A1H7FBq8WkGktk7L2huxwhLOv+0sCMrGXhE0S09gYSRfTf
;nTm7xZg+K0Ss5RVPYDlY75oK7KhUPcUyhSk/g1+QPUtxHcM9nC468S1w3J6h8PzH+m4ouIhp5Q7RdYv
;XG/A1S8UNq23cCtNUnL1J+3CNYNv2PsBIvFXVDvUo9g6ORXTeDInrCdTiM3yY4UlPOFVMw/Iq4KBUde
;1O8Tknexv8cVe9HHqwFZ/y8SVxTYNgjUjDgjLASJQtxT45cWObO9BND8CIcrwVw67xJOFt89xFaJ/WO
;iiI8HmZNsF9i8cLjCUSDIB+uGWfrvC0wR1PaGVg8/YW0IRUebFG+XEjzxs4YWeJAcssFZeq8UVw3DMw
;QTwrgjrgiPB5LQ6RNX+3GzhhZ4kByywVl67xgXDcMzBBPCuGepysrGHF+okZZ5PzlGE/3V2zLWgSE0C
;YuaGLHDlI0/oKvKC57FiHRAz2Bo/URR9xRa9xjBojZFi9eaM0jSzDqn6A/LyRwSKJOX+3GzhJZ3E1oy
;3cPitIuXDUNqGM/VZKPuT0VCGFTt05e5PziFFPmfWrLfROeziwDUmLJHlMwkunUTWl7FCG1Q03e0OQP
;UeJBe/F2Do/ZFihSdNwJTTDNh7wqIg9xU45aTYGhkH0SgyIeymkXtM88LlFtyxlgJvuPsBI+HmxVpF1
;Y3szkCUTqRnvxagmHxUleNwy2fD9V9oelEj4eeVG0XVz11uMYaOBKf8NnApnjLDJWbsQZP1eT68BNSn
;txWaVKT+/C/SJE60dywnY4jdU7L0MMqn0/TJLr1T4vD2BIv0hi5NvlD0LnR2zxNziO0ig+W2mofj9Vt
;+vVTS8DYFOkS1jz/OIKXvdBdvFmCITQIDJQU8oZWTrgjoo+PRJgQrkvP4Gjt303g0dm2ncSj9k7A0R7
;wQhcPc2IuiImEnpGjkdY4NfkDWjiRmjPawSOvEtcNyyofD8w6p+nOC4eZn6iWFT1wPkiVOxNcsdrALT
;VJz1UeMEKWlWQ69VlSnsURKlbT/TH9A9o8FV32mYPtN8mM1tlxhtgJfOZvhInFGJEjkpT4MH9GDeBIx
;6KBWfr2TEoRXnMGU0K4Zy8OSkTS1KlQE3e1PgNUtxVf8JpOJ/TPjlFDKp8P2KS69UoMg9mVLVKT97Q5
;hRD4EpB3XEIm+M+NUdp9wteOf60oSI9HmZ+skBS7fz1EkDtfXvWcRWe2CwuNw6pfDBVkuuzLCQkdk24
;X2LkzfAfW+YiHK4Fdeu8STpWYvcfUDr+grsqFR56QLNDWIGhkH0RgyIeyGQJtN8mM1tlxhtgIvOCoRI
;sFGZ+vEBL5M70E0PcRHfAbBSD2S1cNQyodz9Vko20IxUeekCzQ1jlo5N8N5AiHq5jBoXTLzpoa8sTWz
;DNjrssKBdxIdMuPa2jkX1R6lBt2loLisUsLmhowRFaO+GCuiMVA21+skBQ8cb/Dlb3S3HAWgKF3SswU
;gyqfD9MkuvVKyMJZ1WOQ1z4xuMiROtHcsJ2OI7SKD5baah+P1Wn69VNLBJmUqVwUeDa9A9o8E1yx2E4
;gtIvNVtg9xlHIeCepiQlFUtWuEtJ6fzjHEPqTUHLawaJ0CxcNQyoVD9Vko28PzkPS02wVljz/OISW+p
;GQcdrAYLQJQNRYMcLTTTmjoooJBp2TbQvP4GjtH03g0R33HYTtNAoJVJ+9w9QOfuPiiQkHX1NvXBO8c
;b0GWjmTH/MaQLrvklcLAyofFk5/ZynLD4eS1O0XFj1/PYeWOdHQctrBonQLFw1DahdP1WSjLQ9FR19T
;b1wUu/P6CJD7FJBzGoTn9MkA0R52hpeNveY1U9Kexsh0S9a4NPOG17vTkHdbQKH0DpcNQ2oZT9Vkoy0
;PRUdfU29cE7ozfYRUtxHZtp3EpjVJjI3Dql8ElWS67IsOiRySL1DYvLK/xpb5n171nEVns8gM1lTyxN
;SJfeFpiw+EntPjkpT4MH9GDeBIh6PBWfr2yozU2n3GVExzZ+gPyQUckeOQVL72f4RUtxKe89xDoXbSV
;42DLR8P1X1iLopLyRySL1KU+DO9CJR7FBzz3E4jtIoPltpqH4/VYrr1U0iHnVVuEFa3tf4EFLcQX/CZ
;jiO0ig+W2mofj9ViOvVTSMVZ0SjW2LpxvAJQvN9ec1qA47jLDJWbsQZP1eT68BNSnt8RLBbSPH89h5Y
;50dB2GQLgtgoKFIMqn0/TpLr1SQkHX1NvXAMsZPOCETmfW3BaQ6P4yAyUWXEED9XkuvDTUp7fU+3RlH
;t/PAZVvNWd9hgOI7SKD5baah+P1W269VNIxVySL1DYuLM/x5S7VZsx2Y4mNMlNVNT3Q9aCvWKpRIsEn
;hN0S09gbuRfTfqTHjHaQu03yYyWWnLCGAw/I+lIiMVYFLRLT2Br5F9N+pMeMdpC7TaIC5EeKh+PlWI6
;9VNIxVySL1DYvLL9BFb8H1r3WA4jN05A1FlxBA/V5Lr8E1Ke31Pt0ZR7fzkDlLcTnfAYBS01ScDX2XP
;FGAx94WmJD4CS0ajRlmBoZB9JIMiHsdrE47OJTNUZ8ESWAr3hbQvJh4UI9EvM4GjkRRF7Ex3wGI4jtI
;oPltpqH4/VYPr1U0jCXtPuEFa3s7+E1j3TXDHZmfpvElONwyoFlon+bSxKCYPdX6hXVTv1/QPN4EiHq
;UFZ+vWLC5cU80SXjf+jtVPS3sDIdEvV+TR+iJR6lBt2loLisUsLmhpxh1dOffr101KYRQh0UlU+fz5E
;kXxS3zCYDiezywDWHzNEmA3+5+mTUh7FD3RLz3twugYRdxKe8diD5/jKDhWfNwVSTDNjrssKBdxIdMv
;PZqjkX1b4lt73FoUg9klMERTxw5bMOC0uj0+EnlIq0o9g6ORUjeDInLPfAKZ4zooVn7cI086+4WhEjk
;YdVO3cFfuyv8JaOJOcsFyOILSJzlFU9sUWjn+69dMSkoUIdFDXPjG4yJE90Ns2loXhNUnKGh/yx1NM8
;2BuiQkD0tAo0BI78fOGFn3S2zLWhSD2SUwNw6ofBZVkuu5LDMeZn6iW1zz184NWOpMavF2BIrOLwNdY
;8ESSwrxhLspIw99Tr9OUYGhkH0VgyIewmQejs4WL0Nt2ghgJf2CuzkVCHFAvHBY5cT0IlTmTGrLd2fp
;vEl+NwyoEF4s95mKPj4aZlWOX1LozeUiROZDc/FoCJ3ZFjVZe8kOW1WQ69VuSnsUTbBWWPP84glW8VZ
;B3moOhcgWL1JtxSNROs2Eoyg4E3VPtlw9g6KRVDeDInLPfAKZ4zooVn7cI086+4WhEjkedUyOQVLv/O
;ESW/pFccBaEY7OPTlPDKp8P32S69UhKwJxU45cSeDR5SJH7Etw2loUjt0kA0VpxB1LPOSOij0lCH1Vu
;EBTgaGRfQSDIh7DZBO03yYyUT33GlY584awIz4kZ0SlW1TvxOIiWPVHbNxsA47jOjBeb80jTDDmn7wj
;LQgUI9EvDoGjkRBW9319wWsB2eMvNVttxRlRIc2YsDk+EnpGonBS98bjD17nR0HdaQ6I2RYvUnjcFVE
;y4evXTUpbFCHRSVT5/PkSRfFLfMJgOI7EPTlZf8EKWgrhn7w5KRN9T7YvP4GjjH03g0R31loPhM47NV
;VgzSNKO/uEuxIlDXFTvU5N8cb1fTWDIgiuBWeG0y05W1PYDlo2+5iwEjAkfES4SFX1o5N9N58iHq5oC
;I/VLzVSfvcPVzD+h6YSJx5mRrRwTeDR9BNDgyAergtn67wnM0NT2x1JMM2YoSw+HhQj0C8ggaORG177
;fXbBdxWC3iU5aHnGFVA7zYq5IRUPbVG0cFyBoZB9JYMiHt1uDpnIFjpYfssZYDD8irchL3sWIdEjPYG
;j4hJb6kZBzGoTn9MkXDUNqHU/VZKYuiEjH0tVvl89g6KRdzeDImnHdQK0yCYrUn6ofj9VjOvVTSUVeF
;iOQFPk/OIVUu9OQcFrOJ/TOQNEedoaXjb3mNVPSnsCIdEvUvfG4xVW7UVB3W0Ch9A6A1JiyR5TMJLp1
;U1qexQhvllY88vwE1DcUXbLaQuY4y89WVPbDFow9rSwIysZeETRLT2Bu5F9N+xUe9x3Do/ZFjpeYMkR
;WjvmtLAjKxl4RNEtPYG6kX037FR73HcOj9kWOl5gyRFaO+a0sCMrGXhE4y8/gKOJfTeDUmzLdhSeziw
;DVmjeHVE297SwIysZeETgLz+Ao4l9N4NSbMt2FJ7OLANWaN4dUTb3tLAjKxl4ROMvP4Gjgn03g1Jsx2
;sTtNM5OVlT2xlYOPeFoT5KeRQhyy89gdPjFFn3fW7PdxOY4zo5RnnNElwwzYSnKS8JFCPRLxOBo5ENR
;epMast3OIjTJzpoadAITSD2jqd8FRhhUqVAUN7T4xRZ90N8wmA4mdkuNVhiqH4/Vbzr1U06CX1PpUpP
;3sD+E1HcR2badxKP2TtuaG/dD0s6/7SlPyMVYECzQ1je0fQaXuxMHqwFZ/K8SVxHfsESSzDgtLYiJB1
;LTLBMVejN9CJV5k5qrgdn65FJXDd82hVRIfeZii4lFXJ+vE5e6cr/GGjgV23aagq0zDs1WXjBElgK4p
;m8IjgSYFjRLT2BjJF9N/NQd8BxApnjKjNZavcRXjb6grsoFRhhUqVAUOjZ9CJD7E1yxmAGj+MsMlZux
;BkOVZDr1WJKexRRo0ZT9cbjIlTsTHjxaAaI1CAyUlPLCUwh/Ya8Ny8kYE6+Q1XkwvUiUu1DfMJgVeu+
;SVwSDKh8Tyf7haEoOCR3Tr9JYuzC8hVe7UdBymQTiuMqM1l4zRJLCvOPsU1IehQD0S898dH4E0PmUEH
;NagmN4yQ9VGTBEloK9oqhLBUdfU20cFzlx5F/NoMTHq4FF5nVJyhSfvcfUDv0tLgsKRN9T7RwWPnX4w
;hT5lBB3XIOn98hA0BtwQhgPfeKoSQkHBQj0S8dgaORDUXqTGrLdziI0yc6aGHJH1c8/I6KKysVS0K+Q
;UnzzP19NYIiNq4FZ5vOIDJDadojXDr8jYogKxh8SL9KYufK4xBA4lB78XcCn84oP0NlxxI/V5Lr+E1K
;e2RTuEFJ5NHOHljtREHDZASD1Sc5aGrBDlIi85mwEj4SeUSOSk71yvwcQ+pNcK4HZ+uWSVw3fNoVUSH
;3mYouJRVyfrxOXunK/xho5EFxymA4juMkKVt4wQxTLM2NuSI9exYh0Qc9gaPhD17tVnvcWgSE0i8DWm
;3LFFY797SyLiUfcX6lR0jswf8cXu99f8phZ+m8SUE3DKgMTTz8n7A/FRh7T7dwUODA+RRZ5n12y2QTt
;N4sODcOqXwfVZLrpT8jFWBEo3Be7s33IlriQXbHawK01S05T1PbBUwh94bVT0p7PSHRL03zyv8JUvF9
;fcFrAbTRKD9fZcYZYDr/gqESOBp9UrRbUvTA+SJU7EZ7rgdn655JXDd82hVRIfeZii4lFXJ+vE5e6cr
;/GGjsUHfJbAm03ywyQ2nafD1Vks/VTUoLZki/W1jz/PISWeV9c89mD4LSLANHfscRTyHNnqYoFQl1R6
;UvP4Gjpn03g1Jsx2sTjs4WP1hiziNSNPGDvCMvJGRTvkJN9fzkDlLcUH/IcTiPyTkwXm/JCFY6/LS4J
;DgJe1PRLT2BhJF9N/NQd8BxApnjKjNZavcRXjb6grsoFQlxTbBbVPfGzhhP91Br3WwIhbxLXDc8qHw/
;JeCCuzkvCUtCvkFb3s7wHl/qTHvxdwKY2T0DUlPEGVEy5oOKISsCcVOOTFXgzfYYN4EiHoEFZ+vMOzV
;ZeM0OYDb9hbMSJxp3SbhBWN7V8BFe50Nqy1oXmdUnKF5izyNPJ/uEpyQ+AhQj0C8ygaORD1blVkHFYA
;Kb4yEzW2nbfD1Vkv/VTUoJdUelcFL3xuMPXudHQctrBonQLFw1DKhqP1WSmbQrPiRnVKNJXOLGzhBY7
;U1qwWsOiLxLXDcRqHw/M/uTiiUlCWZIs0NY3tb/FFjtfX/CaTifxTk5aG6ofj9VuuvVTTgeYFOwTEno
;zP8iVvVNd8paEoXSLD9Sf9sdTSzNgrsSOQ5kUb5dSbCjk303qyIerncCn84oP0NlxxJgNOSEvCkVDnp
;PtExY8tDwD07cS3DxdhKbzCYuQz6ofj9VievVTTgeYFOwTEnozP8iU+pRf8xpArTdPQNEeMkOS1WQ69
;VYSnsUU7RbT+DA5RRY7X1wwXE4gtI6NVNpqH4/VYXr1U04HmBTsExJ6Mz/IlP2UHfAYjic1Tk5Bgyqf
;D9CkuvVPy8PZkCyW1Tuzc4ZQvFLcMlaEILMLG43Dqh8LlWS66coPgl1QqVGUu/89BNW4U57rgdm669J
;XDd+zQhNNPGfvCIkJHFPsE1R5PyjfTWCIjquBWeZ2T0uVm/cFVA7zY67LCgXcX6zSlvu0fQiWPZWe9x
;aFIPZJTA3Dql8KVWS66coPgl1QqVGUu/8/RxO5lB9xmQJjNlJXjYMsXw/VeCOoT8rGGBIvkFi5M3wH1
;vmfXHbcRSC2CxcNQyoZz9VkpmwOTgad1W4QFPe2fkSR9xNcMJ8OJjTJTVTPah+P1WJ69VNOB5gU7BMS
;ejM/yJN601u8WoJh8UWL1hgwRgNVZDr1VZKexRSukZP9fz0BUPmUHDPaTiY1CwwW3/3GlYn4Z/VT0p7
;ACHRL07t0M4cWe1Hf8JsCYzjLDJWbsQZP1eT6/RNSntnTaJwXu7N5RJC8X1/wnECmdIoKF56zSNbPOC
;OtjkjFHoh0y89oaORfUTvUUHNagiH1Sc7aG7NGGAh94alKDgaYFSjSmL2wvgJN4EiHpwFZ+vPJS9ob8
;cTUzz8jIouMxd9T7VKT97P/gpS8X12y2QTjs4WKFJh2BlNNOaepygVDHVIpS8/gaOjfTeDUXLdWgSE0
;yU1WWv3H0Y5+4WxKDgkYVGhSk/ey/QcQ+ZQQdpgCpvZOz1DedoZYCLzgqFNSHsUDNEvPfLP4iJU7E1y
;x2sAtNAsOkNTzhlaMc2DsCw+HmZ+pUpQ8cbjHEP2UHvxcgaCyEleNwyCfD9V4YemEikUe024QVre0/g
;OQ+xMQcZgBp/ZOwNDacUMWifzn6A/LyRjQLhbPYOjkVM3gyJtwnY4iNMmMF5izyNNPPWDoRIsHnFFjk
;dY4Nf0D2j3R3PeYBWKyDwuUlPfHVYhkunVTVl7FCGiQ07exPANaOVLcsJaAoXdKzBSDKp8P3WS69U+J
;ghLRrJAWeT89xRb5kx/w2A4jdM7MVZ49xlRNPCHsE1IexQ70S898s/iIl7tRHfCaTiM3TkDUWXEEGAw
;/Iq3IS97FiHRGz2Bo+IRRNxLcMhsC4fjJClbeMEMUzDNmLYsJBV9T7ZwXu7W/wlo4k5qy3cJisggKlJ
;TyRJYOffr10xKbBQh0VxR8vz8GEXkR0HBdQKF4zo5UGHNEksmkunUTV17FCGiQ07ezvQPUOZ9cdhgFY
;fdOQNHbdoITFWQ6tVpSnsUUr1cYu/K5Q9Y5Edw8XUVhMgsP0NlxxJgJf2YoRIpFHtNuEFagaGRfSmDI
;h7daRS00z85RX/BEksw4IK7KhUYe0yhSlPywuUUWO0iHK4FROu8SS9bf/cMTTD6jrQ5IxVzfrNKWd7X
;9BBH5lB/2nAVjuM+PV54qH4+Vafr1U05F2d+oV1Y6cbwCV7tRUHNfAuC0i05RVPEE0gw4LS9KCsPcVO
;OW1js0/QPVvdXbMtaEIrVPVw1DKhJP1WSmLk+FQtmRLlKXPXK/xpo4Ftyx2sDjs4WKUd8zQ5gPfeKoS
;g4JGBEvF9Y88LlCEXmfWnPbBPrvklcBwyofEw54bSlPy8TcUClRlPm/P0YUfd9eMtgA7TULD1DadojS
;zD/m7A/Kw9hU7RwSuDK5X01gyIzrgVnmNA6A0d+zRRaNOaCuyoVC31SpUBT3sv0HEPmUEHaYAqb2Ts9
;Q3naGWAi84KhTUh7FBDRLz3yz+IiR/FHdstkE4LSLgNFZc8USwr0jrApFRNxQKVKT97X9BBH5lB/2nA
;VjuM+PV54qH4/VYnr1U05F2d+oV1U79fOCVbwSUHCZAWO0BY5WW3KEFpVkOrVbEp7FFK9XGLx0fgTQ+
;pMefFnAo/jPTlafM0OXiHnmbASPRp9VdEtPIGQkX038E5t8XUVgtI9NVlr9x9GOfuFsSg4JHhOpkpP3
;sv0HEPmUEHaYAqb2Ts9Q3naGWAi84KhTUh7FBLRLz3yz+IiR/FLcNpsCYzjKiVbZcYYWifNnqU9LwlL
;SbROSeTRzglS7lJ73GQTns4sA0BtwQg/V5Lr+01Ke2dNonBN88r/CV7tRUHCYAGf4y85Umj3FFo05o6
;nEj4eeVG0XVz11uMYaPRDd9oFZeu8Ylw3DNsQTArimbwjPhJ6Ro5fVPLX/hNo60d/2mAVtMgsMUdp2h
;1LIOCOijorEmAh0y89rqORfUTvUUHedw6FyCAyUFPaFVg95rSzKC8fS0m0Tknk0c4JUu5Se9xkE57OL
;ANAbcEIP1eS681NSntnTaJwT+7Kzg9S5EtxwFoUiN0nA1tt2wg/V5LrxE1Ke2dNonBO6cr0EVPcR3DP
;ZwuOvEtdNyWofD8m/piKPj8JckCySmLyyvUYaPdHZtpwFY7jKjNbY9ojUTrghrQhIwFxRdEtPYG8kX0
;38E5t8XYSmdooP1JT2xVbMM2fsDU+DmZEjkpT4MH9GDeBIx6NBWfrzyUvaH/dDlk08Y6KPiMfcX6lSk
;X11uMYaO9LecZxApnjPCw3Dql8GlWS66YhOSRnVKNJXOLGzg5e50dB2mAfn8k7OWhj3QhMPPaOiiIkF
;20h0y89oKORfUTvUUHabQKZ0SgwaGnGH1M64Z6nKBUZdVK0cFjvwvMRUoMgHq4kZ+u8OjBEU9wUVjvN
;nLQhJiRwTqRNUeT8/RRZ5lFBy2sGidAsXDUMqEw/VZKYuCwmF0tAo0pc3tD+EV7nfXfAYw6H0BY6W2P
;fI1w6/5uwIzkaYEi+QWLkzfAfW+YiHK4Fcuu8SS9abcQQYDP3iqE4OB5nfrRBXOPP9H01gyI8rgVnmN
;EoMFtTzhleIeeZsD4VEnpHuENR3tHwCV7sfXvAZAWH2UleNwyOfD9V4YS5JC4kcki9Q2Lozf8YRdxAb
;MdhAILSLgNWbscKWgrhm7Q/OR4UI9EvIIGjkQ5Y70t68WwJjdUlMGhuxwhLOv+0uCIkFGBOv0ZegaGR
;fR6DIh7daguC2BY1WWrBEFMK/IqnPyUMS1O0SFTuzc4IROZ9fcFrBI7SPS5eb6h+P1WI69VNORR4SLV
;wVO/F+BFb3FZx3loKhNImKFhiwR8/V5LrzE1Ke2dOvUZZ3sr/G17vTkHbdgK02ygsaGrBEFNVkOrVRE
;p7FFKhRk/gz/gHUoMgHq4bZ+u8OixefskQYDj9j7ASOhpgSY5GU/XG4w1Y70Nqx2oJ675IXCAMqHxMI
;OKbuj8+JHVFsF9J6NX0IlLtQ3zCYGfpvElSNwyoD0ol4oSnORUeekCzQ1iBoZB9IoMiHt1wF5vTOyho
;acYaUCfxjqcSJRV4WNEtPYGOkX038Fdu3moVn+MgMlFlxBBgIOGOiiEjFXFSjkZT3sv4Gl/cRnvAdg6
;fxRY7RWXMfD1UkvLVTUoIYVGhQE/1/PwSU+pEd8t3OIzZJzlFbdwZP1eS6/JNSntnVKFfUvPXzg9S4F
;B7z3ECtN0vKFJ+9xFQMfuNvCg4JHZOvkNY4M2RfzeDPB6uBRSezDkzRXj3D1I0/oeKKyYUdVW0S2Lnx
;vAJQvFHba4HZ+ukSVw3f90MTzrgn4ohLxp/WI5MUu/N9B5D6k1wrgdn669JXDd/3Q5ZNPGOiiAlH3F+
;tEFc48/0fTWDIjuuBWeYyTs6Vm/NI0w89o6KOS8DYFSjSmLizP0SRdxMcdxoBofVMzlTDKp8P06S69U
;+PwlyQLJKYvLK9Rho90dm2nAVjuMsMlZuxBk/V5Pryk1Ke2dUo0lc4sbODl7nR0HaYB+fyTs5aGDBG1
;ch95mKODp7FiDRDj2Bo+IIReVDfctaFILYLANDadAISif3tLo4Pgh9RbRwUu/P6H01gyIFrgVnmMk7O
;lZvzSNMOv6CsRI+FGR+vEBT7tf+E17gIhyuBUbrvEkoUmHYGU005p6nKBUZe1WlQFDe0OQPUeJBe/Fg
;CYreJTk3Dqh8KFWS66EoJwtxU7BbSPPGzhFe8FZBy2sGidAsXDUMqHA/VZKYpTg4CEtEv05f7caRfze
;DPB6uBRGE0DwxUnjaFVwK4ZuwKC4kZ0y+QEnp/PQTVuFOe64HZ+utSVw3acYdXTn3tKIkOh5LVb5YWP
;Ojk303oyIernIOm9kWKFh7zQ5gM/uTsCkVC3tSuFtU7s3OGFniQHLLBWXrvGxcNwzfFU8wzZ+6Oi8JS
;02+QE3y/PQcVOt9e9ZxFZ7YLC5oacYdXTn369dNSnAUIdFAUvvGzg5f6kdyygVl6rxqXDcM3xVPMM2c
;tCEmJHJOo0xY5fzzBGjwS3DJaQK02TEoRXnMGU1VkOvVQkp7FAW9Tk71h/MPXu59atd1Auu/TFw3DOc
;JSzDg6/dNSnswTbBcSaXQ5A1H7FBq8WEChc8sA1N5yRBgMOqfpzg5EntP0SwxgaORPFvvAnvWcRWe2C
;wuNyCofD9x/oqmOW4fcU+iSmLy1uENWPFWQcdrAYLQJQNYedwQVjv3mIooMg9mVLVKT4GgnX03g2Nyw
;iUCk8g7KVNp2nwnVZLr8SErCGAFolpN8czjCWjnR3DdYDifxTk5Nw+tfD9V3oK7KDl7ICHRLxntwuIJ
;E+dObvFnBpjZFjBWdc0OYDT0n7A/FR5sUb5cSPPGzg5S80Nsz3EOhNIWO1RjzBk/VpLr1U1KQxQh0Qt
;R4NDlWVPvUkHMZBSO4yU9TmnaI14z5o6nEi8DZE6iWk/k/OIYR+JQf9psCIXjLj9YaM0jTyf369ZNSn
;sUIeQvPYGH/RxE9wZ6wnU4id06OWhgyQVaJ82JsCslCXF+tFdN7tDkD1LcUXveZBWKyCAzWVPPH1Ax9
;+vWTUp7FCHoLz2Bh/0cRPcGesJ1OIndOjloYMkFWifNibArJQlxfrRXTe7Q5A9S3FF73mQVisggM1lT
;zx9QMfe0pT8vexch0S89gZKRfTenTn/dcUOP0DkDVW3bGWA585KwPxUOZFG0XWLxzPgTQ9xRe95kFYr
;IIDNZU88fUDH369ZNSnsUIeQvPYGH/RxE9wZ6wnU4id06OWhgyQVaJ82epT0vCUtRvkZT9fziGEfiUH
;/abAiF4y4/WGjNI08n9+vWTUp7FCHCLz2Bh/0cRPcGesJ1OIzfJjhSU80SW1WR69VNSns0IdEvGe3C4
;gkT505u8WIEhNgsA1J03BlNO/OHii4lFnlAv0s9gqORfTeDPR6uBUOH3TooE2jEDGAy8YSxKBUdfU20
;QVzsxs4bWPFPf9oFZI28SVxMa8sTWzDNjbwhLxV1TLRwSujX+RJC93171nEatMckPVRkwRJaCuaSpSg
;VGnZDo0pL6MLlFFjtX0HVaAaf2Ts1VmD3El4497S0LygJcVe4TknozP8AaPhOf9dgFbTULDVQZNwBUj
;iS99VNSl94QKJbGeXP4SJQ4E16y1oLisUsLmhvwB1RMvfr1k1KexQhyi89gYf9HET3BnrCdTiM3yY4U
;lPYE0wh4pm6Li8IZyHSLz2Bo5FoN4MiOsJkFJ+YLTBHU88fUDH3tKY5KwlgIdIvPYGjkWI3gyI6wmQU
;n5gtMEdTwBleIc2IoD8jFXN+pUZQ5Pz9FET3Ih2uBWfrvGpcNwyMEF4m5s+xITokfU+/Sk/ewP4TQ+x
;XbPFqAY3PLChoYMEPS1WR69VNSnsiIdEvGe3C4gkT505u8WgOj9glOWhgyQVaJ82KszkvCUtEqV9S8t
;bjGGjwR27Pdwaf1SYyaGvLE1swkujVTUp7FBvRLz2lz/AOQ6dGct5aCoLYLTBSU8QdRjDgtLQrPh5mf
;rRXTe7Q5A9S3FF73mQVisggM1lTzx9QMfe0pT8vexch0S89gZSRfTenTn/dcUOP0DkDWmXMGFMwzYe0
;NC8JS0O0SVLzxs4YT/NNbdt3ArTPLCxWfskIVjr8tLIuJR9xIdIvPYGjkUY3gyI6wmQUn5gtMEdTxRV
;bMf6OiiErAnFTjk1Y58zjGGjmWm7BdhKZ2RYvUnzJDl4h+4S7Ei0Ye0W0cE3zxpF+N4MiHq42Z+u8bT
;BWf9xYWznitLgkLh94RI5DXPjG4yJC81J73FoXhNUnKGh/zQxeJ/OfvCIkJHNCvktYgaCRfTeDIimuB
;WfP0CgvQyjMEE8K/4KxKSYeS02wVljz/OQNR+ZQQd5qDoXIFi9SfMkOXiH7hLsSLRh7RbRwTfPGkX43
;gyIerjNn67xtMFZ/3FhbOeK0uyI4FnVNjkNc+MbjIlblVnvcWgKTzCYvQn7NI0ww4oqnLD4Se0+OSF7
;ux/R9NIMiHq4FXeu8SXhbbdsIGzH+m4ojJQl5QL1wUeDa9A9o4kRqy3c4jsQ5M0R52hlgJvebtD8rD3
;1Ov3Ba4sz1GGjzUHuuBmfrvElcAAyofBs585ihaS4XZH6/QE/swv0iW+Jbe9xaBY7aJi5SU80ETzrhn
;qcoFQhxUbBdXPXK/hNo5EFxymBn6LxJXDcMk3w/VbaHtD4+X3BNoXBT7tH8HFvcTn/XYBW03iw6WH7N
;I1ot4oSmODgeS1K0X1zzwuUUWO19ec1qA47jOS5SDKt8P1WS6+ZNSnswTbBcSaXH/Q1o7U1sw2QLtNA
;oJVJ+9wlPJfeZij0lEnpVjlxY8cLjHEPqTXDxYgSE2CxcNAyofD9VpevVTW4XdVKlC1nt084TWPFPf8
;JaC4rFLC5oedgMWifNm7okJA9LUrRfXPPC5RRY7X15zWoDjuM5LlIMq3w/VZLryE1KezBNsFxJpcf9D
;Wj2VEHNcBWC0i4DQ2XFGWA5+5ihTUl7FCHRLx+Bo5FZW+JRaophC5vjPj1EZMESWAr2mawkJBxLVbhC
;WN7P+A5DgyEergVn66dJXDcoxB1MIbaPuT0VDHVSuUZT5vzlFFrmfXLHdhPrv0lcNwyoWT9Vks+5LDk
;PMESpW1jzzfARaOBNccJsCYzjLz1ZU9sMWjD2tLkkOQ8UItEvPYGjhX03gwZyz3YTz9ooMmh/2BlaMc
;2HvD4+excz0S89sJihRgW4EC6VMFzYiXJkDDmYfBlVkuvxISsIYAW3Rk/y184RVvpHbPF2CIfVLQNeY
;s4VUznNm7Q5Ph5mT9EsOIGjkTFe7Udtrgpn67xtMFZ/3FhaO/bFsi4lH3Eh0jc8gaPcTAe3Ak2eJVyO
;xD0uQmjNDh8994qhKDhbe0e3JXCwl6FdZLMCJcZgBp/ZLXxVacxcVzDzn7A/ahRyR/EHVOeD6BJCo0p
;/2GBHgshgVnA1mVwEJ/eHtDkjDXEBoUBO6Nf4ElnqTXCkQlbL+WRtF0qbTA91stCnKD4JdUKlD0npxr
;EbXu9Dc8trE8vdaT5eeIgeWjP9mbBtJhJyVbhBWqHX+RgX7U1k1GkCx5w9Mxd+zRBaNOGO9T4lFnEBv
;kkd9cv0XUfxR23dcBWOtg5tF1aDTQ9118bgbQxCJBHhDwbszOcYF9kCa94lBoXYaS5SeNodXCGyjbwh
;KxZxT6UPWPfG/11a7FB7pEhf35xyL0Np2AxaJ+HLuissewQh0S8Z7cLiCRPmTHqcKwCI0y05Nw8tfD9
;V39nnfGovJAGCHg2xqdxPBbICSp8lNNqMeVZ6PZhIHwGiy4Z9QDYlEeUPabCDwk09zhMqniU027YEbQ
;c7ojsGZJis5G0PViUBlxwNsanWTBfZCS6AMEeukXx8byGaTB8Mv9nlbQwAYFOwWVjt/OINUuZGY6RCV
;dOcEWwXVZh2cm2m4ZJ0ensIIdEvGe3C4gkT5EFxymA4jsQ9OUViyRBgNv2GuCwkHxQi0S89gaOKfTeD
;BnLPdhPP2TEoRXnMGU0K4Zy8OSkTOkayQFnko5J9N4MiHrUFZ+uYJT1EeIwbXDr2joorIxdxT7BCWN7
;F/g9a4lYerWJn67wyO1RjzBlgM/uHsCMrFnF+pkZJ6czkCWjmWmrTWhyG3So0XmLNI0ss4o6KLCgZZk
;SnRlz1yv4TStxZeMdpBobZJyhoYskRWgrzibc/Lw19QKVGUu+S7CJM70Nny3c4g9kgO1941RFSVYrr1
;U1uF3VSpQtR4Nr0D2jgSn/AYgLF2yozU2mofz9VkuvVWkp7FAW9Tk71h/YeWOdHQd5qFJ/MOzNUadsP
;P1aS69VNSm0UIdELUeDQ5VlQ4E16y1oVjswsKF54wRNRVZHB1U1KQGZEoUpJ6Nf4ElmjRX3BYQLh+3B
;uF0mYdgQn95uwOSMPfU6/D1rizPUYN5UiHq4hC4rPPXhFadwOXjbmgrojZBx3TrVKPYKjkX03gzMerg
;VDh906KBN/3B1NIbyMtiIuHhQiJy49geSjTBe4T3vadw6InD89W3nNDzUSq9v1disZZ069Wknkg+ESR
;OpWd8FrDoXbQxEPPohHTDDmy7A1PglhRbRdHfXMsRxV8E1y23ECy9EmOFIG5U0PYrLQpjkrCWABpkZJ
;6YPlFVKjRH/AJQiN2kMbBTSIJA91y9v1dicUYkTxdxLYg+USF+5LcI5gCY/PPTNHf6I7DW2yseVtcRZ
;7V7QPZ6HX/l1a6kw+y2sDmMgmLEQG700fD6Pe+31qPS0R4R8dus7+C1KjVnbLJReH3T06WH7FXFs65Y
;X1fH8WeSvbaASzg9RNF7hYe9xqR5/ULHxSdNwOSjH3j/UhLxVzVbklN8aTsSUDsAJHnDJHrY55bAcsi
;EdYOrKfum0+E3EBtEta5IP+Gxf3SnuOZwKPnEMbDj6IJA91y9v1CHpbL1K0Wx37xuMSF/dNPsthAI6c
;JjoXeMAZHzf3j98KeltSGOEfDaH5oF0M2QJr3iUQgsghfAZhxXZ4ZLKt5316W04R8RRnocv+EFKjUXL
;BcguStkMbBizyTQp7osuTdHpLJAHqQlL3xrEJX+YCbsJkE43TOzEXaMcLUXWj3rggQHFTEPFpBLGToV
;0M8FJ7y2FHmNk9KF5iz3Z4bKDLkGB5Wy9TtFtP4MDlFFjtKFOfNFDL7Ds1WXjBElh7vMXVX0p7FAW9T
;k71h+IJVvFWLIBiBITYLFw0vKh8PxKg2t8Kc0sebOkdN8ySoUo9xBAmjl1Xy+V5VnA+kFxlZZis5G0Q
;SiEP4Q97spOhd2OyKFmXN0eujEMbBizuTg9lsq7kfUA8LRPxag2L5KBdcbESLo5ASpDOLChFbcsIVjr
;8tLE4KxdLQLxASO/X7HdjsyhZlzdHroxDGwYs7k4PZbKu5H1APC0T8WoNi+SgXXH4VmzPcwKH4zosUm
;nMATUYo9ribRoJfU+lRlPmjb9TN5QiHq4hC4rPPXheYs4VUznNirsqJh5LTbhcSYGgkX03gyIFrgVnz
;9AoL0MowRJZPP6Hiik/Gnh+tFdJ89biFFjtIh2iBWfr/SUwF2nQCE0g9o6nTV57FCH1Q1zy17UUWeVL
;csJaF4rIPTlFYqh/OVWS65I0OBR9RdE6PYGjtRFW8FY6x3cIhdUnO2h8yQhLMOCF1U5BexQhg0pe9cr
;9FFnmQ2yuJmfrvG0wVn/cWFM0646nEjkPdVOlcE3uyv8JaPBBf9xjOIHTIDJDDKt/P1WSqrkhSlgUId
;ELUeDQ5Vlb4lt73FoUn907KGh8xxVRIc2YsCwnJHdOo0FY86OSczeDIkzLYwuOxAYudGPGClotkvzVT
;UpfeECiWxnxz/AJUexQc/FkA4PZOjVYYqh/O1WS64csLA8UAdEvPaXP8A5Dp01oy3cPitIuA0RkzRBT
;Js2YpSgvH0tNuFxJgaCRfTeDIgmuBWfP0CgvQyjYHUom97S9KCMcfFWOQ1Ty15F+N4MiHq4SZ+u8bTB
;Wf9xYTznzn7MiOBZLQLVLVPXK/hM3gCYergUphNIsXCsMqHwbOfOYoWk6CXFSolpP5PzwGUHiTH3LWh
;OSzCxtNw+tfD9V1IKtKC57CCHRLxntwuIJE/NQe912EpnZFj1TeskSXDDNn6w9L0kUItQvPYHl+AVS5
;yIHrgVnz9AoL0Mo2h1ZIc2PoCwmJHFZpV1I8sr+EzeALh6uBSaH0Gk5T3jaCVsw4OvMTUp7ME2wXEml
;0fAbQ9xLcMhsC4fjOT1DeM0OUVWR7tVNSjd9T7RcPZqjkX0T70Nt2iEVjsg7PVR4wRNRCuiDuj0VD21
;RtB49gqWRfTfNTWzDZAvrp0lcNyjEHUwhtpmwOTgad1W4QFPe2fkSR9xWZ95gVeu/T1w3DOYTTTjzh9
;VXSnsUBb1OTvWH4hVS705BymwVjt89NVhi9xBWJubr1k1KexQhyy89gYf9HET3Bm3FbBWf4y0pVmD3G
;Uch4J6mJCUVFCLdLz2B4v0RF+ZaatxwA47OSXI3DKhYUzThn/E+JghLQLVLVPXK/hNW7319wWoLgtIu
;A19pwRtXIc2fvCAvJHNTsF9VgaC3fTeDEjCePlbTjHlsGTyTTw97otDkdXpLJA/hFA6xk79NDLUSLp4
;1Sdu8VFw3DIwQXibmz6YhOSR1T79KXO3K/xpo4Ud68WIViswhXDQMqHw/Vbrr1U1uF3VSpQtO7dDOHF
;ntR3/CbAmM4yolW2XGGFonzYe6Oi8JS0ajTk3po5J9N4MiHoYFZ+uYJT1EeIwPUybNirsjLxp4SL9IY
;uLa/RRZ50ds8XAXm9k7A1B+yQxXVZHr1U1KezQh0S8Z7cLiCRPwTm3xZAmF2SgwXmLPI0884Z+6IxUc
;ZkChRz2Co5F9N4M7Hq4FQ4fdOigTf8QPYDTmhro+OhNxU7RwUO7H9H00gCIermQOmbxjXDcMjBBeJub
;PpiE5JHZOpVtS7PziCEXlQ33LWg6F2iAwW1PJElg597S5JDkPFCLVLz2Bk6pEB4M/Hq4FQ4fdOigTf8
;QPYDb9haEiPwlLU7RfWODXzhBY50cerQNn67wIHnRN6j8/bZLr1WkmGmdV9VxR8vzyEljvS3DJWgaNy
;CwuaH7NH1A05oK7KhUPcUyhSk/g1+QPUtxWd8NgOIzOKCxfDKtqP1WS2ux9ZEsvEf8fBrCToVMHuBAq
;njVJ27xvXDcMjBBeJubPpiE5JHdOvkNU78TOH1LnfWrLaBeOzigoQn7NI1M84Z/VTk17FCHhAQ26kqZ
;NN7siHq4hC4rPPXhEYNsjXDr9h7wjLSR3WL1GU+XG4yJb7FV73FoPjt09OUVT3BlSJfeZtDk/CXF+vU
;ZO9aOSejeDIi6ANVzajXlcDwyofBs585ihaTkXZ36yQFLtyv8aaOBbcsdrA47OFilHfM0OYD33iqEoO
;CRgRLxfWPPC5QhF5n1yx3YT679OXDcMmFIPbqPd5U15exQh9UNc8te1DlvwfX3BaguC0i4DW2nOCGAz
;946xEiIedVW0XWL1xvwNUvFDatt3ArTQIC9DDKt7P1WS2/t9cUogEdEKPYGjtRFW8FY63WkUtN8mM1t
;lxhtgOPuFiiErAnFTjltU7MbOEV7wVh6tBWfrvElsNwyoWFM04Z/xPiYIS0K+QFHozfYiR+pRasFrOI
;PZKChSfvcIWjjijqcsPg5mRI5DVPLXkX4wgyIenitX0I1/bDcmqHw/cf6KpjluCHhSjkxS7s/4E1DcU
;nHdcTiY3ygyWWXGG2Ax94e0NBUXfVKlLz6Go5F9B60SJZ0rV+uVSVw3KMQdTCG2mLk+FRh7Tr1GU+b8
;4Q9S3FF9z2sJgtIuA1NpxB1GCv6CpjlKeBMh0S8Nr5OqThmzIiquBWfP0CgvQyjbEEwK8YS6ISMVc36
;jRlrp184bUuZGQcZgBp/ZOwNDacUMWifzn6A/LyR4SKJbPYKkkX03swwulTRT27xhXDcMjBBeJubPpi
;E5JHdOvkNU78TOCV7uR0HaYAqb2Ts9Q3naGWAy4IqlJUp4AiHRLw2vk6pMALMMLpU3U9uMZ2wMPZhME
;WWS9dVNSl94QKJbGfLP4iJQ4lJByGwLh+M7OUdpyQhgOP2PsE1JfRQh0W58w+HSPjecIh6uIQuKzz14
;RGDbI1g2/Y+wEiwSeES/TlDk/PcSRe5Daq4GAeu8SSdQb8cYWgr0grkoJBp5RI5YVPXL/ghD3Edm2ng
;4kNEoP19lxhlgIeubsBIrGXZTtFlU4Nf4Eln+fWXDZBOOziA9W1PGHVIwzYq3LzgeYkiwW1TuzewiTO
;9DZ8t3OIPZIDtfeNURUlWr69VNbhd1UqULTu3QzhVS4lZ3wGI4idkvM0Vp9w5aNv2KoSQkHEtVtEJN5
;NHwCULxR0HabAqO4y4uVnzAfDxAkuvVfnpVJBrhAQ26kqZNGbMZL5w1V8WMSUc3DKhYUzThn/E+JghL
;SL9JVO3PzhxZ5E578WkOmMhJXzMMqHwPbqvb1WhKexQFvU5O9YfiEUTcS3DIbAuH4y49R1POFVM5zZm
;wPS8aYH68QFnko5J7N4MiX+9HJaj/SUA3DKhYUzThn/E+JghLSL9JVO3Pzg9S80d/2loKhNgsXDQKqH
;w/FNOplw4Jewoh0S8Z7cLiCRPwTm3xbAmN1SUwaH/LHVE7+4WyEicUcETRLDiBo5EQWOdHcq4mZ+u8b
;TBWf9xYTDnhtLwjJB5mfrJAU/XM5A9o7ER43WATtNAgL0MMq3w/VZLr+U1KezBNsFxJpdD9DmjzTWnK
;YBW02iw5U2XGG2An/Z+0OSMUen6jTknozM4QWOdHHq0AZ+u8LzVPacx8FlWS6/EhKwhgBaJDTt7T4xh
;f5kNqx2sAtN4sOGh4zRFPMOCKoTg4HktNuFxJgaCxfTeDEjCePlbZjGdsDDmYUg9uo9zlY3pAJRHhAQ
;26kqZNGbMiJa4FZ8/QKC9DKNsQTArimbAlLxpgSL9IYuLa/RRZ50ds8WkInNk7A19pyQhaJ82fsCA6H
;mZApVpP5Pz9FET3Ih2pBWfrjGdsDD2ZTD9ukuvVaSYaZ1X1XFHy/OEPUutHf9psCYzjKiVbZcYYWifN
;nqU9LwlLSbROSeTRzglS7lJ73GQTns4sA1tl2wg/VpXr1U16VSQa4BkNgZWRfTenTn/dcUOY0DoDR37
;NFFo05oK7KhUXcUelcFvkxvUiX+ZDast3OJ/ZJCxSfskISif3tLkkOQ8UItYvPYGTv00MshYuri1n67
;xtMFZ/3FhMOeG0pT8vE3FApUZT5vz8FFncTn/XYBW0yCAxUlPEFUwhkujVTUp7FBLRLz2lz/AOQ6dRc
;t1aF5nZITlWeMESWArigqY5JRVLSbROSeTRzglS7lJ73GQTns4sA1tl2wg/VpXr1U16VSQa4BkNgY6R
;fTenTn/dcUOY0DoDR37NFFo05oK7KhULe1KlcE7iwv8TXu1FQcpgC4rFFjBef9x8PFKS69V9ZEsvEv8
;fPa2jkX0T70Nt2iEUh88WLEVpwBleIfuFshI6CXF+okxc7834E1DcRnvCZB600CAvQwyrez9Vktv7fX
;FIOhHRGD2Bo7URVvBWOt1pFLTMOzlfackIVjv1tKckLRNgfrdKWOX8+RhW90ds8XEChswsLlZ43Q5aC
;v6CpjlKeBMh0S8Nr5OqTAOzIjWuBWfP0CgvQyjbEEwK4pmwJS8aYEi/SGL1yvwYaPdHc95gFYrIPC5S
;U88OXiX669ZvSnsUEf8fBrSTv00MshAunitX0I15bBk8k08JZaLF5XZ7TCQP4S8agaORWVviUWqKdgu
;Y4zkuXmLcFVEyzYmwKRUPcUyhSk/g1+QPUtxOd91xZ+i1SVw3PIZMBGSl2/t9SkIUIdELUeDQ5VlE71
;FB3ncOhcggMlBTywVTPPyPsD8VF3tWtF1i6cbwCVLxfWrLaBeOzigoQn7NI1M84Z/VTk17FCHhAQ26k
;qBNN7oiHq4hC4rPPXhEYNsjTyf7haEkJBxLQqhDVO/H9A9o9lJuy3c4g9koKFJ+9whaOOKOpyw+DmZE
;jkNU8teRfjCDIh6eK1fQjX9sNziofD9x/oqmOW4IeFKOX0/ozeUUWeR9cstjE7TaLDlTU8AZXiH3mYo
;5LxZkRKNOSfTR9CJb6lFqrgZg67xJbBk8k00LZZLN1U1KX3hAolsZ8s/iIkfxS3DabAmM4yQ1WVPEHU
;Yw4LShJCceS024XEmBoJF9N4MiL64FZ8/QKC9DKNsQTArimbwjPhJ6Ro5fVPLX/hNo60d/2mAVtMgsM
;Udp2h1LIOCOiiEjCGAh0ig9gaOhUwe4EyieBUzrvEl4W23bCBsm/piKPTgSelW4QVre0/4OQ9xRfc9r
;CYLSLgNTacQdRgr+gqY5SngTIdEvDa+Tqk4ZsyI0rgVnz9AoL0Mo2xBMCuKZvCM+EnpGjl9P5PziHlb
;tTHfAYjiP2SU9TlPEFUwhkujSTUp7JA/hFA6vk5FIN4MiOsJkFJ+YOjBEU9gOVjvmgrsqFQl9RrlbYu
;fG9Blo60d/2mAVtMgsMUdp2h1LIOCOiiEjCGAh0ig9gaOhUwe4EyqeBU7rvEl4W23bCBsm/piKPTgSe
;lW4QVre1/gQUtxWe8N1ApndPSlFafcbTTTig9VOQ3sUIeEBDbqSpk0ZsyIArgVnz9AoL0Mo2xBMCuCE
;vBI4HnNIvkFi8sDwE2juTXrLBWTtvElcXn/EHVExkvDVTUpfeECiWxnyz+IiROBDcMBsCYzjOjlGec0
;SXDCS6NtNSnt9T7dGUe2d8hJZ901r3AV067xJeFtt2wgbJv6Yij4vGnl+pVZN5KOSeTeDInDBawLro0
;lcNyjEHUwhtpi5PhUIfEi0Q1newv0aWPFLasZoOJ/FOTk3D6p8P1XE2tVvSnsUBb1OTvWH4hFE3FF2x
;2ALj+MgMlFlxBBgNPyMuSgVF31SpS8+hqORfQWxFyWdNFLrkElcNyjEHUwhtpi5PhUPfEi/cErgz/0i
;U+xXfMJgOIfVJzlEU9oZTzDzn4ogJR9xIdIpPYGj0Dx1wWFdri5n67xtMFZ/3FhMOeG0oSUjFUtWsEN
;R3tD4E1DvR0HCbAmO4zs5R2nJCGA4/Y+wTUl9FCHRbnzD4dI+N6QiHq4hC4rPPXhEYNsjSzritKY4OB
;11QrRwVO/F+BFb3ENwyWkCtNAgL0MMq3g/VZLb7nR6ezsh0S8Z7cLiCRPwT3/CaTiKziw9aH/HEFYxz
;YK7KyMXeH63Q1L2/PISWvNHcN1kE4LTJ1w0V6h8P2Wp2+59ZEkvEf8bCbWXqk0ZtxkugDNW34lybBk6
;k0wRYqLe7HZ6VSwa4QEKt5KoRgatFyWeK1/ei3hnBTeYUgdtqtLufnFLOhjjHAy6lqpNGboXLJ4+Vtu
;HeGc3Eah8P3H+iqY5bgh7TbhLYujN9xRb731/wGILjuMlNUR4qH85VZLr4XhxSicU0TU9gaO1EVbwVj
;rdaguC2BY1WWrBEFMK4oqhOS8JeiHSKj2Bo90UWeZRHo8FZ+uYJT1EeIwPUDn7j4okJB19Tb1wTeDX5
;RhF7X18wXEThNFJXzIMqHxzPPyOpk1WexQh9UNc8te1DkLzUnHccTiPySgwaGnQCE0g4YK6I0p4GCHR
;L3ztz7EYT/dQa8pgFeujSVw3KMQdTCG2mKA9OhRmVY5GU+fK/RFo4kx5wmA4h9U6KDcPq3w/Vb/f4E1
;sexQh9UNc8te1DkLzUnHccTiC0i81W2D3E0oh/oK7KDkkcVmlXUjlxuN9NI8iHq5EC4ecLCRDft0YWi
;eS+dVNSl94QKJbGfLW4Q1Y8VZB2nwXjrxKWTcMqDBWO/eY1VtKexQFvU5O9YfiCEfzTWzaWhSfzigoU
;mvRfDxRkuvVGTgecSHcLz2Bh/0cRPcGbdt1F4TOPVw0Bqh8PxDkjqc0PRNxU7QvFIGjkVlb4lFqinYS
;mdooP1JT2xNTPPa0tyI+D3tMjkZT58r9EWjzQ2raYBWFvEpZNwyoMFY795jVa0p7FAW9Tk71h+IIReV
;DfctaFITQIDhoeMcMYDz8jbwhJiRkQKVbWPPNkX4ygyIe4mwJjs9JRjcMqFhTNOGf8TkvFmREo05J9N
;H0IlXmRkHCbBSfvEpcNwyofCRVkuvxISsIYAWlSlDxxuMcQ/ZQe/FpAo3IFjBef9x8PFWS69VNVnsUI
;fVDXPLXtQlS7lJ73GQTns4sA0VlzxRLCv6CpjlKeBQh0S89laORfRPvQ23aIROO0TkwVnjNI1E65o6m
;TUl7FCHRLyiBo5FZW+JRaopyDpvZFihYe80OYDj9j7BNSXEUIdFmU/XG4xFW4Ed6rhNn67xtMFZ/3Fh
;IPOKOijklDHFTjlxV4NP0fTSKIh6uVwKIyCgyUGDNfCtVkuvxISsIYAWmRk3k/OYcW+99c8FhAuu/Q1
;w3DOESSzDgh7QuLx8UN9EvPaXP8A5Dp01x1GA4mNQgOVto9whGJffr1kRKexR2sFtY8+XwEVuDKx6uB
;QWZ1SQDQ3XYGT9Wl+vVTQUOYESjLzCBo5EeVvdHecF3HrTSKDFSDKtNP1WSu6ckJA9xU+NwfM/mxSJ2
;u31OwnAUtO4ZFQNT+zdtZs2isSgrFnVKtF1i0dH+G17vRx6/BWfr3ygoUmvHDkYK/Iq4KBUTcVnRLPm
;Bo5FNB7YSLp4yVduMf2UHPJ45D2Wl3+V9fE4kEeYdDbGQo00HtmQunjFW24x9GQc8nEkPZaff5X1/PS
;QR5R4NsZCpTQe2ZC6eMFfbjH8fBzyfSQ9lpdjlfX89JBHkHQ2xlqFNB7cbLp42U9uMfBoHPJ1PD2Wmq
;eV9f0kkEeIcDbGW100HtxsunjNT24x/aQc8nk0PZaSv5X18SiQR520NsZWkTQe0EC6eMCHbjHxsBzyf
;Tg9lpK3lfXxNJBHnFg2xldJNB7UXHrIFZ+vPPCxHY9oIYDH3haYoFR9hQL1wWPnX4whE6k1wrgZr67x
;JHVtgiBlHIeCesSg4ezIh0S9Z5M3iGGjwV27eahWf4yAyUWXEEGA655+5JCQeZ360V0nz1vUYRYMhEq
;4FZ6rQJXxSdNwOSjH3mdVfSnsUUqRfTe7R5SJT5kxty1oTkswsXDQJqHw/GfuFsD5KVRQh0UtR8fzzH
;ETmfXLPfAKZ4yg6Q2naI1ot4oSmODgeS1K0X1zzwuUUWO19ec1qA468Slw3DKh8DVWS67EhOiR2QKJK
;Yu3C6BhF3EN42mAVtNkxLFh/3Q5aCuGOpSw4GmBIvkFi5sD+GVLcUmzLBWTrvElcNyOofD8x/puKLys
;IcX69TkTk0c4fUuVNbMtaApPMJi9Cfs0jTDDiiqcsPhJ7T45IXu7H9H00gyIergVU67xJOFt89x5eJv
;e0uSwzHmZ+s0pb7tH0IlL7UnHdcBWO4zo5R23aHUs8/YWKKikUcESOX0/ko5J9N4MiHoUFZ+vYJSxob
;skPWgr+iqwoOCRhUaFKT97T/hRZ931ty3UGmd09NVhi9xtcOvaO1U5KexQh0QA9gaP1EUfcQH/dYDiH
;3TA5RVPdDE8w4LSlIiMVYH6iSk3g0fAJXuxMQclmCI/ZFixFaah/P1WS69VASnsURb1fYubA/hlS3Ed
;wygVk67xJXDcWqHw/Mf6biiopFHBEjkpF9cbjE1bvfX3BaAqK0i1cNAyofD9Vi+vVTS4XZH62TFLlxs
;4bXu9HcM9oArTaJi5abdx8PDOS69U2LRh7RbRwW+jP9BNW7kdB2WwTg9M8KGhp0AhCCumGtC4iEnpEj
;ltE8cbOHFXhUHvYbAaf1SYySlPTEV4h95m8LCYkekC8SmLgwfMPUvVLf9psCIXBFidbbdEZTQr6jrwq
;Ig9pTLwvK4GjkRlb8315zWoDjuMlPU5p2iNcPfOFsihKeBQh0S89lKORfVPvUkHJZgiP2RYsWH/cDE0
;68Y6mPkp4FCHRLz2Oo5F9U+9SQclmCI/ZFi9DbdoIP1aS69VNSmIUIdFLUfH8+RhW931923cOhdsWKF
;5hzSNTPOGf1U5KexQh0TI9gaP1EUfcS3DAYBW03yYyQ2PdDmA69I2mKD4keEiiWz2Co5F9N4MSHq4FA
;4fMFjFeaMwQWgr+iqwoOCR1R6VKT97G6Q1Y8Fdsy1oUjswoLlZ4wRNRCvWIuikvexch0S89gZeRfTfn
;Tm7xaA6P2CU5aGDJBVonzYqzOS8JS0SpX1Ly1uMYaPBHbs93Bp/VJjJoa8sTWzDNm6coSngUIdEvPbC
;jkX1T71JBw2wDj9AsA1tt0RlNCvCOsyI4HktEqV9S8tbjGGjwR27Pdwaf1SYyaGvLE1swkujVTUp7FB
;TRLz3lz+EiWupGesJgOIfdMDlFU8oZWTrgjoooMgt7UqRdWN7Q9A1W8UNqx2oJtNsqM1Np9wxNMJLo1
;U1KexQM0S895c/hIlrqRnrCYDiH3TA5RVPdDE8w4LSlIiMVYH6iSk3g0fAJXuxMQclmCI/ZSV83DKh8
;P2SS69UpJgtLTLhLWe3GzhFW+kds8XAXm9k7A0djwRJLCuGOpSw4GmBIvkFi5sD+GVLcUmzLBWTrvEl
;cNzyofD8x/puKIyUJeUC9cFHg2vQPaOJEast3OI7EOTNEedoZYCb3m7Q/Kw99Tr9wWuLM9Rg3gCIerg
;Vn37xJXFNg2CNROuCGtCEVF3VYtF1i4MXlGEXcR2beahSeziwDRGnYHU005oK6IxUcd061SmLx0fR9N
;IMiHq4FVuu8SThbfPcSUCf/irkSJhptRKNwX+TF/g9S3Edm3moUns4sA0Rp2B1NNOaCuiMVHHdOtUo9
;gqORfTeDFx6uBQOHzBYyWH7FHVMK/oqsKDgkdkS3QE/k/PQFR+xRa9xgOJjZOT1FbdwVUDvNjLYiLh5
;LUaNKPYKjkX03gw8ergUDh8wWMlh+xR1TCv6KrCg4JGFRoUpP3tP+FFn3fW3LdQaZ3T01WGL3G1w69o
;7VTkp7FCHRHj2Bo/URR9xMcdxoBofjJT1OadojSiXijqcSOhR9T6VwTuTT8A9W90txwFoAiNMtOWh82
;hk/VpLr1U1KbBQh0UtR8fzkC2jgV2zHawC0yCAxUlPEFUwhkujVTUp7FD3RLz3lz+EiQOJRdsdrALTY
;OyVeYs8jSzz/joohIwhgIdIvPYGjkWg3gyJ6wnU4nN06NF5izyNLPP+OiiEjCGAh0i89gaORYjeDInv
;WcQKZ0igwaG/HE1M8/IyKKysVS1KhSljl/P0URPciHa4FZ+u8R1w3DM4dUQrhm7AoLiR4SKJbPYKxkX
;03shkulTdc2YxyaQw/nUcHbqfb1VxKexRHuENc7Mb/CWj3W27LWhSfzklfPQyofG8Z08vkY31OeUzRP
;T2Bo/cUW+JPe8BxOJ/FOTlof9wODVWR4dVNSitYYPEeE7aW/BA3oyIermMOmc89A1tt0RlNCuGEuSQu
;JH1Pt0ZR7fzhHEP3R2zABWTuvElce2XGGUxVm+vVTS8VcA+2TFLlxpF+L4IiHuM0V9+cGmwXN80ESyf
;nj7A/ahNxQKVKT6HM9xs9zhMqniU025xyNFJt3BlbdfCOsW0iHnVVtF0d7sX3XR/qRD7XahLL1CgqUi
;zBCBZf1dLkbXEJcU2wW1T3xrENWPBLasdqCYLTJ1ZwPYg5EmSyreZ9els0GqNKSfPC8gkX90p7jmMOh
;90kOVl4iB0fN/uf9S8vHXtTtA9R6MXlFFnkAmrGYEeF0zMmW2mEXEs6spmwIS8aZ0TxXFLsxrESUaNW
;dsslF5nZOi9Cfs12eGSysf58eltRDOQPe7iToU0XuE9x2GBHsZw8LBdtxhgfJ/efpywpDzRHuENc7Mb
;/CRfmVHvAJQqEzixWejScXAQm5o6lPS8JZwG+SVuBqZF9N+ZMepwrAIjTLTk3Dy18P1Xf2ed8ai8kAY
;IeDbGp3E8FsgJKnyU02ox5Vno9mEgfAaLLhn1ANiUR5Q9psIPCTT3OEyqeJTTbtgRtBzuiOwZkmKzkb
;Q9WJQGXHA2xqdZMF9kJLoAwR66RfHxvIZpMHwy/2eVtDABgU7BZWO384g1S5kZjpEJV05wRbBdVmHZy
;babhknR6ewIh0S9a4sz1GGjmWmrLdwmK0BY/WGHFHVExkujVTUp7FDTRLz3k2+UPQudHbPF2EILIKjQ
;Za8sTWzCS6NVNSnsUNNEvPebA/hlS3ER3wmAJitEsA1Fj2hFeIZLosk1Ke29GskBZ5Pz3FFvmTH/DYD
;ic1T00WHncI1ot5paKNicad0m4QVje1+gNUtxDfMx3Ap3VKCheY8YBYC70grksJx56VY5BXOzGzhxV4
;VB72GwGn9UmMgZx9wdTNOuOpxIiHn1GuVtA7M6RbzeDInLPfAKZ4yo0VmLPGREy8YSxKEp4FCHRLz2Q
;o5F9UOBNestaF4TPPSxFY8sZTCaS6NVNSnsUMdEvPebA/hlS3FB73mATgsggM1kMq1Y/VZLQpyg6HmB
;IpUZS74P2HljnRxTpPFXL+XlWDH7NDFoh+5+8IiRbc0K+S1iBs5F9N/FHatxkBJ/VJjIZa8sTWzCS6N
;VNSnsUKtEvPfLX8A9DrUV9wWEC67+/XTcM704OdamGsDk4EncBp05R9Mbid3C6Ej6VZAWY0yUpQ2mID
;FAm+5+8IiQSekbbYgWzg6oOUvcCe9ZxFZ7YLC4XeMdcXjfhhLk4Ph40TL5LWIvuoE0Aoxlt2mQVn5w+
;NUNkiAhXMLKNtCNqFHJH22gPuYPJTRfaEj6VaAid2WkEGFWICFB1/4K7bS8VcFKlQE3yqdZPD6N4Lo4
;+CoTKLHxtLNwTHzj7hfUoJB9nVb5fTovkoF1tshcwniUh0ox5bBc3xRNJMLKfvShqC3hApUlS886xGV
;j0TD6fMAqGtkMbDj6IOQ91qZGwPyVbYEm0D1j51+MIU+ZGPsJgCYzIIVY9S5hcZ2Ghy4x/fVtSE+EfD
;aGDqhpYo1ZxjnEPjpwsOFBpiBNZdeaDsG0oHnAB22gEs4PJTRfaEj7rNUfQzywoF3bNDlB15oT1KC4c
;cQG+SR31y/RdVeZGFOk1R62FeWwHLPJNH27Iy6A9agx9VbkPDOzOmzoGo2QsnjVHsYxpZ20swBNSMLK
;YuSI9F20r22gMofmgSBmzAliXNVfbnHIxWHrNXEs998ulISsPck6jQh3lzOYTF7IXc8MPbayNaRoOPJ
;hMH27hm7AoLltnRKVbVO/EmzoOsQJbgzZH0M4sKEVtywhWOvzhmHx7TDRxo0ZT9cr/GhmtDB6iBWfrz
;z09RXiaUlg2/Y+wTUnLFCHRaA+wqdZEB4lvJpwPKtqMflZwPpBcZ2WysuVHDUksAYsfN8aSsScGtgwu
;jkNU24xDCAYG70UNddfb3wp7W1IT4R8dxJKhd3C6ED7rNW2sjWkaBTyYXHp46ZmwOTgad1W4QFPex+Q
;cW9xDc8FwCZ/BQwgHBu9FDXXX298Ke1tSE+EfHcSSoXdwuhA+6zVtrI1pGkx42h1JMP60pj0vHnBc22
;IMsJSxLUXqTGrHawDFkmdcPQyofFg2/Y+wEj4CZETRLDuBo5EvUvNwf94Fduu8STtUY8wZYCP3mbwrM
;yR3TrVKPYK7kX0383dRllZfg9AdPkQ75j5mAd+hgi4yKikc0T49gaP4E1HqTnLxZAmM0CwDW2XbCD9W
;kuvVTUpuFCHRRlPnyv0RaOdXf8JaApPIOylEZccSP1ae69VNCxd4AbRXSfPW9RhFgywergUOhdogMFt
;T2B1LIfeZu01JfRQh0WhE88z4GTeMIh6ubBWE0iAyUFPYHUsh95m7TUlwFCHRfVji1/gRXu1Hf9wFeu
;u8STBWdc0OYCbmiqc5FQt7SL9bYvLA8A9R3Ehxx2sT679KXDcM6RBTVY/r1U0mGm1Eo3BO9cLjCWjzT
;XfAcTiY2SgxaG/HDlEw4OvWQ0p7FHO0SVHk294PdOxMaMt9Z/O8SVxabdwjXDr8jeQSLBJ4QLxKU/X8
;8w9W7UYerQJn67wbPV5/zU97VY3r1U0nGmB+skBT55LOG17vQ3PLaxO02CAvR2DJBWA784awTUlnFCH
;RdG/gyuIYBMd/Pv53AobVPDEXXOQ9H2S83OAgJ3sIIdEvUODXzh5Y7UQv8WMOh90kOVl49xtcOvaOii
;gkHxQi0S89gaOPfTeDT3/aWgSE0i9taGrBEF4494WhEi0Ye0W0cE71wuMJN4AiHq4FZ/y8SVxabdwjX
;Dr8jeQSLBJ4QLxKU/X8/xxa5iIdpAVn6+wFHRc9hksKOP/r8U1Ke3lApXBe7s33TGjlS3LPaAKFyBYy
;VmHNI1438JmwOyMaYEi+QT2CoJF9N9NuX64dZ+u8JD1DU8sTUTOjtLMkJhp5RL9bYu/M5RhEgyEergV
;n66FJXDdhyQhgNv2Fs3wVHX1NsEJY79fODUXqQXvxcAmCyElfNQyofHQykvbVTUoWdVWOTFLvxaAiUe
;pOf8NgCZ/jOjlDeMESWAr7j9VObnsUIeJND7Kb8hkDrkYmnmRK348rPxo0zUVZeKDTtHUoS3ZC6Ulcs
;qO7fTeDT3/aWgSE0i9taGrBEF4494WhEjkeYFW4QVry/PcUW+JPe8BxOInOKDJTDKt7P1WSubQkOR4n
;ZdEePYGj/BxD3EFxwGNWtNogMFZhzRJLCuGOoTkjFXNSjklU7cL8GFn3fXrHdheH3TADWW3FGT9Wjuv
;VTREpdUiiSg7F/rEtReZPd9toR7vwCHwGIp9JUjiSxdVNShZ1VY5MUu/FoCJR6k5/w2AJn+M6OUN4wR
;JYJs2NvCErFnFPpXBb6M/0IlniT3uuBm3rvEkMe02ITRFip4a4TWR7FCG8TknewP4TUbJ9eMdpBobZJ
;yhof80ISzz8jKYSLBJ4QLxKU/X89h5Y50dBy2sD679JXDcMqEw/VZKGtDkVGHtPtx5i58r9HFrmTGrx
;dgKfyCAyUH/3GlY584awIz4kc0K+S1je0OUcRfciHa4FZ+u8blw3DMUdSwrxhLsreyRySL1OUOTN5SJ
;E5lZqx2sAmOMvNVttxRlRIc2CsU1JXxQh0Rxfs5CpHlO3D3qWNQbGiHo+VCGQGQYzv9ntLHIZJEOyF1
;vgkJFUN4Mic89xOIjTJzoGU84VUzT/jrs5FQhxVaVGU+bQzhte70Nzy2sTtNIoMVIMq3Y/VZK7mQxqS
;joW5EJQgZWRfTfuQ2rxZgiF2ngDUWXEHVIw/J+KPi8PYEi/SE7exfgRVu5HcNpaCYrRLANWbsoOWiP7
;iqEkJRUUItIvPYHz3Tw3qSIermgGn+MqM1lqmSNZPP6KuCgkD0tStFtJ6M32DmjlS3LPaAKFyBYyWHj
;NDz9WkuvVTUpmFCHRQlz1/PISWeUTQchsC4rRLDJDU9wZXD38hLkiLQIUItkvPYHl+BFW7kdw2gV/67
;xJMVZ49x9QO/TZiisjF3VMtEFJ3sHjHFnnIh2pBWfr7ig1RGmbOD9KkuvVICsPS0K+QVuz/PcUW+JPe
;8BxOI/VOixbbdEjUTT/jtVOVnsUIYp9XOjQ9E5z3gJO3GAKgskkfGdA6VwOe6XeuCBKZxQh0UJc9fzy
;ElnlEEHIbAuK0SwyQ1PPH1Ax97SwIy57FyHRLz2BvZF9N+5DavFmCIXaewNRZcQdUjD8n4oqKRRwRI5
;cSeDR5X00gyIergVw67xJMVZ49x9QO/TZiisjF3VMtEFJ3s3wEFKDIRSuBWe78Ah8BiKfSVI4ks/VTU
;oWdVWOTFLvxaMiUepOf8NgCZ/jJz1aafcdXTfgjqMkKw99Tr8vPoKjkX1nz2MetgVn69EoKGhvxxJZZ
;82NvCErFnFPpXBT7tf0DjeAIh6uBWf2vElcWm3cI1w6/I3nEiwSeEC8SlP1/OEPXuBHQdtrDp+8Sl43
;DKg3WFWP69VNJxpgfrJAU+eRzhte70Nzy2sTtM8sKENlxhtgPPbr1mlKexQSsx0OucD1SRrnGi7PKFP
;Y3ipxD2mRGhJnqortL3oZdxm3Tg6BiZF9N+5DavFmCIXaewNRZcQdUjD8n4o+Lw9gSL9ITt7F+BFW7k
;dw2loFmd0nODcPr3w/VcCKvD4vSFAh4C89gc7wCWjgTXDINziN1SU9WmnGCGAm95+hJCQcZ363RlHgz
;vQTQ9xGd911C4rFFjJWYc18PEmS69UWGBp9UrQcedyDwQ9S7ktrwyU3p/1pbRk7nRFSVbzr1U0nGmB+
;skBT55HOG17vQ3PLaxO0zywoQ2XGG0wK9IK5LCceelWOSVTtxs4TVu5HHq0PZ+u8GRB2LJlSCGD/htV
;jSnsUTLBbYuLM/xsF3ER3wmQKjtI9A0Rp3AhWO/WYiisjF3VMtEFJ3sTyElPmfXvAYWfovElcNwyYfD
;9V/4qhEikUekfjcFvoz/AQUu1WQd1gE5/VJztEU84VUzT/jrs5FRx3TrVKYvLX8A9DgyEergVn65tJX
;DdhyQhgNv2Fs38VHX1NsEJY79fODlL3VnfAYhS02iAwVmHNEksK+4/VTm57FCHiTQ+ym/IZA65GJp5k
;St+PKz8aNM1FWXig07R1KEt2QulJXLKjuH03g09/2loEhNIvbmhqwRBeOPeFoRI5HmBVuEFa8vz3FFv
;iT3vAcTiF3SQ5Nw+ifD9VwqeUbXtVIxS8Qj23o5F9WuJWQc1qCY2OFjpeYMkRWjvmtKYoPg99T7ZcYu
;fK/Rxa5kxq8WsGhtkWPVVu2hlJPPOfvCIkexci0S890e/QfR2DIh7DZBO03yYyUT73GlY584awIz4kZ
;0SlW1TvxOIiUepOf8NgCZ/jJzNDadt8PFWS69VNV3sUIbxOSd7A/hNRsX14x2kGhtknKGh4zR9XO/2H
;uiozexcp0S89x8r9HFrmTGquFGfrvDkwVnjOE004zYqxJS8IfU6/Lz6Fo5F9ZeJEaq4fZ+u8JipSfsA
;dUTLNmL0oJhdnfqJfWOTHzhFe8FYerQVn67xJTTcMqAxeIOGOiiUvEnNJpXBR6NDlfTSDIh6uBXbrvE
;ksW23cGlAn/7S0KS4SYEi+QT2Cp5F9N81NcMsFceu8SSxFadsPSif3tLQpPBp6QrRwSfjT9Ew3gCcer
;gUhgsQsODcaqHw/JeCOpj4/CXF+sEtL4M3yGGj3W27LN2fouUlcN0rBBFoxksnVTUoLZki/W1jz/PIS
;WeV9c89mD4LSLANWYfcIWjb6hbohJRxtIdIsPYGj1ztxgw8ergUXmdUnKFJ+9x9QO/S0uCwpE31PtHB
;e9NDlElrqWHvxcQiE0CE5Vmj3El4499rVTkh7FCGFHz2so5F9R/FLcNpgFbTfJjJRU8UdXD37hbASKQ
;5nVb5CVPvGzglY7E52y2QDtNIoMVI+qH89VZLrgXxKXxQh0V9P6M3lGEXcQXHAYziG3So0XmLNI1k8/
;oq4KCQPS0+wQljekpF+PYMiHv5JJsuNZ2sCYcV8G1WS66U/IxVgRKNwXu7N9yJa4kF2x2sCtNogMFZh
;zRJLCvyKuCgVSRQi2y89gfPdPBeyDCmbaArrnklcN3zaFVEh95mKLiUVcn68Tl7pyv8YaOVLbMNyBpn
;ZFihOfM18PFKS69UGJhJkUbRdPZ6jkX1H8Utw2mAVtN8mMlFTxR1cPfuFsBInSiQR4HBe7sf0fTSDIh
;6uBXjrvEksRWXGCFonzYi6IywkeUCyR1Tvxs4QBrMSLPFmCI/ZSV83DKh8P0qS69U9OBJ6VbRdYuLM/
;xto7kN9xmwJjuMkbgc8mCNcOvaO1U5KexQh0Q49gaPhD17tVnvcWgSE0i8DWm3LFFY797S6Lj4US0C1
;S0/k0OJ9NIMiHq4FR+u8SSxFZcYIWifNiLojLCR5QLJHVO/GzhJU901Bz3UOgNkwXDQMqHw/Vb7r1U0
;6CX1PpUpP3sD+E1HcT3/NbQ6F2RYzVHjHI1M04Z+KODoXe0C1cFvuz/UYRYMhHq4FZ+uZSVw3fNoVUS
;H3mYouJRVyfrxOXunK/xho8Uduy3EOjs4WPVNo2hlMJpLo1U1KexQF0S898dH4E0PmUEHNagmN4yQ9V
;GTBEloK4I6lKD4ScVOOTk3oyPQEN4AiHq4FZ8O8SVxHfsESSzDgtLYiJB1LTLBMVejN9CJF5lJ72mwC
;meMlPUR49xtNOueb1U5KexQh0QU9gaPhD17tVnvcWgSE0i8DWm3LFFY797SnKDoeYEi0XWLx0fgTQ+Z
;QQcBkCo68Slw3DKh8IFWS66U/IxVgRKNwXu7N9yJa4kF2x2sCtM8sKENlxhtgPPbr1mlKexRE5EwI4p
;HyRBq6ESmcKFOJhXBxDzSdSxJkpNjnenxDLUC1Sw2BupF9N/NQd8BxApnjKjNZavcRXjb6grsoFQ9tU
;bQvPoejkX1R701u3nxnzbxJXEd+wRJLMOC0tiIkHUtMsExV6M30IkP6UnvxZAWJziwqXm3cFVA7kujV
;TUp7FC3RLz3x0fgTQ+ZQQdp8F468Slo3DKgaUzrim6xNRnsUIaFdUufK/Rho7UNzywVk67xJXDcfqHw
;/J/ONoRIuDnVNjkpF9dHkDl7sTB6tCWfrvAgwWyzNBEsn54+wP0poFCHRXVzn184UWeVLcsJaF4rIPT
;lFYqh/OlWS65kkJB5nIcQvPYHR9AlF4kFqx2oJtMYhM0dT3AVPMKPr1ktKexRvvl1Q4M+RaDeDImzLc
;RWK3z01WGL3Blc64rShNDoeJiHSKT2Bo98SRe5Dcq4RZ+u8OjRSYMQjWzzgjrY5IxR6fr1GTvWjkn03
;gyIeugVn688iNUV49xhKNP60sDU+CWFSuEBTgaCdfTeDY3LCJQKTyDspU2nafBdVkuumITkkdUW1Rkn
;ozP8cW9xBccFpDoXbFjRSZc8USwrmgrgoFRxmQKFHPYKFkX03swwulTRf24x5cgc3m0wRZana7X16Sz
;oR6hwNsY2hRgGzEi6eK1frq0lcN3/ED2A0/IWwLCYSekaOTVjl/PYPVvNKHq0FZ+u8SX43DKgPUybNi
;rsjLxp4SL9IYuLa/RRZ50ds8WkInNk7A1B+yQxXVZHr1U1KezYh0S9O7dDOHFntR3/CbAmM4yolW2XG
;GFonzZ6lPS8JS0ajTk3po5J9N4MiHrQFZ+vPJS9obcYSWjT+grsqFQt9UqVAU97E4xxH6yIdrgVn67x
;aXDcM2xBMCvOfuCI5C3xEo0pi7Mz1GDeAIR6uBQaCzkl4NwyoD1MmzYm6OT4UeX6iWk/nwvIYaOpMeM
;dpC7TdJztbafcQVibm69ZJSnsUEeoWDYG0kX038E5t8WYIhcgmKUVT2hlPMPOfiiAlH3Eh0ik9gaPQP
;3TCYF2uN2frvDowRFPLE1A5+4WyEisdYESjcE/kwP4cQ+pMefFxAobMLC5WeN0OWgrmgrgoFRxmQKFH
;PYK1kX03shsugDVc25J5ZwY8mFIPbqDf5X1kSxQB0S898s/iIlTsTXLHawC03iw4aHjNEU8w4IqhODg
;eS024XEmBoJZ9N4MSMJ4+VtyMSW43DKgPUybNiLoiJhJ6Ro5MRO3K/xlS8X1ywXICmeMhOVZ4zQ5gIf
;eGpSg4GmBUo0pi7criCTeAJR6uBVfFjHJtBjyoTj9Vkpi5PhUYe069RlPm/PIEW+pMest3OJ7MOTlFU
;8AZXiH3mYo5LxZkRKNOSfTR9CJb6lFqrgZg67xJbBk8k00JZZLG1U1KCHhSjkxS7s/4E1DcTnvIcTiN
;2Sw4aGTNHUsw4LShKCcLcVOwW0jzxs4RXvBWHq0CZ+u8eXIHN5lID1WN69VNORdnfrJAUu3K/xpo7kt
;w8WkGktk7A0NlxRlgOfuYoU1JexQh0S8XgaORDlvwfX3BaguC0i4DR2XbCFA7zYOwLD4eZn6lSlDxxu
;McQ/ZQe/FpDpjISV8wDKh8D3ui0OR7enswIdEvTu3Qzh5Y7E53wGI4m9M6KGh/yx1RO/uFshIuHnhAq
;HBR6NDlfTSEIh6uNUnbh3pyBwyLfD9V4YemEikUe024QVre0+MYaPBBf8BrDoXbFjhSYMkFYDn7mKFN
;SXwUIdEfE7GYolMHgwwergUUh88WP1hjxBVRMs2ZvCoiD0tHtEpZ3sv0HEPmUEHaYAqb2Ts9Q3naGWA
;5+5ihTUl8FCHRHxOxmKBJB4MAHq4FFIfPFj9YY8QVUTLNn7wgLyRgRLxfWPPC5QhF5n153GQXg7xKSj
;cMqEwRZana4n1kSy8T5R8Nr5OqTAezDC6uHWfrvDowRFPPHU8K9IK5IRUJcVG0Tknezv4ZUoMhGK4FZ
;6r9Cx50T6hlP1WSmLk+FRx3TrVKYufK/RhZ4k978WMImdEoKDcPznw/VemMtiIuHktHuENY78L8GGj0
;S2rGahKf4ywkQ3H3B1I08YO8Iy8kYFihSmLgwfMPUvVLf9psCIXBFidabdwZTTzzh4ojKxZxfrBNX/P
;G5xRW90txwHg4kNAoJVJ+9xRaPPWDoTAnFhQS0S898s/iIl/mQ2rHawC03iw6WH7NI00w8YS0OSMVc3
;6lSlDxxuMcQ/ZQe/FxDobZFjtFbdgUP1aH69VNeUs6EeofE7GYoEoHrRIlnzdX25J5XCIMqHxMOeG0v
;CMsEnhNjk5T5s/0IlvqUWquBmPrvElsDDWYfCBVkuumITkkfU+3RlHt/PYcR9xEd8JpOJnZOTlWePcR
;UDH369ZLSnsUYJBtf8LgkWs3gyJtwnY4gtIvNVtg9w5aJfeKoRInFHBE0Sw7gaORPHbBYF3tBX/rvEk
;vW3/3FVEz+4e5EjkYdU+/RlPm/PwSU+YiHasFZ+vRJjhSYKhhP1WSmLk+FRJ6T7RdYuLM/wlY9lBBwW
;MBmNk9A1tl2wg/VpLr1U1KXRQh0VxR8vzhEkDnR2zxYwKO2CAyUFPaE0s05oK6IxUJdVW4QGLszPUYN
;4AnHq4FAYLELDg3L6h8Pyb+mIo9OB58RLBbVO/Ezh9S531qy2gXjs4oKEJ+zSNTPOGf1U5qexQh4QEN
;upKjTRmzGSueK1fQjX5sGTyTTQ9lvNvufH1LOhHRGj2Bo+IRRNxSbMttAorIIDJQU8sFUzz8j7A/FRd
;7VrRdYunG8AlS8X1qy2gXjs4oKEJ+zSNTPOGf1U5NexQh4QENupKgTTe2Ih6udguY4zkuUmTNHUs8/I
;yKLjMXfU+1Sk/e1uENUvF9dstkE47OFihSYdgZTTTmnqcoFRd9UqUvPoajkX0HrRIlnzNX64xJXDd/x
;A9gJeCOvSgrD31PtnBR5MXlIlHmR3rxbQKKyCwuaHjNEU8w4IqhODgeS024XEmBoJZ9N4MSMJ4+Vt+M
;SX43DKgPUybNm6coIh51VbhBWt7O+BNo70Nny3c4n9UkOWhgwQ9LVZHr1U1Kezkh0S9O7dDODUXmSnv
;PcQ6F2xYsXn/cE1EK+o60OS8JS1W0Qk3k0fAJQvFHQcJsFJ+8Sls3DKhMEWWp2uN9SlwUIdFcUfL84Q
;9S60d/2mwJjOM5M0R49w9cNPyFvCMtJHBEvU5E3s/4DkODIRmuBWfbknlnBCKYfBlVkuumITkkZFO0R
;1jg1/gTUNxSbMtaFIjdJzJeYs8jWzD+iqwSJhJnVdEsOoGjkU0ZsxktgDVn2rxJXERg2yNPJ/eDsCw+
;EnpGjl1U5svlIlHmR3rxbQKKyCwuaHjNEU8w4IqhODgeS024XEmBoJZ9N4MSMJ4+Vt+MSXk3DKgPUyb
;Nm6coIh51VbhBWt7X+BBS3FZ7w3UCmd09KUVp9xtNNOKD1U5oexQh4QENupahUwe4EyyeNUnbh3hsBy
;KYRwxjotv7fXFKIxH/Hz2go5F9RO9RQd53DoXIIDJQU8oZWwrmjrg9Lwl1VaRdWN7P+A5DgyEXrgVn2
;5J5ZwY7mFIPVaHr1U05F2d+oV1U79f4E1DcQWfCbAmP2TsDW2PfGU0K+o60OS8JS1W0Qk3k0fAJQvFH
;QcJsFJ+8Sls3DKhMEWWp2uR9SkgUIdFcUfL84Q9e7VZ3wGI4iMUlNVlozQ5gIOKbsD8VE3FApUpP3tf
;0EEfmUH/acBWO4yU1RHiofzhVkuvlY3pAJRfhLxOBo5EOW/B9btxsCZ/VJztoYM0aSwr0jrApFRNxQK
;VKT97X9BBH5lB/2nAVjuMlNUR4qH84VZLr5WN6QCUV4S8dgaORDlvwfW7cbAmf1Sc7aGHBEmA585KwP
;xUPfUy0cFHo0OV9NIMiHq4FTOu8SS9bf/cMTTz8n7wjLSRkSKJbUu/8+RhW90ds8XEChswsLlZ43Q5a
;Cv6CpjlKeBMh0S8Nr5OqTAGzIjuuBWeY0DoDR37BEks8/IyKPSUIYH6iTFzvzfgTUNxGe8JkHrTQIC9
;DDKt7P1WS2/t9cUg6EdELPYGj4hFE3FJsx2sTgtIuA0d+zSNMNvOFuyQkHEtFtENc+Pz9FET3Ih2pBW
;frjGdsDD+GTD96kuvVPiYIS1GjRlP1yv8aaPFLecZxOI3ZLDhoZM0dSzDgtKEoJwtxU7BbSPPGzhFe8
;FYerQJn67x5cgc3mUgPVbHr1U05F2d+oV1U79f4E1DcVnfDYDif2SQsUn7JCEon97SyPysLfCHSJj2B
;o6FTB7gTKZ4rV+ukSVw3f8QPYCf9goo/Lxx9Tr9wTuLC/yJa7EZ7rgZh67xJNURgyRJbVYfr1U05F2d
;+okxc7834E1DcUXvfcAKF3yxcNAKofD88/I28ISZFd06/W1L00ZFwN4MibcJ2OJjZKDFoeNEMWlWR79
;VNShV7T7QvJIGjkQ5b8H1txmwCh9gWPVtrxw5WIfqGijkzC3Eh0i09gaPHTDefIh6udguY4zo0XmnEG
;GA8/I28ISYkdU+2Q1jez/gOQ4MhGa4FZ9mOfGcEPZ18GVWS66YhOSRgSbhBYvbC/RFo501rzGkCtNAg
;MlJ/9w5aJfeKoRInFHBE0Sw7gaORPHbBYF3tBULrvEkvW3/3CFc8/LSiLCYXS1K4QVrtxs4RXu1HQdx
;gF47dPQNaY8wZP1aU69VNCzpWY5JsPaCjkX1E71FB2moXtM88LlFtyxlgPPyNvCEmJHVPtkNY3s/4Dk
;ODIRquBWfbh3BsNyWofD8m/4q5IRUaZkSwcE7uz/gZaOpMeMdpC7TaJTNAU8sTUiX3haYsPhJ7T9EsZ
;oGjkU0MsxkugDdc25J9aAM4k0wRYanb+3t7TyEa4QELupO/Sge2GyWeK1/QjGdrAT2RRw57p9DlY3JO
;IxDqHQaxjalFD7oZLZU1SdKOem0MOZNMEWyn2eV2e0svEOovKoGjkQ5Y70t68WwJjdUlMGhtxhtTMM2
;HvD4+excn0S89tZaqTAS2IgquBWeY0yU1U1PBElk8/oeKPSsPYESjQT2CppF9N89LcMt2Z/C8SVxEY8
;QVWwr7hbMkJhdLUbBbSeTR/yJV7FZqwWhn6LlJXDdAwRJaJpL91U1KCGFRoUBP9fz1CFbvfXvWcRWez
;yAzWQyrcD9Vkqq5IWoebFWjWlnk0ZFkN4Mibdt1F4TOPQNeYs4VUznNirsqJh5LTbhcSYGgkn03gw8q
;mwVH67xJL0J82BNNIc2CuysjF3h+vlpJ7cr/GETcR2badxKP2TtcNACofD8U/of1KDIPZlS1Sk+Br5F
;9N/BXbt5qFZ/jPSVHaah/OlWS65kkJB5nIcEvPYHQ5A1H7FBq8XYTmd09OVB1qH87VZLrgT8vHhQm0S
;898tbhDVjxVh6tD2frvAwqUn7RC1cw4I7Vbkp7FFKkXVvgwPQiROxOd8paBYTIPTNaU8ESWTz+h4o9K
;w9gRKNBPYKmkX03z0twy3Zny7xJXER52hpeNve0piImEnB+pUBN3sr/G17vTkHeZBOf2TsyNw+tfD9V
;3oK7KDl7ACHRL0nkzuEYReJWa9xgOInZLQNbZdsIP1aS69VNSm4UIdFbWOzT9A9W91dsy1oLjto9A1t
;l2wg/VpLr1U1KbRQh0VtY7NP0D1b3V2zLWhWC2yEoaGDBD0tVkevVTUp7GiHRL0nkzuERVvdHQcBqE4
;7PSV83DKh8P1qS69U6IwtxfqVASuTRzhBY50cerQ9n67wAMkNp2hBeNveP1V1KexRWuF9Y3tf+ClLxf
;W3GZBeOvEpVNwyoLlo25oq7KiYeFC/RLz32yuEYaPRDcsJaCoTYLFw0Bqh8Pxz8n7A/Jhp3RLUvLYGj
;kRJY+UdB3W0OjtAtA0N12Bk/Vpvr1U0dGmBEo2lc7c+ROTeDIhiuBWeN0CYsR3WofD8v0evVNwl7FFu
;SLz2Bo1yx+70jHq7NJeu8gR42DKh8P1VaqtVNSnsWIdEvP4GjkX2zgCIfrgVnxLxJXD0MqHxvGdPL5G
;N9TnlM0S89YZyRfazHIh7pRuIAewhcd5DtfD+v1OvVhQguECHRpm3P5Jx3LYkiHq4ILqP4G1w3Dex8P
;1T049NNSnsBrzLUPYGjmA1/2lEerhcT67xbKDbSzmNHVZLv1gQOOkBZC8LlILJTPSPG84Hjx6NHvM4f
;1uQpLtdB2CpwTV6XWGGAb2vA0R+C0QoZJXUZUXDPSUz6aRPHtXcinSKaoa3BPT/UA/Pph3lJUUGEzCk
;CHeEcTERGOafpv1Ikz2YkR+ch1T59kaKVbHeTIxq/RXfquFgcJw2sbX9Fk+/EDVp6EDCRPzyFstFtNo
;czXr4EY/r8WV0zHehsPlGDq8VMTmpUMdArLMGzkHkm41ukNKbWf6QC7Sm8BFzZY9ely8eKydjMi0Fu9
;Vgv8tSzehH2sABXQWheSwWK/B9XmslVbUhzNqHxLTWjI7F/P6GiPqwNRWucS1QVjIh+N3cSy9dFaPs0
;I9kNvaGhmV+3oyAWjIVH6bRr3BcOoF6/dZDj981qeRwDUQ8/iYERXTWLAJ6OB2/JvMtUF4So/jd1Gut
;XRWrzFKPZD7WBIZldv4OgFo6NZ2m0adQ3jqBct1UQ4/XFSvkcAVkvv4mDGX21iwKWrodvyzRJ3j8sIH
;y9XbJj1c9CW5whUycdCaMTdRcLIpymhUfptGvcFw6gXr91kOP3zWp5HANRDz+JgRFdNYsAno4Hb8k8a
;V4/LihcPV2wa/VPQlmUAdMnHwGDk3UVAwIcpifny75BfrcsqnQd1bLp3W/KWxYp868dg6uz/ReBApau
;h2/LNEnePywgfL1dsmPVz0JbnCFTJx0JoxN1FwsinKYl7+s+QXy/DCp0H92Sad1twnuWKfGnPQOrsfU
;3ASo+JgXl45zBXLUEiPQ/15rLXU3IczSp0a01oSuRdRUDAhymJ+fLvkF+tyyqdB3Vsundb8pbFinzrx
;2Dq7P9F4EqPC4lZeOeyXw1BIr8H1eayVVtSHM2ofEtNaMjsX8/oaI+rA1Fa5xLVBWMiH43dxLL10Vo+
;zQj2Q09A6ux9TcBKj4mBeXjnMFctQSI9D/XmstdTchzNKnRrTWhK5H/P6OqHiwNR2O8y1QXhKj+N3Ua
;61dFavMUo9kPtYEhmV2/g6AWjo1nabRp1DeOoFy3VRDj9cVK+Xwj0W45keeRPDOTZh7vAXevvAhYJ0i
;oPTtF1uuUSVo/FGDVP3mB4pVtc4NjGr5BZ6q4WRg3Taxse1XT78UJSjoQMZUvfIWz1X12hzJarkRj+/
;hJHTMc7Hx+UYKv1UlbOwQg1T59kaKVbHeTIxq/RXfquFgcJw2sbX9Fk+/EDVp6EDCRPzyFstFtNoczX
;r4EY/r8WV0zHehsPlGDq8VMTmpUMdArLMGzkHkmwzIfqhQn+71NTXccqXguVdPvxQlKOhAxlS98hbPV
;fXaHMlquRGP7+EkdMxzsfH5Rgq/VDE5rUCGQKy3Fo9B5J8ciX6oVI+v9TUxzjBeto9Nzh9PNwnQI68l
;0BbJQTH03gyJX60sjRf4p3n4IqHy2Bdys2EdQcRQh0SJ0yefDfTeCZh6uBAHjuklcNxkmn8RVkuvcPQ
;IiZyHRPUmBo4MJNl1EAdYFZ+hLABh2WNCm0o2z5VF9Wv3FQFI3atDiE5rJVMIsJnRvLxZ0XB8ado9yx
;s2XvHe+pcMh8elY2AFmEz5j96jDjpYhfZ8GU6qt/WSPZdZ/p7Zw5eu0thQJYzwgPmHlcq6Hb8s0Sd4/
;LCB8vV2yY9XPQlucIVMnHQmjE3UXCyKcpiXv6z5BfL8MKnQf3ZJp3W3Ce5Yp8ac9A6ux9TcBKj4mBeX
;jnMFctQRYRNzA0b7AGC9G9HiQ4/FJ79p9uPGUdTccBICR7zWFElgW+CRqqNG1Wz8UYNU/eYHilW1zg2
;MavkFnqrhZGDdNrGx7VdPvxQlKOhAxlS98hbPVfXaHMlquRGP7+EkdMxzsfH5Rgq/VDE5rUCGQKy3Fo
;9B5J8ciX6oVI+v9TUxzDOl4LxGS78QNWnoQMJE/PIWy0W02hzNevgRj+vxZXTMd6Gw+UYOrxUxOalQx
;0CsswbOQeSbDMh+qFCf7vU1NdxypeC4VgurRXAprFSXAby2Ap4A9J4ImD+4VZu+tCUw2CLl8flGCr9U
;MTmtQIZArLcWj0HknxyJfqhUj6/1NTHMM6XgvEZKq0V0Oe1UlwWs9wKeBOTfCJg7qBSbvrA1cdgi4OD
;8UlvuRTQt/BGXRbjmR55E8M5NmHu8Bd6+8CFh3HKl4LhWC6tFcCmsVJcBvLYCngD0ngiYP7hVm760JT
;DYIuTwvVJb6lV1LfwVhwS45kOOBfDOSYg6vAXarrEhYJky4fTtE0vvUSVs7BCDVPn2RopVsd5MjGr9F
;d+qsDVx2CLg4PxSW+5FNC38EZdFuOZHnkTwzk2Ye7wF3r7wIWCdIqD07RdbrlElaPxRg1T95geKVbXO
;DYxq+QWequFkYN02sbHtV0+/FCUo6EDGVL3yFs9V9docyWq4BdqusSFgmTLh9O0TS+9RJWzsEINU+fZ
;GilWx3kyMav0V36rhYHCcNrG1/RZPvxA1aehAwkT88hbLRbTaHM16+BGP6/FldMx3obD5Rg6vFTE5qV
;DHQKyzBs5B55ocinKYl7+s+QXy/DCp0H92Sad1twnuWKfGnPQOrsfU3ASo+JgXl45zBXLUEiPQ/15rL
;XU3IczSp0a01oSuR/z+jqh4sDUdjvMtUF4So/jd1GutXRWrzFKPZD7WBq7P9F4EqPC4lZeOeyXw1BIr
;8H1eayVVtSHM2ofEtNaMjsX8/oaI+rA1Fa5xLVBWMiH43dxLL10Vo+zQj2Q29oaGZX7ejIBaMhUfptG
;vcFw6gXr91kOP3zWp5HAPRrTWhK5H/P6OqHiwNR2O8y1QXhKj+N3Ua61dFavMUo9kPtYEhmV2/g6AWj
;o1nabRp1DeOoFy3VRDj9cVKBHe5NlYIguNVahWEONKzhnlnvElcN0XtMnv70ItXQMR6FCDRLz0aLpB9
;UosiHp8FZ+vsSS43ZagSPyGSjtU/SkkUftFuPc+j1H1jg30e7wVf6+NJDDdgqAk/JpK01R9KKxRo0Rs
;93qPCfXyDcB6dBTjr9Uk4N2moHT84korVJkoeFFPRcD3Ro+N9WINEHscFC+vZSVwuDKh8GznzmKFpKx
;h3RL1KT+DX+BJZ3EBx2nEIhrxIXDcMqHx/KtLr9E1KezBNsFxJpcLyHlLvR2zPcQ6E0hY+WHjcE1IK4
;Z6nKysYcSHQLz2Bo5E9SMMiAK4FZ8/QKC9DKMkfXDD+jqcsPhJ7T45JVPPQ5SJb4lt73AVm67xJXDdM
;1zw/TJLr1WkmGmdV9U5e4sb9GEXiVnfBaziC0i81W2CofT9VkuvVDTU7FD/RLz2lz/AOQ6dDfc1gC47
;OKCheY8YjVjvhjqESIxV6RKMvPIGjkX03w11erhtn67xtMFZ/3FheNvGOuSg4GmBIvkFi6M3iGEPcTW
;vaYBXrvUlcNwyoPEAVkvPVTUpfeECiWxngwPIYW+ZQf9psCIXjOS5eYtx8PlWS69VNCgRUIcsvPYGH/
;RxE9wZ/zWYCh9k7PUNlxxJgJuebpSI4DxQg0S89gaPRAneDNB6uBUOH3TooE23LH1o595m0OSMUen6l
;QE2BopF9N4MiXtFFZ/W8SVwTYMkPS3HziLYoJh5mQKVGUu/85RJH3FFr3GMGiNlJXTcMqHw/Fe2r1VR
;KexQFvU5O9YfwHlTmTnvcZBOC0ycDQ37JClo5kurVTUp7FGGubz2po5F9E+9DbdohBojfLDBSfskIVj
;r8tKE/Kw1xTY5cVe7R5SJT6lFqz2sEjrxIXDcMqHw/VZLr+k1KezBNsFxJpcLnEl7nfWrcZBGO0BY0W
;GDND2Al85+9EicabH69SlPm1/kiUeJBasF3Z+q8SVw3DKgVf1W969VNbhd1UqULXPfM+Blo91B/2GAL
;tNQmMFJ/9wxeIfq0uCwyJHpOjl1Y9dHwHkPqTXCuBGfrvElcNwyofC5VkuvxISsIYAWzSlH1/P4bUfB
;Haq4EZ+u8SVw33Jd8I1WS6/EhKwhgBbNKUfX84xxR931/zWYCh9k7PUNlxxI/VJLr1U1KO2th0Tk9ga
;O1EVbwVjrMYAuf4zs9UXj3HVYn9YqlTUt7FCHRLz1hnJFlN4MiOsJkFJ+YKzlbePcOXjPmtLMhJQxmQ
;KVKPYCjkX03gyJH7gVz67xJeFtt2wgbN/eHoRI4GnJVjkVY88iRfDeDIh6uBXOrvF9cNwyMEF4m5s+3
;KCYPS1OwSUnezPcbROZWHq8FZ+u8SVzHM6hpP1WSz7ksOQ8wQ7RDSd7R8BtD3FFuy2AD671JXDcMqHw
;RFZLy1U1KX3hAolsZ48b9CWjxQ3jaWhOD1So3WWnbDz9UkuvVTUp77B7RNz2Bo7URVvBWOsxgC5/jPj
;1bYPcaUzrlmbQ5L3sVIdEvPYGjyD03mSIeriELis89eFVpxAhgIvOHuRImHnpGpUdi7Mr/fTaDIh6uB
;Wcbg0lJNwyoWFM04Z/xLy8XYH6mTlHt/OINUuZGHq8FZ+u8SVwTTKhYP1WSz7ksOQ8wQ6NGWebK/xpo
;5lpq3HAUgtMnA0BlzAhXCuCKoSQlexUh0S89gaPIPTebIh6uIQuKzz14VX7BGFg8/IyKKysVS1KhSlj
;lo5B9N4MiHq5cJ+umSVw3KMQdTCG2iackLhx9T7ZwW+jb9Blo4kx5wmBn6rxJXDcMqHw/VY3r1U1uF3
;VSpQtf88r1Gl7tRUHIaQiKyCw4aG3aGV4K/4K7TUt7FCHRLz2145FqN4MiOsJkFJ+YKy5eaM8VUTLNj
;bkiPQl1VbQvPIGjkX03g3terhtn67xtMFZ/3FhdJ/uPsiQkHEtSuUpR7dDOG1vsVWzPcQLrvUlcNwyo
;fGYVkvDVTUpfeECiWxnj0fgZUOpMefF2D47QJS9of9gZWjGS6tVNSnsUIZVvPZWjkX0T70Nt2iEFmdU
;tO15izyNMJfeOsU1LexQh0S89z+ORWjeDIjrCZBSfmCsuXmjPFVEyzZigPToUZlW0S2Lg0fQcaPFDas
;dqOIbdMVw2DKh8P1WSopVNX3sUIfVDXPLXtR9F6k9BwmwJjuMqM0Ji3Hw+VZLr1U1KVVQhwC89gYf9H
;ET3BnzcbAq00y86RGncfD5VkuvVTUp7FCHJLz2Bh/0cRPcGfcFkFJ/VJztoaMEPSzT8iLB8SnoUIdEv
;PYGjkX0vgyIeimkGmMhtP1ht2whWO/W0sSQ5D3VPskoPgaKRfTeDIh6uBWffvElcE2DJD0tx8YS7KSM
;PfU6/TlHezP8YaPBKe8JpOITSFihYfPcPSif0irYoOSR5SL9wXPPG8H02gyIergVn67xJaTcMqFhTNO
;Gf8S4lFXBIpUZS78L9IljtR0HdbQKH0BYzWVPcE08K4Z6nKysYcVKOQlTv/OYUU/dKHq8FZ+u8SVw3D
;KhJP1WSz7ksOQ8wQr5BWejX+BJZ4k5B2moXtM88LlFtyxlgPPyNvCEmJGRApVtY883OEF7tfX/cYAbr
;vUlcNwyofD9Vkt3VTUpfeECiWxnizP8ZXvdLccBkC7TIJixof90OWTTxjookJB19Tb1wTeDX5RhF7X1
;zx2s4nNUtKF8MqXw/VZLr1U1Kew8h0S8Z7cLiCRPgTXHCbAmM4yozUmrOFVw894WhEit7FQySM9Zjlc
;tCN5giHq4hC4rPPXhUY8cQVjv1tLYiLx1ySLJGWO/Xzh83gu/SYsmrJ0j2XCwMqHwbOfOYoWkpFHtNu
;EFa3sD+GFHlS33HYAmf4ypcNgyofD9VUpmVTVN7FCH1Q1zy17UeWOxOQcNsCbTQKCVSfvcIVjj369RN
;SnsUIdELfYG0kX03p05/3XFDiNMmMGhhwRJgM/eOsT8rD3Eh0C89gaORfRPDIgKuBWfP0CgvQyjMGVE
;m97SmODoLe1OlcFvtzOYPVvdHHq8FZ+u8SVxuTKhfP1WSz7ksOQ8wRbRBTuT84ghH801s2loOhdogMF
;tTxwlLOfuFsD5KehQh0S89gaORfSqDIh6KaQaYyG0vQnzYE00hzY+wIzkeS0e4Q1He0fAJUoMjHq4FZ
;+u8HRw3L6h8P3H+iqY5bh9xT6JKYvLW4Q1Y8VZBx2sJjs4WOU98yRJMPP2F1UxKexQh0S89gaOIfTeD
;BnLPdhPPzzwsR2PaCGAx94WmKBUXdVi0XT2Ao5F9N4MiHq4FRuu8SXhbbdsIGzH3haYoFQhhUaFAT/X
;8/RxO5lBt8WcIn8gmMTcNqHw/VZLr1U1KYhQh0QtR4NDlWVPmTG3LWhSezDkzRXj3D08w94/VTEp7FC
;HRL3TBo459N4MGcs92E8/YIDFSYtsVUDvNk6wSKRR5UbRBTuDX+BJZgyMergVn67xJXDcoqHw/cf6Kp
;jluH31MtEFO6Mz/Ik/6fX3BaBeO0jo9Q2XHEmA9/YewTUt7FCHRLz2Bo5FiN4MiOsJkFJ+YLTBHU8kS
;Szzzh7wsORJ6Ro5IT+DazhBW+yIfrgVn67ypM3cMt3w/VbaHtD4+X3BNoXBc79f4HFvqQ23HawC02zs
;9TlPFFVFVk+vVTUp7FCHRLyGBo5FZW+JRaophC5vjKDJDZckQVjThgrsqFRdxV7RDPYCjkX03gyI+7g
;V667xJeFtt2wgbMf6biiwkD31AvUZc8sr/GmjuR2rGagPrvUlcNwyofM9qksbVTUpfeECiWxnlz+EiV
;eJRe/FpBpLZOwNWatwZTQr3k6UiOQ5mRI5YXOjXzgle7kcerwVn67xJXDcMqFI/VZLPuSw5DzBFvV9i
;48LiGGjvQ2fLdziJ2S8zRWn3GUcl/ZigPy8kY0C4W2L1yvwYN4IiHq4FZ+u4CVwVDKh8GznzmKFpLhd
;kfrNOTuT8/RxO5lBBzGoVj9k7A1hqzg9aIZLq1U1KexQh0S89q6ORfRPvQ23aIQOHzBY+Vn/NI1M064
;6nEikUelW+Wk/exukNWPBXbMtaE4LRLFw2DKh8P1WSw5VNe3sUIfVDXPLXtRlb8318z3YCtNAoJVJ+9
;xlMIfuGtDkjFHp+pUZQ5PzyElrzR3DdZBOC0ydcNgyofD9VkuvVTWB7FCH1Q1zy17UZW/N9fM92ArTQ
;KCVSfvcaVjn+grsqFR5sUb5cSPPGzgle7kcerwVn67xJXMczqGM/VZLPuSw5DzBFvV9i48LiGGjvQ2f
;Ldzib0z45RVPFE1swkurVTUp7FCEhED2mo5F9E+9DbdohA4fMFj5Wf80jUzTrjqcSOBpkSLVwWfPM4S
;JN3FFuy2AD671JXDcMqHwfFZLB1U1KX3hAolsZ5c/hIlXiUXvxaQaS2TsDRW3YFVsK/oKzORUBS0W4X
;EngzfIYN4IiHq4FZ+uuCVwQDKh8GznzmKFpLhdkfrNOTuT8/RxO5lBB3GQXgtgWMF5q3CNFCuGbsCgu
;exUh0S89gaOxPTeqIh6uIQuKzz14U2DYI1004Y6KISsCcVOOXFHu1M4ZRexSQdRaA4LPPT1Zb818PlW
;S69VNSnNUIfcvPYGH/RxE9wZ6wnU4id06OWhgyQVaJ82YuSI9JHBTvl9i+/ziDVLmRh6vBWfrvElcF0
;yoVT9Vks+5LDkPMEW9X2LjwuIYaO9DZ8t3OJjQJitoYMEaSwrotLEkOQ91T7JKPYCjkX03gyIW7gVB6
;7xJeFtt2wgbMf6bii8rCHF+vU5E5NHODlvsVUHCbAGf4zMDRHzNGVtVk+vVTUp7FAGRLxeBo5FZW+JR
;aophC5vjKz1EafcQXiz3mYo+PwtkTqNbYuTb4RJE9lB78XEOhtlJXTcMqHw/Vbqr1WZKexQFvU5O9Yf
;1EUfcQH/dYDiH3TA5RVPcFFY2+YWwPjkkd068X1jv0PAJXuxMHq8FZ+u8SVw3DKhWP1WSz7ksOQ8wRb
;1fYuPC4hho70Nny3c4nsw5OUVT2BNWO+a0oiwjD0tVuEJYgaKRfTeDIh5OOmf+vElcE2DJD0tx9oelE
;igaZ0SOQ1z4xuMON4IiHq4FZ+ucCVwSDKh8GznzmKFpLhdkfrJHXOzB9A9o60d/2nAXtM89PVloygVg
;IfuGsE1LexQh0S89leORWzeDIjrCZBSfmC0wR1PLFF448I6nEjoJfU+lRlPm/OUYWvNHbM9xEpnZSV0
;3DKh8P9XTq9VaSnsUBb1OTvWH9RFH3EFxwHEIns4WK15o3BQ/VJLr1U1Kexxh0To9gaO1EVbwVjrKaR
;e02DslXmLPI0s8/47VTEp7FCHRLynBo4h9N4MGcs92E8/YJSxoacwbWgrwh6A/FRdxV7RDPYCjkX03g
;yLukQVO67xJeFtt2wgbMf6biisjCXlWsF1Y3sLyHlLvR2zPcQ6E0hYmaGjNGl4g/p/VTEp7FCHRLxnB
;o7B9N4MGcs92E8/YJSxoasEOUiLzmbASIB5mSo5VYuXG9xxC71YerwVn67xJXMczqGI/VZLPuSw5DzB
;FvV9i58rjEEDiUHvxdheO2S0DTVPFHUdVk+vVTUp7FDWRLxyBo5FZW+JRaophC5vjITlWePcfSif7hb
;ISPh55UbRdXPXW4xg3giIergVn6/IJXCoMqHwbOfOYoWkuF2R+uEJc5sbOCUXiTG3IYBW0yCAxUgyp0
;ni06P97WAp7DSHRLxntwuIJE+dObvFsFIfdJzhobdoZXgr/grtNS3sUIdEvPXmckVw3gyI6wmQUn5gt
;MEdTxB1GMOC0uCg4HHF+skNS8sbOG1bgR22uBGfrvElcNwyofB5VkuvxISsIYAW1Q03ezqVNB9xBccN
;oBoXYFjhSYMkFYCH7hrBNS0gnEuIcDlKckVI3gyI6wmQUn5gtMEdTxRVbMf6OiiErAnFTjk5b9cbjIl
;L7UnHdcBWO4z49Xnj3CFY49+vUTUp7FCHRLz2Bk5F9N6dOf91xQ4/QOQNaZcwYUzDNh7Q0LwlLQ7RJU
;vPGzhhP801t23cCtMsoNUNT3BVSMJLq1U1KexQh1W89paORfRPvQ23aIQOHzBYxXmjMEFoK/oqsKDgk
;dk6jS1jz/P4bUfBHaq4EZ+u8SVw3DKh8E1WS6/EhKwhgBbVDTd7O+BlT70dBwmQejs4WP1hi3BNKJ82
;OrT0lCGFTtHBJ6M70fTaDIh6uBWfL/ElvNwyoWFM04Z/xKSYLS0y4S1ntxs4RVvpHbPFgFJ/VJD1DZc
;cSYCH7hrASKRR5UbRBTuDX+BJZgyMergVn67xJXDcjqHw/cf6KpjluH3hRjkJU5cf9GGjvQ2fLdziOx
;DkzRHnaGWAh+4awEj4JdU+iRknozP99NoMiHq4FZ+u8SXA3DKhYUzThn/EpJgtLTLhLWe3GzhFW+kds
;8WMOh9AgMlBTzQRPOuGepygVD31MtC88gaORfTeD0iGuJGfrvG0wVn/cWFs54rS4JC4feESOQ1z4xuM
;iR+xVe9xaCoTYLFw2DKh8P1WSG+pNY3sUIfVDXPLXtRlb831zx2EDh9kWMFZ1zQ5gJ/ObvCkVH2ZOoX
;BH3tDhGFLnIh+uBWfrvEl8dwyEfD9Vtoe0Pj5fcE2hcFDox/URUtxOf9dgFbTOKCxeaPcQVjPmtK8SL
;hJnVbBBXuSjkH03gyIergUn65VJXDcoxB1MIbaPuT0VFn1FtUNY3s/wBFLxfWzPdQ6P4yU1UXj3BmAm
;4o6wKUp6FCHRLz2Bg9F9HIMiHoppBpjIbThbfPcRVjH2h7ASJhptRKNwTu3M5iJT8U1u8X84j9U6KFZ
;iyxk/VJLr1U1KexRh0Qc9gaO1EVbwVjrKaRe00SA4U2DNI1M0646nEjkXe1aOS0/u084HaPBSe8thZ+
;q8SVw3DKhcf1W569VNbhd1UqULWe3TzhBe50Zyy1oLisUsLmh/xBNICv6CszkVAUtFuFxJ4M3yGDeCI
;h6uBWfrvAlcHwyofBs585ihaS4XZH68Rlnlz/QiW+Jbe9xaFIfTPgNbZc4IYC/NmKUoLx8UINEvPYGj
;kV13gw4ergVDh906KBNoxAxgOPuPsSEvJHhAqEpP3tDkDUfsUGrxYB+b0zopRWn3CFY49+vUTUp7FCH
;RD32Bj5F9N6dOf91xQ4/QOQNaZcwYUzDNh7Q0LwlLVKFfWPP84RJe7VZB2WQOn+M9NVppqH0/VZLr1U
;1KexQ20S89pc/wDkOnRnLeWgqC2C0wUlPEHUYw4JjVTEp7FCHRLx3Bo759N4MGcs92E8/YJSxoYscOU
;jT+tLksMx5mfrBJSeTRzhhP801t23cCtMsoNUNT3BVSMJLq1U1KexQh0S89saORfRPvQ23aIQOHzBYy
;WH7FHVMK/oqsKDgkdkS3QE/k/PQFR+xRa9xgOJzdIChoeMERWlWT69VNSnsUIZEvGYGjkVlb4lFqimE
;Lm+MnM0VhyRBgOfOSsD8VGXtTtUpP3sz3G0TmVh6vBWfrvElcNwyoUD9Vks+5LDkPMEW9X2LvzOMQVu
;99cs98ApnjKjNZeMcJTQr3k6UiOQ5mRI5bVOzGkXw3gyIergV3q7x6XDcMjBBeJubPsSE6JHpOo0Jc7
;fz9HE7mUEHLdhOC0SgoXmPGI0s8/46KLiUWZES/XFz1yv4TN4IiHq4FZ+u8SVwbDKh8GznzmKFpLhdk
;fr9AT+zC/SJb4lt73FoBgtAlNVlr9xlHJf2YoD8vJGBIvEo9gKORfTeDIg7uBUbrvEl4W23bCBsx/pu
;KIyUJeUC9cFHg2vQPaPNNact3OIbTLTk3Dah8P1WS6yVySlIUIdELUeDQ5VlT71JBwGoVht0lA1tt0R
;lNCuCKpSQuJHBTvl9i+/ziDVLmRh6vBWfrvElcH0yoUD9Vks+5LDkPMEW9X2LvzOMQVu99cs98ApnjO
;z1HZcwjUzz0n4o3FR99UqVOU+LGkXw3gyIergVnq7xgXDcMjBBeJubPsSE6JHpOo0Jc7fz9HE7mUEHc
;ZBeC2BYwXmrcI0UK4ZuwKC57FSHRLz2Bo7k9N6giHq4hC4rPPXhTYNgjUTrghrQhFRd1WLRdYvLP/gp
;o51Bx3lodtNggL0Ntxh9aVZPr1U1KexTR7i8VgaORWVviUWqKYQub4yczRWHJEGA585KwPxUIeE6mcF
;nzzOEiTdxRbstgA+u9SVw3DKh8FxWSwNVNSl94QKJbGeXP4SJZ7FBzz2k4h90wOUVT2xBQIs2HvCs+J
;G5+tUZO9cL/HlKDIx6uBWfrvLljNySofD9x/oqmOW4feFGOQVLzzvARaO9DZ8t3OJjQJitoYMEaSwro
;tKY9Lx5wIdAvPYGjkX0jwyIyrgVnz9AoL0MozBBPCvyEpyArF0tNsFZY8/ziCEfzTWzaWgKTzCYvQn7
;NI0s8/47VTEp7FCHRLyfBo719N4MGcs92E8/YJSxoYscOUjT+tLksMx5mfqRfTeTRzg1Y6kxq8XIGgs
;gWKF5hzXw+VZLr1U1KexQh9S89gYf9HET3BnrCdTiZ2SQzQWn3Hko38IewEj0afVW4QVre1/gQUoMjL
;Z02VNiPmmM3H6h8P3H+iqY5bh94UY5cXuDP+BNQ3FoerwVn67xJXG5MqG8/VZLPuSw5DzBFvV9i8sDw
;EV7tRUHXBWbrvElcNwzxPD9MkuvVaSYaZ1X1S1Hx/OIRXuBHQdpqC47OKDJUaah9P1WS69VNSnsUGdE
;vPaXP8A5Dp0Zy3loUns4vPVRp9w9WMfe0oSgyD2FTtHBZ6NDwH1vmfXHAWgid2Ts0VmLPI1479YewTU
;t7FCHRL73A45FUN4MiOsJkFJ+YLTBHU9sJTTPziLASORJwRI5bWPnX5A9S3FB73WoLnsggM1kMqeamz
;AtyTPR1ezwh0S8Z7cLiCRPnTm7xdhKZ2ig/UlPbFVswzZ+wNT4OZkSOV0TezPcbROZWHq8FZ+u8SVzX
;M6hhP1WSz7ksOQ8wRb1fYvXG/A1S8UNq23cCtN8hPVpuzQ4/VJLr1U1K+1Vh0Tk9gaO1EVbwVjrKaRe
;0yygvX2XGG2A4/Y+wTUt7FCHRLz1xnJFgN4MiOsJkFJ+YLCRDft0YWifNjq0uIhp6RrRwSejO9Ew3gi
;IergVn67xJXCoMqHwbOfOYoWkvA2BTpEtY8/z0BVTrQ3DJYDif1SQ5BQypfD9VkuvVTUp7LSHRLxntw
;uIJE+ZaatxwA47OFi9AZdwfVwrxhLohIxVzfrlKXPXW4SJW51R/wGYCtMgsMUdp2h1LIOCO5E1LexQh
;0S896OORRDeDIjrCZBSfmCwkQ37dGFonzZiiJD4YfH6yQFLtyv8aaOtHf9pwF7TdLSpWYssZYCH3hqU
;oOBpgVKNKD4GikX03gyIex0Vn2rxJXBNgyQ9LcfeToT8/H3FTjlxK6NfyFWjgTXHCbAmM4yE5VnjdDG
;A09p20IykeS1W4QliBopF9N4MiHupFZ8+8SVwTYMkPS3H3k6E/Px9xU45cSujX8hVo4E1xwmwJjOM5P
;UVn9wQ/VJLr1U1Keyph0Qs9gaO1EVbwVjrLfROZyS05RVPbC1Yh8YOKLiUUeEi/SGLxwuMWaPoiH64F
;Z+u86QJ3DIJ8P1W2h7Q+Pl9xWaVdSOXG4yJE9EtqzW04iNMmMF5izyNLMP+bsD8rD2FTtB49gKORfTe
;DonjuBU3rvEl4W23bCBsw6p+nOC4eZn6iWFT1wPkiVOxNcsdrALTILDFHadodSyDgjudNS3sUIdEvve
;fjkWI3gyI6wmQUn5g7OUR4yQ5LCveToT8rJHBUsENi4M7+CFn3Ih+uBWfrvElcNwyDfD9Vtoe0Pj5fc
;VmlXUjlxuMiRPRLas1tOJnZOihWftwjWi3mmbQSKxZ7VL9bD4GikX03gyIergVn87xJXBNgyQ9LceCO
;pjkrCWB+tVpc7fziDVLmRh6vBWfrvElcA0yoWD9Vks+5LDkPMESpW0/0x/QPaPBVd9pmD7TOLC9Dbdo
;IYCbijrApeHsVIdEvPYGjpT03nyIeriELis89eEVp3A5eNuaCuiMVH2FAvXBc7MzkE0ODIx6uBWfrvG
;0cNySofD9x/oqmOW4ebFWjWlnk0c4OQOpWfcZaFY7IOz1UeMETUQrzhro4JA8mIdAvPYGjkX0TwyIFr
;gVnz9AoL0Mo2hlLJ/OIoSQlFUtFpE5R3tDhGFLnIh+uBWfrvElodwyPfD9Vtoe0Pj5fcVmlXUjlxuMi
;RPRLas1tOJnZPS5Wb9wVUDvNmKUoLx8mIdAvPYGjkX0DwyIHrgVnz9AoL0MozQRLJ+ePsD8VDH1RtHB
;J6M70TDeCIh6uBWfrvElcLgyofBs585ihaS8DYFOkS1jz/OYUR+Z9asdoAtm8SFw3DKh8P1WS68BNSn
;swTbBcSaXG6QlF9lF3wWs4nNUtKF8MqeamzAtyTJR1ewMh0S8Z7cLiCRPmWmrccBSC0ycDQGXMCFcKo
;OvU19PijbhI9gKBupF9N6dOf91xQ43dJwNVYMEMYCXznqYoFRZnRLIvPIGjkX03w11erh1n67xtMFZ/
;3FhZNPy0tyEjC0tVuV1Y8sv+EVODIx6uBWfrvHccNwOofD9x/oqmOW4ddU+OXE3kxvV9NoMiHq4FZ7L
;8SU83DKhYUzThn/ErKxVLUqFKWOX8/BxPgyMergVn67wdHDcfqHw/cf6KpjluHX1NsEJY79fOG1vsVR
;6vBWfrvElcbkyoaD9Vks+5LDkPMEe4Q1zsxv8JaOVOcdk0Z+q8SVw3DGgrf1WG69VNbhd1UqULW+jP8
;BBS7VZByGkInI5JXTcMqHw/1cSr1WtKexQFvU5O9Yf3FFv3R2zxahKf4zoxVmDEI0804J+KPiMBcX6j
;TknozJF8N4MiHq4FPqu8Ylw3DIwQXibmz7MkOAhgfr1OROTRzhle7kdw3WwIheMxJWhvxxFPMPyYtDk
;jFHoh0C89gaORfTeDIi6uBWfP0CgvQyjOFU0m5rS5LDMeZn61RlDkzeIUWO19ZtdaBITROTlZf8kIVj
;r8tL0iJh4UINEvPYGjkX03gwUergVDh906KBNqwQ5MIc2HtDQvCUtEqVtP9ND4ElncVXfKcQ+0zigoX
;mOofT9VkuvVTRM7FD/RLz2lz/AOQ6dEd9x2E4fdMDlFU84VUzT/jrs5FR14TqYvPIGjkX03g3terhNn
;67xtMFZ/3FhdOuafuiAVD3xIskRT5NDifTaDIh6uBWc7g0lENwyoWFM04Z/xKyMJZ1WOQ1z4xuMiROt
;HcsJ2Z+q8SVw3DKhof1Wm69VNbhd1UqULW+jR4glo70Nny3c4mNMlNVNTwRJZPP6HiigyD2ZUokZS7/
;zmFFP3SkHcZBOC00ldNwyofD9Vy6vVakp7FAW9Tk71h/cURfBWQcJkHo7OFi9YYMEYYDz8jbwhJiRyT
;b5YT+DX9H02gyIergVnsvxJeDcMqFhTNOGf8SsjCWdVjkNc+MbjIkTsTnfKWg6F2iAwW1PbDFow9uvU
;TUp7FCHRa32Bu5F9N6dOf91xQ4nTPShYYfcQXiz3mYo+Oh5xRdEuPYGjkX03x2IetwVn65glPUR4jBt
;eJc2NvCEmJHlIv3BR5M32CV+DIx6uBWfrvElcNz6ofD9x/oqmOW4cdVGOSVTtz84OXu1FcstaApPIOy
;lEZccSYDb9hqUoJAh1VbhAU97R8Ale7CIfrgVn67zJDHcMgXw/VbaHtD4+X3NAoXBb6M/9IkTqTHnCY
;DiOxD0uQn/BE1EK4IqhJCUkeUCpLzyBo5F9N4NLXq4sZ+u8bTBWf9xYWDTitLMkJhdLUrhBWu3GzhhP
;91Br3WwIheM7PUNlxyNSPPzr1E1KexQhUW99gYaRfTenTn/dcUOM3TkDUWXEEGAm+4WyIS8kcVmlXUj
;yyv4TaPBSe8thZ+q8SVw3DKhFf1WG69VNbhd1UqULWuDTzhte705B3XUCjthJXTcMqHw/Vdyr1VhKex
;QFvU5O9Yf2EVjhQ3LxagGNzywoaHSofT9VkuvVTUp7FDTRLz2lz/AOQ6dFcsFnBofjJjpRf80IYCyS6
;tVNSnsUIdEvPZSjkX0T70Nt2iEAh9MrPVtTxxpZJvefijdKehQh0S89gaORfSyDIh6KaQaYyG00Um3c
;FVEyzYi6KCwdfUK4SlP1/PB9NnlcdBJx9IMDSUc3DKhYUzThn/ElLxpgSL9IYuLM9BtR6kF3y2sTtN5
;JXTcMqHw/VZKr1VZKexQFvU5O9Yf5GFb3S3DJWgSE2S86Xm/BGVEhzYjVTEp7FCHRL3PBo7N9N4MGcs
;92E8/ULD1DZcYbYCH7hrASLwhgSLxOSejM/yJD+lJ7rgRn67xJXDcMqHwkVZLr8SErCGAFuUpc9dbhI
;lDgTXrLWhSOzTw5WW/NfD5VkuvVTUp7FCH3Lz2Bh/0cRPcGd8BjDofQFj1TbdgIViP3tLwjLBJ4TY5d
;XPXK/iJa4loerwVn67xJXAlMqFo/VZLPuSw5DzBIv0lU7c/OHFPiUmrHcwK01Sc6XmDEI0005oK6Eic
;SeiHQLz2Bo5F9I8MiO64FZ8/QKC9DKMESWTz+h4osLhpkVbhZWN7K/xNS8X171nUGhc8gM1kMqeamzA
;tyTKR1ewgh0S8Z7cLiCRPqTHjHaQu03S09R3jBCloK/oqsKDgIFCDRLz2Bo5Fpd4MCHq4FQ4fdOigTZ
;cYaVjn+tLQpKwtgSKdKYvPG9QhU90txwHZn6rxJXDcMqHx/VY3r1U1uF3VSpQtU78X4EVvcQ3rPdROC
;yiwDQGXMCFcK/4K7TUt7FCHRLz2J45FcN4MiOsJkFJ+YIDJRZcQQYDT8iL0iOCR4RL9ISen89xxU901
;srgRn67xJXDcMqHwqVZLr8SErCGAFuEFb6M/9IlbxR3/xaA6FvEhcNwyofD9Vkuv3TUp7ME2wXEmlyv
;8bXu9OQd11BpnPLANUY8UeVjv3tLksMx5mUtEuPYGjkX03cx0ejAVn65glPUR4jBVRM/uHuRIvA2BTp
;FxU7s3OCl7nVnbxdwaf1SZcNgyofD9VEr2VTVB7FCH1Q1zy17UUWeVLcsJaAYLQKDFSYtwjWTn9nNVM
;SnsUIdFvaMGjhH03gwZyz3YTz9UnOl5gxCNQM/SYsDkVAxQg0S89gaORfTeDNx6uBUOH3TooE2XGGlY
;5/rS6KywIcVWOVj2Ao5F9N4MiHq4Fdeu8SXhbbdsIGzP7h7kSJQ1xU71OTYGikX03gyIeukVn+bxJXB
;NgyQ9LcfSCuSEVH3FPokZJ+KOQfTeDIh6uESfrr0lcNyjEHUwhtoK7KyMXeH6iR1jtz+J9NoMiHq4FZ
;+u8SU43DKhYUzThn/EkJB19Tb1wTvHG9Bk3giIergVn6/IJXCEMqHwbOfOYoWkjFXJIvUNi9sr1CV/c
;T3fABWbrvElcNwyofD9/kuvVaSYaZ1X1RlPvxuMiVfFLeslsCYzjLCRDft0PVjr8tKIkLg98fqNOSej
;MkXw3gyIergU+q7xUXDcMjBBeJubPvCMkHmZ+s11U5cT4E1DcRHLBchWKyCxcNgyofD9VkrKVTVB7FC
;H1Q1zy17UUWe1HbPFnFYLYLjVZa/cPTzD3j9VMSnsUIdEvc8Gjtn03gwZyz3YTz9UnL1J49xVRO/eZi
;igyD2ZUokZS7/zmFFP3SkHcZBOC00ldNwyofD9Vy6vVV0p7FAW9Tk71h/gTROZWQcdrCY7OFjpbY98O
;XiH369RNSnsUIZF6fYGxkX03p05/3XFDgtI6OUN09w9PMPeP1UxKexQh0S95waO2fTeDBnLPdhPP1Sc
;vUnj3E0oh95mKKDIPZlSiRlLv/OYUU/dKQdxkE4LTSV03DKh8P1XLq9VXSnsUBb1OTvWH+BNE5lZBwX
;ATjs4WOltj3w5eIffr1E1KexQhEXh9gbGRfTenTn/dcUOC0jo5Qzz3D08w94/VTEp7FCHRL3nBo7V9N
;4MGcs92E8/VJyhSfsQTXD77hbISKBRhT7VOT/j89RRE90NwzWBn6rxJXDcMqHx/VY/r1U1uF3VSpQtU
;79f0D1vsQXXHawC03ywwW1PJElg59+vUTUp7FCFRGX2BvZF9N6dOf91xQ4LSPTlFYMcfVDz8jIouLxd
;4fr1OROTR4n02gyIergVn6/xJQTcMqFhTNOGf8SQkD3FTvUBe6sr/GmjgR3LCWhCC2D00Nw1JBiv71Q
;o/ckpjFCHRC1Hg0OVZXu1We9xpCIjXIDJQU8wZTyH669RNSnsUIdEvfYGwkX03p05/3XFDgs4mMl5iz
;yNeO/WHsE1LexQh0S+91+ORazeDIjrCZBSfmCAuWGLBElgK9Ie6OjgaYETRLj2Bo5F9N5diHr0FZ+uY
;JT1EeIwVTTr8grsqFRJ6UrRbPYBC62mZxMPUkQV867xJeFtt2wgbPOCEuyQkHEtNuEFY3sf4DkPiTH3
;LBWbrvElcNwyofD9GkuvVaSYaZ1X1Rk/uzfgTUNxRbstgA+u9SVw3DKh8GxWS+tVNSl94QKJbGevG4x
;Zo4U1q2moK671JXDcMqHwrFZLy1U1KX3hAolsZ68bjFmjhTWraagq0zzwuUW3LGT9UkuvVTUp7AGHRO
;T2Bo7URVvBWOsRgFYDjLzVFf9wjUzTrjqdNS3sUIdEvPZXjkWw3gyI6wmQUn5gjOUVn9xVRM/uHuU1L
;exQh0S89leORazeDIjrCZBSfmCM5RWf3FVEm95+KJCQVcVPRLj2Bo5F9N5diHrgFZ+uYJT1EeIwWWif
;5tLwjOR5gfr5aSeTRkXw3gyIergVzq7xZXDcMjBBeJubPvyg4EEtRo0ZT9aOQfTeDIh6uESfrrklcNy
;jEHUwhtoGwPyEkZ1ShX1Lz15F8N4MiHq4Fc6u8R1w3DIwQXibmz78oOBBLVb5fPYCjkX03gyIK7gVx6
;7xJeFtt2wgbP/eZvhI+FGR+olpP58LyGDeCIh6uBWfrqAlcJgyofBs585ihaSAeZkqOW0/g1fQRN4Ii
;Hq4FZ+uoCVwmDKh8GznzmKFpOgl9T6VwTvHG9Bk3giIergVn6/gJXCUMqHwbOfOYoWkmGm1Eo3BV5Mr
;2FUODIx6uBWfrvJljNyCofD9x/oqmOW4XdVi0XWLpxvgaX/d9f8pkF5/VPzloYckEYD33grIlPiRmQK
;VGUoGikX03gyIe4EVnx7xJXBNgyQ9Lcf6KrCg4JHxEuEhV9fzwGVbzVnfYYDiG1ScDX2nBG1chzZm0O
;SMUFCDRLz2Bo5FEd4MLHq4FQ4fdOigTYMkFWifNg7AkLRNgfrBLXPHX+AtS3FF/w3ULgtIuA0R4zQw/
;VOn/ewqrAZAe0R49gaO1EVbwVjrCZB6OzhY0UmXPFEsK84+0PT4SYkSOXEnk0/4LUvF9fMFxE4TRFi5
;WeMETP1SS69VNSntdYdEBPYGjtRFW8FY6wmQejs4WNFJlzxRLCvOPtD0+EmJEjlxJ5NP+C1LxfWrBdT
;iZ3T01WAypfD9VkuvVBAp7CSHRLxntwuIJE+9DZ8t3OIbZOztSU8sQUCb3tLMsKR5nIdC1pBg6COSOv
;CIArgVnz9AoL0MoxB1GMOC0pigtFnFPpXBR5M32CV/cT3fABWZxJdDFrpURQz9EkuvVaSYaZ1X1WFzt
;z84OX+ZOct0FZuu8SVw3DLg8P0+S69VpJhpnVfVDXPjG4yJE60dywnY4hMosLltt2Hw+VZLr1U1KMlQ
;h4i89gYf9HET3BnLPfAKZ4zooVn7cI086+4WhEjkYdVO3cFfuyv8JaOJMecJgOJ/UOzlEZMcQW1WT69
;VNSnt0QpEvF4GjkVlb4lFqimkGktk7A0R4yQ5LCuKEvCM+JGdCsF1b3sn+FFn3fXLLawCf1EldNwyof
;D9VpqvVYkp7FAW9Tk71h/0cTuZQQd1xBpnIFixYZcYIYCbxiqcrFRF7SL9bYvLT9BhT3FB/2mwI671J
;XDcMqHxmFZLd1U1KX3hAolsZ7cLoGEXcUWrPdxO0zCY1WXj3D1w04I2KJyUSelWOXEng0eUiX+ZLecZ
;xOJndPTVYDKl8P1WS69VNSns9IdEvGe3C4gkT70Nny3c4mMgoLkNT2BNWO+a0pi4rCXJ+u0BU79fODk
;PmUm2uBGfrvElcNyjofCRVkuvxISsIYAW9TkTk0c4OQ+JQat5qDoXIFihOfM18PlWS69VNSnNUIcgvP
;YGH/RxE9wZ4x30Cj+MlPU5p2iNMIfOZoRIyexUh0S89gaORfTeaIh6uIQuKzz14UWXQGVsK/oqsKDgk
;Z1WwXUne2pF8N4MiHq4FZ+u8VFw3DIwQXibmz7gsPh5mSLBDYvLA8BFS3ER/zXEImeMxXDYGf99PaLi
;ylU1XexQh9UNc8te1EFb3R2zHZAu0zyo9W2n3Gl425oSnEjN7FSsGjE28icg9N54iHq4hC4rPPXhabd
;wZTTzzh4o+KRp4RI5JXOLX/g9o+SIfrgVn67xJBXcMs3w/VbaHtD4+X3lAqXBL7s/kEFL3UHfNWhSb2
;Sw4BgypfD9VkuvVTUp7DyHRLxntwuIJE+5DZvFzCIfJJDlDfsEfYCbijrApeHsVIdEvPYGjkX03oCIe
;riELis89eFpjzBlTCuKZsC4jCHF+q3BV5Mr2FUPcTn/XYBWYvEhcNwyofD9B0uvETUp7ME2wXEmlzf4
;HTe9HQd1sHY68SFw3DAjlpoyt68FNSnswTbBcSaXU8BFb3FZ2x2YMhdk6LzcNMuWmzAtyPHJKYxQh0Q
;tR4NDlWUT2Um7BdxO0xhY4Xn/cHVE29+vUfnlIJxLi7AKBuJF9N6dOf91xQ4TKLC5fbcYbYCb6jrkhO
;SR1T7ZDWIGikX03gyIekEVn9LxJXBNgyQ9Lcf2dsD8iGnpGjlxV5M/9DmjlQ3DxdheO2S1cNgyofD9V
;krKVTVR7FCH1Q1zy17USQeZQds9rALTPITlbYNsjWTn9nKcsPh4UINEvPYGjkSR3gzkergVDh906KBN
;j3hlNPfOFshI5E3FNvVxi8tP0GFODIx6uBWfrvAAcNxuofD9x/oqmOW4LZkSiXEjzxs4cU/VDcM1gVu
;u908WulTHllmqS/NVNSl94QKJbGfHR9A5E9lB78WQDnd0nP1I+qH0/VZLr1U1KexQ/0S89pc/wDkOnU
;mzLdhSeziwDVmjeHVE297S8IywSeE3gLzyBo5F9N4MiHq4bZ+u8bTBWf9xYTyf3mKY4OB5LQLVZXO/A
;9CJe7UR3wmlV671JXDcMqHw/VZLI1U1KX3hAolsZ8dH0DkT2UHvxZAOd3Sc/UlPBEkww5rS8IyQeZhD
;RLj2Bo5F9N4MiHo0FZ+uYJT1EeIwMTTDhmKA/LyR1RadOU+LGzhRZ8Edq8WwJhdk7bjcNqHw/VZLr1U
;1KWBQh0QtR4NDlWUfxR23dcBWO4yg4QW3GH1oK+4WmKD4ke1SlSk+wo5B9N4MiHq4FZ+ufSVw3KMQdT
;CG2m6coOQhhU7RwXOXV8BNU5n13wHYCn+MmKUNp2k4/VJLr1U1KexQh0Qw9gaO1EVbwVjredwKYzzwu
;UlPJGEk0/IiwEj4UZH6iWk/nwvIYBoMjHq4FZ+u8SVw3L6h8P3H+iqY5bgtmRKJcSPPGzhxT9UNwzWA
;4n9M5A0R52hpeNvfZ1UxKexQh0S89gaOAfTeDBnLPdhPPzig6Q1PJFU0y85vVTHlIJxLiHP6+o4h9N4
;MGcs92E8/OKDpDU8odTDDNh7wjLwx9RaVHPYA5COSuGrv3kQVC67xJeFtt2wgbJ/ONoRIoGmdEjkpF9
;dHkDl7sTEHZbAOf1BYuVnjBEz9UkuvVTUp7fWHRMz2Bo7URVvBWOtxkAZ/jKz1EafcVUTP7h7kSKxVz
;TbQvPIGjkX03gyIerhln67xtMFZ/3FhNNPSfii8rCHF+uEFb6M/9IkXiVnfBBWbrvElcN4zoPD9Mkuv
;VaSYaZ1X1XVzn184fVvBHQdptDojXJzlEf6h9P1WS69VNqkQUN9EvPaXP8A5Dp1B/yHE4id06OWhgyQ
;VaJ+Hr1E1KexQh0S99gbSRfTenTn/dcUOZ3S8oaGDBEloK4Zu0LiMVcyHQLz2Bo5F9P8MiC64FZ8/QK
;C9DKNodWSHNibQ+LyRnUbRKWYGikX03gyIejkVn9bxJXBNgyQ9LceCKszkVEnpVtF1b4MD0IlvqTHvZ
;bAOf1EldBD+bTwxmcdTVZ0p7FAW9Tk71h+McUfd9d8BxApnaKD9SU80ESyfnmLwiJCRjSLVbVd7R8Al
;e7CIfrgVn67yJPncMiXw/VbaHtD4+X2ZAt1ti6M3lGEXlQ33LWg6F2iAwW1PJElg59+vUTUp7FCFReX
;2BgpF9N6dOf91xQ5ndLyhoZcYIWif0irYoFRJ6R7hDUd7R8Ale7CIfrgVn67xJFXcMtnw/VbaHtD4+X
;2ZAt1ti6M3lGEXlQ33LWhOD1So3WWnbDz9UwFPLyKEqzB7RND2Bo7URVvBWOtxkAZ/jIDJDadoaXjb3
;tLksMx5mUtEuPYGjkX03cx0esgVn65glPUR4jA5eM+a0vCM+HmZHsExY3tDhHFTqTHmuBGfrvElcN/y
;XfCVVkuvxISsIYAWjTlv1/PgTQ+ZQeM9mArTPOTlSaKh9P1WS69VNdDsUMNEvPaXP8A5Dp1B/yHE4ht
;07O15iqH0/VZLr1U1eOxQ90S89pc/wDkOnUH/IcTiYyTs6Vm/NI1M8/I6iJC4PfCHQtaQYOgjk7rwiN
;q4FZ8/QKC9DKNodWSHNmKA/LBp3RI5KRfXR5A5e7ExB2WwDn9QWLlZ4wRM/VJLr1U1Ke01h0TQ9gaO1
;EVbwVjrcZAGf4zopRWrJH1oK9Ie6OjgaYETRLj2Bo5F9l+ZiHrEFZ+uYJT1EeIwOXjPmtKY4OB11QrR
;wVO/F+BFb3ENwyWkC671JXDcMqHwBFZL31U1KX3hAolsZ88L3CWjwV2zIZASO4y81W2D3Dl4h9+vUTU
;p7FCGRen2Bv5F9N6dOf91xQ5ndLyhof90OWTTxjoo5IhJ3Sr9KTvKjkFRrDODrhslY66VJXDcoxB1MI
;baZtCs+JGdUo0lc4sbOEVb6R2zdBWbrvElcNwyoPD9PkuvVaSYaZ1X1XVzn184OQvFEf81gOJjMKD9e
;Ys98Pl9FSKVwQKwrIckvPYGH/RxE9wZsz2MTtM88LlFtyxlgJuKOsClKehQh0S89ge3RfS2DIh6KaQa
;YyG0uVmrcI0sn852wIRUDbX6iX1jkx5F8N4MiHq5FN6u8U1w3DIwQXibmz6coOQ91U6VwWPnX4xxo4k
;9x22sT671JXDcMqHw/VZL31U1KX3hAolsZ88biCVbxVkHLfROZ3RY9WmPdEksKoOvUTUp7FCHRLz2Bs
;JF9N6dOf91xQ5nZOihWftwjTCX3jrFNS3sUIdEvPbjjkWg3gyI6wmQUn5g7OUR4yQ5LCuGbsCguJCYh
;0C89gaORfQ7DIgmuBWfP0CgvQyjaGUsn84ihJCUVS0C8QEjv15F8N4MiHq4Fl9S8UFw3DIwQXibmz6c
;oPgl1QqVGUu/88BBY9kxq8Tdn6rxJXDcMqIwAVY/r1U1uF3VSpQtP5NfjHFT3S3HAWgOeziAyUFPfFU
;8woOvUTUp7FCHRLz2BjpF9N6dOf91xQ5nZPS5Wb9wVUDvNjrssKBdxfr5aSfLK9Rho4U1q2moKtNAoJ
;VJ+23w+VZLr1U1Kiysh+y89gYf9HET3BmzLcRWK3z01WGL3GVE08IewEiUOYFK4S1je1/4NaO9DZ8t3
;FOu9SVw3DKh8PxWSydVNSl94QKJbGfPG5Q9W4FZ3wWs4htUnNVptxCNaLeaZoD4jFHoh0FQpL+RwB6O
;8IjquBWfP0CgvQyjaGUsn84ihJCUVS0y4QVTswv0iUvtWbNt2DoTSFm43DdNokRJzkUFySmAUIdELUe
;DQ5VlF5lZsz2YTgtMnA1plxiNLJ/OdsCFKehQh0S89gVOufSqDIh6KaQaYyG0uUnjaHVwh+4S7EicSe
;n6lXVz3xv0iBYMjHq4FZ+u8uWM3Gqh8P3H+iqY5bglxVaNOXvXK/hNo8FJ7y2Fn6rxJXDcMqDh/VYrr
;1U1uF3VSpQtP5NfjHFT3S3HAWhSb2Sw4aD6ofT9VkuvVTQ47FDXRLz2lz/AOQ6dQe9p3BojIIDNZU8A
;TT1WTcUzU0+KN6O4vK4GjkVlb4lFqincCn84oP0NlxxJgPf2bin9Keo64SLakGGqufReDIh6KaQaYyG
;0uUnjaHVwh+4S7EjATe1GOTFLvx/gJXuxML64EZ+u8SVw3DKh8H1WS6/EhKwhgBaNKSfPC8gle7ExB1
;G0Im+MqM1lowQhWOvzZ1UxKexQh0S89gaOIfTeDBnLPdhPPzyw/WGLMI1M0646nEjAkeEi3Wz2Ao5F9
;N4MiHq4Ff+u8SXhbbdsIGyb6jrkhFRJ6R7hDUd7M4xlS8SIfrgVn67xJVHcMunw/VbaHtD4+X2dKuF1
;J3s/wBFLxUR6vBWfrvElcxzOoaj9Vks+5LDkPMFK6Rk/1/P0YWeRWdvFoDoW8SFw3DKh8P1WS68NNSn
;swTbBcSaXQ+hRF931yx2sCtN8mKVl4qH0/VZLr1U1kOxQ70S89pc/wDkOnUXXHdxO00SAyXmHJEGA59
;4WyOSJ7FSHRLz2BY/M9N4wiHq4hC4rPPXhEZ8EOSwr1iqVNSwAAj5bORwWckWw3gyI6wmQUn5g6N15+
;3CNMJfeOsU1LexQh0S89r+ORXTeDIjrCZBSfmDowWHv3GFAi/LSzJDgIYH63Skrez/AEUvFRHq8FZ+u
;8SVw/TKhfP1WSz7ksOQ8wUr1cYuDK4yJa7EZ78WAfg908L0NT2A5aJuGepyhKehQh0S89gZfRfRWDIh
;6KaQaYyG0vW3/3HVYnzYa6KS8kZE20QUjs/OEPUvBRa9xgZ+q8SVw3DKhYf1W/69VNbhd1UqULTu3Qz
;h9Y91Zxw1oUns4vPVRp9x9QO+aEoD8VGHtTv0pP3sf0EVb6Ih+uBWfrvEkFdwyZfD9Vtoe0Pj5fZ02i
;cF/u1+USWtxRa9xjBojZFj9YYtwTSifNjrspFRh7TKFKU/LC5RRY7SIfrgVn67xJXDcMgnw/VbaHtD4
;+X2dNonBf7tflElrcUWvcYwaI2RY/WGLcE0onzY67KRUfcU2wVj2Ao5F9N4MiHq4FV+u8SXhbbdsIGy
;b+mIovJQ9gTrxwTvTR9xxU5n19wWsThMk7A1tt2xlNCv2NsxIuHnhAqC88gaORfTeDe16uKmfrvG0wV
;n/cWEw54bS3Ij4Pe0yOXEjzxfAeUtxBccBxCJ7OFjBWf80OYDr8tLEoJhptIdAvPYGjkX03gyIyrgVn
;z9AoL0Mo2xBMCvCEoTklFktSpF1b4MD0IlTsTGrBcBW00CgvUn73DFAi95nVTEp7FCHRL3TBo799N4M
;Gcs92E8/PJS9obscISzr/tKY4OB11QrRwXu7N5RJC8X1yx2sCtNggL0Ntxh9aVZNxTNTT4o2Y7i8bga
;ORWVviUWqKdguY4yszQ3jHEWAm55mzLCkeS0K+QUnu1uMiW+xNbt0FZuu8SVw3DFhDP3KS69VpJhpnV
;fVcUfL88xJD901z8XYSmdooP1JTyxNRIf2epxIlHXJStFs9gNiF03BiWKoRBUjrvEl4W23bCBsm/piK
;LyUPYE68cE700fccVOZ9fcFrE4TJOwNEb8kSUTz8jIouJQ56VdEuPYGjkX03cx0egQVn65glPUR4jA9
;TJs2Jujk+FHl+olpP58LyGGjgTXDaahKZ4zo/VmLGFVEyzZilKC8fFCDRLz2Bo92gd4MRHq4FQ4fdOi
;gTf8QPYDf9n6EiJyRnVKNJXOLGzh5Y7VZx23c4n9MWNVlqwRBTCvaCpjkrFXdE0S5GlQ3WnE0nHR6CB
;WfrmCU9RHiMD1MmzYm6OT4UeX6iWk/nwvIYaOpMeMdpC7TfJi5ZadojWzD+iqxNS3sUIdEvPdjjkU03
;gyI6wmQUn5g6MERTyhNLIf2Gij4/CXJAskpi6M33FFvvfXvAYTiI0yQsUmLbHUs8/YXVTEp7FCHRLz2
;Bo7h9N4MGcs92E8/PJS9obscISzr/tKY4OB11QrRwVO/F+BFb3EdwyloDjtAoJTcNqHw/VZLr1U1KVB
;Qh0QtR4NDlWUTvUUHMahOf0yQDRHnaGl4297S8IywSeE2OQ1zyxuMiWOVEQcpgC4rFSV03DKh8P1XLq
;9VjSnsUBb1OTvWH4hFE3EBx2nEIhuM6KUVqyR9aCvuFsyQmF0tNsFxY8/z+E2jnR3LPfGfqvElcNwyo
;fD9VuevVTW4XdVKlC07t0M4fWPdWccNaFJ7OLz1UafcVUTP7h7kSJhpnRKNwTe7U9A83giIergVn6/U
;JXBoMqHwbOfOYoWk5F2d+s0BJ9cz8IkT2UHjPZgK01Sc6XmDEI1M8/I6KKSMIYEC/TFiBogvkrhq7hx
;c6Z8y8SVwTYMkPS3Hhh6YSKBRgVb5CYvLW4xtW4EdBx2sBgtAlA1h6zQ5TNOLr1E1KexQh0S89gY2Rf
;TenTn/dcUOY0DoDVWPcCFA4zZigPywad0SORlPnyv0RaPBBf8BrDoXbFj9YecYIP1SS69VNSnvkHtEZ
;PYGjtRFW8FY63WkUtN4mKENjxSNMIOCNtC4vJH1Pt0ZR7fziHlbtTHfAYjiI0zwyQ1PKBWA5+4WwTUt
;7FCHRLz1xnJFTN4MiOsJkFJ+YOjBEU8oTSyH9hoo+PwlyQLJKYujN9xRb731tzWQJhdUnO2h/2BlaMZ
;Lq1U1KexRtDG89nqORfRPvQ23aIRSHzxY+WHjcE1IK4Z6nKysYcX69TkTk0eJ9NoMiHq4FZ+u8SX43D
;KhYUzThn/E+JghLQ75bSe7Ozg5C8UR/zWA4n9Q7OURkxxBbVZNTy8ihKqyf7i8XgaORWVviUWqKdguY
;4yszQ3jHEWAm55mzLCkeS1W+cFPu0fwcW9xNaMt3C4rMSV03DKh8P1WS69ViSnsUBb1OTvWH4hFE3EB
;x2nEIhuM6KUVqyR9aCuaEijklC0tSpF1b4MD0Ilj1R2zCZBfrvUlcNwyofD9VkvXVTUpfeECiWxnyz+
;IiVOxMasFwFbTfJi5ZadojWzD+iqxNS3sUIdEvPdjjkV83gyI6wmQUn5g6MERTyxNRIf2epxIvFXB+s
;kBQ8cb/Dlb3S3HABWbrvElcNwyofD9OkuvVaSYaZ1X1XFHy/PISWfdNa9xaAoXYFjhSYMkFP1SS69VN
;SnsUIdEOPYGjtRFW8FY63WkUtN8mMkNj3Q5gOfOYsD8VFHJHjktY7cLofTaDIh6uBWey/El8NwyoWFM
;04Z/xPiYIS0K+QUnu1uMiW+JRe9xaCIXjLTlbbdF8PlWS69VNSnsUIcwvPYGH/RxE9wZtwnY4iNMnKF
;h52iNTNOGOpxI6FGNEoy88gaORfTeDa16uJ2frvG0wVn/cWEw54bS2IiQPe1SjcFHkzfYJX9xWdtxgF
;IPTJTg3DRBiur7DUxtySmQUIdELUeDQ5VlE71FBzWoJn9M8LmhgwRJaCvaCpjkrFXdE0S6nGDoI5K46
;HR65BWfrmCU9RHiMD1MmzYi6Iz4UYVOOQ1Lu0+J9NoMiHq4FZxuDSUQ3DKhYUzThn/E+JghLQr5BSe7
;W4yJY5URty3Fn6sdd8nDt0siAVbLr1U1uF3VSpQtO7dDOHljtVnHbdziY3ygyWWXGG2A2/Z67OUp6FC
;HRLz2BU659F4MiHoppBpjIbS9bf/cfUDvmhKA/FQh3QL9BVO/Ezg5H5kd6rgRn67xJXHvR6HwbVZLr8
;SErCGAFokNO3sD+E0PsV2zxcQi01Sc6XmDEI1s84Z+0IykeFCCqO5PGQuvZCIMQHq4FQ4fdOigTf8QP
;YDb9hLkkJBxLQqhDVO/H9A9o701py3c4g9koKFJ+9xFeLc2EoDk6DmAh0C89gaOR/WHDIiyuBWfP0Cg
;vQyjbEEwK8YS6ISMVc36yVlHozfUYRdxXbt5gFbTULD1DadojUjTqtLo4PgthVdEuPYGjkX231WIegg
;Vn65glPUR4jA9TJs2IuiImEnpGjklP7s3lIl7xfXbLZBOOzhYxVnT3E0oh4p6hTUt7FCHRL73X45FlN
;4MiOsJkFJ+YOjBEU8sTUDn7hbISIh59RrlbPYCjkX03gyI67gV567xJeFtt2wgbJv6Yii4lFHhIv0hi
;7cLoGEXcSnvHYg+fvEhcNwyofD+Frev4TUp7ME2wXEml0P0OaOBNccJsCYzjJTlRePcaWjD2tL0oKw9
;xU45CXPn8/ghD81dqrgRn67xJXLda6HwUVZLr8SErCGAFokNO3sD+ElvqTHnxaQKNyBY1RVPAGV4h95
;mKICsDS06kW03015F8N4MiHq6FMau8Y1w3DIwQXibmz6YhOSR3Tr5DVO/Ezg1e8FZxwFoPjt09OUVTx
;R1HCv2eoT0/DxQg0S89gaMRK3eDCB6uBUOH3TooE3/ED2A2/YS5JCQcS1G+WFnk0c4bUuZGd8BiOJ/V
;JDload4ZUVWT69VNSnsUIdEvFIGjkVlb4lFqinYLmOMqM1hgwRJYCuKEoikvCUtHtEpZ6M32IkPqT3v
;xagOPvEhcNwyofD9Vkuv+TUp7ME2wXEml0P0OaOBNccJsCYzjOzlWfvcVTQr6jrQ5LwlLTLBXYu7W5Q
;1C9yIfrgVn67zJCncMiHw/VbaHtD4+X2dNonBe7sz9FFnkfWzLZgiKyCwuaH/YGVoxkurVTUp7FKG6b
;z2vo5F9E+9DbdohFIfPFj9YY8QVUTLNmbwqIg9LR7RKWd7L9BxD5lBBw2QftNM8KEd53Hw+VZLr1U3K
;LVQh/S89gYf9HET3Bm3CdjiI0yYwXmLPI0089YOhEiMJS0m0Tknk0c4QVvt9cdtxF57ISV03DKh8P9X
;Eq9VSSnsUBb1OTvWH4hFE3EV/3loBgtAlA1Rj2hJaJ82PsCErAhQg0S89gaORJHeDAR6uBUOH3TooE3
;/ED2Ay85uKKyMXeH60QVnewP4QR+ZMbc9xDoTSSV03DKh8P1WS69VRSnsUBb1OTvWH4hFE3EV/3loBg
;tAlA1JizCNbMP6KrE1LexQh0S89gaORXzeDIjrCZBSfmDowRFPPHU8K9IK5IRUXdVK0XWLuxfciU+ZO
;f9cFZuu8SVw3DPE8P3SS69VpJhpnVfVcUfL89hxH3ER3wmk4h906OUVTxxJgMfeHtDRKehQh0S89gaO
;RfSmDIh6KaQaYyG0vW3/3G14lzY28ISYkeECiSk/e0/4KUvEiH64FZ+u8SRV3DIt8P1W2h7Q+Pl9nTa
;JwWuDTzhte705BwmAJjMghA0Nk2hlMPf2HsU1LAACPls5HBZyRXDeDIjrCZBSfmDowRFPPHU8K9IK5I
;RUId0C/QVTvxM4eWPZMaq4EZ+u8SVw3/Jd8HlWS6/EhKwhgBaJDTt7E8A1o5UtywloUiN0nMl5izyNM
;JfeOsU1LexQh0S9xXOORYDeDIjrCZBSfmDowRFPBElk8/oeKLiUJekSjcFnkz/AEN4IiHq4FZ+vlCVw
;WDKh8GznzmKFpORdnfrhBW+jP/SJS7UZBzWoKm9knL1Z4wRNRVZPr1U1KexQh0S8ngaORWVviUWqKdg
;uY4yAyUWXEEGAw/I+KKS8XdVjRLj2Bo5F9N4MiHogFZ+uYJT1EeIwPUybNgrsrIxd4frZOTd7F+BFb3
;EFx3GsCmeMtOVtt0Xw+VZLr1U1KIlQh+y89gYf9HET3Bm3CdjiC0i81W2D3G14lzY28ISYkcU+1cF7u
;zuEYWfBDasdqCeu9SVw3DKh8P1WSyNVNSl94QKJbGfLP4iJe7UR3wmk4jN05A1FlxBBgMPyPiikvF3V
;Y0S49gaORfTeDIh6BBWfrmCU9RHiMD1MmzYK7KyMXeH62Tk3exfgRW9xKf9pmD7TYIC9DbcYfWgr0ir
;Y5JQkUINEvPYGjkY0IgwsergVDh906KBN/xA9gPPyNvCEmJHNAoXBb6M/9IlviUXvcWgiN2hY4UmDJB
;T9UkuvVTUp7TWHRBz2Bo7URVvBWOt1pFLTVJzpeYMQjWDTitLMkJhdLTbBcWPP8/hNo50dyz3xn6rxJ
;XDcMqHw/Vbfr1U1uF3VSpQtO7dDOFFnlS3LCWgCKzBY6XmDEI1M04Y6nEjoUY0SjLzyBo5F9N4NrXq4
;vZ+u8bTBWf9xYTDnhtLwjLBJ4TY5IXPH89xRb731yy2sAn9QWKF9+zQ9XOv6P1Uwxb7pmMFW5vqO5fT
;eDBnLPdhPPzyUvaGXGGlY5/rSyLDokcki9Q2LywPATWepMefFmCJ7SPVw2DKh8P1WSG+pNYnsUIfVDX
;PLXtQ5b8H13wGMOh9AWO1Z89xpWOf60pi4rFXpIv0hi8tP0GFODIx6uBWfr8JQcNyyofD9x/oqmOW4I
;eFKORlPnyv0RaO9Dbct3OITaLwNTacQdRlWT69VNSnsUeJEvIoGjkVlb4lFqinYLmOMgMlFlxBBgOfO
;YsD8VFHp+tUpR4NqRfDeDIh6uBWfrvFVcNwyMEF4m5s+mITkkfU+3RlHt/P0cROZQQd5qEI7OSV03DK
;h8P1Xbq9VTSnsUBb1OTvWH4hFE3EtwyGwLh+MlNVlp9xhWJuaKuy4vexW7SLakGDooQjecIh6uIQuKz
;z14RGDbI1Y79IK5IRUId0C/QVTvxM4eWPZMaq4EZ+u8SVw3/Jd8GFWS6/EhKwhgBaJDTt7K/xte705B
;3WYGhdIgMlBTyxNKO+a0tzQVF31PtC88gaORfTeD0iGuGmfrvG0wVn/cWEw54bS8IywSeE2OXF7gzf8
;UWeR9bd5gAo+8SFw3DKh8c4jS685NSnswTbBcSaXQ/Q5o6Vdz3loLjtIuKF9TxBVSPObr1E1KexQh0Q
;t9gbuRfTenTn/dcUOY0DoDXXnFDGA485OKKS8XdVjRLj2Bo5F9d9ZiHrYFZ+uYJT1EeIwPUybNgaAgO
;iR5SL9wWeTP8AQ3giIergVn65gJXCMMqHwbOfOYoWk5F2d+u1pQ8fziDVLmRh6vBWfrvEkQ6kyoYT9V
;ks+5LDkPMFK9XGLtwugYRdxAcdxhApnjJjpRf80IP1SS69VNSnsUIdEOPYGjtRFW8FY63WkUtNAoJVJ
;+9xFaJ/WOii4mFGdEjklc4sbifTaDIh6uBWfrvEl9NwyoWFM04Z/xPiYIS0ywW1jzyvARaPBBf8JgOI
;3dKihYfvcEP1SS69VNSntNYdEOPYGjtRFW8FY63WkUtNEoKFJ+wR1TCuGItCEvJHJAsltS8/zofTaDI
;h6uBWey/El9NwyoWFM04Z/xPiYIS0ywW1jzyvARaPBBf8JgOI3dKihYfvcGP1SS69VNSntNYdEHPYGj
;tRFW8FY63WkUtNIgKEVjzxlRCv+EsSgVHmxJsFpO9fzhD1LwUWvcYGfqvElcNwyoSH9VtevVTW4XdVK
;lC07t0M4TXvdQcclgCbTRJjhSU9gQWjvnhoo9OB5nUqRdWIGikX03gyIeikVn9LxJXBNgyQ9LceGHph
;IkFGZMsENi6M33FFvvfXHYYBWH3TlcNgyofD9VkuvVTW17FCH1Q1zy17UOW/B9cMF3CorQFihYU9wTT
;wrhnqcrKxhxfr5ZWPPP8A03giIergVn67xJXC8MqHwbOfOYoWk5F2d+vldE5sb/IlTsTGrLaxPrvUlc
;NwyofCsVkszVTUpfeECiWxnyz+IiR+xVest3OI3ZLDheYs8jTTrmiqEkJRVLU7BbVO6jkH03gyIervV
;Y64BJXDcoxB1MIbaYuT4VC3tWtUpP3sX0GFPqTHnxdwif3T01WGL3Dl4h+4SKKz8Vd1W4QFPewuMYVt
;xEf81xCJm8SFw3DKh8P1WS6+BNSnswTbBcSaXQ/Q5o801pymAVtNosOVNlxhtgJ/2ftDkjFHp+o05J6
;MzOG0LtQWrHagm03igvUgypfD9VkuvVTUp7KSHRLxntwuIJE/BObfF1CJzYLC5oas0ZWzz8jIo/JQ91
;VbhAU97R8Ale7H1422sEn9UmMmhvxxFPMPyYtDkjFHoh0C89gaORfce8IjSuBWfP0CgvQyjbEEwK4oS
;iKS8JS0m0TknozfYiVOxPbstrFIrIIDNZU9wVUjCS6rMrLB1yR81vPbSjkX0T70Nt2iEUh88WLEVpwB
;leIfuFshIpAnhIv0tY8/z9EkDmUEHGYAaf2TsDWm3QI1Ag5pugOUp6FCHRLz0B9dF9AoMiHoppBpjIb
;S9bf/cMTTD6jrQ5IxVzfrJWUejN9RhF3Fdu3mAVtNQsPUNp2iNSNOq0ujg+C2FV0S49gaORfbfVYh6B
;BWfrmCU9RHiMD1MmzZunKCIedVW4QVrexeMSWfd9d9xaD47dPTlFU8UdRwr9nqE9Pw8UINEvPYGjESt
;3gzkergVDh906KBN/xA9gJeCOvSgrD31PtnBV5Mr2FUODIx6uBWfrvGEcNy2ofD9x/oqmOW4IeFKOX0
;/ky/QcQ+pMefFpBpLZOwNfacEbVyGS6tVNSnsUIQEQPbGjkX0T70Nt2iEUh88WLEVpwBleIfuFshImH
;nJVjklY5MfOFVLiVnvcWgqKxBYzQnjYCUtVk+vVTUp7lHeRLxOBo5FZW+JRaop2C5jjOS5SZM0dSzz8
;jIohLx1gfrhdYunG8AlS8X1zz304hMk9LEJ4qH0/VZLr1c0cOxQM0S89pc/wDkOnUXLdWheZ2SE5Vnj
;BElgK4oKmOSUVS0m0Tknk0c4QVvt9cdtxF57ISV03DKh8P9XEq9VgSnsUBb1OTvWH4hFE3FJsy20Cis
;ggMlBT2BNIMfeZiisvHnBIv0hi9cr8GGjmVHvABWbrvElcNwyofD95kuvVaSYaZ1X1XFHy/OEPUutHf
;9psCYzjOTNAaM0OYDP3jrEkJBxLVbhCWN7M9Rk3giIergVn67xJXBkMqHwbOfOYoWk5F2d+oV1Y6cbw
;CV7tRUHcYAaZ4yAuaGTNHUsw4LS4LDIke1SlX0j1o5B9N4MiHi5TJ+ufSVw3KMQdTCG2mLk+FQtmRLl
;KXPXK/xpo8Ud9wWQTjs4WL0dpzRg/VJLr1U1K+39h0R49gaO1EVbwVjrdaRS0zDs5X2nJCFY79bSnJC
;0TYH63Sljl/PkYVvdHbPFoBpPjJilDfN0IP1SS69VNSvtCYdEAPYGjtRFW8FY63WkUtMw7OV9pyQhWO
;/W0pyQtE2B+uF1i6cbwCVLxfXPPfTiEyT0sQniofT9VkuvVzRw7FBLRLz2lz/AOQ6dRct1aF5nVJyhe
;Ys8jXCz+grspLwlLTb5YWPP8+RhW90ds8WgGk+MmKUN83Qg/VJLr1U1K+0Jh0Rw9gaO1EVbwVjrdaRS
;0zDs1WXjBElgK8ZK5JCQfcVOOWk3xxuMiX+ZDast3OIbdMQNYedwMSiGS6tVNSnsUoYdvPayjkX0T70
;Nt2iEUh88WLEVlxghWO/W0sz8lFWB+uF1i6cbwCVLxfXPPfTiEyT0sQniofT9VkuvVzRw7FA/RLz2lz
;/AOQ6dRct1aF5nVJyheYs8jUzD0n4orLx5wfrlKXPXG4yJa4lpBwXATm8k9XDYMqHw/VRK9lU1mexQh
;9UNc8te1DlvwfW7cbAmf1Sc7aGDNGksK+5mKJS8aYESjcFDg284SQvdSa9oFZuu8SVw3jP48P36S69V
;pJhpnVfVcUfL84Q9e7VZ3wGI4m9U6KFhi9xRaNOaOpxInGmx+vlpJ8dblfTaDIh6uBee9/El3NwyoWF
;M04Z/xPiYIS1GjRlP1yv8aaPNNacpgFbTaLDlTZcYbYCH7hrASLw1xT9EuPYGjkX03gyIehAVn65glP
;UR4jA9TJs2bpyQkD31PtnBN7tT1GEXcRHvLYQ6F2xYoXmHNI1Ax9uvUTUp7FCHRLz2Bj5F9N6dOf91x
;Q5jQOgNHfsESSzz8jIo/LxpmfrhdYunG8AlS8X1zz304hMk9LEJ4qH0/VZLr1c0cOxQA0S89pc/wDkO
;nUXLdWheZ1ScoXmLPI00w8YS0OS8JS1KhSljlo5B9N4MiHi5uJ+uTSVw3KMQdTCG2mLk+FQtmSL9bVO
;/Ezg9e5Epq8WMCjtgWNFJt3BlNCv+KrRIlDmBRpFs9gKORfTeDokjuBUrrvEl4W23bCBsm/piKPTgSe
;lW4QVre0fgaX/d9d9xaD47dPTlFU8UdRwr9nqE9Pw8UINEvPYGjESt3gz8ergVDh906KBN/xA9gJ/2C
;ij8vHH1Ov3Be5M3lGEXcWh6vpX3EYW36CcyoYT9Vks+5LDkPMFK9XGLzzPgiReZFd8FrOIjZJyhSfvc
;FP1QbqrWompkq4dE0PYGjtRFW8FY63WkUtM4mNWh+zRtWOvy0pywuEmFS0S49gaORfTe9Yh6NBWfrmC
;U9RHiMD1MmzZm6JBUJcUa4QFPe1/kPUvBKccJhOIrOLD03Dah8P1WS6/ENSmcUIdELUeDQ5VlE71FB3
;WAAhtknKGhgzRJYIfq0uCQkexXbr0WB9TAZQjeuIh6uIQuKzz14RGDbI0w9+465KRUZe1WlQFDewP4T
;Q+xXbPFpDoXZFjhef9wdUTb369TX0+KNuEiWAoGGkX03p05/3XFDmNA6A0RkwRlTMc2Jujk+FHl+skB
;T9czkD2jvTXHedmfqvElcNwyoaH9VoOvVTW4XdVKlC07t0M4OX+pHcspaBYTIPTNaU8sTUSH9nqcSPh
;RLSL9JVO3Pzhle8FZ/wGYC670ySJlLSQabapLK1U1KX3hAolsZ8s/iIkTrS3vCYTiJ0z0oWGH3GUcl8
;4WmJCUVFCDRLz2Bo5Fpd4MOHq4FQ4fdOigTf8QPYCb6grAhLiR2TqVbUuz8+BNR6k5y8WkOhdkWOF5/
;3B1RNvfr1NfT4o24SJYCgb2RfTenTn/dcUOY0DoDRGTBGVMxzYm6OT4UeX69TkTk0eJ9NoMiHq4FZ8/
;8SXQ3DKhYUzThn/E+JghLUrlGWO3Hzh9Y91Zxw1oXmdMjOVR4zRhgOfOSsD85exUh0S89gaPIPTelIh
;6uIQuKzz14RGDbI0w9+465KRUYe0+lQEjz/P0UWeZ9esd2E4rSKjk3DTLlpswLcmxySmUUIdELUeDQ5
;VlE71FB3W0OjtAtA1RjxghQIOC0uSIlC2ch0C89gaORfSPDIgOuBWfP0CgvQyjbEEwK4YO8KCYfS0K+
;XVPk0c4ZUu9DZ64EZ+u8SVw3Veh8HlWS6/EhKwhgBaJDTt7Q+RRS70ZBy2sDtN8mMUdpxg9eIfuEu01
;LexQh0S89gaORZzeDIjrCZBSfmDowRFPbFFYw/o+KKCQfS0W0Q1z4o5B9N4MiHq4FZ+umSVw3KMQdTC
;G2mLk+FQh8SLRDWd7G6Q1W7VF3wWtn6rxJXDcMqIwAVbfr1U1uF3VSpQtO7dDODl/qR3LKWgGC0D05R
;VPGHU0n/ZyKPy8cfU6/LzyBo5F9N4MqXq4gZ+u8bTBWf9xYTDnhtKYlIx54RY5GU+fK/RFo70twy1oD
;gs89PVlvzXw+ZqHY5n55qCsh8S89gYf9HET3Bm3CdjiY1CA5W2j3EF4m95mKIiwdS0W0Q1z4o5B9N4M
;iHq5cJ+ujSVw3KMQdTCG2mLk+FQh8SLRDWd7P8A5S8X1xwFoDjtAoJTcNqHw/VZLr1U1KZxQh0QtR4N
;DlWUTvUUHdbQ6O0C0DW23bGU0K4oSiKDh7FSHRLz2Bo4U9N5QiHq4hC4rPPXhEYNsjTD37jrkpFRRyR
;6JKSYGikX03gyIergVn9LxJXBNgyQ9LceGHphI5E31EvUti8sDwE1nqTHnxdheO2S1cNgyofD9V3jaV
;TWN7FCH1Q1zy17UOW/B9bdt3AYrfLANEZcwZYCH3k6E4OB5LU7RcUu3W5RRY7SIfNJz+ciXQ5QgMgHw
;/VbaHtD4+X2dNonBO9NH3HFTmfW3HYQK0yCwkQ3naGWAt67S6KywIcVXRLj2Bo5F9N2MdHpYFZ+uYJT
;1EeIwPUybNn70oOBZ1TY5KU+LP/g5C8UdBzGQUjuMtNUR4yRJcMM2fuhIsEmZSpXBR4Nr0DzeCIh6uB
;WfrTHZcGgyofBs585ihaTkXZ36lR1Tv/OYcW+99esFwBYfZFjBeYs0PYDb9mbsoOCRwRL1ORIGikX03
;gyIe90Vn2rxJXBNgyQ9LceGHphI+E31Pjlhc7c/OGVj2QHLLWguC0iwvaGnGGGA2/YalKCQIdVW4QFO
;BopF9N4MiHq4FZ8G8SVwTYMkPS3Hhh6YSPhN9T45YXO3PzhlY9kByy1oLgtIsL2hpxhhgMfeHtDRKeh
;Qh0S89gaORfQeDIh6KaQaYyG0vW3/3CFc8/LSiLCYXS0W+Wl/txs4RXu1HbfFpBpjZOwNYas4jWzD+i
;qxNS3sUIdEvPdjjkVI3gyI6wmQUn5g6MERT3BRWO82ctCEmJHBOpE1R5Pz9FFnmUUHCZBSOzhYzWVPM
;GVM06+vUTUp7FCHRLz2Bj5F9N6dOf91xQ5jQOgNDZMESYCLzh7kSLhRhQ71KYu3K/xhE3E5/3WAVtMw
;mK1J+qH0/VZLr1U0DOxQO0S89pc/wDkOnUXLdWhOD1ScDQG3EEGAx/Z63IS8keEi/Sk7e0PIcWe1LcM
;laBITJJyg3Dah8P1WS6yVySlQUIdELUeDQ5VlE71FB2m0OheM+PVtg9xhQIPCHsBImEnpEonBO4sL/E
;17tRUHddQKO2EldNwyofD8ZT6vVYUp7FAW9Tk71h+IRRNxWdsdrOJzdJTBof8ESWDn3tLkkJB5LQr5d
;U+TRzhlS70NnrgRn67xJXDdV6HwPVZLr8SErCGAFokNO3tf5FFncVX/CaTiY1Sc7W2n3EFY797SwIy4
;kd068X1jv0PAJXuxMHq8FZ+u8SVw3DKhVP1WSz7ksOQ8wUr1cYvXL+BNo9ENywloUgtIuMFJTxBVRMM
;2OuykVH3FNsFY9gKORfTeDIh6uBUjrvEl4W23bCBsm/piKOSISen6mTlHt/OIUWeROe/FpDoXZFjBWf
;80OYDr0jYopLxd1WNEuPYGjkX032mIegAVn65glPUR4jA9TJs2fvSQkJGNAvUNi8sr/GlvmfXLHawK0
;0CgvUn73E1EK9o65LDN7FSHRLz2Bo5F9N6giHq4hC4rPPXhEYNsjSz37hYo6Kxd4fqJGU+bP9CJb6kx
;78WkGmNk7A0dj3xlNVZPr1U1KexRokS8TgaORWVviUWqKdguY4z00XmL3C145/rSmJCQceESOQ1Tvxs
;4OVOJMcMdrALTfJilZeKh9P1WS69VNukQUD9EvPaXP8A5Dp1Fy3VoTg9UnA0BtxBBgJvuFsiEvJHhIv
;0pi8sDwE1nqTHnxdheO2S1cNgyofD9V3jaVTWB7FCH1Q1zy17UOW/B9asF1OJjJOzpWb80jXDr8n7o4
;OCR3TqNBWPP89Rhb4lserwVn67xJXG5MqFI/VZLPuSw5DzBSvVxi9czhIkT2UHjPZgK03yYyQ2PdDmA
;w/I+KLiUWZES/XFz1yv4TN4IiHq4FZ+u8SVwQDKh8GznzmKFpORdnfqVATd7Q5A9R4kF78WYIhcgmKU
;VTzRJbCvaOuSwzexUh0S89gaORfTeuIh6uIQuKzz14RGDbI0s64rSmODgddUK0cF7uzeUSQvF9cs92A
;pnjJjpRU8wZUzTr69RNSnsUIdF2fYGPkX03p05/3XFDmNA6A0Nj2CNMIOCNtC4vJHdOv1tS9NHOEVbw
;R2zxagm02CwwVnWofT9VkuvVTUp7FAjRLz2lz/AOQ6dRct1aE4TMFi9Cfs4dXDDNiLojPhRhU45DXPL
;G4yJH7FV73AVm67xJXDcM4Tw/fpLr1WkmGmdV9VxR8vzlEkfcUWvcYwaI2RY/WGLcE0onzYe8Iy8kcE
;iiW1zvwPR9Nhm7hzec/lKDSX83DKhYUzThn/E+JghLVb5fYvLW4xtW4EdBzWoJn9M8LmhgxxNPJpLq1
;U1KexQhIRA9paORfRPvQ23aIRSHzxYoWHz3D0on9Iq2KBUYe0+lQEjz/P4bUfBHaq4EHP8SDr1NuBd8
;E1WS6/EhKwhgBaJDTt7X/g1o8FdsyGQEjuMqM1l4xwlNCuGItCMkEnpGjkxS9M3lfTaDIh6uBWcbg0l
;wNwyoWFM04Z/xPiYIS1W+X2Ly1uMbVuBHQc1qCZ/TPC5of8sdUTv7hbISOQtxRLUvPIGjkX03z/9erj
;Vn67xtMFZ/3FhMOeG0oSI6JGdUo0lc4sbOHljtVnHbdzif0xY1WWrBEFMK9oKmOSsVd0TRLkaVDdacT
;ScdHocFZ+uYJT1EeIwPUybNn7o9FQhhU7dOXuT8+BNR6k5y8WYImdIsLmhozRBeLJLq1U1KexQhiG89
;rKORfRPvQ23aIRSHzxYoWHz3D0on9Iq2KBUSeke4Q1Hexv8ZaOBNc95gCZjdPTVYYqh9P1WS69VNSns
;UB9EvPaXP8A5Dp1Fy3VoThMwWL0J+zh1cMM2CuysjF3h+tEFZ3sf0EVb6Ih+uBWfrvElcNwyEfD9Vto
;e0Pj5fZ02icEnu084OQvFEf81gOILSLzVbYPcQXib3mYoiLB1LRbRDXPijkH03gyIerlwn65dJXDcox
;B1MIbaYuT4VD3tRjlxI88XwHlLcS3DIbAuH4yU9RGnaI1A7zY+wISsCFCDRLz2Bo5F9N4MKHq4FQ4fd
;OigTf8QPYCH9m4o+PwlyQLJKYujN9xRb731yz3YCmeM5M0Bp2nw+VZLr1U1KMlQh+y89gYf9HET3Bm3
;Cdjif0zkDRHnaGl4297S8IywSeE2OQ1Tvxs4ZXvBWf8BmAuu908WulTHlhmqSwNVNSl94QKJbGfLP4i
;JD7FJB3XAVjd0qOWhlxhpWOf60pi4rFXpIv0hi4szkE0ODIx6uBWfrvLljNz+ofD9x/oqmOW4IeFKOW
;1Lx/OIIReVDfctaDoXaIDBbU9sfXjv8grsqFRh7VL9bYuPazhFe7UcerwVn67xJXMczqFc/VZLPuSw5
;DzBSvVxi9czhIkT2UHjPZgK01Sc6XmDEI0w284W7JCQcS1KhSljlo5B9N4MiHuLYJ+ugSVw3KMQdTCG
;2mLk+FQ97UY5cSPPF8B5S3E5/12AVmLxIXDcMqHw/VZLryk1KezBNsFxJpdD9Dmj3TW7xdhKZ2ig/Ul
;PcFE0w4YO6IS57FZnPqtbQGy9CN5siHq4hC4rPPXhEYNsjRyzNmLQrLyRmQLVGSPKjkH03gyIeruVY6
;6FJXDcoxB1MIbaYuCwmF0tHtE5J9NH0DmjnS3/DYBOOzkldNwyofD9VtqvVb0p7FAW9Tk71h+IQVu9O
;QchgBp/JOzlEU8ATUzDNj7wsJx5gRKMvPIGjkX03gz5eriRn67xtMFZ/3FhMOPOHuRIsHnVVpF1Y8vz
;4E1HqTnLxdwaf1SZcNgyofD9VkrKVTWp7FCH1Q1zy17UOWuJOcvFjAorIPC5Sf/cPTzD3j4o/Kw99Tt
;EuPYGjkX03ymIehgVn65glPUR4jA9QOfuPii8lD2BOvHBY+dfjCETqTXDxcg6PyCEDRW3cFVBVk+vVT
;Up7FHiRLx2Bo5FZW+JRaop2CIfVLQNVY9wIUDjNjbwhKxZxT6VwW+3M5n02gyIergUnvvxJRDcMqFhT
;NOGf8T4lF31Fjk1S9df+EGjvQ2fLd2fqvElcNwyoaH9ViuvVTW4XdVKlC07uz/gZaOFNatpqCrTPOTl
;SaKh9P1WS69VNBDsUAdEvPaXP8A5Dp1FxwmwDtNogMFtTxh1NJ/2ciismFGNTsFtYgaKRfTeDIl77RW
;f3vElcE2DJD0tx4YS5JC4kfU+3RlHt/PQFR+JMbcdqCeu9SVw3DKh8P1WSw9VNSl94QKJbGfLM/RRT3
;EtwyGwLh+MsJEdtxg9WOvy0pygnFGJEjkdS7caRfDeDIh6uBWfrvFBcNwyMEF4m5s+mIiYScH64QVvo
;z/0iROtHcsJ2Z+q8SVw3DKh8P1WO69VNbhd1UqULTu7P+Blo6kx4x2kLtMsgOENk9xFWO5Lq1U1KexQ
;h0S89pKORfRPvQ23aIRSE0CA4aHjHDGAw6p+nODkSe0+OWFTl1/kiReJWd8EFZuu8SVw3DPE8P0iS69
;VpJhpnVfVcUu3K9SJD7FJByGwLitEsMkNTzhBQIpLq1U1KexRhhG89lKORfRPvQ23aIRSE0CA4aHjHD
;GA585KwP0p6FCHRLz2Bt9F9IoMiHoppBpjIbS9YYMEYYCH9m4o+Oh5xRdEuPYGjkX03zWIeiQVn65gl
;PUR4jA9KJeKEpzkVGnBAoVtU98bOFFnlS3LCWhWKyCAzaGHJBD9UkuvVTUp7UGHRCD2Bo7URVvBWOt1
;wF5vTOyhobcwdTyH7nbASIxVySL1DYvPC5RRY3E93wAVm67xJXDcMjDw/c5Lr1WkmGmdV9VxI8dP+D0
;PcQ3rPdROCyiwDXmLGGU0K95OlLCQIfU6/LzwbOgjkrhr7Ia4YZ+u8bTBWf9xYTCDim7o/PiR1RbBfS
;ejV9CJb4lt73HZn6rxJXDcMqGh/VbPr1U1uF3VSpQtO9NPhEkX3fX/KZBef1T85aH7NGEo25oK6Izl7
;FSHRLz2Bo5E9N6MiHq4hC4rPPXhEedgMUCfmtLQpKwtgSKdKYvbK9Qlf3E93wAVm67xJXDcMoDw/TJL
;r1WkmGmdV9VxI8dP+D0PcQH/dYDiH3TA5RX+ofT9VkuvVTUp7FD7RLz2lz/AOQ6dRa951CJnIFj5Wf8
;0jUzTrjqc+FQhkRLRLPYCjkX03gyJX7gV867xJeFtt2wgbJuebpSI4D0tDo0ZZ5sbOEVb6R2zdBWbrv
;ElcNwyofD9NkuvVaSYaZ1X1XEjx0/4PQ9xAbMdoOJzVLShfDKl8P1WS69VNCnswIdEvGe3C4gkT8Fdu
;3moVn+MqM1lizR9LPP2FijUzJHBIoltc78D0fTYZu4c3nP5Sg0l/NwyoWFM04Z/xPj8LZE6jW2Lk2+U
;PQvBLccBaEILYPTRofskIVjqS6tVNSnsUIYhvPZqjkX0T70Nt2iEUnsw5M0V49xpWOfOGsCM+JHJNvl
;g9gKORfTeDIkfuBXjrvEl4W23bCBsm55ulIjgPS0i/SVTtz84RUu1FasZaCoLSSV03DKh8P1WS69VQS
;nsUBb1OTvWH4ghH801s2loOhdogMFtTxwlLOfuFsD5KehQh0S89gaORfSCDIh6KaQaYyG0vQnzYE00h
;zY28ISYkZkClSj2Ao5F9N4MiIO4FdOu8SXhbbdsIGybnm6UiOA9LQL9IUeSjkH03gyIeLkMn66VJXDc
;oxB1MIbaYoD06FGZVjl9U7c/wD2jwS2TLBWbrvElcNwy4PD9kkuvVaSYaZ1X1XEjx0/4PQ9xRc89pC7
;TaJTNWeM0YYDP3iqE4OB5nfqlWYuTb4RxZ8EtxwAVm67xJXDcMWEM/RpLr1WkmGmdV9VxI8dP+D0PcU
;W7LYAPrvUlcNwyofHYVksjVTUpfeECiWxny1uENWPFWQdp3Ao7jKy5WYssUYDT8jLkoFRZ1WdEuPYGj
;kX23xWIejwVn65glPUR4jA9KJeKEpzkVD2ZEtHBf88L/Hl/cRnvAdg6fxUldNwyofD9VrKvVb0p7FAW
;9Tk71h+IIR/NNbNpaE5nZLANVfskSXD3Nj7wsJx5gRKMvPIGjkX03gyJerjdn67xtMFZ/3FhMIOKbuj
;8+JGBTtEpi49HwE1TrfXrHZAqOyCwuaGjHCV0597S6OD4XfU+0XD2Ao5F9N4MiFu4FQeu8SXhbbdsIG
;ybnm6UiOA9LVaNKWN7B4xxZ4EpBymwGhtk9OUVTxR1HVZPr1U1KexQPkS8ngaORWVviUWqKdhKbzCYu
;Q1PQBWAw6pu0IzkSe0/RLj2Bo5F9N4MiHrcFZ+uYJT1EeIwPSiXihKc5FQNtfrVGTvXC/x5SgyN4yGM
;BjdqvYzcuqHw/cf6KpjluCGFRoUBP9fzrIljlRG3LcTiP0z4yaGDJBVon4evUTUp7FCHR3wKBg5F9N6
;dOf91xQ5jJOSxYftwjRQr9jbM+Lw9LVKFwUeDa9A9EgyMergVn67y5YzcpqHw/cf6KpjluCGFTt05e5
;PziFFPmfWrLfROeziwDRWnbE1Mg5oK6I0p6jrhItqQYaq59E4MiHoppBpjIbS9Cfs4dXDDNmLwpLyRg
;RKlbSPPGzgVO3E14yHYCn7xIXDcMqHw/pa3r8U1KezBNsFxJpdDkD1HiQXvxdgiH1S0DVWPcCFA4zY6
;tPSsVZ0i+QT2Ao5F9N4MiHq4FV+u8SXhbbdsIGybnmbMsKR5LUr5DVOX88xJD901z8WAfn848L15jxi
;NIPPafvRI4GmBIvi88gaORfTeDe16uJmfrvG0wVn/cWEwg4I20Li8kZ069Rlnewf4JQ+xPQchpCJzOK
;ChSDKl8P1WS61UWCns1IdEvGe3C4gkT8FdsyGQEjuM6M1tlzCNdOuafuiAVF3VYtF1OgaKRfTeDIh6u
;BWfLvElcE2DJD0tx4Z6nKysYcX6iQFHox84fWPdWccNaFJvZLDg3Dah8P1WS65sNSloUIdELUeDQ5Vl
;E9lB4z2YCtM8mMF5o9whQJc2OrT0rFWdIvkE9gKORfTeDIh6uBUrrvEl4W23bCBsm55mzLCkeS1K+Q1
;Tl/OUSR9xHZtp3EpjVJjJoe8EYSz3NmbQ5IxQUINEvPYGjkSR3gwIergVDh906KBN/3Q5ZNPGOij4lF
;31FjltS8fz3EVj0UH/aYGfqvElcNwwoJ39VjOvVTW4XdVKlC0700fccVOZ9bcFpDo/jPTNHU8QdRjDg
;mNVMSnsUIdEvPYGjtn03gwZyz3YTz888LlFtyxlgJv2HvCkVD3tRjkFc89H+CmjlTnHZdwaf2UldNwy
;ofD/VyavVUEp7FAW9Tk71h+IIReVDfctaFITQIDhoeMcMYCbijrApSnoUIdEvPYHn0X0XgyIeimkGmM
;htKFJh2BlNNOaepygVGXtVpUBQ3tDkD1HiQXuuBGfrvElcN2XofBBVkuvxISsIYAWlSlDxxuMcQ/ZQe
;/FnCJ/IJjFof90OWTTxjoosOB51fqVHT+TQ+RJb5yIfrgVn67xJNXcMknw/VbaHtD4+X2BEvF9Y88Ll
;CEXmfXrLZhWO3To5U1PaHVkhzZigPywad0SOQlLlxv0iUepQbdpaC4rFLC43Dah8P1WS69VNSmwUIdE
;LUeDQ5VlH8Utw2loTjtE5OUVt3AlNMJLq1U1KexQhuG89maORfRPvQ23aIReZ1ScoaHjNEU8w4IqhOD
;geJiHQLz2Bo5HdXsMiBa4FZ8/QKC9DKNgOVjvmtLcoLiRgRLxfWPPC5QhF5iIfrgVn67xJEncMvXw/V
;baHtD4+X2BJuEFi9sL9EWjwUnvLYWfqvElcNwyoNX9VhuvVTW4XdVKlC07x1uMOaO5DZtlsA5/USV03
;DKh8P1Vy1NVSSnsUBb1OTvWH5RVe7X1pz2kLtMsgOENk9w5eIfuEiiArAxQg0S89gaORFHeDPR6uBUO
;H3TooE3jAFVEK5Yq5IRUMfUWlR2LzwuUUWNxPd8AFZuu8SVw3DJE8P0eS69VpJhpnVfVbT+DV9BFo8F
;J7y2Fn6rxJXDcM6Cx/Vbbr1U1uF3VSpQtJ88LnGFvcWEHJZgiP2RY4Xn/cHVE297SzJCQSZ0nRLj2Bo
;5F9N5diHroFZ+uYJT1EeIwGYCHgiqMoJiRnUbRKWYGikX03gyIeukVnx7xJXBNgyQ9LceSEuTgnHmBT
;uExi8tP0GFPcUXPBahOD4zo5UGHNEksK/o67Kj4TFCDRLz2Bo5F1d4MFHq4FQ4fdOigTescQSjj3n6c
;kKSRnUbRKWd7Q/BJY90pB2m0Vjs8hM1toqH0/VZLr1U26RBQU0S89pc/wDkOnVHHCcAqOyDs1VFPbDF
;ow9rSmICUUYEmOW0/g1fQRaO9HcMlxD7TIIS5Sf8ATUzGS6tVNSnsUIcVvPZqjkX0T70Nt2iEQgswsA
;15izhVTOc2PvD4+GnpCtB49gKORfTeDIh6uBXzrvEl4W23bCBsi+5uwEiMVcki9Q2LlyuIJVu1Be5wF
;Zuu8SVw3DKh8P3WS69VpJhpnVfVYVPHGzhJC90ds8WwJmNk9A1Nl2wheO/GO5E1LexQh0S89gaORXTe
;DIjrCZBSfmD41R2n3E0oh95mKJCQIcVWOS1Ty1/ATVOYQHq8FZ+u8SVw3DKhhP1WSz7ksOQ8wVrhfWN
;7M5AlS8X13wHYCn+M6LFJpzE0/VJLr1U1Ke11h0TI9gaO1EVbwVjrZbBeO4yYpQ2naI1Y74Y6hEjkLc
;US1HT2Ao5F9N4MiV+4FTuu8SXhbbdsIGyL7m7ASOB5gU7BMSejM/yJV5kRx3GA4nNU5OWhqyR9LOuDa
;1UxKexQh0S89gaO4fTeDBnLPdhPPyyAsUlPaGUsn84ihJCUVS0O0SVLzxs4KXvNHQchkBJ/TO243Dah
;8P1WS69VNSloUIdELUeDQ5VlA6lJ78XYIh9UtA15izhVTOc2PvD4+GnpCtB49gKORfTeDIh6uBUbrvE
;l4W23bCBsi+5uwEjkUeEi1cFTvxfgRW9xGd91xBoXfLG43Dah8P1WS69VNSmcUIdELUeDQ5VlA6lJ78
;XYSm8wmLkNTzBVMIfOFtih7exUh0S89gaORfTefIh6uIQuKzz14QGXYGWAm55ulIjgPS0W4XEngzfIY
;BYMjHq4FZ+u8SVw3Eqh8P3H+iqY5bgx9UbRwSenK/yJA4k5y8WEOmMgoMlRpmXw+VZLr1U1KexQhzy8
;9gYf9HET3BmnHdQK0yCE1WVPfHVM5zY+8Pj4aekK0HT2Ao5F9N4MiHq4FfOu8SXhbbdsIGyL7m7ASPh
;RjRKNwX/PK/CJA6kZqxgVm67xJXDcMqDw/TpLr1WkmGmdV9VhU8cbOCVj0R2zxYw6T2S0DR2PbBD9Uk
;uvVTUp7LWHRND2Bo7URVvBWOtlsF47jPTNAadojWTzqjrESOhRnWNEuPYGjkX2X3WIetAVn65glPUR4
;jAtWJfe0oSI9HmZ+t0NS9tHwCVKyIh+uBWfrvEkFdwyyfD9Vtoe0Pj5fY0ihSmL1zOYYRdxEcsFyFYr
;ILG43Dah8P1WS64wNSmcUIdELUeDQ5VlA6lJ78XEInNk7A15izhVTOc2ZtDkvexUh0S89gaPIPTenIh
;6uIQuKzz14QGXYGWAh/ZywPxUXe06hXGLkwvIVaOZaatxwA47OSV03DKh8P1Waq9V8SnsUBb1OTvWH5
;hRH5n1qwXICmeMmP0NtzxNRNP60pSQmF3VTjk1S9df+EGjnS3/DYBOOzkldNwyofD9V26vVY0p7FAW9
;Tk71h+YUR+Z9asFyApnjJj9Dbc8TUTT+tKUkJhd1U45bUvH89RRW7kdqy3dn6rxJXDcMqEV/VYrr1U1
;uF3VSpQtK6NP0IkPsVXvcWgiN2jo5Q3SofT9VkuvVTUq7FDnRLz2lz/AOQ6dVd95gOJ/TPjlFU8caWS
;b3n6xNS3sUIdEvPYHjkWs3gyI6wmQUn5g+NUdp9whQIveZij46HnFF0S49gaORfTe9Yh61BWfrmCU9R
;HiMC1Yl97ShIj0eZn6nQFH0zvQiWupMHq8FZ+u8SVwXTKhqP1WSz7ksOQ8wVrhfWN7X/gpS8X1px2ET
;g7xIXDcMqHw/fdLrwk1KezBNsFxJpcz+B1LcUXbHYAuP4ygyUGDNfD5VkuvVTUpFVCHILz2Bh/0cRPc
;Gacd1ArTLKDBbU84QUCLgiqEoe3sVIdEvPYGjyD03miIeriELis89eEBl2BlgIvOHuRIsF3tWo05J5J
;GRfDeDIh6uBT6rvFVcNwyMEF4m5s+6IjAeS1K5Rljtx84RXu1HQc1qEoXISV03DKh8P1Vi1NVVSnsUB
;b1OTvWH/hJN5n1txmwCh9gWM1Fq2xlLVZPr1U1KexQhkS8ogaORWVviUWqKcg6b2RYrVmDEI0wl946x
;TUt7FCHRLz3I45FuN4Mif81mAofZOz1DZccSYDf9n6EiJ3sVIdEvPYHj7j03mCIermQEiNklOUVt3BV
;QO82Jujk+FHl+olpP58LyGDeCIh6uBWerwwlcLwyofF428Y65KDgaYEi+QWLnyuMOQ9xOf9dgFeu9SV
;w3DKg8QBWS+NVNShp3QrRDWPPC5RRY7X13wGMOh9BJXTcMqHw/Fe2r1VVKexRAskxY7cbjHEPqTXDxb
;AmY2T0DXmLGGU1Vk+vVTUp7VF6RLyWBo5EcVOBHcst3Bp/VJjJoZcYPWiHNhKA5LwkUINEvPYGj0QJ3
;gzAergUGiN8sMFJ+yQhWOvy0pT8jFWAh0C89gaORPUjDIgquBWeK3yo5W2naHUs8/YWKPj8LZE6jWz2
;Ao5F9N4NiYe4Fd+u8ST1Ub80QWifzn7wiJCRgTqEvPIGjkX03w11erh1n67woP1RpxBlNNOaCuiMVD3
;tRjlxI88XwHlKDIx6uBWfr/DYcNx+ofD808YiwIS8JdVW4QFPe1+McQeZOHq8FZ+u8SRxITKheP1WSi
;rYuLxdxU7BbVO7NzglF4lR7wloUg9M7KGhowQ9LNPyIsE1LexQh0S89gaORVDeDIn/Yag6P4z0uVnrN
;EGA9/YewPhULdVW5cFDg284RUu1FasZaAYrfPTNFDKl8P1WS69UkCns9IdEvXPfM+Blo91B/2GALtNQ
;mMFJ/9wxeIfq0uCwyJHpOjl1Y9dHwHkPqTXCuBGfrvElcNwyofDRVkuu3KCYPS063SU7k15F8N4MiHq
;4Ft9S8X1w3DMoZUyHNmbQrPiR1QrJKUeTR8Ale7EwerwVn67xJHEhMqGw/VZKJsCE+JGZAt1ti4MrjG
;lbzIh+uBWfrvEm8CAy6fD9V8I65ORUJdUelcFvtzOYPVvdHHq8FZ+u8SVxuTKhyP1WSibAhPiRmQLdb
;YuvG4xY3giIergVn66gJXCcMqHxdMP6fij8rHWB+vklb8sblfTaDIh6uBWcbg0lTNwyoHlo55rSnLCw
;PS1KhSljlo5B9N4MiHq4rJ+uvSVw3bs0QSwrgirM5FQ98SLJEU+TQ4n02gyIergVnE4NJTjcMqB5aOe
;a0oiwmF0tHvUBK88LlGDeCIh6uBWfr5QlcIwyofF0w/p+KOisXeH69SlPm1/kiWupMHq8FZ+u8SVzHM
;6hzP1WSibAhPiRjQL1DYvLT9BhTgyMergVn67xtHDcSqHw/N+CCsSojFXN+tFdJ89biFFjtfWnHYROD
;4zs9Q2XHfD5VkuvVTUoiVCHDLz2BweMUU+RLcMlaAYrSFi9Hac0YP1SS69VNSntNYdE7PYGj8w9e50V
;3wGI4jdUxOVNTyRJYOffr1E1KexQh0S89gbqRfTfhUHfKYg6F2xY6W2PJCFoxzYqnKCskeUi/LzyBo5
;F9N4MWXq4UZ+u8Ky5eaM8VUTLNjbkiPQl1VbQvPIGjkX03g3terh1n67wrLl5ozxVRMs2YvSgmF2d+t
;0NS9tHwCVKDIx6uBWfrvBAcNxmofD834IKxKiMVc36iR1jtz+IiRPNHe8oFZuu8SVw3DOw8P1uS69Uv
;OBJwRrhBWt7Q4RhS5yIfrgVn67xJEncMiXw/VfCZvCktEnpGjlxI8dP+D0PmRkHPdwKK4zs9Q2XHI1I
;06uvUTUp7FCHRZn2BrJF9N+FQd8NaC4LSLANUY90SS1WT69VNSnsUD5EvNoGjkR9F6k9BwWMBmNk9XD
;YMqHw/VZLr1U1YexQhskBc8tf4E1DcRnfdcQaF3yxtNw2ofD9VkuvVTUppFCHRTFLg0OUUWeR9esd2E
;4rSKjkFDKl8P1WS69VNSns6IdEvXu7N9RRD6k1wz2k4hNIsA0RkzRBTCv2FijklC0tSpF1b4MD0Dmju
;S3DxZBWO3UldNwyofD9VkuvVYkp7FEK+QVno1/gSWeJOQcFrArTPITlbYPcTUQrmhKUSOQ5mR7BMWPL
;8/BRZ3FV3ynEP671JXDcMqHw/VZLE1U1KGHtPtUZJ6Mz/HFvcVnHeWhSezi89VGn3FVEz+4e5EjoaYF
;W0XVPezvgTaOJQe88FZuu8SVw3DKh8P2WS69UuJRVwSKVGUu/C/SJD7FJB3XAVjd0qOWhlxhpWOf60p
;Sw+D3FTv3BQ6M3OCl7nVnauBGfrvElcNwyofCpVkuu2IiUXfU+2cF7uxvcbXuBLe8BxOIq8SHF0EEOe
;CQ+t68BNSnt3Tr5DVO/Ezh5Y5kR4x2YOjtI9A1UMqbHzmV4nGbn1ewEh0S9e7sz9FFnkfX3BYAGN1So
;1UmLcI1xVk+vVTUp71FORLy6Bo5EeWOxOQcNsCbTQKCVSfvcIVjj369RNSnsUIdELfYGykX034E1xwl
;oKgtIWOlJpzA5eIffr1E1KexQh0Qt9gbWRfTfnR3DdYDiYyTksWH7cI1k5/ZynLD4eFCDRLz2Bo5Ekd
;4M/Hq4FA47SOjlof90MTzrgn4okJB19Tb1wUvTX/RRZ5lEerwVn67xJXDcMqGs/VZKYoD06FGZVjktY
;79D0IlHqTnLxdwaf2UldNwyofD9VxqvVUEp7FEW0QU7k/OIIR/NNbNpaDoXSLC5oadAMXjvhgrojSno
;UIdEvPYGjkX0kgyIe3XAXm9M7KGhozRJMMM2HtDQvCRQg0S89gaORfTeDOR6uBQOO0jo5aH/dDE864J
;+KISsCcVOicF/u1+USWoMjHq4FZ+u8SVw3H6h8PzH3haYoFQhhUaFAT/X84g1S5kYerwVn67xJXH5Mq
;GU/VZKPvCAvFWdIvkFi+drOHljuUnvAdgaf1SYyNw2ofD9VkuvVTUplFCHRS1Tsxv8OXuxMQdZ8OIjT
;JCxSYtsdSzz9hYolJRdxIdAvPYGjkX03gyIHrgVnj9A5A1Zi3BVeOfuKpiQkHEtGo05E3s7wBTeCIh6
;uBWcL0wlcLgyofFs54rS0Iz4SdU24Tk7ozfYiUPFDZ/FoDoW8SFw3DKh8P1WS68NNSntwTaFwXO/X+B
;xb6kNtx2sAtNAsKlJgqH0/VZLr1U1qOxQ20S895c/hIlbtVnfPaQ6KzyAyUFPFGUs9/Y/VTEp7FCHRL
;82+o7Z9N4NGct5aBYrPLANbbdEZTQrzjaEoOCRxWaFATvTR9CJA4ktq8XEOhtlJXTcMqHw/VZLr1WVK
;exRFvV9i48LiGGjvQ2fLdziJ2S8zRWn3GUcl/ZigPy8kY0C4W2L1yvwYN4IiHq4FZ+u4CVwrDKh8Wzn
;itLcsOR5LTbBWWPP88xJF50ds8WoBjc8sKDcNqHw/VZLr1U1KXxQh0UtR8fzzHETmfXLPfAKZ4yozWX
;jHCU0K95OlIjkOZkSOW1TsxpF8N4MiHq4FT6u8Ylw3DMwQTwrwiqYoFRd1WLRdYuTQ5RRa4lZ3wWs4n
;9UkOWhvxxFPMPyYtDkjFHoh0C89gaORfTeDIjquBWeP0DkDVW3bGWA585KwPxUdfU29RlPm/PQFR+xR
;a9xgOJ/VJDk3Dah8P1WS6yVySmIUIdFLUfH88xxE5n1yz3wCmeM5M0Bp2iNSOvaO1UxKexQh0S/NvqO
;wfTeDRnLeWgWKzywDW23RGU0K4IqlJC4kcFO+X2L7/OINUuZGHq8FZ+u8SVwXTKhYP1WSj7k9FRl1Ur
;RwUeDa9A9o8UNux2E4h9UvKGh29xhWJuaKuy4vexUh0S89gaODPTeiIh6uYQub4ys9RGn3EF4s95mKP
;ysLfUWOQ1Tn184HaPBSe8thZ+q8SVw3DKhcf1Wx69VNLhdkfrNOTuT8/RxO5lBB3WkInOMtLlh89wZg
;MfuYoSwkGHEh0C89gaORfT/DIj6uBWeP0DkDVW3bGWA585KwPxUIeE6mcFnzzOEiTdxRbstgA+u9SVw
;3DKh8HxWSyNVNSh94UY5NXPLGzhFW+kds8XYLhMsWMF5q3CNFCvaCpjkrFXdE0S49gaORfTeLYh6OBW
;fr2CUsaG7JD1oK/oqsKDgkZ02+WGLtyvcJaPl9bd5gAo+8SFw3DKh8P3XS6/FNSntwTaFwX+DQ9CJb4
;lt73FoUnsw5M0V49xlHJf2YoD8vJGBIvEo9gKORfTeDIjbuBULrvEk4W3z3Hl4m97S5LDMeZn6lR1Ti
;yP8YRPB9fcFoF47SOj1DZccSP1SS69VNSnsUIdELPYGj9RFH3EB/3WA4h90wOUVT3QxPMOC0pSIjFWB
;+pk5U9fzlFFrmIh+uBWfrvEm8CAynfD9V9oelEigaZ0SOQ1z4xuMON4IiHq4FZ+ucCVwoDKh8WznitL
;YlKxZ2RKNwVeTC5QhH3FFqz2sDicUWKF5hzXw+VZLr1U1Kb1Qh8S89gcf9DWjgSn/DZwKZ4zkuXmLcF
;VEyzZ+wIDoeZkClWk/ko5B9N4MiHi5EJ+utSVw3aMQMYDb9haEiPwlLVrhLSemjkH03gyIerg0n67NJ
;XDdoxAxgMeCSvCMtJGBIvEo9gKORfTeDIgruBXTrvEk4W3z3GVsy97S3IT8JS020WVjto5B9N4MiHq7
;1WOufSVw3aMQMYDP7mbg6KwlxfrBMXuTP9A9W90txwFodtNgsOlZ5xAg/VJLr1U1KezBh0TQ9gaP1EU
;fcRHfcaBCKziwDXWnaF2AvzY+wKysOeFXRLj2Bo5F9N3MdHrYFZ+vYJSxoasEOUiLzmbASOQtxRLVwR
;97O8AU3giIergVn66gJXCwMqHxbOeK0vSgrD0tCpF1U78TOCVLuUnvcZBOezixcNgyofD9VkqWVTV17
;FCG1Q03eyvwcUOZ9atxkCZjaLC5oeMERWlWTRZKsMG+6NJEvLoGjkRlb83133WkGhdgWPUVpySNSPPz
;r1E1KexQh0dcCgbiRfTfnTm7xaQaS2TsDWmnaG1oK8Ye6Pi8kckCySk6BopF9N4MiHq4FZ/C8SVxTYN
;gjUmGi24ouJRZ5QL9LYuXG/RxO3FZ3w2Bn6o96bwQ/m68AVbvr1U0uF2R+vEZZ5c/0IlviW3vcWgaNy
;CwuaGnQDFAm55mwEj0afVWOW1TsxpF8N4MiHq4FZ+u8Y1w3DMwQTwr/grEpJh5LTbBWWPP88xhR7FB7
;8WAfm9M6KUVp9wtePOa0oSQnHhQg0S89gaOReXeDPB6uBQOHzBYxXmjMEFoK/oqsKDgkdk6jS1jz/P4
;bUfBHaq4EZ+u8SVw3DKh8GVWS67EhOiR5SLVLUeT8/RxO5lBBzWoJn9M8Lmhp0AxQJueZsBI+EnlE0S
;49gaORfTejYh6DBWfr2CUsaGHBGFs597S5LDMeZn60XEnozvAJXuxMQdpsCo7jKjNafM0STDTmgrojS
;noUIdEvPYGjkX0egyIeymkXtNEgOFNgzSNTNOuOpxIvA2ROolpP5PzlFFrmfWrcZAmY1T01WGKofT9V
;kuvVTUp7FAfRLz3lz+EiWupGesJgOIfdMDlFU84VUzn7hbISLwNkTqJaT+T85RRa5iIfrgVn67xJrAg
;Ms3w/VfaHpRInEnBFvUpi7cLoGEXcUnHZYBW00SY4UgypfD9VkuvVvXV7NyHRL1nt084QXudGcstaC4
;rFLC5ofskMVjHNj6ciOiRufqJfWOTHkXw3gyIergVHq7xvXDcMzBBPCv+CsSkmHktNsFZY8/zjHEfqR
;kHCbAGf4zMDU2XbCF478Y7VTEp7FCHRLz3Bo7J9N4NGct5aCoLYLTBSU8QdRjDgtKcsOhJwfr1GW/X8
;6yJE80d7ygVm67xJXDcMiDw/cJLr1SkmC0tMuEtZ7cbOEVb6R2zxdguEyxY4RWPYI0UK9oKmOSsVd0T
;RLj2Bo5F9N4NiHowFZ+vYJSxoYcEYWzn3tLksMx5mfqJDUvb89Q9Y831k8XYXjtktXDYMqHw/VZLLlU
;1vexQhtUNN3s74GVPvR0HCZB6OzhYvW2PfI1M89J+KNxUffVKlTlPixpF8N4MiHq4FZ6u8a1w3DMwQT
;wr/grEpJh5LTbBWWPP84hFY9H1yx2MTtMYWL0dpzRg/VJLr1U1KezRh0Qk9gaP1EUfcT3fKYQuO4yU9
;TmnaI0wg4pu6Pz4kcVmhQE700fQiQ+pPe64EZ+u8SVw3LOh8GVWS67EhOiR5SLVLUeT8/RxO5lBB23U
;Xjs4WLFhlxghgIvOCoRI+EnlE0S49gaORfTeDIh6/BWfr2CUsaGHBGFs597S5LDMeZlLRLj2Bo5F9N6
;NiHocFZ+vYJSxoYscOUjT+tLksMx5mfrBJSeTRzhhP801t23cCtMsoNUNT3BVSMJLq1U1KexQh0S89q
;6ORfVPvUkHAahWG3SUDW23RGU0K8I6zIjgeS0SpX1Ly1uMYaPRDd9paE4LRLFw2DKh8P1WS65VNVHsU
;IbVDTd7N/g9a4k5BwmQejs4WPlh+zBlNCv2Nsz4vDxQg0S89gaORfTeDBB6uBQOHzBYyWH7FHVMK/oq
;sKDgkd06/W1L00c4YT/NNbdt3ArTIIDFSDKl8P1WS69VdCns5IdEvWe3TzhNY8U9/wloLisUsLmhp2w
;hWOPOfvCIkJGBIvEpi4sz8DVLtUX/abAiFvEhcNwyofD9VkuvzTUp7cE2hcFPu0fwcW9xOf9dgFbTaI
;DBbZcYbYDDqm7o+PwlxfqVGUOSjkH03gyIerhUn66dJXDdoxAxgO/2ZuCwmJHhAqEpP3tP+ClLxfXPB
;YQLrvUlcNwyofM9qksjVTUofeFGOQVLzzvARaO9DZ8t3OJndOTVTU8wOUCXNkYo+Oh5xRdEuPYGjkX0
;3q2IeiAVn69glLGhixw5SNP60uSwzHmZ+o05N6MfOEV7lVkHUWgOCzz09WW/NfD5VkuvVTUp7VCHyLz
;2Bx/0NaO1NbMNkC7TQKCVSfvcOXiX7j4ohIx1gfqtwTvHG9Bk3giIergVn65QJXBIMqHxbOeK0uyI4F
;nVNjkNc+MbjIkTvTWnxYRWEzBYmaGjBD0s0/IiwTUt7FCHRLz1xnJFfN4MiesJ1OIXTOzFWYPcQXiz3
;mYo+JhRjfrVdUvH86yJE80d7ygVm67xJXDcMgDw/cJLr1SkmC0tPvl1Q4M/OEVb6R2zxdguEyxYwXmr
;cI0UK9oKmOSsVd0TRLj2Bo5F9N3MdHowFZ+vYJSxoYscOUjT+tLksMx5mfqJDUvb8/RRR931k8XYXjt
;ktXDYMqHw/VZL/lU1sexQhtUNN3s3+D1riTkHCZB6OzhYvQnzYE00hzY6tPSUIYVO0cEnozvR9NoMiH
;q4FZ/H8SXo3DKgYUyXNhbo/Jxp4fr1OROTRzghH80ds8XUIgtI9A0BtwQhgIfuGsE1LexQh0S89gaOR
;YzeDInrCdTiZ2SQzQWn3Hko38IewEj0afVW4QVre1/gQUoMjLZ02VNiPmmM3Aah8PzH+m4o+KRp4SL9
;IYvmjkH03gyIerlwn67FJXDdoxAxgJvGKuSQkHEtY0S49gaORfTfaYh69BWfr2CUsaH/EFVwwzZ+6IS
;8JdU+ySj2Ao5F9N4MiHq4FVeu8SThbfPcPSif0irYoFQh9RbRwSeTb5QhF5n16x3YGidAsA1hi9xNJM
;OCDtCMtJHVPtkNYgaKRfTeDIp7vRWfIvElcU2DYI0wg4I20Li8kZ0i1SmL1xukJQvFHQdxgFITQPChe
;Y8Z8Ps8LckzU08IrIfMvPYHH/Q1o8FdsyGQEjuM6NVNp9whaLeaepygVA21+vklb8sblfTaDIh6uBWc
;Lg0lLNwyoGFMlzZ+wIDoeZkClWk/k/PIVVu5Ae9wFZuu8SVw3jOk8P0WS69UpJgtLVrBcVejN9iJa7E
;Z7rgRn67xJXDf8l3wwVZLrsDU+CWFFtF1i4M7+CFn3Ih+uBWfrvEmsCAy/fD9V95OhPz8fcVOOSkXiy
;/ATUOZ9asdoAtq8SFw3DKh8P1WS68JNSntxWaVdSOXG4yJS+0F2z2sAjuM9NVppmnw+VZLr1U1KexQh
;wy89gcbpCUX2RnvcWgiN2jo5Q1PQTT9UkuvVTUp7LWHRPT2Bo/QFQ/FXest3OITaLy9SePcEDVWT69V
;NSnsUIdEvL4GjkRhP91BrymAVtNMvOkRp3CNHZpLq1U1KexQh0S89k6ORfVL7VmzbYQKZ4yY6UX/NCG
;Aso+vUTUp7FCHRLz2BsZF9N+ZaatxwA47OFjNRatsZSwrr2dVMSnsUIdEvPYGjg303g0dm2ncSj9k7A
;1hqzg9aIc2S5k1LexQh0S89gaORTjeDInvWcRWe2CwuaH/fFUs2+rS2IiUXfU+2cFXkwuUIR9xDethk
;CYjZFihSYdgZTTTmnqcoe3sVIdEvPYGj+D03sCIermAfn848OFJ+9w9IPOaIvRIpFHtNuEFa3sv0HEP
;2UkHPYRGK0io5aHjNEU8w4IqhODgeJiHQLz2Bo5F9XsMiNa4FZ47EPS5CaM0OYCblgqEuIiR3Tr5DVO
;/EzhVS4lZr3loGj8ooMlRp9whWOPfr1E1KexQh0Wt9gb2RfTfmWmrccAOOzhYvQGXcH1cK8YS6ISMVc
;36hTk/q/Ol9NoMiHq4FZ9X8SUI3DKgZRyHgnrEoOCRnVrhbXun88hJY70twyVoXis4iA04MqXw/VZLr
;dRMKezAh0S9Y+dfjCFPmUEHdcg6f3yEDVGPHEFY79bShKCcLcVOwW0jzxqB9NoMiHq4F5438SXg3DKg
;ZRyHgnrEoOCRnVrhbXun88hJY70twyVoTjtE5OUVt3AlNMKDr1E1KexQhUUl9gbqRfTfxR23aZBWf4y
;wkQ37JI1sg84eKLCcUYU+lLzyBo5F9N4MiHq4gZ+u8LCRDft0YWifNmKIkPhh8fqNKTvXC4wlo5lpq3
;GQ4itEmKVl4mnw+VZLr1U1KexQhwy89gdH0DkPiUGrxYRKK0BYvR2nNGD9UkuvVTUp7IGHRMT2Bo/QF
;Q/FXest3OJjLIChUZPcOWibmiqc5FQhkRLRLD4GikX03gyIemkVn/bxJXEVp3A5eNuaCuiMVH2FAvXB
;c7MzkE0ODIx6uBWfrvG0cNy6ofD8w6p+nOC4eZn6iWFT1wPkiReZWbM9mE4LTJwNWYccJUSGg69RNSn
;sUIdELfYG2kX038Udq3GQEn9UmMmho3R1TCuGbsCguexUh0S89gaOlPTeiIh6uYB+fzjw4Un73D0g85
;oi9EjgeYFOwTEnozP8iRPNHe8o3Z+q8SVw3DKhIf1WB69VNLwNgU6RLWPP85hRH5n1qx2gC2rxIXDcM
;qHw/VZLrxk1Ke3FZpV1I5cbjIkDqUnvxcQ6G2XtcNgyofD9VkuvVTUV7FCG0V0nz1uIUWO19acdhE4O
;8SMaulTHlpoyt68RNSntxWaVdSPLK/hNo9Et62m042bxIxq6VMeWmjK3rxk1Ke3JAv3Bf7crhIkfiV2
;3LWgqY2SpcNgyofD9V0pSVTVh7FCG3TlPewf0UR9xWdtxgFIPTJTg3Dah8P1WS6+sNSnIUIdFJXO/84
;g1S5kYerwVn67xJXG5MqHE/VZKNtCMVCGREtEti7MLpfTaDIh6uBWe//ElNNwyoGlY584awIz4kcEiw
;Qlj1xuN9NoMiHq4FZxeDSU43DKgaVjnzhrAjPiRwSLBCWPXG4083giIergVn60B2XCUMqHxZPP6KuCg
;kD0tFuE5Q5Nf0DwSDIx6uBWfrvElcNx6ofD8z+4e0IC8VYH61RlzsxuUYRbciH64FZ+u8SVw3DKV8P1
;X0grksJx56VY5JUe7UkXw3gyIergU+q7xHXDcMzhVTNP+OuzkVHXhOph49gKORfTeD4knuBWnrvEk6X
;mDJEVo75rSzISUMJiHQLz2Bo5H9YcMiE64FZ43VJT1aacYIYCHrm7BNS3sUIdEvPYHjkXM3gyJ4x2kG
;htknKGh40QxaZ5Lq1U1KexQh0W89oaORfVHqTmrLdziEyT0DRGHJEFMK4oqnORUIfVu0cE/g1/gSN4I
;iHq4FZ+vlCVwSDKh8WTzgmKESJhptRKNwWejO9BNE6k1w8X0etN8mMUdpxg9eIfuEu01LexQh0S89ga
;ORVzeDInjHdxSf4yU9TmnaI1s8/467PiMUen6pVmLizPwNUu1Rf9psCIXjITNbaah9P1WS69VNSnsUA
;NEvPefK4w5D3E5/12AVtNkxKEV52xVQO82cvCk+E0tTsFtU7qOQfTeDIh6uXCfrpElcN2rBDkwh/oqs
;KDgkcki9TlDkzeUiUe9Naa4EZ+u8SVw3Veh8L1WS67ciPg97TI5bVejA+hNS8FEerwVn67xJXOczqG4
;/VZKNvD85D0tNsFZY8/ziFVLvTm2uBGfrvElcNxjofBFVkuuzJDgIYH69TkTk0c4OWO9LevFsCY3VJT
;BoadAITSDhgrojFQx9RaVHYvPC5RRYgyMergVn67wQHDctqHw/M/uZpjkVF3VYtF1i8sz9FFPcS3DIb
;AuH4y8wWHvaHUswkurVTUp7FCGIbz2fo5F9UepQbdpaC4rFLC5of8cQVjHNgrsrIxd4fqJfWOTHkXw3
;gyIergUjq7xbXDcMyhNLIf2GiiErAnFTjlxN5Mb1fTaDIh6uBWev/ElPNwyoG14lzY28ISYkeUi/cFH
;kzfYJX4MjHq4FZ+u8SVw3IKh8PzLzm4orIxd4fqJGU+bP9CJS+1Zs23YOhNIWP1hh2BlRJvOfvCIkJG
;ZApUZSgaKRfTeDIp7+RWfIvElcUG3YI1k8/oeKPiMVc020cFj51+MIROpNcPF3Bp/VJgNabdB8PlWS6
;9VNShJUIfIvPYHE8A1o5UtywloUgtIuMFJTzQRLJ+eYvCIkJGZApUZS3s74EzeCIh6uBWdr/AlcKAyo
;fFg04rSzJCYXS1K4QVrtxs4YT/dQa91sCIXjOixSacx8PlWS69VNSkJUId8vPYHE8A1o5UtywloUm9k
;sODcNqHw/VZLrmw1KaxQh0Uhe7sf0IkP6UnvxbAmP2TFcNgyofD9VkuvVTUV7FCG2Q1Ljwv0iWOVEbc
;txOJO8SFw3DKh8P1WS69pNSntzTb5NXO38/htR8Edq8Xxn6rxJXDcMqHw/VZ3r1U0tF3tDsENi7sX3D
;lL3fWSuBGfrvElcNwyofCpVkuu9KCsPfU+2cF7uxvcbXuBLe8BxOIq8SKZJZhQIrD0t68BNSnt8RLBb
;VO/Ezh5Y5kR4x2YOjtI9A1UMqXw/VZLr1U0KewEh0S9V5MLlFFnkfX3BYAGN1So1UmLcI1xVk+vVTUp
;7FG+RLyGBo5EVUuJWd8BiOJ/VJDloadsIVjjzn7wiJCRgWKFKPYCjkX03gyIergVy67xJNFJt3AlPCv
;WIuikvJGdEoFpY78D0fTaDIh6uBWfrvEl8NwyoFVEz+4e5EisfdVGlRkvk/PgTUepOcvF3Bp/VJgNab
;dB8PlWS69VNSkVUIfEvPYHK/xte705Bz2EGm8ggKlJTwRJZPP6Hij8rD31OjkJU76OQfTeDIh6uESfr
;o0lcN2XGGlY5/rS0KSsLYEinSmLozf8YRdxHZt5kCZjVJjI3DTLlpswLcjxySm0UIdFGU+fK/RFo4kZ
;/3nEOndkWMFZ1zQ5MVZPr1U1KexQ1kS8ngaORFFnlS3LCWgaP3TkoXnrNI00w9p62OSMUelLRLj2Bo5
;F9N4NiHrcFZ+vVJzpeYMQjXjHzm6EkPB5LVrhLSen8/BRZgyMergVn67xBHDcXqHw/PPyNvCEmJHVPs
;kdS8/z9GFnkVnbxYwaIyCYuNw2ofD9VkuvVTUp0FCHRRlPnyv0RaOJQe89aCoLSSV03DKh8P1WS69VR
;SnsUSL9JVO3Pzg5H4lBty1oEhNErNVlp9xBeLPeZpk1LexQh0S89cZyRYTeDInfAYw6H0BY5T3jaCUw
;8/YWKOiMfYEmOXVz1yv59NoMiHq4F5738SUg3DKgVUTP7h7kSLBJ4QLxKU/X89xFY9CIfrgVn67wJCX
;cMp3w/VfuFsyQmF0tOt0lO5NfOBTeCIh6uBWfrvElcOAyofFY79IK5IRUUckeiSkne2pF8N4MiHq4FZ
;+u8RVw3DM4VUznNhKMoOBd1UdEuPYGjkX03l2IeogVn69ogMFtTzBlRJvufrE1LexQh0S89leORcDeD
;InfAYw6H0BYvX2nEEExVk+vVTUp7FCHRLzGBo5EUWeVLcsJaFJvZLDg3Dah8P1WS65sNSmsUIdFGU+f
;K/RFo9Et62m04htUnXDYMqHw/VZLr1U1uexQhuEFT5NHOH0XqRnnHawC02TEoRXnbFVA7zZy8KT4TS1
;OwW1Tuo5B9N4MiHq5cJ+urSVw3ZcYSWifNiackLhx9T7ZwW+3M5g9W90cerwVn67xJXG5MqGg/VZKCu
;yMvCUtDo0ZZ5sr/GmjwUnvLYWfqvElcNwyoMn9Vs+vVTSMVZ0SlcFTvzfQPaOZaatxwFILTJwNAZcwI
;VwrgiqEkJXsVIdEvPYGjyD03lyIermwJmNk9A15ixhlNCvSHujo4GmBE0S49gaORfXfWYh6iBWfr1Sc
;vUnjQI0wl946xTUt7FCHRLz3F45FcN4Mid8B2Ap/jJilDadojWi3mmaA+IxR6fqZGWfXLzg9W90txrg
;Rn67xJXDdV6HwrVZLrvCM5HmB+vlpJ5NHOG1vsVWzPcQLrvUlcNwyovGgVkufVTUoSelK0Ww3e0OEYU
;uciH64FZ+u8SRh3DLZ8P1X7haEoOBd7QrpGU+b88xJC7UZ/3Hw4j9U6KFZiyxk/VJLr1U1KexRh0Tg9
;gaP4E0PmUHLBZgyC0i4DVGnEEGA0/Iy5KEp6FCHRLz0BldF9L4MiHsdrE47OJTNUZ8ESWArxjrkhFRd
;1WLRdToGikX03gyIerkVn/LxJXF5i3BlNOf2IviQkHEtCtENR3tT4GUPrIh9Pf3NF+6i2CAy6fD9V+4
;WhKDgXe0K6RlPm/PUYR/dKHq8FZ+u8SVw3TKhxP1WSgqciJBJ6Ro5OU+bP9H02gyIergXnvfxJTDcMq
;BVNOvyCuyoVHXhOpl1c9caRfDeDIh6uBXOrvERcNwzBDlA7+4WyEiMVZ0SlLzxg2YXTcGLoIa4QZ+u8
;IC5YYsESWAr+grsoFR99UqVOU+LGkXw3gyIergVn67xEXDcMwQ5QO/uFshI5C3FEtS88gaORfTeDBl6
;uDmfrvCM5RWf3HlAh5oS4TUt7FCHRLz2V45FuN4MidMt3DLTeJihDY8UjTCDgjbQuL3sVIdEvPYGjhT
;03kyIerm8CmdcWOl5+2whgOfOSsD9KehQh0S89gbfRfTyDIh7EYBWA4yAyUWXEED9UkuvVTUp7AGHRP
;z2Bo/sYReh9d8B2Ap/jIDJZadp8PlWS69VNSm9UIcEvPYHJ9A9c3Etw3WATtNM8KFJ+qH0/VZLr1U1e
;OxQr0S8968bjFmjzUHfAcWfqvElcNwyoaH9VnuvVTSAeZkqOXEjx0/4PQ4MjHq4FZ+u8XRw3BKh8Pz/
;3mb4SPhRkIdAvPYGjkX0jwyIOrgVngdk7N2h4xwxgJueZsywpHhQg0S89gaORaXeDKR6uBQ2OziIDQ3
;7JClo5kurVTUp7FCHFbz2Ko5F9R/FLcNpaFJvZLDg3Dah8P1WS65ENSncUIdFDXPjG4yJf5kt5xnFn6
;rxJXDcMqKwAVbTr1U0mGm1Eo3BV5Mr2FUPcQ3rPdROCyiwDWm3QI1cw+4y9ORUJdVW4QD2Ao5F9N4Mi
;UO4FQeu8STBWdc0OYD33grIlPiR1RbBfSejV9CJa6kxBxmAOjNQ9A0Vt3BVQVZPr1U1KexQYkS8egaO
;REVb6R2zxbQKC2yEoaG3MHU8h+52wEjkaeVG9RlPm/OIJUvMiH9URyaxdM9gIDIN8P1X+iqwoOCR8RL
;hIVfX88BlW81Z32GA4mMgsLFh6zQ5gN/2foSInJGZApUZSgaKRfTeDIh7nRWfDvElcW23RGU0K+o68K
;iIPS0C1Tk31yucYaPBWe95qEY7OFihYfPcOXiH7hNVMSnsUIdEvdMGjhn03g05/12AVtNEsLlBp9x9T
;OuGOiisrGHFS0S6nGDoI5K46HR62BWfr0CglUn73D1oy/467ORUXcU+2W1XezvgTN4K4hzec/nIFdlw
;8DKh8SDT+h4o+Ih54TaIvPIGjkX03gzJerhFn67wlPU5p2iNMPfeHuT4VFGJEo0Nc8aOQfTeDIh6uTC
;frkUlcN2DJBVonzZihLDgPS1G+RlP1/OIeVvFEQcRqDoXIFj1Za8QZYCH6mbA+IhR4RdEuPYGjkX1X4
;GIeigVn69AoJVJ+9w9LNOCfij0lEnpVjlxe4NH3Il3sS3DaWguO0i4oXwypfD9VkuvVeQp7PSHRL1Hg
;2vQPaPBWf9xxOJvTIDJDU9sfXif0tL8iIxVgfqJfWOTHzg9W90txrgRn67xJXDdV6HwPVZLruSwzHmZ
;+oltc89fODVjqTGrxdgSKzi8DXWPBEksK4Z+0Pz4kfES4SFX1/OMcQ+pNHq8FZ+u8SVw3DKhfP1WSh7
;Q0LwlLUqVOT/X84RJe7VZB3WYGmdoWNlhlxghgJuaOpT5KehQh0S89gYfRfSKDIh7CZB6OzhYvQ23aC
;E86+4WhEj4CZETRLj2Bo5F9N4tiHr0FZ+vaICRSaPcQXiz3mYo+PhpmVY5XPYCjkX03gyIergV067xJ
;Ol50zRhgOfOSsD8VCGBAo1ti+KOQfTeDIh6uBWfro0lcN2HJCGA2/YWzfBUdfU2wQljv184eWO5Se8B
;2Bp/VJjI3Dah8P1WS64wNSmEUIdFCXPX88hJZ5RNByGwLitEsMkNTzBlRJvufrE1LexQh0S9dEuORZj
;eDInPPcTiI0yc6BlPOFVM0/467ORUffUC8Sknk0ZF8N4MiHq4Fm9S8Ulw3DMUdSwrxhLsreyRySL1OU
;OTN5SJH8Ut9y1oEhbxIXDcMqHzfPdLrzk1Ke3lApXBe7s33TGjlS3LPaAKFyBYsRWXLGWA/4uvUTUp7
;FCFZnH2Bv5F9N+5DavFmCIXaeANRZcQdUjD8n4o9OBJ3RI5EUvOjkH03gyIe7ton66dJXDdhyQhgNv2
;Fs3wVHX1NsEJY79fODUXqQXvxcBTrvUlcN6zYgQcVksfVTUoWdVWOTFLvxaAiUepOf8NgCZ/jOjlDeM
;ESWCbNjbwhKxZxT6VwWeTN4hRD+iIfrgVn67wpz3cMhXw/Vf+KoRIpFHpH4HBb6M/wEFLtVkHdYBOf1
;Sc7RFPOFVM0/467ORUffUC8Sknk0ZF8N4MiHq4Fm9S8ZFw3DMUdSwrxhLsreyRySL1OUOTN5SJE5lZq
;x2sAmOMvNVttxRlRIc2NuSI9CXVVtC88gaORfTeDe16uL2frvCQ9Q1PLE1Ezo7SzJCYaeUS/W2LyxuU
;JXu1FbfFjDofdJDlZePcMTTzxjtVMSnsUgaHSBcGjv303g09/2loEhNIvbWhqwRBeOPeFoRI5HmBVuE
;Fa8vz3FFviT3vAcTid2Ts1UXX3FVtVk+vVTUr7hOKRLyGBo5EQVvd9fcFrAdrjLzVbbcUZUSHNnbA/I
;x1tfrhLPYCjkX03A7Ld7gV467xJMVZ49x9QO/TZiisjF3VMtEFJ3sD+EEfmTG3PcQ6E0kldNwyofD9V
;y6vVV0p7FEywW2LizP8bBdxEd8JkCo7SPQNTacYPViHr69RNSnsUIbG8fYG4kX037kNq8WYIhdp7A1F
;lxB1SMPyfiikjGnlEpUpPgaKRfTeDIh5SOmfwvElcWm3cI1w6/I3nEiwSeEC8SlP1/OEPXuBHQc1rZ+
;q8SVw3DEgUf1WJ69VNJxpgfrJAU+eRzhte70Nzy2sTtMw7NVRp9xZPVZPr1U1Ke5ySkS8hgaOREFb3f
;X3BawHZ4y81W23FGVEhzZunJCkeS0q+XT2Ao5F9N4Niwe4FfOu8STFWePcfUDv02YorIxd1TLRBSd7T
;4xRU5n1r3QVm67xJ/EfxkDw/eZLr1SArD0tCvkFbs/z3FFviT3vAcTiY2T0oXmLPD2Az+4e0IC8VYH6
;1SlPyyuUEN4IiHq4FZ4svCVwaDKh8UjTmtLYiJB0mfrdGUeDO9BND3FF72nEOhds6A1FlxB1SMPyfii
;kjGnlEpUpPgaKRfTeDIh5SOmfGvElcWm3cI1w6/I3nEiwSeEC8SlP1/OIYQ/dLcMl2OI3VJT1aacYIY
;DP+hKI/Kw9xIdAvPYGjkX1uwyI0rgVnht09A1RjxhoNCvSCuSwnHnpVjlxY9df4E1DwfXjHaQaG2Sco
;aHzaFVwwkurVTUrbZNzpbz2vo5F9WuJWQc1qCY2OFjpeYMkRWjvmtKYoPg99T7ZcYufK/Rxa5kxq8XM
;CmdUvJWhlzHw+VZLr1c3auFQhzS89gc7wCWjgTXDINziN1SU9WmnGCGAj95m8KzMkfUXRLj2Bo5H9p0
;BiHrkFZ+vRKChSfsEdUwrhiLQhLyRyQLJbUvP86X02ifW93jhNsvxJSzcMqBFeIfeZvCwmJGdCsENY3
;sXwHkPsUEHXBWY8HzlhPTvxPD9CkuvVICsPcVO4TlHe0PIcW+Z9eM9mE4TOFiY3Dah8P1WS64wNSm4U
;IdFCXPn85xJb9k972ncOiOM6LFJpzE0/VJLr1U1KexQh0To9gaP8HE/cVHHCcAqOyDs1VFPbDFow9tn
;VTEp7FCHRLz2Bo4x9N4NPccpgC7TMOzlUZdsZYC/Ng7AkLRNgfr1OROTR4n02gyIergVn//xJVzcMqB
;JQL+iHsBI5Em5E0S49gaMx5K5aHR6gBWfryygwW1PcFFY2+YWwPjl7FbtItqQYOnhCN5EiHq52EpvMJ
;i5DU9IjWzzhn7QjKR4UIOIcDrKQor4IgzcergUIndk7NFZizyNMPfeHuT4VGnpGvUo9gKORfTeDIiDu
;BX7rvEkzQWnaFF479bSmJS8XeFKOSVzv/OINUuZGHq8FZ+u8SVxuTKhkP1WShKMoOBN1T7ZwTunG/RF
;E3ERywXIVisgsXDYMqHw/VZKylU1fexQhvllY88vwE1DcUXbLaQuY4zosUmnMfD5VkuvVTUoyVCHALz
;2B0+MYRPBXbMtaBo/KKDJUaZl8Ps8LckzU09IrIcAvPYHT4xhE8Fdsy1oGj8ooMlRpmnw+VZLr1U1Ke
;xQhyS89gdPjGETwV2zLWgaPyigyVGn3FVEz+4e5fEp6FCHRLz2Bo5F9L4MiHt53ApjPPC5SU8kYSTT8
;iLASIxVySL1DD4GikX03gyIergVn9rxJXEd+zQ9MIOCOiiwuDXVPskpi6M3iGEPcS3DAYBXavEhcNwy
;ofD9VkuvITUp7ZFO0XE700fQiVudUf8BmArTVJy9SePcVUTv3medNS3sUIdEvPYGjkWA3gyJu3GAUmM
;k7OWhtzApeO/GOiiQkCHFVjkBI9cbjTDeCIh6uBWfrvElcKgyofE8n95imODgeS0C1WVzvwPQiXu1Re
;9paCJ7ILC4FDKl8P1WS69VNSnsJIdEvTfPG4g5C8UdBz2ERitIqOWh4xwxgJueZsywpHiUh0C89gaOR
;fTeDIgOuBWebziwvRHnaGWA09p20IykeS1W+X2Ly1uMbVuBHLK4EZ+u8SVw3DKh8E1WS66U/IxVgRKN
;wXu7N9yJS+1Zs22ECmY0WP1tpyQ5eO/GOii8rGH9+vklb8sblfTaDIh6uBWfrvEl1NwyoDE08/J+wPx
;UYe0+3cFj51+MIU+ZQL/FmC47dOz1Zb80jWi3mmaApLwkUINEvPYGjkX03gw8ergUXmdUnKFJ+9x9QO
;/S0sDU+CWFFtF0M3sD9GFbxQ3DNYDiNziYyQ1PHGlkm95/VTEp7FCHRLz2Bo719N4NSbMdrE47OFj9Y
;Ys4jWi3mmaApLwklfrJDWODR8BNU5n1yy2MTtNMvOkRp3Hw+VZLr1U1KexQh/C89gdPjFFn3R2zxZgi
;F2hY5T3jaCVsw4NqKLiYedVOwQV7k/OMUUOtWQcFjAZjZPVw2DKh8P1WS69VNensUIaFdVO/X9A9o4E
;1wyFoCk8g7KVNp2k1gNueYoSInJGRTuEFJ4MH9GGjxR3nHagm0xEldNwyofD9VkuvVeUp7FFGjRlP1x
;uMiVOxMePFgH5/OPDhSfpkjXCDhn7ogFQtmSL9bXOPP9CJF5kV3wWs4k88gJlIMqXw/VZLrVSYKeyQh
;0S9N88r/CVLxfX3BawG02TEoRXnMGU1kzYigPj4UeX6hXVTv1/AfW+Z9bMtiDoTSFiU3Dah8P1WS69V
;NSk8UIdFfT+jN5RhF3EFxwGM4jsQ9LkJozQ4OCvGepjklFktRo0ZT9cLzEVLcUHvJbAiF4zAvXnbNfD
;5VkuvVTcoQVCH9Lz2B0+MUWfdHbPFmCIXaFjlPeNoJWzDg2YouJh51U7BBXuT88xxU6H1xyGMUjshJX
;TcMqHw/VZLr1WRKexRRo0ZT9cbjIlTsTHjxYB+fzjw4Un6aI1w594qnLCQYcX60V0nz1vUYRYMjHq4F
;Z+u8uWM3Iah8PyXggrs5LwlLQr5BW97G6QlF9kZ73Dc4iNAsPUVtxh9aCvSZuiM+JHtHt1xY9aOQfTe
;DIh6uBWfrkElcN3zaFVEh95mKLiUVcn60V0nz1vUYRbF9fcJgBpndJz9SU8QZWSHNhLMrOR5gIdAvPY
;GjkX03gyIzrgVnm84gMkNp2iNcOvyNiigyD2ZUtUpPs/zyEVLiUH/AZgK0ziA7X3j3E1kz4Y6hTUt7F
;CHRLz2Bo5FNN4MibtxsCZ/ZOwNUY8YaYDDqn6c4Lh5mE45MSPLX/hBo81B3wHEGidAsA0VpzxVQO82T
;1UxKexQh0S89gaOlfTeDUmzHaxOOzhY/WGLOI1ot5pmgKS8JJn6yWk71zPwiR/FLcNpkBYfZFi5Sa8E
;TUQrqmLw3L3sVIdEvPYGjkX03syIernUVgtI9OUVTyxNRM82OrTk4DnBEox1i4tbiCVjufW7cbAmf3S
;swUlPaGVg8/YWKNEp6FCHRLz2Bo5F9A4MiHt53DoXILC5ob8cSWQr3k6E/Px9xU+NwXvTQ5RJa3FJsx
;2sTit4lOWh+zRtWOvy0rD4jAXEh0C89gaORfTeDIgSuBWebziAyQ2naI1w6/I2KKisVYFOocFXkyvYV
;Q4MjHq4FZ+u8SVw3Eah8PyXggrs5LwlLQr5BW97O8B5f6kx78WcGntg7PUNpqH0/VZLr1W1GOhQ/0S8
;98dH4E0PmUEHNagmN4yQ9VGTBEloK8I6xEjkTdVG0LzyBo5F9N4MiHq4kZ+u8OS5eYtwZTQrxhLsrFR
;Z1QrlGU+T88xhT3FZ7w3U4ht0xXDYMqHw/VRKwlU1sexQhoV1U79f0D2jgTXDIWgqK3yE1WWn3Hlo55
;rSyLCQPZliOTlPmz/R9NoMiHq4F5638SX83DKgMTTz8n7A/FRh7T7dwUODA+RRZ5n19wWgXjtI6PUNl
;xxJgLZLq1U1KexQhiG89oqORfUfxS3DaYBW03yYyUVPFHVw9+4WwEikUeVG0QU7g1/gSWdxbHq8FZ+u
;8SVxuTKhTP1WSm6ckJA9xU45MUu/FzhBW4Ep3wGA4j909PWhqwRBaCuaDoCAoFXVIvXBV5Mr2FUODIx
;6uBWfrvM0cNyKofD8l4IK7OS8JS0K+QVvezvAeX+pMe/FhBp/dFjpeYM0jSz3nhrcjKxJ4fqZGWfXLk
;Xw3gyIergXjq7xTXDcM2A5WO+aOpxIpFHpHjkJc4sv4E1LcRnfDWh/rvUlcNwyoPFAVkvHVTUoLZki/
;W1jz/PISWeV9c89mD4LSLANTZcUjRlWT69VNSntUTpEvJ4GjkQ1F6kxqy3c4iNMnOmhhyR9XPPyOiik
;jFktb0S49gaORfXfsYh6HBWfrzDs1WXjNDmA2/YWzEicad0m4QVjex/gOQ+JMfctaAZnTJANVY9oYWi
;eS6tVNSnsUIdVvPaCjkX1H8Utw2mAVtN8mMlFTxR1cPfuFsBIvA2BTpEtY8/z/CFqDIx6uBWfrvLljN
;yuofD8l4IK7OS8JS0K+QVvezvAeX+pMe/FgH5/OPDhSfvcTWTPhjqESMkkUINEvPYGjkUR3gwUergUX
;mdUnKFJ+9x9QO/S0uCwpE31PtHBY+dfjCFPmUEHBYwGY2T0DTj6ofT9VkuvVTUp7FD7RLz3x0fgTQ+Z
;QQc1qCY3jJD1UZMESWgr0grksJx56VY4ePYCjkX03gyIe7gV467xJLEVlxghaJ82IuiMsJHlAskdU78
;bOG17vQ3PLaxO0jkldNwyofD9VkqvVfUp7FFGjRlP1xuMiVOxMePFoBojUIDJSU84VTTjliqcoFRp3Q
;rRDWPPC5RRY7X178WgGk7xIXDcMqHy3ltLr5k1Ke2RTuEFJ5NHOHljtREHDZASD1Sc5aGrBDlIi85mw
;EisYd0S9Sk/g1/gSWdxSbMdrE4LSLlw2DKh8P1XSZJVNeHsUIaFdVO/X9A9o4E1wyFoKit8hNVlp9xp
;WJ/+ctD8vJHVCskpR5NHwCV7sTEHcYBOZ3SooNw2ofD9VkptyDUpKFCHRX0/ozeUYRdxBccBjOIbdKj
;ReYs0jWTzghqIsOB5LQLJMWO3G4xxD6k1w8XEVisosMDcNqHw/VZKrWg1KSxQh0V9P6M3lGEXcQXHAY
;ziG3So0XmLNI1k84IaiLDgeS0CyTFjtxuMcQ+pNcPF9OIbdMVw2DKh8P1UGKpVNensUIaFdVO/X9A9o
;4E1wyFoKit8hNVlp9xpWJ/+ctD8vJHVCskpR5NHwCV7sTEHXWgqKxEldNwyofD/BU6vVfUp7FFGjRlP
;1xuMiVOxMePFoBojUIDJSU84VTTjliqcoFRp3QrRDWPPC5RRY7X1k8WgGk7xIXDcMqHw/DNLr+U1Ke2
;RTuEFJ5NHOHljtREHDZASD1Sc5aGrBDlIi85mwEiwecUWjTknk/PQiWuJaHq8FZ+u8SVwOTKhQP1WSm
;6ckJA9xU45MUu/FzhBW4Ep3wGA4jdU7MUBt2hlgM/eOsT8rD3F+qXBQ4NuRfDeDIh6uxRWrvGVcNwzY
;DlY75o6nEikUekeOQlziy/gTUtxEd9xoEIrOLANRac0YTTTmjoo0FRZ1WdEuPYGjkX338WIeggVn68w
;7NVl4zQ5gNv2FsxInGndJuEFY3sX4D1r0Q2zLWgGO2S0uVnjNI0UK/4qtTUt7FCHRLz2V45FZN4Mibt
;xsCZ/ZOwNUY8YaYDjziL0kJB5LR7hdUPbC4xho6UdsxVoC671JXDcMqHwrFZLP1U1KC2ZIv1tY8/zyE
;lnlfXPPZg+C0iwDUWXaEUg04I6KJy8Jf36pLzyBo5F9N4MKXq4hZ+u8OS5eYtwZTQrxhLsrFRZ1QrlG
;U+T89xRF7lV/3GA4gdk7N2h1qH0/VZLr1U1iOxQF0S898dH4E0PmUEHNagmN4yQ9VGTBEloK9IKnID0
;aZkSORVjzyM4HN4K4hzec/nJldlwWDKh8Tyf7haEoOCR3Tr9JYuzC8hVe7UdByWYIj9kWPVR4wRNRVZ
;Pr1U1KexQh0S8WgaORDUXqTGrLdziI0yc6aGHJH1c8/I6KKikUcESOW1X0zvMTVupOQcZgDozUPVw2D
;Kh8P1WSgpVNYHsUIaFdVO/X9A9o4E1wyFoKit8hNVlp9xtcOvaOijkiDnlDv05U7fzmFFP3Sh6vBWfr
;vElcXkyoUD9VkpunJCQPcVOOTFLvxc4QVuBKd8BgOIfdOihoedgQUDT2tKYoOA1xU45bRPHGkXw3gyI
;ergVn67xtXDcM2A5WO+aOpxIpFHpHjkJc4sv4E1LcTHHUfwuO4y01VmHNCFonkurVTUrbjbgIED2no5
;F9R/FLcNpgFbTfJjJRU8UdXD37hbASJBRuW71KYuXK8BBS90ds8Tdn6rxJXJeVMaUAVbTr1U06CX1Pp
;UpP3sD+E1HcT3/NbQ6F2RYyWHbSEFoK5o64PRUWdVmOHj2Ao5F9N4NCbe4FQeu8SSxFZcYIWifNiLoj
;LCR5QLJHVO/GzhNY+Vhyy1oTjtE5A1pt0CMNVZPr1U1Ke3RSkS8igaORDUXqTGrLdziI0yc6aGHJH1c
;8/I6KPTgSelWOQlLlxpF8N4MiHq4FZ+u8Z1w3DNgOVjvmjqcSKRR6R45CXOLL+BNS3FJswWgXn+M8L1
;JT2h1ZIc2fvT8vCHxOvUs9gKORfTeD4nzuBX3rvEksRWXGCFonzYi6IywkeUCyR1Tvxs4OQ+ZSe64EZ
;+u8SVw3DKh8EFWS66U/IxVgRKNwXu7N9yJa4kF2x2sCtMogLkN5yRBgMOqfpzguHmZ+vklb8sblIk+x
;Ih+uBWfrvElldwyHfD9V4pm8Iz4eZn6yQFPn/PwcVOtLcMtaEYLOPSlWYPcZRyHgnrEoOCR7R7dcWPX
;86E83giIergVn67xJXDwMqHxNNPSfiiwjCXNAoS88spCiTgSw4SGuFmfrvDs9UXj3Hl4m97S5JCQeY0
;i1W1WBogvkrhq7h0c6Z/S8SVxFbc4IYDfzmLASLwNgU6RcVO7Nzgpe51Z28XcGn9UmXDYMqHw/VZKCl
;U1cexQho05b9fzzHETmfXfAYw6H0BY9WWvEGT9UkuvVTUp7FCHROT2Bo+McUfd9fM92ArTVJzpeYMQj
;TTTmgrpNS3sUIdEvvcHjkW43gyJsz2MTtN4oL1JT3BRWNvmFsD45exUh0S89gaNxQjeTIh6udwaNyBY
;+Vn/NI1M0646nPkp6FCHRLz2Bo9F9JoMiHtxkAZ/jJTVZafcPTzTxgrsqSnoUIdEvPYGr0X04gyIe3G
;QBn+MrPURp9w9PMPeP1UxKexQh0S8dwaOJfTeDUH/IcTiC0j05RWrJH1oK/oK7KD0ScFW5LzyykKJOB
;LDBIa4hZ+u8Oz1RePcVUSH3mbMsKR5LRKlbT/TQ+BJZ3FV3ynEPtM4oKF5jqH0/VZLr1Y0oOxQ60S89
;88L3CWjqTGrLdwGK3ywDXmLOFVM5zYq7KiYeFCDRLz2BoxErd4M5Hq4FFYraPQNeYtwZTTPziLASIxV
;ySL1DYvPC5RRYgyMergVn67wAHDcUqHw/J/ONoRIjFWBEo0lc4sbOCV/qQXXAYBSYvEgOjxItl26Nre
;vATUp7ZkC3W2LozeUYReVDfctaC4rFLC5EDKl8P1WS69W9dXsCIdEvT+DF5SJe7VZ73GMGiNkWL0dty
;xVRMpLq1U1KexQhIRA9laORfUXiRGrxbAmf2Ts6Vm/NI0wl946xTUt7FCHRLz2/45F2N4MibM9jE7TR
;KC5QZcZ8PlWS69VNSm9UIccvPYHR8BtD3FFr3GMGiNkWMF5izQtWMeaD1UzQ4o24SLbkvqOzfTeDUH/
;IcTiYyTs6Vm/NI1ot5pmgPiMUen6mRln1y84PVvdLca4EZ+u8SVw3Veh8KlWS66csLA9LUqRdW+DA9C
;JR701p3GQTjrxIXDcMqHyfMNLrzE1Ke2ZAt1ti8tbjG1bgR0HHawGC0CUDVmLPEFpVk+vVTUp7FB+RL
;yuBo5EPVuVWQd1wFY3dKjloasEQUwrgiqEoSnoUIdEvPcH20X0hgyIe3GQBn+M6KUVqyR9aCuaDvC4h
;FXFSoi88qP8ev8Kr7iGuFmfrvDs9UXj3D0on9Iq2KBUXdVi0XU6BopF9N4MiHq5FZ/+8SVxFbc4IYCb
;nmbMsKR5LUqFOXujN9n02ifW93jhtPINJTjcMqA5eM+a0pjg4HXVCtHBO8cb0GTeCIh6uBWfr8glcIw
;yofE009J+KOTgaYkS9cEX4/OINUuZGHq8FZ+u8SRxnTKhoP1WSmbA+PhpmVY5KRfXR8CJW7k1rwHFn6
;rxJXDcMqHw/VYTr1U04HmdVsF1J3sbpCUXifX/DahKFyBZuNw2ofD9VkuvVTUp2FCHRXVjy1/APQ9xR
;bstgA+u9SVw3DKh8BhWS5NVNSglxUqVOT/X84g1S5kZBnAVm67xJXDcMkTw/RJLr1T8vD2ZAsltU7s3
;OHFrsV3DaBWbrvElcNwxYQz9GkuvVPy8PZkCyW1Tuzc4cWuxXcNpaVeu9SVw3DKh8z2qS/NVNSglxVa
;NOXvXK/hNo51dsx2sAtMsgLFI+qH0/VZLr1U1KexQG0S8988blD1bgVnfBaziO0ig+W2n3E0oh4YKxK
;BUZe1WlQFDez/AEUvFRHq8FZ+u8SVzHM6hYP1WSmbA5OBp3VbhAU97G/xxV70dBwXATmNUtOWh4xwxg
;OfOSsD85exUh0S89gaORPTefIh6udwKfzig/Q2XHEmA4+4W8ICsXS0SpW0/00PgSWYMjZbqrIArG3WM
;3Eqh8Pyf3n6csKQ99Tr9wUOjN+BBW73171nEVns8gM1lTmnw+LoZFkqww7yshxC89gdH0CUXiQWrHag
;m00SAyaHjaHUkw/uvUTUp7FCHR3wKBtJF9N/FHatxkBJ/VJjJoYcESYCHgiqMoJiQmIdAvPYGjkX3Hv
;CIOrgVnmdk9LlZv3BVQO82YpSgvHxQg0S89gaOROXeDMB6uBRWOyDs9VHjBE1EK4ZuwKC4kJiHQLz2B
;o5F9c8MiEK4FZ5nZPS5Wb9wVUDvNg7o9SnqOuEi2pBhqrn0ngyIe3GATmd0qKF5jxiNXOuK0501L4Y2
;4SLakSJyRZzeDImzLcRWK3z01WGL3Blc64rS2IiQffVW4QFOwo5B9N4MiHq4FZ+umSVw3fs0ITTTxn7
;wiJCRuSb5fYuLM/xle90txwDdn6rxJXDcMqHw/VYHr1U05HndOv0ti7cLoGEXcWEHCbAGfvEhcNwyof
;D9VkuvHTUp7Z0m0Q1Heyv8bXu9OQcF3A47OSV03DKh8P1Waq9VBSnsUUrpGT/X8/RxO5lBtrgRn67xJ
;XDf8l3wvVZLrpiYjCWB+vUpT5tf5IlrqTB6vBWfrvElcNwyobD9Vkpi+JDgPS024QVjewP4IWfciH64
;FZ+u8SXJ3DLx8P1XhgLw/PiR5SL9GUODPzhFS7UVqxgVm67xJXDfMyjw/XJLr1T4hEmZVjkhc8aOQBi
;MtZf/UgVjrt0lcN3/DFU0hzZilKC8fFCDRLz2Bo5FTd4M4Hq4FFIfTPgNTY98SYDP7maY5FR1xVo5DX
;PjG4w43giIergVn67QJXCoMqHxMOeG0tCQ4JHlOtUpi5Nv5HELwVkHedwKYzzwuUgypfD9VkuvVeQp7
;CCHRL07t0M4cXvF9c8FhArTMJTlZecUjTyf3mKY4OB4UINEvPYGjkVl3gwUergUUh88WPlh43BNSCuG
;epysrGHF+skBT9czkD2jgTWzAYBW02CwwVnWofT9VkuvVTRM7FArRLz3yz+IiVexWasFoOJjJOzpWb8
;0jXDr8n7o4OCRxT7VwXu7O4RhZ8ENqx2oJ671JXDcMqHw/VZLP1U1KCHhSjk1S9df+EGjwV2zIZASO4
;yozWXjHCU0K94WxEi4eeECoLzyBo5F9N4MiHq4vZ+u8OjBEU8oTSyH9hoo+PwlyQLJKYuLM/wlY9lBB
;wmQUjs4WM1Fq9xhaOfOS1UxKexQh0S9kwaO4fTeDUXLdWgWEyD0zWlPbCU0z84iwEikUelW+Wk/ez/A
;OUvF9ccBaA47QKCU3Dah8P1WS69VNSl0UIdFcUfL88xJD901z8XYSmdooP1JTyxNRIf2epxImGmdEo3
;BN7tT0DzeCIh6uBWfr9QlcHwyofEw54bS3Ij4Pe0yOXEjzxfAeUtxBccBxCJ7OFjBeYs0jWzzhn7QjK
;R4UIEu2pBg6CMQIgwIergUUh88WPlh43BNSCuGepysrGHF+skBT9czkD2jvTXHedmfqvElcNwyojABV
;s+vVTTkXZ36zQEn1zPwiRPZQeM9mArTfJjJDY90OYDr0jaYoPnsVWsWBemDZJcI3qiIernYLmOMrM0N
;4xxFgJueZsywpHktCvkFJ7tbjIkTgQ3DAbAmM4yozQmLcfD5VkuvVTUqLKyH4Lz2B0P0OaOFNatpqCr
;TPPC5RbcsZYDb9haEiPwlLUrJOU+/K/xpo8FJ7y2Fn6rxJXDcM5KF/Vb/r1U05F2d+s0BJ9cz8IkT2U
;HjPZgK03yYyQ2PdDmAh/bS8IywSeE2OS1Ty1/ATVOYiH9URyaxdM/gIDI58P1Xhh6YSKBRgVb5CYvLW
;4xtW4EdBx2sBgtAlA1Rj2hJaJ82PsCErAhQg0S89gaORJHeDCB6uBRSHzxY+WHjcE1IK4Z6nKysYcX6
;4QVvoz/0iUu1GQc1qCpvZJy9WeMETUVWT69VNSnsUIdEvHoGjkQ5b8H18wXEThNEWL0J+zh1cMM2Cuy
;sjF3h+tEFZ3sf0EVb6Ih+uBWfrvElcNwyBfD9V4YemEigUYFW+QmLy1uMbVuBHQcdrAYLQJQNbbdsZT
;Qr9jbMSLh54QKgvPIGjkX03g3teri1n67w6MERTyhNLIf2Gij4/CXJAskpi6M33FFvvfXLPdgKZ4yYy
;aGjNEF4skurVTUp7FCHRLz2ko5F9RO9RQcxqE5/TJANEedoaXjb3tLwjLBJ4TY5DXPLG4yJH7FV73AV
;m67xJXDcM4Tw/cpLr1T4mCEtDvltJ7s7ODkLxRH/NYDiC0i81W2D3EFY797SxJDkPdU+ySj2AOQjkrh
;q7p5EFRuu8SS9bf/ceUCHmhLgSOQ5mR7BMWN7K/xte705BwXMCmdAoLDcNqHw/VZLr1U1KUxQh0VxR8
;vzzEkP3TXPxdhKZ2ig/UlPBElk8/oeKPikaek+4QVrewP4IWfciH64FZ+u8SawIDJh8P1Xhh6YSKBRg
;Vb5CYvLW4xtW4EdBx2sBgtAlA0RvyRJRPPyMii4lDnpVjk1E3s/4E1KDIx6uBWfrvLljNySofD8m/pi
;KLyUPYE68cE700fccVOZ9d8BjDofQFi9UbcYSVjv1tKY9Lx5wIdAvPYGjkTHqwyIHrgVnmNA6A1Vj3A
;hQOM2YoD8sGndEjkNc+MbjDjeCIh6uBWfrvElcKwyofEw54bS3Ij4Pe0yOXEjzxfAeUtxWdtxgFIPTJ
;Tg3DRBiur7DU2tySl8UIdFcUfL88xJD901z8XYSmdooP1JT3BNgO/2ZuCwmJHtXtF1R4NORfDeDIh6u
;BWfrvGBcNwzbEEwK8IShOSUWS1KkXVvgwPQiQ+x9asF1OJjJOzpWb80jUCP3mbksOnsVIdEvPYGjkX0
;3myIernYLmOMqM1l4xwlNCvGEpyMvCUtFtENc+KOQfTeDIh6uXCfroElcN3/ED2A2/YWhIj8JS0S/S2
;LizPwNUu1Rf9psCIW8SFw3DKh8P1WS68BNSntnTaJwXu7N5RJC8X17wGE4j9klPU4MqXw/VZLr1U1Ke
;w8h0S9O7dDOHljtVnHbdziH3To5RVPHGlkK9o65LDN7FSHRLz2Bo8g9N5kiHq52C5jjKjNZeMcJTQr+
;iqYoOCR7T45LWO3C6H02gyIergVn67xJSzcMqA9TJs2IuiM+FGFTjkNc8sbjIkfsVXvcBWbrvElcNwz
;hPD9JkuvVPiYIS0K+QUnu1uMiW+ZMedptOJ/UOzlEZMcQW1WTU8vIoSqs7+4vJIGjkQ5b8H19wWsThM
;k7A1tlxhlgMfuYoSwkGHEh0LWkGDoI5I68Ig+uBWeY0DoDVGPGCFAg4LS5IiULZyHQLz2Bo5F9x7wiD
;K4FZ5jQOgNUY8YIUCDgtLorLAhxVdEuRpUN1pxNN50etAVn688lL2hvxxJLOueZij4pGnpPuEFa3sD+
;CFn3Ih+uBWfrvEmsCAyyfD9V4YemEikUelW+Wk/e0PIcWe1LcMlaFJvZLDg3Dah8P1WSpwgNSmUUIdF
;cUfL88hJZ901r3FoThOMgMlFlxBBgMfuYoSwkGHEh0FQpL+RwB5O8IjKuBWeY0DoDVGPHEFY79bS2NC
;YSekW0XWLtzOYYRdxKe89xApnjJD1PU8cJSyXnn9VMSnsUIdGva8GjvX03g1Fy3VoEhNMlNVlr9x9GO
;fuFsSg4JGFRoUpP3sv0HEPmUEHDZB+00zwoR3ncfD5VkuvVTcotVCH3Lz2B0P0OaOBNccJsCYzjLy5Y
;YtwjVifNg7AsPh5mfrxORd7M5AlH9lYerwVn67xJ3GFMqG4/VZKYuT4VGHtOvUZT5vz5GF7kSmquBGf
;rvElcNyjofCdVkuumITkkd06+Q1TvxM4RVvpHbPFtAoLbISg3Dah8P1WS6wVySlwUIdFcUfL88hJY70
;twyVoLjto9A1FpzRhgPfeKoSg4JHlAqXBS9NfhCEODIx6uBWfrPB8cNymofD8m/piKLiUUeEi/SGLtx
;vcJaOpQQcZgBp/ZOwNabdAjUCDmm6A5SnoUIdEvPQH10X0TgyIe3WkUtN8mM1tlxhtgJfuYoSIkJHxE
;sFtY8/z8HE/cTWvadRKfvEhcNwyofL8D0uvxTUp7Z02icF7uzP0UWeR9bsFyA47OFjpSacwVUTLNn7w
;gLyRxV7RBPYCjkX03gyIergVE67xJL1t/9x9QOv6CuyoVC3tWtUpP3sX0GFPqTHnxcQ6G2RYzU2iofT
;9VkuvVTUp7FATRLz3yz+IiVOxNcsdrALTOLD1FU8EOYD33iqEoOCR5QKlwUvTX4QhDgyMergVn6zwfH
;DcWqHw/Jv6Yii4lFHhIv0hi88byElb3R2zxdheO2S1cNgyofD9VEoCVTWJ7FCGiQ07ewP4SW+pMefF3
;DozUPQNRac0YYD33iqEoOCR5QKlwUvTX4QhDgyMergVn6zwfHDcqqHw/Jv6Yii4lFHhIv0hi88r2FUP
;cS2zxbQKKyCwuaGHJBGA655+lOD57FSHRLz2BI8c9N5oiHq52C5jjLj1HU84VUznNiLo/JB5mfrVKUe
;DakXw3gyIergU+q7xUXDcM2xBMCvWKpRIsEnhNjkpT5fzyElrzR3DdZBOC0ydcNgyofD9VkuvVTVx7F
;CGiQ07exPANaOVLcsJaAoXYFjhSYMkFP1SS69VNSnsUIdEzPYGj4hFE3EV/3loBgtAlA1tt2xlNCv2N
;sxIuHnhAqC88gaORfTeDe16uHmfrvDowRFPPHU8K9IK5IRUXdVK0XWLuzc4ZUu9DZ64EZ+u8SVw3DKh
;8J1WS66YhOSRzQKFwW+jP/SJb4lF73FoXhMssLjcNqHw/VZLrnA1KZhQh0VxR8vz2HEfcRHfCaTiH2S
;c7Q2T3CFcn95i9IiYfFCCqO5PGQuv5CIM5Hq4FFIfPFjtWfPcaVjn+tKYuKxV6SL9IYuLM5BNDgyMer
;gVn67y5YzcXqHw/Jv6YiiorC0tHuENR3tDyHFntS3DJWhSb2Sw4Nw2ofD9VkqcIDUpsFCHRXFHy/PgT
;UepOcvFmCJnSLC5oaM0QXiyS6tVNSnsUIYhvPZqjkX1E71FBx2sBgtAlA1JizCNcOv+bsCM5GmBIvkE
;9gKORfTeDIh6uBXPrvEkvW3/3FVEz+4e5Ei8VcH61SlHg2pF8N4MiHq4FZ+u8aVw3DNsQTAr7hbMkJh
;dLRrBfYufK/RFo4E1swGAVtNgsMFZ1qH0/VZLr1U0TOxQF0S898s/iIl7tRHfCaTiM3TkDUWXEEGAw/
;I+KLiUWZES/XFz1yv4TN4IiHq4FZ+u8SVwqDKh8TDnhtLwjLBJ4TY5IXPH89xRb7317wGE4j9klPU4M
;qXw/VZLr1U1Kez0h0S9O7dDOFFnlS3LCWgCKzBY6XmDEI1c05oi9Ei4SZ1WwQV7k/PccVPdNbK4EZ+u
;8SVw3/Jd8HFWS66YhOSR9T7dGUe389hxH3ER3wmk4h906OUVTxxpZCvaOuSwzexUh0S89gaPIPTehIh
;6udguY4yAyUWXEEGAy85uKKyMXeH69Tk7k0c4SWdxGe8JkHuu9SVw3DKh8P1WS9NVNSgh4Uo5GU+fK/
;RFo5ENu8WMOh9AWMFZ/zQ5gJf2csD9KehQh0S89gerRfRODIh7daRS01Sc6XmDEI1g04rSzJCYXS020
;QVr1y84JX/FHbcZqC4+8SCcjou+dRdGt6/dNSntnTaJwVO/F+BFb3EV/3loBgtAlA0RvyRJRPPyMii4
;lDnpV0S49gaORfTdzHR6MBWfrzyUvaGXGGlY5/rSyLDokcki9Q2LywPATWepMefF2F47ZLVw2DKh8P1
;XeNpVNUHsUIaJDTt7K/xte705BwmQUjs4WM1Fq9xhaOfOS1UxKexQh0S9kwaOIfTeDUXLdWg6F2iAwW
;1PEHUww4LS6IxUfcU2wVj2Ao5F9N4MiHq4Fceu8SS9bf/cVUTP7h7kSJhpnRKNwTe7U9A83giIergVn
;6/UJXC8MqHxMOeG0vCMsEnhNjkNU78bOGV7wVn/AZgLrvdPFrpUx5YZqkvLVTUoIeFKORlPnyv0RaPB
;Bf8BrDoXbFj9YecYIP1SS69VNSnvkHtEOPYGj4hFE3EtwyGwLh+M6P1ZixhVRMs2IujgkD0tDqHBR6M
;30fTaDIh6uBWcbg0lFNwyoD1MmzYK7KyMXeH6iTFzvzfgTUNxRbstgA+u9SVw3DKgw4hWS/tVNSgh4U
;o5FSOzTzhFS7UVqxloLgtEgKDcNqHw/VZLr8Q1KaRQh0VxR8vz7CFrzfXPPfTiP2SU9TgypfD9VkuuV
;GAp7BiHRL07t0M4XQu5SQcNsCbTYLDBWdah9P1WS69VNbjsUL9EvPfLP4iJd9k9u8XYXjtktXDYMqHw
;/Vd42lU1dexQhokNO3s/wBFLxfXzBdwOOzhYzUWrbGUtVk+vVTUp7FCHRLyaBo5EOW/B9cs98ApnjJD
;lFa80jXDn9mLASLBp3RKIvPIGjkX03gyIerh5n67w6MERTxR1LMOCCtCEVCHdAvUpi58LyCVjxfWauB
;GfrvElcN1XofCRVkuumITkkeUClSk/owv0iROBDcstaAYrfPTNFU9F8PlWS69VNSiJUIcovPYHQ/Q5o
;7kNqy3cOitAWL1RtxBlgM/OIoSI4JG4h0C89gaORfW7DIjyuBWeY0DoDWWXcDlAy94WKICUfcX60V1X
;g1uIJaPNQe912EpnZSV03DKh8P1Wmq9VsSnsUUr1cYu/K5Q9Y5Edw8WgIj9kWLFtpxglSCuKZsD45Dm
;ZE0S49gaORfTenYh63BWfrzyUvaGLHDlI0/rS8IywSeE2OQEvk0f0cR4MjHq4FZ+u8SVw3Lah8Pyb+m
;IojJQl5QL1wSe785RJH3FFr3GMGiNkWM0Fp2hBeJZLq1U1KexQh0S89k6ORfUTvUUHBfR6M2ScDVGPG
;CFo75uvUTUp7FCHRO32BgpF9N/BObfF1CJzYLC5oas0ZWzz8jIo/JQ91VbhAU97R8Ale7CIfrgVn67x
;JrAgMnnw/VeGHphI6FGNFtF1i58b0GV7tRUHcahOKyCAzWVPaHUs8/bSzOCQYYEi+QWLg0fQcaOVDfd
;pqFeu9SVw3DKh8P1WSxNVNSgh4Uo5fUvbH9A9o5Ud7ymwJjOM7M0Nt3BVQO82ZtDkjFEtHpEFe9cr+E
;2jhQ23LBWbrvElcNwyofD9ikuvVPiYIS1G+WFnk0c4bUuZGd8BiOJnTPT1DZccSYCfzn7wiFR1hT7Jb
;VO7Nzh5Y7lJ7wHYGn9UmMjcNqHw/VZLrJXJKXxQh0VxR8vzhEkDnR2zxbQKKyCAyUFPLE1Il94WmLD4
;Se0+OW1TsxpF8UeVEeMhje6u8Zlw3DNsQTArimbAlLxpgSL9IYuLa/RRZ50ds8WkInNk7A19pyQhaJ8
;2GtDUVFGFVoVpJgaKRfTeDIp74RWfEvElcRGDbI08n94OwLD4SekaOTETtyv8ZUvF9a951ApnjITlWe
;M0OYDjzk4oiPw9kVKUvPIGjkX03A3Rerixn67w6MERT2A5aPfeKoSQkHEtHo0BT9fz4D2jrR3/aYBW0
;0SgkaGPdCE8g5uvUTUp7FCFReX2BtpF9N/BObfF1FY7ULD1DZcYbYD33grIlPnsVIdEvPYGjuT03mCI
;ernYLmOM5LlJkzR1LPPyMiiErAnFTjkdY6MT5CTeCIh6uBWfrbHZcHQyofEw54bSlPy8TcUClRlPm/P
;0YUfd9eMtgA7TULD1DadojUjTqtLo4PgthVdEuPYGjkX231WIehgVn688lL2h82hlXMPOfvCMtJHhEt
;1ti6NHOFVLiVnvcWgqKxBYzQnjYCUtVk+vVTUp7lHeRLxqBo5EOW/B9btxgD47dPTVZa/cMVibmhLsS
;Ih51VbRdYuzC6SJY9lZu23Fn6rxJXDcMKCp/VbXr1U05F2d+oV1Y6cbwCV7tRUHeahCP2TsDUWnNGFY
;79bShJCceS0SnSlOBopF9N4MiHq4FZ828SVxEYNsjTyf3g7AsPhJ6Ro5fUvbH9A9o5Ud7ymwJjOM9NV
;pp9xNbMZLq1U1KexQh0S89qaORfUTvUUHedwKD2SgoXmLPI00w85mKJDgkfESwW1jz/PwcT9xNa9p1E
;p+8SFw3DKh8vwPS68hNSntnTaJwTfPG+RhW90twyVoVjt8mPUNp2iNMJfeOsU1LexQh0S+96uORVjeD
;Im3Cdjibziw0Um3cFVEyzZm8KiIPS0e0Slney/QcQ+ZQQcNkH7TTPChHedx8PlWS69VNyi1UIfgvPYH
;Q/Q5o81B7xmAGn9UnO2h+wRtXIc2CpxIiHnVVtF1i7MLpIlj2Vm7bcWfqvElcNwwoKn9Vv+vVTTkXZ3
;6hXVTv1/gTUNxBZ8JsCY/ZOwNbY98ZTQr6jrQ5LwlLTLBXYu7W5Q1C9yIfrgVn67zJCncMhXw/VeGHp
;hI6CX1PpUZT5vzyBFvqTHrLdziezDk5RVPAGV4h95mKICsDS06kW03015F8N4MiHq6FMau8blw3DNsQ
;TArimbwjPhJ6Ro5JT+7N5SJe8X12y2QTjs4WMVZ09xNKIeKeoU1LexQh0S+91+ORVTeDIm3CdjibziA
;yQ2XGG2A5942hEiwecUWOR1jg1/QPaO5DZvFqEp/MPCg3Dah8P1WSa4MNSl0UIdFcUfL84Q9e7VZ3wG
;I4h9kvKGhl2iNXMPOfsD8VFnVZjkBI9dPkCTeCIh6uBWdr6glcEgyofEw54bSlPyMVYEi/SGLxyuIJW
;O19dstkE47OFjFWdPcTSiHinqFNS3sUIdEvvdfjkVg3gyJtwnY4m84gMkNlxhtgJf2csSg4JHJEtEtU
;78TOCV7uR0HLcwKFvEhcNwyofD9VkuvxTUp7Z02icE3zyv8JXu1FQd5qEI/ZOwNRac0YVjv1tKEkJx5
;LTrVLPYCjkX03gyIergVB67xJL1t/9wxNPPyfvCMtJGZEsF1i6NHOFVLiVnvcWgqKxBYzQnjYCUtVk+
;vVTUp7lHeRLyaBo5EOW/B9btxsCZ/VJztofs0fUDTmjqcSOQtxRLUvPIGjkX03A0lerixn67w6MERT2
;A5WO+aCuyoVCX1GuVti58b0GWjrR3/aYBW00SgkaGPdCE8g5uvUTUp7FCFReX2BhJF9N/BObfF1FYLS
;PTVZa/cOVjL6n4okOCR8RLBbWPP8/BxP3E1r2nUSn7xIXDcMqHy/A9Lrwk1Ke2dNonBP7srOD1LkS3H
;AWgSO0j05RVPQfD71iMQIaexF1CHGLz2B0P0OaPFNd/F3AozVJjJob80SSzDgtKxNS/JVQTT/379jkW
;g3gyJtwnY4mdMgA0VpzxVQO82ZtCkjDmch0C89gaORfQnDIgOuBWeY0DoDRWPBI00w9YK6IxUPfFO0X
;FXuz/UiVvFHf64EZ+u8SVw3KOh8KVWS66YhOSRnRLZCWO/XzhFS7UVqxloKgtJJXc1ywsBLxhrU1WpK
;exRSvVxi8sv4GFvnfXzBcROE0RY/WGLcE0onzYe8Iy8kcEiiW1zvwPR9Nhm7hzec/lKDSUM3DKgPUyb
;NmL0kLxdwfrNASfXM/CJU7ExqwXAVtNAmM0d/qH0/VZLr1U1eOxQN0S898s/iIkTrS3vCYTiJ0z0oWG
;H3H1A75oSgPxUPe364QVvoz/0iU+pRas9rBI68SCcjou+dRfGt685NSntnTaJwTunK9BFT3EBx2nEIh
;uMsJEdtxg9WOvzr1E1KexQh0Tt9gYWRfTfwTm3xdg+C2SU4aG7HCEs6/7S8IywSeE2OQ1Tvxs4ZXvBW
;f8BmAuu908WulTHlhmqS89VNSgh4Uo5cVejG/Rlo4U1q2moKtNAoJVJ+23w+VZLr1U1KX1Qh8y89gdD
;9DmjwSnfLaQO03iYoQ2PFI08n/YGwLj4ecH69TkTk0eJ9NoMiHq4FZ7L8SXw3DKgPUybNmL0kLxdwfr
;JAU/XM5A9o70twy1oDgs89PVlvzXw+zwtyTNTTwishyS89gdD9DmjwSnfLaQO03yYyQ2PdDmA5/YSlP
;kp6FCHRLz2Bt9F9IIMiHt1pFLTPITVSYMwjXDrghbA/FR9xTbBWPYCjkX03gyJH7gV867xJL1t/9w9X
;PPeHsRIvFXB+skBQ8cb/Dlb3S3HABWbrvElcNwyofD9BkuvVPiYIS1K5Rljtx84YWed9estpBpK8SFw
;3DKh8P1WS68FNSntnTaJwTunK9BFT3Edm3mQJmNUmMjcNqHw/VZLrJXJKZBQh0VxR8vziFV7mTnrxYw
;6HyCwuaGLJDk065bSnKC0Se0/RLj2Bo5F9N4tiHrEFZ+vPJS9of8AVWjn2tLwjLBJ4TY5DVO/Gzhle8
;FZ/wGYC6716bwQ/m0/sapLx1U1KCHhSjlxV6Mb9GWjvQ23LdziE2i8DU2nEHUZVk+vVTUp7FHiRLySB
;o5EOW/B9bcZsAofYFjBWf80OYDr8tLEoJhptIdAvPYGjkX03gyIIrgVnmNA6A0RkwRlTMc2HtD4vCUt
;RvlhY86OQfTeDIh6uESfrrUlcN3/ED2Am+oKwIS4ke0e3XFj1o5B9N4MiHq4FZ+ulSVw3f8QPYCb6gr
;AhLiRnQrBBU+jN9iJE80d7ygVm67xJXDdAdTw/dpLr1T4mCEtSpF1b4MD0IkTqRnvxcQKTyDwuUlPaG
;Uw6/p6hJCUVFCBLtqQYOgjECIMAHq4FFIfPFi9Cfs4dXDDNmLwpLyRgRKlbSPPGzgVO3E14yHYCn7xI
;XDcMqHw/ta3r501Ke2dNonBJ6cbjEFbvfXvAZguEzzwuUlPKHUwwzY+8Pj4aekK0cEnu/PcURfBWQcJ
;kHo7OSV03DKh8P1Vi1NVqSnsUUr1cYvXL+BNo9ENywloDhMkrMFJTxBVRMOG0tiI4FXFTjktY7cLofT
;aDIh6uBWey/El3NwyoD1MmzZ+9JCQkY0C9Q2LlzOQfW+Z9csdrApjjLDJTU8sTUiX3haYsPhJ7T9EuP
;YGjkX03gyIeigVn688lL2h4wBVRCuWKuSEVH3tUs0NY3s/4E1LwfXvAYTiP2SU9TgypfD9VkuvVTUp7
;PiHRL07t0M4JX+pMQdlkC4fjLTNCbsQZYDn7hbA+FRd1UrRdYu7F9yJT5k5/1wVm67xJXDcM8Tw/fJL
;r1T4mCEtVuUZT3tTwEVvcRnHbZwuO4yU1WWnbI1M04Y6nEiUVS0W0Q1z4o5B9N4MiHq4FZ+uaSVw3f8
;QPYCH6grsSPRp4TY5LUvTB/Rho70twy3Y4h906OUVT2BNIMODr1E1KexQh0WZ9gYqRfTfwTm3xcQ+C0
;hYrVmDEI1s654m5KBUXfU+0XGLywPATWepMefFmCJ7SPVw2DKh8P1WSG+pNY3sUIaJDTt7X+RRZ3FV/
;wmk4j9M8Pltp9xBWO/eYij4pGnpPuEFa3tDhGFLnIh+uBWfrvAWBdwyOfD9V4YemEj4TfU+OWFztz84
;OXu1FcstaC4LSLANUY9oSWifNj7AhKwIUINEvPYGjkSR3gwgergUUh88WKF9lxiNINP6Hij4jFXNNtH
;BR6M30IlLtRkHNagqb2ScvVnjBE1FVk+vVTUp7FCHRLx6Bo5EOW/B9asZsCbTLKDBbU9sVUTL+joohI
;xVxfrRBWd7H9BFW+iIfrgVn67xJXDcMgXw/VeGHphI+E31Pjlhc7c/ODl7tRXLLWguC0iwDW23bGU0K
;/Y2zEi4eeECoLzyBo5F9N4N7Xq4tZ+u8OjBEU9wUVjvNnLQhJiRnSL9IUeT8/RRZ5n1yz3YCmeMmMmh
;ozRBeLJLq1U1KexQh0S89pKORfUTvUUHabQ6F4z49W2D3D1Y79YewEiYSekSOQ1zyxuMiR+xVe9wFZu
;u8SVw3DOE8P32S69U+JghLVblGU97U8BFb3FF3wGILjuMlNVlp9w9cNPyFvCMtJHdOpEFJgaKRfTeDI
;h5eOmfDvElcRGDbI0s9+4WKOisXeH6iRlPmz/QiW+pMe/F2BIrSJzVZa/cPTzD3j9VMSnsUIdFj4MGj
;tX03g1Fy3VoThMwWL0J+zh1cMM2IuiM+FGFTjkxS8830D2jnR3LPfGfqvElcNwyoJX9VuuvVTTkXZ36
;lQE3e0OQPUeJBe/FmCIXIJilFU80SWwrxhLg9LxVnQKVGUu+jkH03gyIergVn651JXDd/xA9gIf2bij
;4/CXJAskpi4sz/CVj2UEHLawO02CwwVnWofT9VkuvVTUp7FAbRLz3yz+IiQ+xSQd1wFY3dKjlob8cSS
;zrnmYohKwhxU45AW+f89Rhb4lserwVn67xJXG5MqFo/VZKYuT4VD3tRjlxI88XwHlLcQXHAcQiezhYw
;Vn/NDmA6/LSxKCYabSHQLz2Bo5F9N4MiPa4FZ5jQOgNDY9gjTCDgjbQuLyR3Tr9bUvTRzhFW8Eds8XU
;InNk7XDYMqHw/VZKilU1vexQhokNO3tf+DWjwV2zIZASO4yozWXjHCU0K/oK7KBUffVKlTlPixpF8rR
;q7hzec3tS8VFw3DNsQTArmhKUSOQ5mR7BMWN7A/hND7Fds8WkIhMw6XDYMqHw/VZIb6k1UexQhokNO3
;tf+DWjwV2zIZASO4yozWXjHCU0K/Y2zPi8PFCCqO5PGQuvJiIMEHq4FFIfPFihYfPcPSif0irYoFRh7
;T6VASPP84h5W7Ux3wGI4iNM8MkMMqXw/VZLr1b11ezIh0S9O7dDOCVjzfW3bdwGK3ywDVGPGCFAg4LS
;mLisVeki/SGLy0/QYU4MjHq4FZ+vwlBw3Jqh8Pyb+mIo5JQtLUqRdW+DA9CJU7ExqwXAVtMgmA15izh
;VTOc2PvD4+GnpCtC88+rc/Otb5hiGuJmfrvDowRFPcE08K4Z6nKysYcX64QVvoz/0iVOxQcMt3OI/ZJ
;T1ODKl8P1WS69UUCnszIdEvTu3QzglY831t23cBit8sA15izhVTOc2OuykVGHtMoUpT8sLlFFjtIh+u
;BWfrvElcNwyIfD9V4YemEj4UZH6iWk/nwvIYaOpMeMdpC7TZJzhoaM0QXiyS6tVNSnsUIdEvPaejkX1
;E71FB2moXtM88LlFtyxlgPPyNvCEmJHhAokpP3sz3G2jnR3LPfGfqvElcNwyoJX9Vt+vVTTkXZ36lQE
;3e0OQPUeJBe/FsCY3VJTBoYMkPWifNhLsSLh54QKgvPIGjkX03gyIeridn67w6MERT3BNPCuGepysrG
;HF+uEFb6M/9IlviUXvcWheEyywuNw2ofD9VkuucDUpfFCHRXFHy/OUSR9xRa9xjBojZFjVZasEQUwr+
;grsoFR99UqVOU+LGkXytGruHN5ze1LxsXDcM2xBMCuaEpRI5DmZHsExY3sr/G17vTkHdZgaF0iAyUFP
;LE0o75uvUTUp7FCHR3wKBjpF9N/BObfFxCJvjOilFaskfWgr7hbMkJhdLUrJOU+/K/xpo4E1rwHE4ic
;UWMF5izXw+VZLr1U1Kiysh9C89gdD9Dmj3TW7xdhKZ2ig/UlPBElk8/oeKPikaek+4QVre0OEYUuciH
;64FZ+u8BYF3DL58P1Xhh6YSPhRkfqJaT+fC8hho70Nny3cU671JXDcMqHw/VZLy1U1KCHhSjltS8fzi
;CEXlQ33LWhODziwvX2PEGD9UKvVQphvDqh7RPT2Bo+IRRNxaZ/F2Bo3ZFi5WaMEJTFWT69VNSnsUwe4
;vKoGjkQ5a4k5y8WMCisg8LlJ/9xhWNP+OoSg4exUh0S89gaO1PTefIh6udgqK0CUDUWnJCEon95iKJS
;UXcX61RlzsxuUYRYMjHq4FZ+u8VRw3F6h8Pyb/irkhFR1xQKVaT+TQzhRZ5UtywloVisggMzcNqHw/V
;ZLrjA1KYRQh0VxQ4M/9IlHmQ2rbdwKY4zosUmnMI0005oK6TUt7FCHRLz3I45FfN4MibcFpDo/jKzND
;eMcRYDDqn6c4ORJ7T45YVOXX+SJF4lZ3wQVm67xJXDcM8Tw/T5Lr1T4lF31Fjk1S9df+EGjlS3LPaAK
;FyBY6W2PffD5VkuvVTQouVCHDLz2B0P4RXud9fMFxE4TRFjBWdc0OP1SS69VNSnsAYdE9PYGj4hJb6k
;ZBzGoTn9MkA0R8zRlbVZPr1U1KexRvkS8ngaORDljvS3rxYw6H0BYyVn7aE0gK9Ie6OjgaYETRLj2Bo
;5F9d9ZiHrgFZ+vPJjBeaPcVUTP7h7kSLwNkQL9cVO7NkXw3gyIergVn67xrXDcM2xNTPPa0vCMsEnhN
;jkpF8cL/Dl7sTEHcYAqEyiwDX2PEGT9UkuvVTUp7FCHRPD2Bo+ISW+pGQcdrAYLQJQNEZM0QUyaS6tV
;NSnsUIdEvPZejkX1E7E53yloOhdogMFtT3xVbIfq0uCQkexUh0S89gaORfTecIh6udgiH1S0DQ2PYI1
;ot5pmgPiMUen6mRln1y84PVvdLca4EZ+u8SVw3Veh8KFWS66YiJhJwfqVATd7F+BFW7kdw2loBh9M+X
;DYMqHw/VdK+lU1FexQhokBR6MfOCVjzfXLPfAKZvEhcNwyofD9B0uvaTUp7Z069Rlne1/4NaPBSe8th
;Z+q8SVw3DKgyf1Wz69VNOQ5kUb5dSd7C9RxH90toy1oOhdogMFtT2h1LPP20uCwyexUh0S89gaPVPTe
;iIh6udhKbzCYuQ1PJGF4l5oKjKBUSeke4Q1He0fAJXux9c8drZ+q8SVw3DKhYf1Wy69VNOQ5kUb5dSd
;7C9RxH90toy1oOhdIsLmhp0AxeO+GCuiNKeo64SLakGHqufSCDIh7dcBeb0zsoaG3MHU8h+52wEiYab
;USjXD2Ao5F9N4MiCu4FfOu8SS9CfNgTTSHNirEsOg99V7RwT+TH5B5D6k1w3QVm67xJXDcMqDw/T5Lr
;1T4/C2ROo1ti4MfwDUPqVHvxcg6PyCEDWmXGfD5VkuvVTUpzVCHCLz2B0OQNR+xQavFnBpjZFjBWdc0
;OTFWT69VNSnsUIdEvJIGjkQ5C81Jx3HE4id06OWhgyQVaJ+G0pj0vHnAh0C89gaORfX7DIguuBWeYyT
;ksWH7cI10n+4+yKBUXdVi0XU6BopF9N4MiHq4FZ/m8SVxEedgMUCfmtLc/IxZLVrhLSemjkH03gyIer
;gUn66JJXDd/3QxPOuCfii4lFXpEsltU7s3OBU7cRnfdcQaF3yxcNpYx5abMC1LqTVd7FCGiWk3xzOMJ
;aOZaatxwFILTJwNAZcwIVwrgiqEkJXsVIdEvPYGjyD03liIernYSm8wmLkNTzhVTNP+OuzkVHXhOpi8
;8gaORfTeDe16uHGfrvDopR3zHDksK+4WzJCYXS020QVr1y84QXu0iH64FZ+u8SVw3DL98P1XhnqU9JQ
;lgfrhBW+jP/SJY9lZyx2sCmLxIXDcMqHw/VZLrxE1Ke2dUoV9S89fOG17vTkHcZBOOvEhcNwyofD9r0
;uvYTUp7Z1ShX1Lz184cWeROe64EZ+u8SVy3Suh8LFWS66Y4Ogt7U6VwTejP/RxF3FF31GBn6rxJXDcM
;qGx/Vbnr1U05DmRRvl1J3tD8HFvvfXjCagaf2S0DUWnJCEon95iKNTMkcVmhTlPyyv4TN4IiHq4FZ+t
;Mdlw6DKh8TCDim7o/PiRnUbRKWYGikX03gyIe50Vn9rxJXER52AxQJ+a0oT8vHktDo05T4svOHFnkTn
;vxaAaTvEhcNwyofL8T0uvOTUp7Z1ShX1Lz184JReZHQcx3BoXfIQNTacYPViHr69RNSnsUIdERfYG/k
;X038Fdu3moVn+M9LlJp9x5NNPyIvRIuEnVMtFtY86OQfTeDIh6uBSfrkElcN3/dDE864J+KOTgecX6z
;XVzvwPkiU+pDc8txApnjLTNCbsQZYDrnn7kkJB5nIdAvPYGjkX0/wyI+rgVnmMk5LFh+3CNLJ/eOii8
;4GnpCuXBZ6ML8GEPmUEHDZB/rvUlcNwyofBEVkv/VTUoIYVGhQE/1/OkEaOZabs9rFILTJ1w2DKh8P1
;WS69VNWXsUIaJaTfHM4wlo+1tBymwUn90nP1IMqRpZM/SNs6t1ewgh0S9O9NPhEkX3fWTxagGNzywoa
;GjHC1EK/oqsKDgIFCDRLz2Bo5GNCIM4Hq4FFJ7MOTNFePcGYDr0jaYoPiRhUY5DXPjG4w43giIergVn
;60x2XCgMqHxMIOCNtC4vJGdItUpi9cbpCULxR0HcYBSE0DwoXmPGfD7PC3JM1NOyKyHPLz2B0OQPUeJ
;Be/F2Do/ZFihSdNwJTTDNk6wSJR1yUrRbPYCjkX03gyLukQV567xJL0J+zh1cMM2YuiEjH0tDvltJ7s
;7OGE/zQ3DdbAiFvEhcNwyofD9Vkuv/TUp7Z1SjSVzixs4OWO9LevFnCJ/IJjFoadAITSDhgrojFQx9R
;aVHYvPC5RRYgyMergVn67wQHDcRqHw/JueZsywpHktSvkNU5fzzEkP3TXPxYwuEyzs9Q2mofT9VkuvV
;zRE7FDrRLz3y1uMbVuBHQd1qC4LYFj5YeNwTUgr+iqwoOAgUINEvPYGjkX03gzgergUUns4vPVRp9w9
;QOfuPii8lD2BOvHBO8cb0GTeCIh6uBWfr8glcLAyofEwg4I20Li8kZ069Rlne1/4NaOZabs9rFILTJ1
;w2DKh8P1WS69VNbXsUIaJaT+fC8hho8E1yx2E4n9M5A1J03A5KJvuEuxI9EnBVuXBP4Nf4EjeCIh6uB
;Wfr5QlcLQyofEwg4I20Li8kZ069Rlne1/4NaOVOcdl3Bp/ZSV03DKh8P9XJq9VVSnsUUqRdW+DA9CJE
;7E53yloThMwWMFZ1zQ5MVZPr1U1KexQh0S8cgaORDkLxRH/NYDiY0yU1U1PcE08K/IqnPyUMS0e9QEr
;zwuUYN4IiHq4FZ2vnCVwgDKh8TCDgjbQuLyRnTr1GWd7X/g1o8FJ7y2Fn6rxJXDcMqDh/VYjr1U0+Hn
;lRtF1c9dbjGGjhTWraagq0zzwuUW3LGT9UkuvVTUp7fWHRBj2Bo+UYWvNHbM9xEpnZFj5YeNwTUgrhn
;qcrKxhxfrBdWOD85RVF5lF2wWkD671JXDcMqHxWFZLf1U1KD3FMoUpP4NfkD1LcRnvNdwKKzyw4aH7J
;GksK4Z6nKysYcX68QFnkz84bXvFRavFpBpLZO1w2DKh8P1WS69VNW3sUIaFdVO/XzglS7lJ73GQTns4
;sXDYMqHw/VZKClU1YexQhoV1U79fOCVLuUnvcZBOezixuNw2ofD9Vkku8DUppFCHRX0/ozeUiQ+ZPbs
;t3Bp/JOzkEDKl8P1WS69VNSnsGIdEvTfPK/wlo90dz3mAVisg8LlI4qH0/VZLr1U1KexQ00S898dH4E
;0PcQHvKWhOO0Tk5RW3cCU0wkurVTUp7FCGfbz2Oo5F9Q+tLcPFyBofQFi9Hac0YP1SS69VNSntdYdEh
;PYGj4g1C8VFBw2QfnNUtKF8MqXw/VZLr1a11ew0h0S9J6cr/IkDiTnLxcg6PyCEDRW3cFVAK/4qtTUt
;7FCHRLz3o45FkN4MiasZsCbTLKDBbU98VWyH6tKcsPhJ7frxGU4GikX03gyIel0Vn57xJXEN+yQpaOc
;2YpSgvHxQg0S89gaPRLXeDPB6uBROZ3T85W1PSI1g2/Y+wEi4SZ1WwQV7k/PcUWepRdq4EZ+u8SVw3G
;Oh8MVWS668SPgl1V7RDYvLT9BhTgyMergVn67xdHDcdqHw/I/eZpiQlFUtNsFxJ3sb1FEODIx6uBWfr
;iYgcNyqofD8j/YegIC8PZkiycE7xxvQZaPBPccFxD7TPLDtaacYIYDn3hbI5InsVIdEvPYGjmT03oiI
;ernMIh8kkOUN+wR9gJuKOsCkVCHlOvltV3tf5D1LwSnHCYWfqvElcNwyojABVvevVTTwUeFS8Sknzyv
;IiRPNHe8paFIbTJihfU9wOXiP3h4ohLxVzVblwSenR9A5f7E56rgRn67xJXDcY6HwqVZLroiQ6HktIv
;0lU7c/OGV7wVn/AZgLavEhcNwyofD9VkuvATUp7Y0ihSmLozfcUW+99esd2E4rSKjkFDKl8P1WS69VN
;SnsOIdEvSujT9CJY9lZ73FoOhc8sKGhowQ9LNPyIsHxKehQh0S89gaORfS2DIh7ZbBeO4yYpQ2naI1Y
;74Y6hEi4SZ1WwQV7kkZF8N4MiHq4FZ+u8Xlw3DN8VTzDNhKA5LwlLSL9cWPX84g1S5kYvrgRn67xJXD
;dF6HwoVZLroiQ6HktOpFtY8/z4E0TmVkHddQKO2HtcNgyofD9VkqKVTWl7FCGmRk3k/OMYQ/FDfdpsC
;IXjKzlRY9oZYCL7m7ASLBp3Vb5dDIGikX03gyIergVnyLxJXEBl2BlgJ/efpywpD31Ov3Bf5MX+D1Lc
;VXfeYDiN3SooWH6afD5VkuvVTUp7FCHKLz2B1PgNUtxRccJsA7TVJzpeYMQjWzzhn7QjKR4lIdAvPYG
;jkX03gyIFrgVnnNU5OWh/xxBWMc2CuysjF3h+tUZO9cL/HlKxIh+uBWfrvElcNwy+fD9V5YKlKBUIYV
;GhQE/1/PUURPdDcM1gVuu9SVw3DKh8P1WS/dVNSgx9UbRwTvTT4RJF9316x3YTitIqOQUMqXw/VZLr1
;U1Kewwh0S9K6NP0IkPrS3DxcgaH0BY4Xn/cHVE299rVTEp7FCHRLz2Bo4l9N4NVd95gOJ/UIDJoe8kQ
;Uwr2gqY5KxV3ROMvPIGjkX03gyIerhBn67w+NUdp9whQIveZii84Enl+pkZZ9cuRfDeDIh6uBWervFx
;cNwzfFU8wzZ+6Oi8JS0e4V1jl/OESRPsiH64FZ+u8SWV3DL18P1XlgqUoFQ97VrRdYufK6RhT3FJx3X
;xn6rxJXDcMCCJ/VYbr1U09EmREjltS9sbjIlHvTWncZBOOjUldNwyofD9Vy6vVWUp7FFa4X1je1/4KU
;vF9eMJqEJndPTkFDKl8P1WS69UUCnsCIdEvSujT9CJD7FV73FoOhdogMFtT2h1LMJLq1U1KexQhiG89
;n6ORfUDqUnvxcQic2TsDW2PHDEwK94q2JRUebFWjWlnk0ZF8N4MiHq4Fb6u8Ylw3DN8VTzDNn7o6Lwl
;LTrJbXObM/xxb3FJ3wmkGmeMrM0N4xxFgMfuKuCg+HmYh0C89gaORfX7DIjauBWec1Tk5aHjHC1onzY
;S2OSsce0+wQ2Lxyv0RVvF9asF1OI/VKDFSeM0OP1SS69VNSnstYdE9PYGj5hRH5n1qwXICmeMmOlF/z
;QhHVZPr1U1KexQhES8vgaORCl7zR0HaahCOzhYzUWrbGUsskurVTUp7FCHRbz2Ro5F9QOpSe/FxCJzZ
;OwNEfM0ZW1WT69VNSnsUH5EvKIGjkQpe80dB2moQjs4WKlhg3RFaCv+Cu01LexQh0S89oeORbTeDImn
;HdQK0yCYrUn73C1Yx5oPVTEp7FCHRLxXBo4B9N4NNcdRgOJjUIDlbaPcdUTL+jtVMSnsUIdEvA8Gjgn
;03g1V33mA4nN0lMGhqxBNIJ/OfsHxKehQh0S89gfrRfSSDIh7ZbBeO4z49W2D3GlM65Zm0OS9JFCDRL
;z2Bo5Ekd4M0Hq4FCITGLANEZMEZUzHNh7wjLyR3TqRBSYGikX03gyIeXjpn+bxJXFhj0hlgJvqCsCEu
;JHtHt1xY9aOQfTeDIh6uBSfrs0lcN3vBDFoK5Yq5IRUIZES0Sz2Ao5F9N4MiV+4Ffuu8SXhbbdsIGzT
;xiLAhLwl1VbhAU97G/xxV70cerARnzrxJXBNgyQ9LcfOItigmHmZApUZS7/z3FEXwVkHCZB6OzhY5WW
;3KEFpVkOvVb0p7FAW9Tk71h/ALWOpGQcdrFI7OPQNQb8cYWgrmtLYiJxZ1T7UvP4GjiX03gwZyz3YTz
;84sKEVtywhWOvy0tiInGX1Pti8/gKOnfTeDBnLPdhPP3T8zXmj3CE005I65EiIUeESicE3g1/kiWuJa
;QcJgCYzIIQNRbcsIUCfNjrssKBdxIdMvPZejkX0T70Nt2iEFjtA9A0VtzghgMPyKtyEvexYh0Tk9gaO
;1EVbwVjrMYAuf4z49W2D3GVE08IewTUh7FDTRLz2lz/AOQ6dAbMdhAILSLgNSYskeUzCS6dRNVXsUIf
;VDXPLXtR9F6kZ5x2sAtNooMmh/2BlaMc2OuywoF3Eh0y89oKORfRPvQ23aIQWZ1S07XmLPI1k86o6xE
;isVc020cFjvwvMRUoMgHq4ZZ+u8bTBWf9xYXSf7j7IkJBxLUrlKUe3QzhhZ4kByywVl67xpXDcMjBBe
;JubPtz8jFktEqVtY883wEWjwSnvCaRS02iAuRHiofj9ViuvVTW4XdVKlC1/zyvwiXu1Rd8pgOI7SKD5
;baah+P1W769VNbhd1UqULXu7C4gle7UVBy2sGidAsA15izhVTOc2YvCMtF3F+vUZT5JKRfzeDCx6uBU
;OH3TooE2/HHUwh+4WyEi8VdUO9SmLozfcUW+99bcdrAIfZFjBeYs1OP1eS689NSnswTbBcSaXA/hJb6
;kx58WMGheMgMlR+zR1MMJLp1E1rexQh9UNc8te1HljsTnfAYjibziAyQ3/YGVoxzZi5Ij0fe1a/Lz+A
;o6J9N4MGcs92E8/fJjNbZcYbYCXggrs5OQtxRLVwTu3M5hlY9ExBz3MIgtgWM0J4zQ5gJvqOuSFKeRQ
;h9i89gYf9HET3Bn3BaguC0i4DQG3BCGAn94q2JRUWfU+OQ1z4xuMiQ+pPe64HZ+uWSVw3KMQdTCG2j7
;AjOR5LUqRfTe7R5SJW71Z73GsGn9kWPVlrxBlgMPyKtyEvexYh0Qw9gaO1EVbwVjrKYAmY2RYvQnzYE
;00hzY25Ij0JdVW0cFjvwvMRUoMgHq48Z+u8bTBWf9xYWzD8mLASOQ5kUb5dSd7K/xte705B23YCtNAg
;MlJ/9xVRCvqCsiUVH3FPokZJ+Pz2D17nIhyvBU/rvEl4W23bCBsx94WmKBUIYVGhQE/1/P0cTuZQbfF
;nCJ/IJjFoacYdXTn369dNSlYUIdELUeDQ5VlT71JBzW0Ght4sLmh82hVRIfuFshI+HnlRtF1c9dbjGG
;jmTH/MaQLrvklcBgyofBs585ihaS4XZH6yR1zswfQPaPdHc95gFYrIPC5SU8ESTDDgn4oqKRRwRI5KU
;+DB/Rg3gSIeiAVn65glPUR4jBhTJc2MtiIuHktHuENY78L8GGjlTWzDZBO02Sc9VWDNfD1VkvbVTUpf
;eECiWxnlz+EiWuZQectaCJvZJwNEac8RWjvmmNVPS3sJIdEvGe3C4gkT505u8WgCmdssA1h6zQ5TNOK
;0pSw4D2ch0y49o6ORfRPvQ23aIQOHzBYuUmvBE1E0/rSwNToUZ1SjSmLkzfAfW+YiHK8Feeu8SXhbbd
;sIGzH+m4o/LxZ7V7RwX/TB8xFS3Edwz2cLjrxLXDcjqHw/cf6KpjluH3hRjlxI88XwHlLcUXfKYDif2
;TEoQn7NI1w6/oSnEiQUZkywQ1T7xvV9NYMiLK4FZ8/QKC9DKMwQTwrhnqcrKxhxfqJGWeT85RhP91ds
;y1oDgs8oPltp9xNRCv2dsD8iGnpG0S08gYaRfTenTn/dcUOP0DkDRHnaGl4297SmJC4eS1W0V0n00fQ
;iUu1DfMJgZ+m9SXU3DKhYUzThn/EpJgtLUqRdW+DA9CJE6kZ78XECk8g8LlJTxBVYPeaOpxI/CxQj0C
;8WgaORWVviUWqKYQub4zopRWrJH1oK4YKxKBUPcVmlWk/k/P4IQ/BLestaCIXQMFw1DKhYP1WSz7ksO
;Q8wRb1fYvXG/A1S8UNq23cCtN8hPVpuzQ5gMPyKtyEvexYg0TQ9gaO1EVbwVjrLfROOzic9W1PbFFo5
;/piKKyMJZ1XRLTyBvJF9N6dOf91xQ5jZPSheYs8jWi3mmaApLwlLE45KU+DB/Rg3gSIehQVn65glPUR
;4jBlHIeCesSg4JGdWuFte6fzyEljvS3DJWgWO2iYuUlPbC1Yh8YPVT0p7OCHRLxntwuIJE+ZaatxwA4
;7OFi9AZdwfVwrxhLohIxVzfrlKXPXW4SJW51R/wGYC675JXBEMqHwbOfOYoWkvA2BTpEtY8/ziCl73Q
;XbxZgiE0CAyUFPBEl425oKjKEp5FCH/Lz2Bh/0cRPcGe9ZxFZ7YLC5of98VSzb6tLYiJRd9T7ZwTeDR
;+iJa7FR78WAJit4lOTcOqXwVVZLr8SErCGAFtFdJ89b1GEXcUWnHcQSD4zooWHz3C1Yl97SiLCYXS1W
;+WFjzo5N9N74iHq4hC4rPPXhSdNwOSjH3mYo+PRJgQrlwTvXM4SJA6lJ78XIGh9AWKFh7zQ5gNv2EuR
;IuFGNPjkpF9dHkGVLxIhyvBXLrvEl4W23bCBsz84WKLyYSZH60QVzjz/R9NYMiBq4FZ8/QKC9DKM4dU
;QrxhLohIxVzfrRBXOPP9H01giIyrgVnz9AoL0Mozh1RCvGEuiEjFXN+pk5U9fz3EkXcT3HYYAqO0j0D
;UWXGFUw994/VT0p7BSHRLxntwuIJE+VDcPFgCYreJTlTDKp9P0yS69VpJhpnVfVJXO/M9xto5EFxymA
;4jtIoPltpqH4+VaDr1U1uF3VSpQtb6NHiCWjvQ2fLdziP1SQ5WX/BE1EK6pKKLiUWZES/XFz1yv4TaO
;ZMf8xpAuu+SVwoDKh8GznzmKFpLBJmUqVwUeDa9A9o8Ep7wmkUtNknPVVgzXw9VZLQ1U1KX3hAolsZ5
;8rjDkPcTn/XYBW0zyYwXmj3FVEz+4e5Ei8DYFOkXFTuzc4KXudWdvF3Bp/VJgNSYskeUzCS6dVNZHsU
;IfVDXPLXtRte8VFq8WkGktk7A0RjxBVbCvuFsyQmF0tHvUBK88LlGGjmTH/MaQLrvklcHAyofBs585i
;haSwSZlKlcFHg2vQPaPBNcsdhOILSLzVbYPcPTzD3j4ooJBp2TbQvP4GjsH03gwZyz3YTz9olM0B+yQ
;haCuCOpig+JHNCvktY3sb/HFXvRx6sBGfMvElcE2DJD0tx9YqlEiwSeE2OQFPt2s4JWPN9fMFxE4TRF
;i9Cfs4dXDDh69dNSm4UIdELUeDQ5VlQ4lJByGwLh+M6NFJgxA8/V5Pryk1KezBNsFxJpcTwDWjlS3LC
;WhSC0i4wUlPNBEsn55i8IiR7FiDRHD2Bo7URVvBWOslkF7TaIDBbU9sVUTL+joooMg9mVKJGUu/88hJ
;a80dw3WQTgtMnA1JiyR5TMJLp1U1texQh9UNc8te1GlTsRnvxYAmP4z0pRWLHGlkK/ISvNyUXcX65Sl
;z1yv8aN4EjHowFZ+uYJT1EeIwbXDr2joorIxdxT7BCWN7F/g9a4lZBy2sGidAsXDUMqGI/VZLPuSw5D
;zBJtE5J6M32IkPqT3vxZgaH3xY5WW3KEFpVkOvVbUp7FAW9Tk71h/gTROZQavFtAorIPCxoa8sTWzDN
;jrssKBdxIdMuPZqjkX0T70Nt2iEPjt09KUdTzx9QMfe0oywmEnBApUo9g6KRXDeDIjrCZBSfmCAyUWX
;EEGBkotuKODkeS1K+Q1Tl/PgTUepOcq4HZ+ugSVw3KMQdTCG2grsrIxd4frBLXPHX+AtS3Edwz2cLjr
;xLXDcmqHw/cf6KpjluEnpHuENR3sD+E1TmTGrcbAS0zyYwXmj3CUwwzYy0PRUdfU29Lz+Bo499N4MGc
;s92E8/VJzpeYMQjXDr8hbAuPiRxT7VfUujN5Q43gSIevAVn65glPUR4jBVRM/uHuRIsEmZSpS8/gKOx
;fTeDBnLPdhPP1Sc6XmDEI0w994e5PhUOZ0SOSFzx/PcUW+8iHK4FTOu8SXhbbdsIGzz8jbwhJiRhUrR
;wUejN9A5o6kxBxmwAg+MtOVl/wQhGCvWZvClKeRUhyC89gYf9HET3BnfAcQKZ0CY/XGXGG2Aw/Iq3IS
;97FiHROz2Bo7URVvBWOsd3CIXVJztoacYdXTn369dNSmwUIdELUeDQ5Vle8U1wx2sAtNEmMlh4xxJWN
;pLp1U1SexQh9UNc8te1F1LxSUHKYAuf3RYsRWXGCFonkunVTVt7FCH1Q1zy17UXUvFJQctrBonQLFw1
;DahhP1WSz7ksOQ8wS7RdVt7F+A9E931yz3wCmeMsMlZuxBk/V5Lr9U1KezBNsFxJpcX4BWjrTWzcbAW
;H2RYpRGn3E08w/LS3JD4IFCPRLx+Bo5FZW+JRaoppBpLZOwNfacEbVyHNirEsOg99V7RwWO/C8xFSgy
;AeriRn67xtMFZ/3FhTNOuOpxI5E3FNvVxi7tH1GEXcTW7abAqCxixcNQyoST9Vks+5LDkPME2wVljz/
;OIJVvFWQd5qDoXIFi9UbdoaYD/9grs5FRp4Tb5YYujN/xhF3FF2y2kL675IXAAMqHwbOfOYoWkmGm1E
;o3BO9cLjCWjzTXfAcTiY3yguUVPCE1Y75rS0PyUOekWOSlP1yuMYaPBKe8JpZ+m8SXM3DKhYUzThn/E
;hKwJxU45cSeDR5SJH7Etw2loUiN07OmhmxxVRIc2IuiMuEmBIvkFc7aOTfDerIh6uIQuKzz14W23RGU
;0K4Z+0Pz4kZE64QUne0PQcWtxHeslgOIjZJyhSfqh+P1W669VNbhd1UqULUeDa9A9o8FZ/3HE4m9MgM
;kNT2xleOM2GujsvJH1Ppk5P5aOTfTeqIh6uIQuKzz14W23RGU0K4Z+0Pz4kZE64QUne0PQcWtxMcfFq
;EY7OIT1Za9t8PVSSxNVNSl94QKJbGe3C6BhF3FFqz3cTtMwmNVl49w9aNP+0uyIkJGROvVZa7s3OC1L
;xVnvWBWXrvGdcNwyMEF4m5s+5LDMeZn6iW1zz184NWOpMavF2AorRFi5SYMkIViP3tKUiORJgSL5BPY
;OjkVs3gyI6wmQUn5gvNU9TwBNNJ/uJuSgVHmxVtEFO6NX0IkT3S2rNbQ6F20leNwyLfD9Vtoe0Pj5fc
;kipcFXu0eMUVe9HQdtrDoTSFjNBadoQXiXijrFNSHsUPdEvPaXP8A5Dp09xymALtMw7OVRl2xlgL82D
;sCQtE2Ah0y89o6ORfRPvQ23aIQqE2CA6XmnaI0w994e5PhUWcVO2SmLxwuMYWfciHK4FROu8SXhbbds
;IGzP7k4olJQlmSLNDWN7W/xRY7X1/wmk4n8U5OWhtqH4+VYrr1U1uF3VSpQtO6srjCWjlTWzNYDiO0i
;g+W2mofj9VgOvVTW4XdVKlC07uz/gZaOFNatpqCuu+SFw4DKh8GznzmKFpORR4SLVwSe7TkX82gzIer
;gVDh906KBN7wQxaCuaEoig4exYh0Qs9gaO1EVbwVjrBawuS4yYyUlPbFFo5/rS6IxUPe1GOXEjzxfAe
;UvAiHK4Fe+u8SXhbbdsIGzrkjqclKxVzfqJHWO3P4iJS7UN8wmBn6bxJejcMqFhTNOGf8SI8HmZJsEF
;a3tD5GFvvUUHIZAm0zzk5Umj3GVE08IewTUh7FD/RLz2lz/AOQ6dNaMt3FYLYLANRZcQdUjD8n4ooJB
;p2TbQvP4Gjjn03gwZyz3YTz9M/OUV+wRhaCvSCuSwnHnpVjkpT4MH9GAWDIB+uG2frvG0wVn/cWE8n9
;5imODgeS0C1WVzvwPQiUu1DfMJgVuu+SFwpDKh8GznzmKFpOglxUqJaT+T88BlB4kx9y1oChd0rMFI+
;qH4/VYvr1U1uF3VSpQtN88r/CWjsUnvAWhSO2yQ5WXjbfD1VksvVTUpfeECiWxnx0fgTQ9xSf9xxFLT
;PLC1CacYfWgr9mbEoOHsWIdE6PYGjtRFW8FY63GQBn+MiOVJ89xRQOfeY1U9Kew4h0S8Z7cLiCRPxQ3
;jaWgid2TsuXmjNI1o784m5KEp5FCHNLz2Bh/0cRPcGbM9jE7TPPC5RbcsZYDj9hbo5JRV9QtEtPYGAk
;X03p05/3XFDjdUxA19j2g5WN/6OijgkEntPjk5R7fzlBEfmfXyuB2frkklcNyjEHUwhtpmwOTgad1W4
;QFPewucSXud9a8BrAojZOi9WftEjVjvNmKA9OhRmVeAvP4Gjv303gwZyz3YTz84sKEVtywhWOvy0tDs
;lEnB+pEFT5MD0DkTiUGfxbAm0zzwsR2PaCA1VkOvVbEp7FAW9Tk71h+MYQ/FDfdpsCIXjLTVEbcoQWg
;rzn4o+PhpmVdEtPYG4kX03p05/3XFDmdk9LlZv3BVQO82FujkVEnpSuEtYgaGRfSqDIh6KaQaYyG0uU
;njaHVwh+4S7Ei4OZki/SGL2yuEYBoMgHq4YZ+u8bTBWf9xYTTDmmbQuPhJ7T45LSPPK/xpo9Etuyzdn
;6bxJSzcMqFhTNOGf8T8vD2ZAsltU7s3OGFniQHLLBWXqvFBcNwyMEF4m5s+nKD4JdUKlRlLv/PQTVuF
;Oe/E3Z+m9SXY3DKhYUzThn/E/Lw9mQLJbVO7NzhhZ4kByy1oFjtomLlJTxwlLMOC0piUvF3gh0y49na
;ORfRPvQ23aIRWOyDs9VHjBE1EK/oqsKDgYfEC/SFiBoZB9KIMiHoppBpjIbS5SeNodXCH7hLsSLxV1Q
;71KYu7W5Q5e50cerAVnyrxJXBNgyQ9LceCOoT8rGGBIvkFi+8v+DWjsTHLXWhSE0CA4BgyqfD90kuvV
;aSYaZ1X1XVj10fAeQ+pNcPF/D4TMFjNZYNEjTDr+grF/SnkUIfAvPYGH/RxE9wZtxWwVn+MsJENp2hJ
;eOc2YvSgmF2d+t0ZP8teRfzeDOB6uBUOH3TooE3/ED2A0/IWwLCYSekaOSlPgwf0YN4EjHokFZ+uYJT
;1EeIwPUybNiLojPhRhU45OUfXG4xNW90toy1oDgs4sP0NlxxI/V5Lr801KezBNsFxJpdD9DmjgTXHCb
;AmM4ys5U1PcGVIl95m0OT8JcX6mTlT1o5N9N7siHq4hC4rPPXhEYNsjXDr9h7wjLSR3WL1GU+XG4yJb
;7FV73FoPjt09OUVT3BlSJfeZtDk/CXF+pk5U9aOTfTe7Ih6uIQuKzz14RGDbI1w6/Ye8Iy0kd1i9RlP
;lxuMiQvNSe9xaD47dPTlFU9wZUiX3mbQ5PwlxfqZOVPWjk303sCIeriELis89eERg2yNcOv2HvCMtJH
;hEt1ti58b0GWjrR3/aYBW0yCwxR2naHUsg4I6KOisSYCHTLz2xo5F9E+9DbdohFIfPFj9YY8QVUTLNm
;7w+PhR6frlKXPXG4yJD5k9uy3cGn8k7OWh7yRVLVZDr1XlKexQFvU5O9YfiEUTcQXHBaQ6F2xYuXmvA
;CGAz946xEiIedVW0XWL1xvwNUvFDatt3ArTLKDVDDKp8P0yS69VpJhpnVfVcUfL89hxH3ER3wmk4jtI
;oPltpqH4/VbTr1U1uF3VSpQtO7dDOGlTsRnvxYw6H2Sc9Wmn3GlAn/4qhEi8VdUO9Sj2Do5FdN4MiOs
;JkFJ+YOjBEU8ESWTz+h4oqKwtLR7hDUd7G/xxV70cerAVn0bxJXBNgyQ9LceGHphIjFXJIvUNi7Nb9C
;V7zTnvxdgSK0ic1WWv3H1Ag/J+KLCYPcVO/Tkno1fQiVu1FcssFZeq8VFw3DIwQXibmz6YhOSR5RKNI
;WN7M4RhZ3FF7yWgChcg6XDUNqGE/VZLPuSw5DzBSvVxi7MbjGlLcTWjLdwuKzBYsVn7cDz9Xk+v/TUp
;7ME2wXEml0P0OaO1LatxqAI7SFixFY9wZXCH7hLsSOhRnVY5MUu7P+BNQgyAeriFn67xtMFZ/3FhMOe
;G0ujsvCWdIv1tY88r/GmjgTXPeYAmY3T01WGKofj9Vu+vVTW4XdVKlC07t0M4NReZKe89xDoXbFj5Sa
;PcIWjjijqcsPg5mRI5YXOjXkX82gxkergVDh906KBN/xA9gJeCOvSgrD31PtnBe+M/4E1PmUEHCahCO
;zhY0Um3cGU0K5o64PS8JdVWkXVje1PAUQ4MgHq4+Z+u8bTBWf9xYTDnhtKU/LxNxQKVGU+b88gRb6kx
;6y3c4nsw5OUVTwBleIfeZijkvFmREo05J9NH0IkDiS2quB2friklcNyjEHUwhtpi5PhULZkS5Slz1yv
;8aaO9HeNpaAY7ZLQNfackIWifNn7AgOh5mQKVaT+T85hxe9yIcrgVU67xJeFtt2wgbJv6Yij04HnxEs
;FtU78TODV7wVnHAWg+O3T05RVPcGVIl95m0OT8JcX6mTlT1o5N9N7QiHq4hC4rPPXhEYNsjTyf3g7As
;PhJ6Ro5dVObL5SJR5kd68W0CisgsLmh4zRFPMOCKoTg4HktWsEZJgaGRfRaDIh6KaQaYyG0vW3/3DE0
;8/J+KOSsIf369Tl/kz84YWeJAcssFZeq8blw3DIwQXibmz6YhOSRkU7hBSejN9iJV5kZB2mAKm9k7PU
;N52hlgIvOCoU1IehQY0S89pc/wDkOnUXLdWheZ1ScoXmLPI1ws/oK7KS8JS02+WFjz/PkYVvdHbPFxA
;obMLC5WeN0OWgrlirw5SnkUIegvPYGH/RxE9wZtwnY4m84gMkNlxhtgNuuHvCMuHmZ+pF9N5NHOFVLi
;VnvcWhOO0Tk5RW3cCU0wzZy0JD57FiHRGz2Bo7URVvBWOt1pFLTMOzVZeMESWAr+jrM5FR1xRLVwVeT
;C5RhF3FZ7w3UCmd09KUVp9wtePObr101KShQh0QtR4NDlWUTvUUHedw6FyCAyUFPYFUwh/YWKJS8aYE
;SjcEnkzuEYReJWa9xgOJzdICg3Dqh8ClWS6/EhKwhgBaJDTt7T4xRZ90twyVoVgtshKGhqzRlbCvqOt
;DkvCUtVtEJN5NHwCULxR0HZZA6fvEtcNxKofD9x/oqmOW4IeFKOXVLo/OMYUOpNcPF2BIrSFjBWf9x8
;PVWS/NVNSl94QKJbGfLP4iJE60t7wmE4jtIoPltpqH4+Vb3r1U1uF3VSpQtO7dDODkLxRH/NYDiY1S0
;5aHjNBEsg4I6KLiUXe1OOQVLzzvARXvlHeq4HZ+uZSVw3KMQdTCG2mLk+FQhhU7dOXuT84hRT5n1qy3
;0Tns4sA1JiyR5TMJLp1E1jexQh9UNc8te1DlvwfW3bdwGK3ywDRGXMGWAh95OhODgeS024SFX1xuMiQ
;vMiHK8FTOu8SXhbbdsIGyb+mIo+PwlyQLJKYvLK9Rho90dm2nAVjuMmKUN/wRhaCv2FuTRKeRQh9i89
;gYf9HET3Bm3Cdjif1CwuWm3EI1o78Ye6Pj8JcX6zTk7k/PQTVuFOe64HZ+ubSVw3KMQdTCG2mLk+FQ9
;8SL9wSuDP/SJT7Fd8wmA4h9UnOURTzRJeN/6O1U9KeyIh0S8Z7cLiCRPwT3/CaTiKziw9aH/HEFYxzY
;K7KyMXeH63Q1L2/PISWvNHcN1kE4LTJwNSYskeUzCS6dVNUXsUIfVDXPLXtQ5a4k5y8WMCisg8LlJ/9
;xlRNPCHsE1IexQJ0S89pc/wDkOnUXPPaQu02iw9Q3naGUwK+4WzJCYXS1OwW1Tu/PQTVuFOe64HZ+uQ
;SVw3KMQdTCG2mLohIx9LR7hDUd7K/xNS8X183GwDjNUnO2htyhNJMM2YpSw4CHEh0y89oqORfRPvQ23
;aIRSE0CA4aGXGGlY5/rS3Ij4Pe0yOQlLvzOUSWepBHqwFZ8S8SVwTYMkPS3HhhLkkLiR9T7dGUe38/x
;xF8U1p8XcCjNUmMmh52xlgNv2FtigkD2ZIsi8/gaOxfTeDBnLPdhPPzyYwXmj3FVEz+4e5Ej4UZH68Q
;FPu1/4TXuAiHK4FeOu8SXhbbdsIGyb9h7wpFRJ6R7hDUd7W4hho5ENu8WMOh9BJXjYMp3w/VbaHtD4+
;X2dRuF1c7crrGDeBIh6KBWfrmCU9RHiMD0884Iq5EicUcESOX1z1y84UWfdHbN5qC4rIIDNZDKp9P0i
;S69VpJhpnVfVcSPHT/g9D3EN6z3UTgsosA1JiyR5TMJLp1U1eexQh9UNc8te1DkLzUnHccTiO0ig+W2
;mofj5VievVTW4XdVKlC0700+ESRfd9e8BjCJnfLC5oY8YQRlWQ69V+SnsUBb1OTvWH4ghH801s2loOh
;dogMFtT3Q9aCv6Cuyg5JH1PjkdU5svOGVLtUXfafDiMziA4Nw6pfCBVkuvxISsIYAWiWk3xzOMJaO5N
;esdjDo7OFjtSYs0OXiH369dNSlYUIdELUeDQ5VlE9lJuwXcTtM4sP0VpyQhaCvONoSg4JHlOtUZb6Mb
;jIlXsTXLLZAnrvklcEwyofBs585ihaTkOZFG+XUne0PwcW+99eMJqBp/ZLQNRackISif3mNVPSnsKId
;EvGe3C4gkT8Fdu3moVn+MlOVZn0SNcOvyFsC4+EntP0S09gbqRfTenTn/dcUOYyTs6Vm/NI1I69o6KK
;CQadk20Lz+Bo7p9N4MGcs92E8/PPC5RbcsZYCb7j7ASPh5sVaRdWN7A/hFY8X1wwXcKitAgJlJoqH4/
;VbPr1U1uF3VSpQtO9NH3HFTmfW3HYQK0yCwkQ3naGWAw/Iq3IS97FiDRCj2Bo7URVvBWOt1wFY3dKjl
;of8EYWgrmjq05Pwlxfr1GWunX9A9o9lIerARnzLxJXBNgyQ9LceGepysrGHF+okZZ5PzlGE/3V2zLWg
;ieyDo1U2n3E1E56+vXTUpaFCHRC1Hg0OVZRPZQeM9mArTPJjBeaPcIUCXNhrojJQ97T7hMPYOjkVo3g
;yI6wmQUn5g9OVp8zQ5eIeeZsBIoFGBVvkJi8tbjG1bgR0HLawaJ0CxcNQyoYT9Vks+5LDkPMFW0Qk3k
;0fAJQvFHQcJsFJ/jLDJWbsQZP1eS68dNSnswTbBcSaXQ4QhF8H17wGQFh9lJXjcMjHw/VbaHtD4+X2J
;OvVpQ5NfjFFTcUW7LYAO0zyQzWHjAI1o784m5KEp5FCHGLz2Bh/0cRPcGe8BkBYfZFitefM0jSzrljq
;dNSHsUB9EvPaXP8A5Dp1V33mA4n9M+OUVTzhVHMPa0pSI5EmBIvkFi5M3wH1vmIhyuBUzrvEl4W23bC
;Bsi+5uwEj4UY0SjcFHuzOEOaOZDfcZaApPIOylTadojWjvzibkoSnkUIcAvPYGH/RxE9wZxwX8CtM8h
;NVJgzHw9VJLC1U1KX3hAolsZ9srhGGj0Q3LCWgGEzio5U1PKBWAm+4WyIS8kcVmlXUjlxuN9NYMiDa4
;FZ4rfKjlbadodSzz9hYooJBp2TbQvP4Cjjn03g0N9zWALjs4oKF5jxiNZPOCYoRImGm1Eo3BY78LzEV
;KDIB6uGWfrvCgqWGXMI1Y74Y6nORUcd061SmL1/PISWu5DcMoFZeu8W1w3DNoZSyfziKEkJRVLQr5CX
;+jN9n01giIurgVnisomNVNT3A5eI/eHiiUlF3FSjl9c9cvOEFb7fXLLawCf1BY6Vm/cE00K94W0LyYe
;FCPRLy2Bo5EfUu9WQdxkAZ/jLDJWbsQZP1eS68VNSnt2RL1bYvbC/RFo5kx/zGkC675JXDgMqHxdJ/u
;PsiQkHEtEv05f7caRfzaDOx6uBQWZ1S07XmLPI1k0/LSmPS8ecH60QVzjz/R9NYMiBa4FZ4nOIDhQZc
;YbYDP7k7ApFRp6Rr1KYuTN8B9b5iIcrgVx67xJPkVlzBtWO/W0piUvF3hSjkpT4MH9GDeBIh60BWfr3
;js1WlPNBEsw4IW0IRUIfES9Q07exfgPRPciHK4Fdeu8ST5FZcUjVjvhgrEoFR56QLNDWIGhkX0UgyIe
;zWoGmMggMlBTzRJeN/6OiiQkHX1NvXBO6M32EVLcTnfAYFbrvklcFAyofFw685ihJCQcS0S/Tl/txs4
;UWeVLcsJaFILSLjBSU8QVUTCg69dNSm8UIdFMUu7P+BNQ3ER/wFoOhd87OVZ/zXw9VJLw1U1KGHtOvU
;ZT5vzhD17tVm3eYAKP4zowWHvME0g7kunUTWd7FCGyQFLtyv8aaPNQd8BxFJvZLDhof8QTSDH9nLsSK
;w17SLVwUvTX9A9o8Ep7wmln6bxJfTcMqB9QOv6CuyoVDHVIpXBP5MLyFWjuS3DxaQaS2TsDQ2XFGT9X
;kuvxTUp7cES/XFje0OQNR+xQavFkC5/ZOzJWeM0jXjv1h7ASLxV1Q71KPYOjkWA3gyJ6y2sUjuM6KUd
;8xw5LCvSHujo4GmBEjkpT4MH9GDeBIh6dBWfr2CwyRGn3D0ol4oSnORUSeke4Q1He1uIYaO9LcMt2OI
;LSFjRea8AjWzD8mLw5MyRzU7hLPYOikV83gyJ6y2sUjuM6KUd8xw5LCv6KrCg4CEtDvltJ7s7OGFniQ
;HLLBWXrvG5cNwzMEE8K8YO0ICgeZn6hXVTv1/gTUNxWe8N1ApndPSlFafcZUTTwh7BNSHsUCtEvPeXP
;4SJU60NzzGAVtMgsMUdp2h1LIOCOiiQkCHFTpXBa4sz1GGjmTH/MaQLrvklcFwyofFs54rSyLiUfcX6
;3RlHkzfAQUtxEcdxoBp/jLDJWbsQZP1eS68JNSntwTaFwUOTR9hho7FJ7wFoUjtskOVl423w9VJL81U
;1KH3hRjkJY88T0Ilj1R2zCZBe0zCguQ3+ofj5VjuvVTS4XZH6jSlrozP8cW9xHZt5qFJ7OLANSYskeU
;zCS6dRNUnsUIbVDTd7R9BBY9UdBzHAFidAsA1JiyR5TMJLp1U1jexQhtUNN3tDkD1HiQXvxdg6P2RYo
;UnTcCU0wzYi6ISUJS0++XVDgz/gHUuciHK4FS+u8SThbfPcPSif0irYoFQh9RbRwSeTb5QhF5n16x3Y
;GidAsA1hi9xNJMOCDtCMtexYg0TA9gaP1EUfcUWvcYwaI2RYvXmjNI0sw6p+gPy8kcU+wTVHko5N8N6
;AiHq5hC5vjOilFaskfWgrhgrEoFQ9xWaVaT+T8/RRQ61Z73FoSm7xLXTcpqHw/Mf6bij4/CXJAskpi8
;sr1GGj3R2bacBWO4yYpQ3/BGFoK/YW5NEp5FCHPLz2Bx/0NaPdHc95gFYrIPC5SU8sUXjjwjqcSLxV1
;Q71KPYOikWg3gyJ71nECmdIoMGh/wBlTOeG0syQ4CGAh0y49mKORfUTmVmrHawC02TEoRXnMGU0KoLS
;wIysZeETRLT2BhpF9N+ZaatxwA47OFi9AZdwfVwrxhLohIxVzfrNKW+7R9CJE9EtqzW1n6bxJejcMqB
;lHIeCesSg4JGdWuFte6fzyEljvS3DJWg+O3T0pR1PJGEk0/IiwTUh7FAHRLz3k2+UPQudHbPF2EILIK
;jRob8cTUzz8jIokJBp3VbhZWIGhkX0fgyIey30TmcktOUVT2wtWIfGDii4lFHhIv0hi8cLjFmjuTWjL
;WgKF3SswUgyqfT9xkuvVKDIPZlS1Sk/e0OYUQ+BKQd1xCJvjPjVHafcLXjn+tKEiPR5mIdMvPbajkX1
;S+1Zs22ECmeM6K154yxRgJuaEpRI9EmREjlhc7c/OCVj0R2zxZgiE0BY4WHvGI1ot5pmgKS8JFCPQLz
;KBo5EbVu19fMJsF7TZJz1VYM18PVWS+dVNSh11T45MUu7P+BNQ3Edwz2cLjrxLXTcqqHw/M/OFii4lF
;HhIv0hi9sL4CWjlTWzxaAid2SQ5WXj3GlY7+5i9KC57FiHRJD2Bo/ccWdxHcM9nC47YSV42DLt8P1X0
;irsiLB1LRrJAWeT89BNW4U57rgdm65BJXDdqwQ5MIc2HtDQvCUtFuEJY79D4ElncWmfxZgiGzCwyRG3
;cFVA7zY67LCgXcSHTLz2Yo5F9UepQbdpaC4rFLC5of8AZUznhtLAjKxl4RNEtPYGWkX035Uts3XE4h9
;0wOUVT2xNTPPa0vCMsEnhNjkpF9dHkDl7sTEHZbAOf1BYuVnjBE2Aw/Iq3IS97FiHRBz2Bo/cURfBWQ
;cJkHo7OFi9YYMEYYDz8jbwhJiRyTb5YT+DX9CJS7UN8wmBn6bxJeTcMqBpWJ+GfiiErAnFTjlxS7cr1
;Il7tRHfCaTiYzCw5U1PNEl43/o7VT0p7DyHRL1vtzOYPVvdHQdxgFI7IFjtUY8wZYDD8irchL3sWINE
;OPYGj9hxH3ER3wmk4hNIlJWh4xwxgN/2foSInJGdUo0lc4sbifTWDIhGuBWeM3TkDUWXEEGAm+o65IT
;l7FiDRNj2Bo/YcR9xEd8JpOJjVJztbafcZRyHgnqYkJRUUI9AvEIGjkRpW8314x2kLtM8gMlBgzSNaL
;eaZoD4jFHp+skBQ8cb/Dlb3S3HAWgKF3SswUgyqfD90kuvVKikUcESOSlPl/OUIRe1NeMhaCYTGMzNb
;afcUWjTmgrsqSnkVIc0vPYHE8hJT5n14x2kChd0kOWhqxw5SNOa0sCMrGXhE0S09gbuRfTfrR3/abAm
;M4z01Wmn3H1458bSwIysZeETRLT2BuZF9N+pMbct3E7TULD1DedgjWDb9j7ASLxV1Q71KPYOikWg3gy
;J2y2QTnswWO1RjzBlgI/OHvCkrD3Eh0y49mqORfV7tRHfCaTjajHkDQn/NI0w6/oKxEiMVcki9Qz2Do
;5FrN4Mid8BjDofQFj1TbdgIViP3tLAjKxl4RNEtPYGHkX036kx4x2kLtN8mMlRpxghNPPG0piImEnB+
;pFxY3sTwDWjlS3LCBWXrvFFcNwzBElk8/oeKLiUVekSyW2LkzfUNWOpMat0FZeu8RVw3DMESWTz+h4o
;rIwlnVdEtPIG5kX036kx4x2kLtM8hOVtg2yNKJve0siw6JHJIvUM9g6ORWDeDInfAYw6H0BYpRGn3EF
;Y795iKJCQkfEi2R2Llxv8OXvdbQcl3Do+8S103H6h8Pzz8n7A/JhR3SrhBWt7G/xxV70cerAVn5bxJX
;F5+xxJWO/W0sCMrGXhE0S09gbKRfTfqUHHAbAmM4yQzWWPcE1E88evXTUppFCHRRVjzyM4ZUu9Wf/F1
;FYLSPTlFDKp8P16S69UnLwl/frRBXOPP9H01giIJrgVngdk7N2hqwQ5MIc2HtDQvCUtEv05f7caRfze
;DOB6uBQGCxBY0WH7aFV0597SgPi8ke1G0QWLjyuUON4EiHrIFZ+vQKCVSfvcUWjz1g6ESKx91UaVGS+
;T89BNW4U57rgdn66dJXDdgyQVaJ82YvSgmF2d+vl1Z5NHOEkf3S3PHfwLrvklcGAyofFM0646nEjkPd
;VOlcE3uyv8JaPBBf9xjOIHTIDJDU8kQUzrltLwjJB5mfqJHWO3PkX82gxMergULisUsLmh/3B1NIc2b
;uiQkD0tSsk5P5/z7El7tVkHPdwie0i0DUmLcFU0wzZi9KCYXFCPRLxSBo5ERVvpHbPF2E4rOPQNHY8E
;SSwrhiLQ/LCR+TrhBSd7A/hNT6lZ3wWsGh7xLXTcuqHw/OfOSsD8VCGBAo1ti8cz4E0PcUXvPaDiO2C
;45aG/NEksw4OvXTUpZFCHRQ1z4xuMiRPdDbNpaF4TVJyhof80dUgr/hKMoFRJ6VrBdWYGhkX0UgyIew
;mQejs4WL0Nt2ghgJf2CuzkVCHFAvHBT7vz+C1LxSn/AYhTrvkhcHgyofFM0646nEjkPdVOlcE3uyv8J
;aPBHf8NaCYTSFixYYNEbUDvNnbA/Ph5sIdMvPamjkX1b4lt73FoUn907KGh8xxVRIc2YsCwnJGZEvU5
;J6NX0IkfsUXfabAiFvEtcNz+ofD8485+KLiUVchCOSVTtwvwYWfd9bctxE4LSLi9oY94ZTSf7j7ASOR
;d9QrRwTuTX5RRZ5FEerAVn2LxJXFpt3CNcOvyN5xIsEnhAvEpT9fziGEP3S3DJdjiEyiwuRWXMGWAm/
;oK2KBUIcVWlRlPm0JF/N4MCHq4FAYLEFjRYftoVXTn3tLA1Ph56UrhZWN7Q5RRD4Ep3wGJn6bxJQTcM
;qBpWLc2Duj84EnZNtHBI78r+E2jsVHvcaQabzCw4Nw6ofClVkuu4Ii4eeH6hXVjiyuIYaPl9dstsAIP
;ISV43DLR8P1X/hLEkLBJxU45cVeTP/Q5o7kdsyWA4m907OVl4qH4/VZzr1U0kFGB+ok5L5PziCVb3Rx
;6sBGf2vElcUWXQI1c64Jm8LyYeS1S/RlLv/PARW9xWZ95gOIq8S103Hqh8Pyb5gqc5FR17U7JKYuTN8
;B9b5iIcrgVr67xJL1hgwRhgN/2foSInexYg0SY9gaPiElvqRkHaahfrvkhcPQyofEg84o6KOSUMcVPR
;LT2BvZF9N+xMctdaCIXZFi9facQQYDr8tKEiOiRnVKNJXOLG4n01gyIIrgVnhMosLl9txhtgJvqOuSE
;5JHFPsE1R5KOTfTejIh6uahGOziE9WWv3D1cw/oemEiwaen6iX1jkx84YWeJAcssFZeu8UVw3DMcKWi
;fggrEoFR19TbBCWO/XzhhZ4kByywVl67xQXDcMxwpaJ+CCsSgVHX1NsEJY79fOGFniQHLLN2fpvUlEN
;wyoDE0w4ZigPy8kdUWnTlPixs4YWeJAcss0Z+m9SUQ3DKgMTTDhmKA/LyR1RadOU+LGzhhZ4kByyzdn
;6bxJTzcMqAxNPPyfiiI6Hnp+okpa7Mb/CUSDIB6uH2frvDkuXmLcI0804J+mEjkeZVS0QV7k/P4PU+Z
;QHqwFZ8W8SVxHfsESSzDgtLYiJB1LRKlbT/TH9A8G3EFr3XEIhuM5Ll5i3B1dOfe0pygtEntP0S09gY
;2RfTfzUHfAcQKZ4yozWWr3GUch4J6xKDhJS0KkXEnuzs4NRepMas9nC47jOzlQZccSP1eS68xNSntkU
;7hBSeTRzh5Y7URBw2QEg9UnOWhuzRBLVZDr1WBKexRRo0ZT9cbjIlTsTHjxaAaI1CAyUlPLCUwh/YaK
;PTgSelW4QVre0+MUWPFLatcFZeu8Zlw3DNgOVjvmjqcSKRR6R45CXOLL+BNS3EFr3XEIhtUzOWh4xxN
;TPfeKsRIvFXVDvUoMgaGRfRiDIh7edw6FyCwuaG/HElkK/4q2JSMVcX6yWk71zPwUTeZ9asFqC4PZKD
;hoacYdXTn32dVPSnsxIdEvTfPK/wlS8X19wWsBtNEoP19lxhlgMfOftBIpFHpVtEFJ3sL1GTeBIx6MB
;WfrzDs1WXjNDmA2/YWzEicad0m4QVjex/AJVtxEd8JgOIrYLVw1DahNP1WSm6ckJA9xU45MUu/FzhBW
;4Ep3wGA4jsQ9LkJozQ5gJuWCoS4iJGNAuFti6cbwCV7tRR6sBWfLvElcR37BEksw4LS2IiQdS0ywTFX
;ozfQiUeJMQc1qCZ/OJjA3Dql8F1WS66U/IxVgRKNwXu7N9yJa4kF2x2sCtNogLlp7yQ5aCuCOoT8rGG
;BIvkE9g6ORUDeDIm7cbAmf2TsDVGPGGmA484i9JCQeS0e4XVD2wuMYaPdLc8taApjIIDFWeMETUVWQ6
;9VnSnsUUaNGU/XG4yJU7Ex48WgGiNQgMlJTzx9QMfe0sBInDnhVuF9R+Pz3EVj0IhyuBU/rvEksRWXG
;CFonzYi6IywkeUCyR1Tvxs4aVOxGe/FxD57RKzJWZcQjXjH269dNSmYUIdFfT+jN5RhF3EFxwGM4ht0
;qNF5izSNXMPOfii8vHxQj0C8dgaORDUXqTGrLdziI0yc6aGHJH1c8/I6KJC4ebH6iVk71xvx9NYMiN6
;4FZ5vOIDJDadojXDr8jYogKxh8SL9KYu7O+Alo8UN33WAThMkqNGhvxxhaVZDr1W9KexRRo0ZT9cbjI
;lTsTHjxaAaI1CAyUlPHDlYy+4WKLi8VYESjLz+Bo7V9N4NSbMdrE47OFj9YYs4jUjTxg7wjLyRkU75C
;TfX85A5S3FB/yHFn6bxJazcMqAxNPPyfsD8VGHtPt3BQ4MD5FFnmfW7cagqbyBYpRGn3Dl4z5rSxODo
;XfUKwW1Tuzc4QXvFQcdwFZeu8blw3DNgOVjvmjqcSKRR6R45CXOLL+BNS3FB7wmQTgsosA1J03A5KJv
;uEu01IexQR0S898dH4E0PmUEHNagmN4yQ9VGTBEloK4I6mKD4kcX69SlPm1/kiW+Jbe9xaBIPdJztSD
;Kp8P3qS69U9OBJ6VbRdYuLM/xto7kN9xmwJjuM/PVtlzB1LMM2bpyQkD31PtnBN88r+D173Wx6sBGfk
;vElcRW3OCGA+946lEiIUeESiLz+Bo4V9N4NQf8hxOITKLC5FZcwZYDD8irchL3sWIdE5PYGj4xxR931
;t23cBit8sA1pjxhNLOvyCtk1IexQ80S8958rpIl/sUGzHZwuO4zwyXmPGI145/rShNDoeS0PRLT2Bi5
;F9N/FHatxkBJ/VJjJobd4TVjHNnrsjLxhxUqJOT/j8+BNo8Fdu3moVn41JXjcMgHw/VeCOoT8rGGBIv
;kFi4NX+FFPcV3DAYASOzzo9RXX3FVEK4Z6lPSUJYBPRLT2BuJF9N/FHatxkBJ/VJjJoaMEPXjf+joos
;PiRnVbBdSYGhkX0igyIe3GATmd0qKF5jxiNROua0vCM5EnBE0S09gbSRfTfxR2rcZASf1SYyaGjdDlY
;79bSiJDoeJSHTLz2Wo5F9ReZWbM9mE4LTJwNTedoVUTLNnLw9L0kUI9EvLIGjkQ9S91B/zXEOhNIWOV
;ltyhBaVZDq1V5KexRTtFtP4MDlFFjtfXvAZAWH2RZuNw6pfBtVkuunKD4JdUKlRlLv/PQTVuFOe/FnA
;o3TOzloY90IWifNmL0oJhcUI9AvK4GjkQ9S91B/zXEOhNIWMFZ1zQ5cPfOFsihKeRUhyC89gdH0CUXi
;QWrHagm02Sc9VWDNI1Ag5pi8KS97FiHRND2Bo+MYQ/FDfdpsCIXjMzRYfPcTUTnrtKYiJhJwENEtPYG
;4kX038Udq3GQEn9UmMmh2wBNPCv2FuTQVCHtNuEsPgaGRfSyDIh7dbg6ZyBY5T3jNDlE0/rSmJS8XeF
;KOSVTz0OV9NYMiCq4FZ5jQOgNWYsYZXjn7hbISLxV1Q71KPYOikVw3gyJtwnY4iNMnKFh52iNeOeaOp
;yMrD31XtHBZ6NH0HkPqTXCuB2frnElcN3/ED2A2/YS5JCQcS0O0S2L1xvwNUvFDatt3ArTLKDVDDKp8
;P2eS69U+JghLQr5AUejN9iJU+k53wGECmeMlM0Bp2iNXMPOfsD8VD3FMoUpP4NfkD1LcVX/HcWfpvEl
;uNwyoD1MmzYi6IiYSekaOTETtyv8ZUvF9a951ApnjITlWeM0OYCH3hqUoOBpgVKNKYvbC+Ak3gSIegw
;Vn688lL2hvxxNTPPyMiiEvHWB+t0pY5fz5GFb3R2zxcQKGzCwuVnjdDloK5Yq8OUp5FCH7Lz2B0P0Oa
;OBNccJsCYzjOTVEeMcSYD33iqEoOCRgRLxfWPPC5QhF5n1pz2wT675JXBkMqHxMOeG0tiIlF31PtnBP
;6MT5CWjlR3vKWg+O3T05RVPcGVIl95m0OT8JcX6mTlT1o5N9N5AiHq52C5jjLj1HU84VUznNjrssKBd
;xIdMvPaGjkX1E71FByWYIj9kWOl5gzRJeOPe0syI4FnVVjkpT4MH9GDeBIh60BWfrzyUvaGXGGlY5/r
;SyLDokcki9Q2LkzfAfW+YiHK4FU+u8SS9bf/cVUTP7h7kSJw54VbhfUeT84h5W7Ux3wGI4iNM8MkNTy
;RBLMOCFtDkjDXF+sEFa7caRfzaDNR6uBRSHzxYxUn7PGWA64o67Ejkec0y0QUnyo5N8N5QiHq52C5jj
;JDlFa80jUCP3mbksOiRkQKNbToGhkH0TgyIe3WkUtNIgKEVjzxlRCuKZujkvGGBIvkFi8cziCWjgTXH
;CbAmMvEtcNxKofD8m/piKIjweZlK4QUnk0fgTUNxBccN1AoXPKCheY8Z8PVWSyNVNSgh4Uo5fT+TL9B
;xD6kx58WcCj+M9OVp8zQ5eIeeZsBI9Gn1V0S08gZaRfTfwTm3xdRWO1Cw9Q2XGG2A264e8Iy4eZn69Q
;Erk0c4VUuJWe9xaE47ROTlFbdwJTTDNnLQkPnsWIdEaPYGj4hFE3FJsy20CisggMlBTywVTPPyPsD8V
;DmRRtF1i6cbwCVLxfWrLaBeOzigoQn7NI0g0+5/VT0p7JCHRL07t0M4NReZKe89xDoXbFjBSatwjWTD
;3j4olLxpgRKNwSeTO4RhF4lZr3GA4nN0gKDcOqHwSVZLrpiE5JGRTtEdY4Nf4E1DcUnfdcQiF4yE5Vn
;jNDmAh94alKDgaYFSjSmL2wvgJN4EiHp8FZ+vPJS9ofNoZVzDzn7wjLSRmSLZHSd7F9BhT3Ep7z3ECm
;eM9OVp8zQ5eIeeZsBI9Gn1V0S09gbiRfTfwTm3xdRWC0j0DQ23bF2A584mwIRUeekCzQ1iBoZB9FoMi
;Ht1pFLTMOzVZeMESWArwjrESPh55UbRdXPXW4xho9EN32gVl6rx6XDcM2xBMCuKZvCM+EnpGjkxE7cr
;/GVLxfXLBcgKZ4yE5VnjNDmAh94alKDgaYFSjSmL2wvgJN4EiHp0FZ+vPJS9ofNoVUSH7hbISKQJ4SL
;9LWPP85A1H5lBBxmAGn9k7A0NpxQxaJ/OfoD8vJGNAuFs9g6ORUzeDIm3CdjibziAyQ2XGG2A5942hE
;iwecUWOR1jg1/QPaPdHc95gFYrIPC5SU98dViGS6dVNYXsUIaJDTt7T4xRZ90twyVoXgs89M1lTwBle
;IfeZijkvFmREo05J9NH0IkDiS2quB2frk0lcN3/ED2Al4IK7OSMVc36jRlrp184bUuZGQcZgBp/ZOwN
;DacUMWifzn6A/LyRjQLhbPYOjkWU3gyJtwnY4mdMgA0VpzxVQO82YtiwkJHhAols9g6ORbDeDIm3Cdj
;iY1CA5W2j3GVE08IewTUh6FAjRLz3yz+IiRPZQeM9mArTPIDhSU9wZRyHnmbASKRR4TqNwU+7R/Bxb6
;lh7ygVl67xWXDcM2xBMCuGepysrGHF+okZZ5PzlGE/3V2zLWgKF3SswUgyqfT92kuvVPiYIS1KkXVvg
;wPQiROpGe/FxApPIPC5SU8QVWD3mjqcSPwsUI9AvGIGjkQ5b8H1t23cBit8sA0RlzBlgIfeToTg4Hkt
;OpFtO6Mf0IljtTmeuB2frnUlcN3/ED2Ah+o6nICsXS0S/TFHu0OQPUtxAf91gOI7SKD5baah+P1Wz69
;VNORdnfqVHVO/85hxb7316wXAFh9kWMF5izQ9gMPyKtyEvexYh0R89gaPiEFbvTkHPdwKK4zozW2XMI
;1Y79IK5IRUdeE6mcF7uzuEYWfBDasdqCbTZJz1VYM18PVWS/tVNSgh5QL1DYufG8AlC8Udt8WAJit4l
;OTcOqHwdVZLrpiArF3h+t0pc9dbjGETcS3DIbAuH4zs9Q2XHI1o784m5KEp5FCH3Lz2B0P4RXud9eMd
;pC7TVJzJSfvceTTz2jLwjLSR1Q75ZWN7Q4RxF8EcerAVn9rxJXERjxBVbCvuFsyQmF0tDvltJ7s7OEF
;jtTWrBaw6IvEtcNyWofD8m/Ye8KRUSeke4Q1HezfAPRexVQdxgAILTJwNCf80jXDr8iLAjPgl9QtEtP
;YG5kX038E1yx2E4gtIvNVtg9whQJc2GuiMlD3tPuEw9g6ORZDeDIm3BaQ6P4yAyUWXEEGAg4Y6KKisL
;S0e4Q1GBoZB9PoMiHt11DpndJTVNaah+P1WM69VNOQt9U7BDYuzM9Rho80NqxloOhcgsLkdjxB1LPP2
;F1U9LewMh0S9O9NPhEkX3fX/KZBef1T85aGnGHV059+vXTUp1FCHRXEjx0/4PQ9xHcM9nC468S103Ga
;h8Pybnm6UiOA9LRL9JUvPA9A9o7Exy1wVl67xkXDcM2wlPJf2ZoRIjFXJIvUNi9ND0IlvqTHvdWg6F4
;yE1UGT3GFo74YKhNBUcZki1Lz+Ao4h9N4NRa951CJnIFjFYaMEaVjDgtLIoJB5mQKVKPYOjkVo3gyJt
;23UXhM49A0Vpyw5aNOaOiiwsD3FTjkJS5cr3FFLxfXzBaguO3SdcNQyoYj9VkpigPToUZlWOXFDgz/0
;iUe9Nf9pgA7TaLD1DedoZTFWQ69VVSnsUUqRfTe7R5SJb5kN111oEhNInOVR4wRNRVZDr1V5KexRSpF
;1b4MD0IlrsRnvxYAmK3iU5Nw6ofBpVkuumODgddUK0cE7ox/QiQ+Zaatt3ArTfJjBYfvcSUCf/irkkM
;B5wIdMvPZqjkX1E9lB4z2YCtM8gOFJT3BlHIeeZsBIvFXVDvUo9g6KRYjeDIm3bdwGK3ywDRGXMGWAh
;95OhODgeS024SFX1xuMiQvMiHK8FRuu8SS9Cfs4dXDDNmLwpLyRgRKlbSPPGzhJC91F3ymA4hNIlJTc
;OqHwkVZLrpjg4HXVCtHBO7s/4GWj3TW7xaAiF0z0zWWXLfD1VksrVTUoPcUyhSk/g1+QPUtxAcdpxCI
;bjOilFaskfWgr3hbQvJh4UI9EvKoGjkQlS7lJ73GQTns4sA1tl2whgMPyKtyEvexYh0SM9gaPiDULxU
;UHLawaJ0CxcNQyoYj9Vkp26IT8WcVWjRl7e0OEYUud9bcNqCJ/UFjlZbcoQWlWQ69VcSnsURL9OX+3G
;zgpe80dB2moQjs5JXjcMiHw/VeWCpSgVD3tWtF1i58rpGFPcUnHdbBOC0ycDUmLJHlMwkunVTW97FCG
;mRk3k/OUSQOZQQcJqCJvPFjlWb8AjWi3mmaApLwlLRL9OX+3GkX83gykergUIhMYsA0RkwRlTMZLp1E
;1pexQhpkZN5PzmHFvvfXjBdwSO2BY+TlPbFVEy/o6KKDIPZlS1Sk+BoZF9OIMiHoppBpjIbT5FZcUjS
;yzijtVOT3sUIZ5aSeTRkV83gyI6wmQUn5g6KUd8xw5LCvaOuz4vJHBUsENi5NvlD0LwS3HABWTnvElc
;dmDEXFot5pmgKS8JFA3RLz2lz/AOQ6dGe8B2ArTPPCxHY9oIYDz8jbwhJiR7VKVDVO/G4iJS+1Zs22E
;CmbxKUDcMqD1TObKOrTk4DnBEoy8lgaORWVviUWqKdhKbzCYuQ1PMGVEm97ShNDoeFCLULz2B7/gTUv
;AiKq4FZ8/QKC9DKMwQTwrwiqYoFRd1WLRdYuDF5RhF3Edm3moUns4sA0Rp2B1NNOaCuiMVHHdOtUo9g
;qORfTeDGh6uBUOH3TooE2jEDGA385iwEiYabUSjcFzn1/QPaOZabsF2EpnZFi9SfMkOXiH7hLsSLRh7
;RbRwTfPGkX43gyIerjBn67xtMFZ/3FhbOeK0tyw5HktNsFZY8/zzGFHsUHvxYB+b0zopRWn3D1ol85m
;0OSMUen62TFLlxpF+N4MiHq48Z+u8bTBWf9xYWznitLcsOR5LTbBWWPP88xhR7FB78WAfm9M6KUVp9w
;9aJfOZtDkjFHp+tkxS5cbODUXmIh2uBWfrvHhcNwyMEF4m5s+xITokdkCiSmLtwugYRdxXbt5gFbTMJ
;jVZePcPWiXzmbQ5IxR6frZMUuXGkX43gyIerjBn67xtMFZ/3FhbOeK0tyw5HktNsFZY8/zkDUfmUEHe
;ag6FyBYvUnzJDl4h+4S7Ei0Ye0W0cE3zxpF+N4MiHq4WZ+u8bTBWf9xYWznitLIuJR9xfrRBWYGgkX0
;3gyI+rgVnz9AoL0MozBBPCvWIuikvJHFZpUpP78L9IlTsT3PPawPrv0lcNwyoYz9Vks+5LDkPMEW9X2
;LmwP4ZUtxEd8JgCYrRLANRY9oRXiGS6LNNSntvRrJAWeT89xRb5kx/w2A4nNU9NFh53CNaLeaWijYnG
;ndJuEFY3tfoDVLcQ3zMdwKd1SgoXmPGAWAu/4qhKDgSdU2OQVzsxs4cVeFQe9hsBp/VJjJKU9MQXiz3
;mYolLxJzSaVSUOyjjX03gwZyz3YTz9glLGhryxNbMM2HtDQvCUtCuU5T5saRfjeDIh6uHmfrvG0wVn/
;cWFs54rSyLiUfcX6hQE710+MSVOZRba4GZ+u8SVwiDKh8GznzmKFpLhdkfrZMUuXGzg5D4lBqrgZn67
;xJXCgMqHwbOfOYoWkuF2R+uUpc9fzyCEXqTHnxcQ6G2RYwXn/cfDxVkuvVTWl7FCH1Q1zy17UZW/N9d
;8BrApnjKjNZeMcJTQr9jbM+Lw9LTbhcSYGgkX03gyIorgVnz9AoL0MozBBPCv+CsSkmHktNsFZY8/zw
;G0PmUEHLfReEzzwuUlPbGU804IqhJCUVS0ayQFnko5J9N4MiHpQFZ+uYJT1EeIwYUyXNhrwpLhdxfr1
;OROTRzhxR90ds8WAfm9M6KUVp9w9aJfOZtDkjFHp+tkxS5cbODUXmIh2uBWfrvH5cNwyMEF4m5s+xIT
;okeUi1S1Hk/P0cTuZQQcxgAYTOLANSdNgTTCDgjoo+Lwt1U7BbVO7NzhpU7EZ7rgZn67xJXAwMqHwbO
;fOYoWkuF2R+vEZZ5c/0IlviW3vcWgWO2iYuUlPNBE864Z6nKBUIcVGwXVz1yv4TaORBccpgOJvOLFw0
;DKh8P1Wh69VNbhd1UqULWe3TzhBe50Zyy1oLisUsLmh52AxaJ82buiQkD0tStF9c88LlFFjtfXnNagO
;OvEpcNwyofAhVkuvxISsIYAW1Q03ezvgZU+9HQcJkHo7OFilHfM0OYCX9grs5FQhxUbBdXPXK/hNo5E
;FxymA4m84sXDQMqHw/VaTr1U1uF3VSpQtZ7dPOE1jxT3/CWguKxSwuaG3OCFonzY6tPSUIYVO0cE7k0
;/APVvdLccBaAIjTLTk3D6h8P1WS0dVNSl94QKJbGeXP4SJZ7FBzz2k4h90wOUVTyRpLMOC0sDU6FGdU
;o0pi8sbhHEXiVnfBaziM3yY4UlPYDlpVkevVTUp7IyHRLxntwuIJE+dObvFrCJnRKDBoYMkFWifNibA
;rJQlxfrRXTe7Q5A9S3FF73mQVisggM1lTzx9QMffr1k1KexQh6i89gYf9HET3BnrCdTiF0zsxVmD3EF
;4s95mKLy8de1O0cFj50/4OQvFHQd1gF4rOKCheY8YjWDb9j7ASOglxIdIvPYGjkU43gyI6wmQUn5gtM
;EdTxhNNOPOHiiErAnFTjlpN8cbjIkfsS3DaWhSOzCguVnjBE1EK9Yi6KS97FyHRLz2BlJF9N6dOf91x
;Q4/QOQNZY9oRXjnNh7Q0LwlLVKFfWPP84RJe7VZB3WAXis4oKF5jxiNYNv2PsBI6CXEh0i89gaORYDe
;DIjrCZBSfmC0wR1PdCmA255m8Iy0kYEi8SmLtyuIJN4AiHq4FZ8m8SVwTYMkPS3H2h6USPRpnSbhBWt
;7H4wRe7UVB2mwKjuMlNUR4qH8/VZLr1VZKexQFvU5O9Yf1EUfcVX/dbQ6F2xYoXmHNI1M84Z/VTkp7F
;CHRCj2Bo7URVvBWOst9E47OJz1bU8sTUDn7hbISLBp6fqJfWOTHzhFe8FYerQVn67xJSDcMqFhTNOGf
;8SsrFUtSoUpY5fz9FET3Ih28BWfrjXJsDD6TTg9up9DmeHFDLxThLxuBo5FZW+JRaopjDpnPPQNbbdE
;ZTQrhhLkkLiR9T7dGUe384RxD90dswAVk7rxJXHtlxhlMVZ3r1U1uF3VSpQtY78e/GlTsRnuuBn/qvE
;kRBjycXGxlstCwNT4JYUW0XR3pxvAJUvECcchjbaaNfWwXX5hcBD33iqEoLlt2RLUPVeTC5RhFo014y
;CVPgtppJVh5iBReI/fLvDljcVMY4A8G88b9HEPqVHuOdQiY1T01WGLBE1Ff1dr1CGdKNGfiHw2hg6oP
;UvdQf81xR5/ULHxRZcQdUjD8n/Usahl9VfFNWOfM4xgX70t42mwJjJw9NFIsxhNFL/6O+W0+FDRTtEN
;Y4ND0XUTsT3uOagHLyCE5F3zaGUwm55mwRw1KNHv6Hg2h5rxIF8UbLp41R9DRJipSLPJcSiWyirspag
;lxVaNOXvWD9xRb4k97wHFHjsosMhdhxw5aX9/T4W1xCGBEoV9Y89CxElHlIg6uBWfP0CgvQyjNEltnv
;Iy2Ii4eFCJULz2B7qNPBqN2Lo5WVtuMQxEFPplca2SyuOR9enFZEOEbHdWTsS4HiW8vnjFHv41pDwcG
;5U0LZbK45UcHSiQW22gEsKnWTBfGDy+OQ1TbjEMbBizyVw97p8uQYH9bTAzjHx3YjqNNF8VZatxkEY7
;QFi9Hac0YQl/V2e1tEks0eOElcLmXmzoOsyICrgVnz9AoL0Mozx9QMfe0sDU+HmZPsENi4sz8EFbtRh
;6tBWfrvElHNwyoWFM04Z/xKDIPZlS1Sk/e0OYUQ+BKMMlmCI/ZSV83DKh8P06S69VpJhpnVfVIXu7H9
;CJR6k57wGQKjuMvM0VhyQg/VvXr1U0xHHdOtUpi58r9GFniT3vxcg6f1CYpQ1PNBEsozZC4LCkTfU+0
;cEn40/QiVuFAbMtzDorIIDNZcfcHWTz+irgoJA9LT7BCWN7C8x9F5lR3z3EOhNJ4IWh3xB1GMOC0vSg
;jHHxVrEJQgbuRfTenTn/dcUOH3TA5RVPLFF479Y77KikUcETRLD2Bo5F9IIMiHoppBpjIbTtUY8wZYC
;X9mKE9OBR3RKJcPYKjkX03gzQergVDh906KBNryxNbMM2ZsD0vD31VuEBTgaC7fTeDGWzLdQKf1T01W
;GKIG1w69o7fCnNJNGThJQbzxuEYQ+pWd8FrR4zfJjhSDL58P1W2h7Q+Pl9mRKVdXOLX+BJZrUV9wWEC
;679JXDcMqG0/VZLPuSw5DzBSpU5P9Y32HljnRx6t82brvA5uBiyTEVoh4IK2bTwaeFS0XDfGmqFdDOJ
;AbcFpEp/ZaSxYf8EIVjr8grsqQDYsE/EUTuTXsRhP91BrymAVy8gmfFZu2xNTIOaO9SAlH3ErnB4Nto
;OqDkPiUGqOcg6f1GkoX2mIGl47soSzK0A8Jhnxdw2h+qFdDO5NaMslP8TlaShYLMUVUXX3hbE+PhRkU
;ttoD7mDy00XuE9x2GBHsZw9MxdhwRIfMPyPpjklC2crlh4d25KkUwejZCeeNVfLhyQzQWmICFcwspu5
;LD4de1O8D1nu1P9dBrZPc6QPINKOaRkHLJMGWif9y6ElL1txWaVdSOXG9V1b5kx52m1t4ft5fG84m1x
;mZ6XLk396SyQB8RRa7oPlEhf3SnuOYAOM2WkzUSzcFFp18I6xbUA8LRPxdw2h+qFdcrMCJd1gE8vGLC
;5YLNwTHzD2jLBtJR00VblKHePG9XdwswJYlzVX25wTbRc38lxKJbKcvDkiWyVMvCV6sIPXTwezAkSeJ
;VyxnCEzWmmID1M65YesR0A8JQGLHgivk7E7DrMSLo4+CoTKLHxDZM1cTznzn7MiOBY0Rb5YU6GSpBBa
;iShZnyUh0ox5bBc32wxaMPbLpig+D31PtiV6uJGxOBqwAiXcYBOZ3SooXmPGdnJko9z1HTgSelW4QVq
;vjb99JYMiHoppBpjIbS9DbdoIDXv1iLopL3sXkdEvPcaRoHdwuhIU4z1V4fF4bAAG704Hdcrb9RR6cV
;MT6Q9nsanWTBfZEyuANUetj3lsPViZdnhsoMuQfUA8JQGXHQ2xg9RMB4llJ5wlItu2Dm0XSppMD3XXx
;q4/Lw9mQLJbVO7NzhlC4k5Bz2gIntI9IT1YmHZ4bKDLkH1APCUBlx0NsYPUTAeJZSecJSLbtg5tF0rT
;CE005I65EjkLcUS1UjfMkqBKF9NQd8BxDoXbZ3IZDL98P1W2h7Q+Pl99T7dGUe388BNQ70dBwmwUn7x
;KXDcMqHwkVZLr8SErCGAFuEFb6M/9IlP2Q3LxYB+fzjwvXmPGfDxZkuvVDCYXNESpW0/0x/QPN5ciHq
;4hC4rPPXheYs4VUznNm7Q5Ph5mT9EsO4GjkTpO8U13ygVy67xJeFtt2wgbPOCEuyQkHEtRsFtJ5NH/f
;TSIIh6uVwKIyCAwXmLNHU1VsevVTW4XdVKlC1Hg2vQPaPBWf9xxOJvTIDJDU9sfXif0tL8iIxVgIdIs
;PYGj0BFbgwEergVDh906KBNgyQVaJ82YoSw4D0tRvkZT9fziGFbufX3BdwmOzklfOQyofG0w9IewNQU
;JV06/WVj5o4Z9N4MGcs92E8/MJT1DascOUgrzj70oORJ7T9EsOYGjkS9W5VYejgVn65glPUR4jBNJMO
;CDtCMtJGdJtENR8vziDVLmRkHCbBSfvEpcNwyofChVkuvxISsIYAWhTkjyxs4VUupFdtpaC4LPPVw0D
;Kh8P1WF69VNbhd1UqULTe3C5RtY8U9Bz2EDgsggM1kMq3g/VZKluiMvewgh0S8Z7cLiCRPzUHvddhKZ
;2RY9U3rJElwwzZ+sPS9KFCLULz2B5fgFUuciAq4FZ8/QKC9DKNgOWibhnqcoFRpwV7BBXuT85QRH5hA
;erQBn67wPNU9pzHwmVZLr8SErCGAFo05b9fz1CFbvfXvWcRWezyAzWQyrcD9Vkqq5IWoebFWjWlnk0Z
;FkN4MiOsJkFJ+YOz1RePcVUTP7h7kSOhpgVbRdU4GglH03g253wGAU66dJXDcoxB1MIbaZsDk4GndVu
;EBT3tn5EkfcVmfeYFbrv09cNwzmE00484fVVkp7FAW9Tk71h+MYQ/FDfdpsCIXjMzRYfPcIRiX32dVO
;THsUIZ9AT+zC/X0tgyIeimkGmMhtL19pxBBgMfuZsC4+EntPjkNU8teRfjeDIh6uH2frvG0wVn/cWEw
;++5mhEi4OdU2OSkX10eQOXuxMHq0JZ+u8CDBbLM0ESyfnj7A/SlUUIdELUeDQ5VlE71FBz2EDgsggM1
;ltxCNcOv2HvCMtJHxEuEhV9fzlFFrmfXncZBeDvEp6NwyoTBFlqdrtfXpLOhHqHA2vk6pMD7MSLoA1X
;NiMeXIHN55MD2WixeVNV3sUIfVDXPLXtQ5b8H1/wGsCitAgMlBTyhlbCvWZtD0iexch0S89gYuRfTen
;Tn/dcUOY0DoDVmLGGV45+4WyEikCeEi/S1jz/P0SQOZQQcl3BpvUSV83DKh8P32S69VpJhpnVfVcUfL
;88BNZ5kNyx2sAtN8wMF5izBlNCuebpSg4JHNTsF9VgaCRfTeDIj6uBWfP0CgvQyjbEEwK84W7KCsXfU
;+2cE3o0OUSWdxFbM91D+u/SVw3DKhlP1WSz7ksOQ8wUr1cYuDX/BJE80p73GA4htMtOTcPq3w/VfOCp
;01gexQh9UNc8te1DlvwfXzBcROE0RYvQn7OHVwwzYK7KyMXeH6wQVrtxs4RXvBWHq0BZ+u8eWcOPKhh
;P1WSz7ksOQ8wUr1cYuLM/wlY9lBB3GAXjt09A1pjzBk/VpTr1U0LOVdgk2w9uaORfRPvQ23aIRSHzxY
;/WGPEFVEyzYqzOS8JS1O0TFLg1/gTUNxWe8N1ApndPSlFafcIVjj3tLI/Kwt8IdI5PYGjoEQHrRIlni
;tX0I15bBk8k04LZaLF5U1sexQh9UNc8te1DlvwfX3BaguC0i4DVWnMI0sw/5uwPysPYVO0cFHo0OV9N
;IQiHq41SduHeGsHDJB8P1W2h7Q+Pl9nTaJwXu7M/RRZ5H1912kOhdgsLmhgxwtaJ82DsCw+HmZ+pUpQ
;8cbjHEP2UHvxaQ6YyElfMAyofA97otDkfHp7LCHRLxntwuIJE/BObfFmCITQIDJQU8sFUzz8j7A/FQ5
;kUbRdYunG8AlS8X1qy2gXjs4oKEJ+zSNTPOGf1U5NexQh4QENupKnTTewIh6uIQuKzz14RGDbI1w6/Y
;e8Iy0keES3W2LnxvQZaOtHf9pgFbTILDFHadodSyDgjoohIwhgIdIoPYGjoVMHuBMqngVC67xJeFtt2
;wgbJv6Yii4lFHhIv0hi7Mr/IlviW3vcWhOC0SwDW2XbCD9WkuvVTUpLFCHRC1Hg0OVZRO9RQc1qCIfV
;JztofMEPSzr8tL0oKw9xU45bWOzT9A9W91dsy1oLgs89XDQLqHw/Zbzb7nx8SxQL0S89pc/wDkOnUXL
;dWgSE0yU1WWv3DFAm5rSmLisVeki/SGLlxv0cTtxOd91xZ+i7SVw3PIZMBGa829VkSnsUBb1OTvWH4h
;FE3EFxwWkOhdsWLEVp9w9cNPyFvCMtJHBEvU5E3s/4DkODIRmuBWfbknlnBCKYfAtVkuvxISsIYAWiQ
;07ewP4SW+pMefF3DozUPQNRac0YYD33iqEoOCRgRLxfWPPC5QhF5n1yx3YT679OXDcMmFIPbqPf5U1i
;exQh9UNc8te1DlvwfX3BaguC0i4DQ2XFGWAh94alKDgaYFSjSmLm0fANX4MhCK4FZ9uSeWcGO5hSD26
;g3+V9ZEsvEOEfE7Gjj303gwZyz3YTz88lL2hryQxgM/uHuRI4HmREsFti7Mz1GDeAJB6uBSaq/gsfdA
;y3fD9Vtoe0Pj5fZ02icFrizPUYaOVLcstrBobZFjpYfsUdS1WRjdVNSgBzQr5LWN7F+BFS7UNzy1oQg
;sghM0J49xlHIe+0riArGHxIv0pi9drhGGjiQHzcYBGC3T01WGLVI0Q485+wPyMaeH6/TlDk/PAfVfFH
;aMdkE4LTJyFod8QdRjDgtL0oIxx8VaxCUIGakX03p05/3XFDmNA6A19pyQhWO/W0tygsFGZEjl1Y4sz
;wCV7tRUHaYAqb2Ts9Q3naGWAh+4awEi0JdVG5Lz6Uo5F9BLMMLpU1SduHeGsHIphHDmei2/t9SmAUId
;ELUeDQ5VlE71FBx2sBgtAlA1ZizxBaCv6CpjlKeBAh0S8NupqhfRKDIh6KaQaYyG0vW3/3FVEz+4e5E
;i0aZH63RlHt/OMYR+ZDavFoCI/ZSV8xDKh8fhTQqZYOSmcUIdELUeDQ5VlE71FBx2sBgtAlA0Vp2Ble
;Ic2Guikvexcn0S89wOLTP3TAIgCuBWfP0CgvQyjbEEwK+4WzJCYXS1KyTlPvyv8aaO5NessFZO68SVx
;aY8wZU1Wx69VNbhd1UqULTu3QzhRZ7Uds8WYIhcgmKUVTxxpZJvefiiEjCGAh0i89gaORUTeDIjrCZB
;SfmDowRFPYE0gx95mKKy8ecEi/SGLzzOUcQ+pNcPF3Bp/VJgNaY8wZP1aX69VNLBJsRLUvFIGjkVlb4
;lFqinYLmOM5LlJkzR1LPPyMii8vH0tVtEJN5NHwCULxR0HCbBSfvEp8NwyoTBFlqdrnfWRLLxThAQ26
;kqZNGbMZL541SduHeGsHIph8BFWS6/EhKwhgBaJDTt7T4xhf5kNqx2sAtN8wMF5izBlNCv6Eoig4JHx
;EsFtY8/zlGFrzR2zPcRKZ2RYwXn/cfDxSkuvVfWRLLxDgHz26o5F9E+9DbdohFIfPFixFacAZXiH7hb
;ISKQJ4SL9LWPP85A1H5lBBxmAGn9k7A0NpxQxaJ/OfoD8vJHhIols9gqSRfTezDC6VNFHbvH9cNwyME
;F4m5s+mITkkZFO0R1jg1/gTUNxOe8hxOI3ZLDhoZM0dSzDgtKEoJwtxU7BbSPPGzhFe8FYerQJn67x5
;cgc3mUgPVbrr1U1uF3VSpQtO7dDODUXmSnvPcQ6F2xYxXmL3EF4s95mKOSMWcX69Rk71o5J9N4MiHp0
;FZ+uYJT1EeIwPUybNm6coIh51VbhBWt7T+A5D7ExBxmAGn9k7A0NpxQxaJ/OfoD8vJHhIols9gqSRfT
;ezDC6VNFHbvGRcNwyMEF4m5s+mITkkZFO0R1jg1/gTUNxScd1xOJjfKDJZZcYbYDH3h7Q0FRd9UqUvP
;oajkX0HrRIlnStX65BJXDcoxB1MIbaYuT4VC2ZEuUpc9cr/GmjzUHvxdgSK0ic1WWv3GFo585KKISMI
;YCHSKD2Bo6FTB7gRMJ4FUOu8SXhbbdsIGyb+mIo9OB58RLBbVO/Ezg9e5Epq8WMCjtgWNFJt3BlNCua
;OuD0vCXVVpF1Y3s/4DkODIRmuBWfbknlnBjiYfBRVkuvxISsIYAWiQ07e0+MYX+ZDasdrALTIIDFSU9
;wZUiX3mbQ5PwlxfrZdXPHLkX4VgyIenitX0Il5cgc3mU4PZbzb7nx6SzoR6hwLsZO/TQyyFS6ANWfMv
;ElcE2DJD0tx4YemEjoJfU+lRlPm/PMYU9xWe8N1ApndPSlFafcQVibm69ZESnsUEf8fBrCUoVMHgxse
;rgVDh906KBN/xA9gJeCCuzkjFXN+slZR6M31GEXcTnHZYBW01Cw9Q2naI0sw/5uwPysPYVO0cFHo0OV
;9NIQiHq41SduHeG0HDJF8P1W2h7Q+Pl9nTaJwTfPK/wle7UVBzXwLgtItOUVT3QxPMOC0vSgrD3FTjl
;tY7NP0D1b3V2zLWguCzz1cNAuofD9lvNvufHxLFBXRLz2lz/AOQ6dRct1aF5nVJyheYs8jUzD0n4orL
;x5wfrlKXPXG4yJD5k9uy3cGn8k7OWhgwQ9LVZHs1U1KSzoR6h4JsaO3fTeDBnLPdhPPzyUvaHzaFVEh
;+4WyEicSen69TkTk0c4JXu5HQcJsFJ+8Slw3DKh8DlWS6/EhKwhgBaJDTt7T4xRZ90twyVoXgs89M1l
;TwBleIfeZijkvFmREo05J9NH0IlvqUWquBmDrvElsGTyTTQllksDVTUpfeECiWxnyz+IiR/FLcNpsCY
;zjOTNEePcPXDT8hbwjLSRwRL1ORN7P+A5DgyEZrgVn25J5ZwQimHwVVZLr8SErCGAFokNO3tPjFFn3S
;3DJWheZ2RYvVG3GElY79bSxKCYabX69Rk71o5J6N4MiLoA1XNiSeVwCDKh8GznzmKFpORdnfqFdVO/X
;+BNQ3FB3yW0TtNosOVNTwBleIfeZijkvFmREo05J9NH0IlvqUWquBmDrvElsGTyTTQtlksLVTUpfeEC
;iWxnyz+IiR/FLcNpsCYzjPTVaafcIWjjijqcsPg5mRI5IT+DT+X00iiIerjVJ24d4awcimHwhVZLr8S
;ErCGAFokNO3tH+FGjxR3nHagm0zyo9WVPFE1swkujTTUp7fVK9TlPlo4p9N4MGcs92E8/PJS9of8sdU
;Tv7hbISOR5lVLRBXuSjknM3gyJ3wGMOh9B3P1hi3BNKJ5L41U1KX3hAolsZ8s/iIkTmQ3PxcR6b2Ulf
;MwyofFE6/I7VUkp7FAW9Tk71h+IRRNxRdsdgC4/jKDBQY9oVSz3/tKE0Oh4UItMvPYH1oH0VgyIeimk
;GmMhtL1t/9w9XPPeHsRIjFXJIvUNi4M32EVLcTnfdcWfou0lcNz6aSQRmo97VYUp7FAW9Tk71h+IRRN
;xWdsdrOJzdJTBoaMcJXTn3tLkkJB5nfqNKTeTC5SJa7EZ7rgZh67xJHXZO6j98Vbnr1U1uF3VSpQtO7
;dDOCV/qTEHZZAuH4zo1WWvEGWA5+4WwEjgeZESwW2LszPUYN4AkHq4FJqr+Cx90DI98P1W2h7Q+Pl9n
;TaJwSe7Tzg5C8UR/zWA4gtIvNVtg9x1RMv6OiiEjCGAh0is9gaOhRg6zIjGuBWfP0CgvQyjbEV45/rS
;0Py8aS1K+Q1Tl/PgTUepOcvFjC4TLFj9YYdgZUSbzn7wiJHsXetEvPbGYoUYHrRAlnitT34h9ZwcinE
;cPe6Ta4XhxSzoX6h8TtpOkRAyzDCaVNUncinhlDD2GSQRlvNPgentAJhrhAQW5m6hGBLgSMJc3VNqHf
;GcHIpFJDWWp2uV2e0AUPNEvPaXP8A5Dp1FxwmwDtNUnOl5gxCNeO/WHsBImEmdV0Sw7gaORSQK4Ey2b
;BX3rvEl4W23bCBsm/Ye8KRUSeke4Q1He0/AJQ+ZQcK4GYuu8SRBeYs0PP3SS69VpJhpnVfVcUu3K9SJ
;e7UR3wmk4m909KFJ+xiNdOuafuiBKeBEh0S9x6M30DjefIh6uIQuKzz14RHnYDFAn5rSxOCsXS0SpW0
;/00PgSWYMhEq4FZ6rQJXxSdNwOSjH3mdVSSnsUBb1OTvWH4ghH801s2loOhdogMFtTyRJYOfe0uSQ5D
;xQi0i89gY6lSDelIh6uIQuKzz14RHnYDFAn5rS8IywSeE2OQEj1z/gTUvB9e9ZxFZ7YLC43D6R8P1XT
;h7ltLwNgU6RLWPOjg303gwZyz3YTz888LEdj2ghgIeubsE1JfhQh0WNU78bifSGDIh6KaQaYyG0vQnz
;YE00hzZihPysPcUaoLz6Fo5F9Y/FHe64IZ+u8bTBWf9xYTCDim7o/PnsXK9EvPcTV9A9O9Ep73GBnwr
;xJXBNgyQ9LceGepysrGHF+okBR6MfOH1j3VnHDWg6F2iAwW1PYHUsh95m7TUl+FCHRY1TvxuJ9EYMiH
;oppBpjIbS9Cfs4dXDDNmLohIx9LVb5fYujN9xRb731uz3ETjs4nXDQJqHw/GfuFsD5KYRQh0QtR4NDl
;WUPmT27LdwafyTs5aG7NGGA5+5ihTUl7FCHRLyaBo5FZW+JRaopxAobMLC5WeN0OWgr+jrM5FRd9UqU
;vPoGjkX03nyIeriELis89eENpxQxaJ/OfoD8vJGZItkdJ3s/4DkODIR6uBWfrqElcNyjEHUwhtp+wID
;oXdVW0cFPu1/QON4AiHq4FZ/68SVwTYMkPS3HlgqUoFQ97VrRdYuzM9Rg3gCgergUuhcgsLlttyxlbV
;YTr1U1uF3VSpQtK6NP0IkPsVXvcWhSD3Tk5Nw+hfD9VwI62OSsVc020LymBo5FZW+JRaopyDpvZFitW
;YMQjUjr2jtVOQHsUIZhBSeTR/RxU5kYeuAVn65glPUR4jBNQL/e0piUjHnhFjltE8caRfj6DIh75ZBO
;Ozg89W2CodT9VkomnJCckYFihSj2CppF9N8xXast3Z+a8SVxUbdwZWDrgkoojKxZxIdIePYGjwQ9e7V
;Z73Dc4qvIMCGhNkCNvOeeYih8aMiB+gmRvsvzYGVLiT3/FYBW07DszUWXEGT9EkuvVLisPcUa+XUTez
;fAQUtxKe9YFZC+8SVwHPJ1MD2Wl2eV9fEIkEedqDbGUpU0HtRcunjJV24x6bgc8nToPZaba5X1+PiQR
;5RoNsZalTQe2ZC6eMVbbjHpkBzydOg9lp9vlfXw4JBHmGg2xlKJNB7ZkLp4wVduMfGwHPJxFD2Wh3+V
;9fz0kEeQcDbGX000HthAunjZU24x8Ggc8nEUPZaTf5X18TiQR5x4NsZXVTQe1Ey6eMyXbjH9pBzyfTg
;9lp63lfX9LJBHmHQ2xlddNB7UULp4zXtuMfx8HPJ5JP0mS69U+PwtkTqNbYuXG/w5S3EZrz2k4jsQ9L
;kJ/wRNRVZHn1U1KOnhN8UpF9dHkGVLxIjiuBWeP2ScvUlPbCU8l/ZmhEiMVcki9Q2Lu1uURXu1HbfFg
;H5/OPDhSfqh/M1WS65QhJltxWaVdSOXG430lgyIe3XAXm9M7KGhozRJMMM2frD0vexck0S89zcr/GES
;DDB6uBQOHzBY+Vn/NI1M0646nEisdYESjcFj50/4OQvFHQd1gF4rOKCheY8YjWDb9j7BNSXsUIdEvD4
;GjkRlb8318z3YCtNAoJVJ+9x1ZIfeZiigyC3tSpF1Y3tD0DVbxQ2rHagm02yozU2n3DE0wkujVTUp7F
;A7RLz3lz+EiVeJRe/FpBpLZOwNVac4TTTDNjq09JQhhU7RwTuTT8A9W90txwFoAiNMtOTcPqHw/VZLY
;1U1KH3hRjk1c8sbOEVb6R2zxZwKN0zs5aGnQDFAm55mwEjkeZECjTknozP8iUOBNestaF5nZSV83DKh
;8P36S69UpJgtLQ7BcWN7P8ARS8X1r3nUCmeM5M15i3CNMMOKKpyw+EntPjkhe7sf0fTSDIh6uBUjrvE
;k4W3z3Hl4m97S5LDMeZn6kX03k0c4NWOpMavF2ApvdOz1DZccSYDLxhLEoFQtmRNEsPYGjkX06gyIey
;mkXtNsqM1Np9xlRMZLo1U1KexQ70S895c/hIlDgTXrLWgKTyCwuWW3EI1w6/4a0Iy57FyHRLz2BupF9
;N+dObvFiBITYLANRZcQZUTT/joorJQl5QKUvPuejkX1M5EFxymA4jdUlOVltxRlgIvufvSI/D0tEqVt
;A3tj8HFTrS3DLWhOSzCwDVm7KDloj+4qhJCUVaX6qQlz1xuMUVu99cM9oArTdKz5Fad4VXiH7hLswFQ
;B4QKhKT97L9BRQ61Zjw2hn/bxJXFNg2CNYNv2PsBImGm1Eo3Be6cL/GlKDIR6uBWfrqUlcN2jEDGAy8
;YSxKBULe1KlX0/uwPQORIMhHq4FZ+uzSVw3aMQMYDLxhLEoFQhgQKNbPYKjkX03gzsergUDh8wWNFJt
;3CNcIOCCuyoVD31MtHBR6NDlfTSDIh6uBXrrvEk4W3z3FVE795mKLiUVYE6kXWLuxfcOUvd9csd2E+u
;/SVw3DKhMP1WSj7k9FRZ9RbVDWN7P8ARS8X1/yHECmeMsJEdj2wlNMM2YsD0rCXVVuEBT3sTyElPmIh
;2uBWfrvH1cNwzMEE8K/4KxKSYeS02wVljz/PAbQ+ZQQct9F4TPPC5SU9sZTzTgiqEkJRVLRrJAWeT84
;Q9SgyEergVn641JXDdoxAxgOPuPsSEvJHhAqEpP3sH0G1jxR0HLfReEzzwuUlPbGU804IqhJCUVS0ay
;QFnko5J9N4MiHpsFZ+vYJSxoYcEYWzn3tLksMx5mfrNKW+7R9CJS+1Jx3XAVjuM6OUdt2h1LPP2Fiio
;pFHBEjl9P5KOSfTeDIh6DBWfr2CUsaGHBGFs597S5LDMeZn6kX03k0c4NWOpMavF2ApvdOz1DZccSYD
;LxhLEoSngUIdEvPbCjkX1T71JBw2wDj9AsA1tt0RlNCuebpSg4JGROuEFJ3tD0DVbxQ2rHagm02yozU
;2n3DE0wkujVTUp7FBHRLz3lz+EiWexQc89pOIfdMDlFU8kaSzDgtLA1OhRnVKNKYvLG4RxF4lZ3wWs4
;jN8mOFIMq3w/VZLr4U1Ke3BNoXBT7tH8HFvcTn/XYBW03S8oUn73GUcl/ZigPy8kZ0ShTk/g1/gSWdx
;FfcFhArTMOzk3D6h8P1WS2tVNSh94UY5BUvPO8BFo70Nny3c4idkvM0Vp9xlHJf2YoD8vJGdEoU5P4N
;f4ElncRX3BYQLrv0lcNwyoST9Vko+5PRUVe1O8TlHez/AEUvF9fMtjCJnZFjlPfMcPSif3tKYoOhpmQ
;KVGUu/89h5Y50dB3ncC679JXDcMqFE/VZKPuT0VFXtTvE5R3s/wBFLxfWvedQKZ4zkzXmLcI0ww4oqn
;LD4Se0+OSF7ux/R9NIMiHq4FVuu8SThbfPcSUCf/irkSJhptRKNwSPHT9A9o8013wHE4mNk5PUVt3BV
;QO82MtiIuHktRo0o9gqORfTeDNR6uBQOHzBYpQVPLCU08/IyKOSMWcX69Rk71o5J9N4MiHrIFZ+vYJS
;xoe8kPVzz8jIopOAJ9T7ZwSejO9CJb6lFqrgZn67xJXCIMqHxbOeK0oiw5E31PtnBJ6M70IlvqUWquB
;mfrvElcKAyofFot5o6nIysXS0K+QFHozfYiUeJMQd11Ao7YFjBef9x8PFWS69VNRHsUIbdOU97Q4RhS
;531yx3YT679bXDcMmUcPbqDQ531xTi8S5BQFupahfSaDIh7IbAuK0SwyQ1PcBU8wzZihP0p4HiHRL23
;N4rFMGbQXc8MFdeu8STpeYMkRWjvmtKE0Oh5LUqVdD4Ggm303g3JS7yVWxYt8MVoMiHw/VfSCpz4+JH
;hAqEpP3tD+EV7nfXfAYw6H0BYsVnjcGU07kujQTUp7WEi/Sk6BqpF9N+ZMeoBiBITYLFw0FKl8Pxij2
;+FtGUs0GrRXSfPW9RhFo0p7z3ECmZwmOlEG5U0LZbK45W1xE3FApUpZocH0GRfrR3/aYBXL0y86FyTB
;Gh8s/Z71JSsNcQG4WxSL5KhMF7hQe8JkE4LKLHxHY9sVSzz9hbwiJHFTEPFqELCD104HswI+lXcCn84
;oP0Ms3BRadfSCuSwnHnpV8U4d48rlXVXmRHHcYEeH1S8oXmLPXEs998u7IjABeET9D0nug+MYW+ZDbc
;slFITRLHxYaogIVzCym6coOQhhU7QlerCDy1YGswJbgzBHrYV5bAcskxFQI/fLj20/CzRAv0sd88blD
;1bgVj7IbAuK0SwyQyzNClo7soa6Py9xWRnlDwby1/QNR+ZQbY5qAY28Q1w3DM0SW2e8jLYiLh4UIlQv
;PYHuo08Go3YujlZW24xDEQU+mVxrZLK45H16cVkQ4Rsd1ZOxLgeJby+eMUe/jWkPBwblTQtlsrjlRwd
;KJBbbaASwqdZMF8YPL45DVNuMQxsGLPJXD3uny5Bgf1tMDOMfHdiOo00XxVlq3GQRjtAWL0dpzRhCX9
;XZ7W0SSzR44SVwuZebOg6zIgiuBWeM3yY4UlPNBEsw4IW0IRUYe0y8TlPlo5J9N4MiHrsFZ+vZMShFe
;cwZTQrhnLw5KRM6RrJAWeSjkn03gyIeuwVn69sqM1Np9xpWOfeFtCAvJHJOo0Jc9aOSGjeDImXJZgiP
;2RY6XmDNEl4497SiJD4Te1SlcFj51+wiTO5DfcZsCY7jPSVHafcdXTfgjqMkKw99Tr9SYvrF+BFW7kd
;w2loJitEsA1Zuyg5aI/uKoSQlFSVcjlRR4Nr0D2jrR3fJbROW0SRcJQyofFM0646nEikTdU+2ShPmwP
;4ZUoMhHq4FZ+utSVw3a8sTWzDNm7o+PgtmTrJKTvKjkn03gyIevgVn69sqM1Np9w5aJfefvDkjFHoh0
;gU9gaOqD1LzR2rHcQ6E0mk7VGPMGTUSq9n1CHpxL1O0X1j1yuUUWO0Cec1qA468WVw3DNoZSyfziKEk
;JRU6RrJAWeSjkn03gyIepQVn6889PUV4hhtcOvaO1U68ehQhlh0MoZj8GEPxS32OcwaHySwvPUuRTB9
;u84mmIiYOYETxX1LyyuUUWO1LcMkPKtOOaWdEadxcWi3mmaApLwk0Vb4PXOPQ/hFC90c+w2oDjrYEbQ
;c7iEdMIfOZoW09EmBJ8VtV5IP3HFmjTXjIDyDZhGkEByzxTB9u/4SjKGojO3jxW1KhzvgTF+ZMet1xC
;JvPQxsFNIgmD3Wphro7L1tOAaVAHezK/11S7UZt2moXmLYObRdWmUkRZbKt7H16SzQavEBL5IPlFVKj
;UnLPcQGEziR8U2PfEh9kp4a4R0A8LRPxag2hmOsYRewCasZgR47EPS5CaM0YHzn3hbI5InEeZuEPZbW
;QsSQFtAJYnDVX25xpZ1BjiAhQdeaDsG0vH3NE8UBbodf5GBfhR3qODyDSjmkEByzxTB8QosvuPi8PNF
;u0XVKh1/5dUudFe45qAcvIITkXbs0YNRKiy5N0ekskAYseHbr5sQhHo1V32m1H2tEkVnA9iDoNZaLLj
;31qQE4BuUBQ5IPiEVj0TmekDyDanBNtAiKYXHlsotvlbXEWe1e0D0npxrENW+JWeMF3CsvYJitZLJlJ
;UjiY4ZJ8aj0tEeEfHbrQ4RhS5wJty3ETgtIuVnA1mlx6eKHL7j8vD2ZAsltU7s2bMAayFT7+dw6FyCA
;yUCKGUj9ZkuvVPj4aZlXjAVrizPUYN4CSHq4FINmNQxsOPKIxB2eYpuR9fXFTE+kPZbGDyE09xBAmjl
;9X4ft4fG09nVIPddTY5X1ALyUrlhYPoeahd3CyAlicNVfL+XhsPUuRTh8QouGSfGo9JhHhD3is2OMYQ
;/FDfdpsCIXjLSlWYPcdUjrnhaEwQC8kK5YWD6HmoXdwsgJYnDVXy/l4bD1LkU4fEKLhknxqPW9Vo05L
;5M/ODkfmR3rTDyrajX58Z37BEks8/Iz7Y2R7HiHRL1rizPUYaPdbbssFZO28SVxladguXiWS+tVNShJ
;6R7hDUd7C/xpb5n1yx3YT679JXDcMqGk/VZKCuysjF3h+tVpc7fz0BUPxV23Hagnrv0VcNwzpEFN195
;OhPz8fcVPRIT2Bo/gTUepOcvF1Bp/ILC5ZDKt6P1WSrKw/JRJwId4vPYHK4xJZ6kx58XUGn8gsLlkMq
;3c/VZK5sC4+EnhIv0pc86OMfTeDTn/XYBW0zz09RXj3DFA8/J+KPikaZkeORVLozeV9NIAiHq5EC4e8
;VFw3DMQdRjDgtKY5KwlgfqFAVO/Xzg5S4k9BzWoVhdk7XDQCqHw/B/eNuSgyNGZivkFL5NuRZTeDInP
;PcTiI0yc6BlPOFVM0/467ORUZZkC/Sz2CpJF9N9FDd91gVK+8Vlw3DMUdSwrxhLsreyRySL1OUOTN5S
;JT6lFuwmQetNIoMVIMq2A/VZKwhywjCHESlXId0dH0EF72Tz7+SSbLjWdrAmHFfCNVkuu4LD4kd06/S
;QzexfgRVu5HcNpaAIjTLTloacYYP1aS69VNSmUUIdFCXPX88hJZ5RNByGwLitEsMkNTzx9QMfe0pjkr
;CWAh0i89gaORajeDInPPcTiI0yc6BlPOFVM0/467ORUVdUy0Lz6Lo5F9Z89jPp8rUN7RJFwTDKh8UjT
;mtLYiJB0lfrdGUeDO9BND3Ex/w2A4it4rLlJ6wR1LPP2F1U5JexQhgWN8gbuRfTfuQ2rxZgiF2ngDUW
;XEHVIw/J+KIyUPcVLRLD2Bo5F9KoMiHsNkE7TfJjJRPfcaVjnzhrAjPiRkU7hMWN7W/xRDgyEcrgVno
;NtJQTcMqBFeIc2IuiMsSktHuENc7Mb/CWjwR2rabAmM4yA4Nw+MfD9VoYnnfnIYcBX8SwWxwrxJBOFB
;M5ZgXo2Re2RWNMpMXTaqjbR+SlEUIdFCXPX88hJZ5RNByGwLitEsMkNT2xlLIfuFsj4VHX1NsEJY79f
;OH0XiTHquBmDrvEkOVmXbGQwRktrVTUoWdVWOTFLvxaAiUepOf8NgCZ/jOjlDeMESWCbNjbwhKxZxT6
;VwWejQ4RFW+n1wz2gC679VXDcM8y5ePOGO5gkXW0RTtEJU9M6xLXvCAi+AMlKG0UlyNwyoEV4hzYi6I
;yxKS0e4Q1zsxv8JaPBHatpsCYzPFjpeYMkRWjvmtLMkJh5LT7BCWIGgm303g3JS7yVWxYt8MVoMhnw/
;Vf+KoRIpFHpH4HBb6M/wEFLtVkHdYBOf1Sc7RFPOFVM0/467ORUcd061SmLkzfV9NIMiHq4FV+u8STF
;WePcfUDv02oorIxd1TLRBSd7Q9AlD6kx53VoBgtAoMVJi3CNYNv2PsBI5D3VTpS8+gaORfTekIh6uaA
;af4yozWWqZI1k8/oq4KCQPS1K0W0nozfYOaOVLcs9oAoXIFjVTDKtYP1WS2Ld/eUN3ReUCWbmT8FADs
;EB9gz0C0tpkbg9tkB4PN/HTsyx5ez0h0S9Q4NfOHljtRC/xYw6H3SQ5WXj3D1oh5oK7Kjkkcki9TlDk
;zeUiWeJPe64Gbeu8SQx7TYhNEWKnhrhNfHsUIbxOSd7A/hNRsn14x2kGhtknKGh/zQhLPPyMphIsEnh
;AvEpT9fz/HFrmfX/MZxWOyiA9Q2XHEj9WkevVTRo3VSH7Lz2BzvAJaOBNcMg0OI3VJT1aacYIYCb3n6
;EkJBxnfrdGUeDO9BND3Exx2mAU679JXDcMqGE/VZKGtDkVGHtPtx5i58r9HFrmTGrxcQKI1CczW2PPB
;T9WmuvVTQwSeEC8SlP1o4l9N4NPf9paBITSL25oasEQXjj3haESKAl1T7UvPoajkX1l4kttyzYj66NJ
;XDdhyQhgNv2Fs38VHX1NsEJY79fOGV7wUnLPfDiF3SQ5Nw+0fD9Vybm0JDkeJ2WMD23zxvwUQu4CTuJ
;ER9qSfmlaYahgP1WShrQ5FRh7T7cdYufK/Rxa5kxq8WIEhNgsA1JizHw8VZLr1U1UexQhvE5J3sD+E1
;GxfXjHaQaG2ScoaGvLE1swzZihLDgPFCLRLz2Bo4Z9N4NPf9paBITSL25oasEQXjj3haESJBp5RNEsN
;4GjkS17wgIvgDJShtFJeDcMqBFeIc2IuiMsSUtHuENc7Mb/CWjtQ3PLWgaJ3js5QWXJCFY6/OvWTkp7
;FHGdbj2Zo5F9WuJWQc1qCY2OFjpeYMkRWjvmtLsiPh5nIdIvPYGjkWA3gyJzz3E4iNMnOgVTzhVTNP+
;OuzkVC2ZIskpi9M34CTeAIB6uBSyMvFRcNwzFHUsK8YS7K3gkcki9TlDkzeUiROZWasdrALTVLVw0KK
;h8P2bw2eZ1KR8gDLUXDeCOpU5V4A8myzwBxo5xPQ9umB5cbfSK5k1gexQhvE5J3sD+E1GxfXjHaQaG2
;ScoaH/NCEs8/IymEiwSeEC8SlP1/PMPVu1GHq0CZ+u8Gz1ef81Pe1Wj69VNJxpgfrJAU+eRzhte70Nz
;y2sTtM8sKENlxhtMCvSCuSwnHnpVjktU8tP9HE7cTH/DYGfooElcN1f6HVYm99iREGorZkS8Rkjsg8E
;xdqMTMJkwCoa8Z1w3DMUdSwrxhLsreCRySL1OUOTN5SJE5lZqx2sAmOMvNVttxRlRIc2NvCEvJHpAvE
;o9gqmRfTfTbl+ONEnciSQxNyKofD8485+KLiUVchOOSVTtwvwYWfd9bctxE4LSLi9oasEQXjj3haESL
;Rh7RbRwWO/HkX43gyIerjVn67wkPUNTyxNRM6C0syQmGnlEv1ti8sblCV7tRW3xYw6H3SQ5WXj3G1w6
;9o6KPj4aZlXRLD2Bo5F9EIMiHsNkE7TfJjJRPvcaVjnzhrAjPiRnRKVbVO/E4iJR6k5/w2AJn+MgODc
;PjHw/VaGJ535yGHAV/EsFscK8SQThQTOWYF6NkXtkVjTKTF02qo20fkpSFCHRQlz1/PISWeUQQchsC4
;rRLDJDU9sZSyH7hbI+FR19TbBCWO/XzhNW7kcerQ9n67wZEHYsmVIIYP+G1XtKexRMsFti4sz/GwXcR
;HfCZAqO0j0DRGncCFY79ZiKKyMXdUy0QUnezfAQUtxDfMx3Ap3VKCheY8Z8PFaS69UdBjoUC9EvPezC
;5SJU7Ex4nFoBgtAoMVJi3CNMMOafvCMtCEtHuENc7Mb/CWjtTWrLdmfovElcNwy1fD9V/4qhEikUekf
;jcFvoz/AQUu1WQdpgBIPSJjBYa9F8PF2S69ULIxd1TLRBSYGykX03805/2mMImdEWPVNkzQ9WOvzr1k
;lKexRzsElJgbmRfTfsVHvcbQaF2xYvX2nEEEwK4ZuwKC4keEiiWz2Co5F9N4MzHq4FF4rJOjloZM0VW
;D3mtLkkOQ8UItEvPYGjgH03g1Jyz3EBhM4kA1ZozBVLPP2F1U5OexQhn0BT5KOHfTeDUmzLdhSeziwD
;VmjeHVE297ShNDoeJSHSKj2Bo9cUT+ZGHrgFZ+vMOzlEf90OWgrzj6MsJBhxfqVWTeSRkX4ygyIe6Gw
;fjthJfjcMqAxNPPyfsD8VGHtPt3BQ4MD5FFnmfX/DWhOO3yEyWGDHG0ZVkejVTUo9UmfRAj2Bo+EPXu
;1We9xaBITSLwNabcsUVjv3tLY4OQ97TLhVWN7X/hJb60d/yloJitEsbTcPqnw/Vcbb1WBKexRRo0ZT9
;cbjIlTsTHjxaAaI1CAyUlPLCUwh/Ya8Ny8kYE6+Q1XkwvUiWeJPe5wFZOm8SVxjPahYP1WSm6ckJA9x
;U45MUu/FzhBW4Ep3wGA4jdUlPVppxghgO/OGsBJ7excr0S890e/QXQatFSvDaGfPvElcR37BEksw4LS
;2IiQdS0ywTFXozfQiUepOf8NgCZ/jJz1aafdOP1aY69VNGjdVAeABCrTO/H0VgyIe3ncOhcgsLmhvxx
;JZCv+KtiUjFXF+t0ZP7NTwD1LcVmfeYGfou0lcN0fEFU8l95nVUkp7FFGjRlP1xuMiVOxMePFoBojUI
;DJSU8VND2WjtLYiLh4UItEvPYGjjn03g1Jsx2sTjs4WP1hiziNSNPGDvCMvJHkQ4R8P3sD+GVKDIR6u
;BWfro0lcN3zaFVEh95mKLiUVcn68Tl7pyv8YaO4QLp41OIjTLTk3D6h8P1WSytVNSgtmSL9bWPP88hJ
;Z5X1zz2YPgtIsA1hv3BNgNPaPpyg5CBQi0S89gaOxfTeDUmzHaxOOzhY/WGLOI1I08YO8Iy8ke0KlQG
;Lg0/gWUvoiHa4FZ+u8ZVw3DNgOVjvmjqcSKRR6R45CXOLL+BNS3E192mo4h906KGh52BBQNPa0syImH
;3FT0Sw9gaORfRKDIh7edw6FyCwuaG/HElkK/4q2JSMVcX6jSk3k1/gYRdxDesp3ApjPSV83DKh8P3GS
;69U9OBJ6VbRdYuLM/xto7kN9xmwJjuM7OUdp3BVaJ82KpSQhHm0h0i89gaORVTeDIm7cbAmf2TsDVGP
;GGmA484i9JCQeS1O0X1j1yvQPaO9DbdpaAJnTPCw3D6h8P1WSwdVNSgtmSL9bWPP88hJZ5X1zz2YPgt
;IsA0Vp2BlLPPeZij04EnpVtF1i78L8GDeAIh6uBWf0vElcR37BEksw4LS2IiQdS0ywTFXozfQiROZWa
;sdrALTVLVw0KKh8PzCniOAueBgtDOgcCrOOpR8Oug8mljBQxo1/bwU7nkQGNPaP5U1TexQhoV1U79f0
;D2jgTXDIWgqK3yE1WWn3CEYl9+vWS0p7FEe9QE3x2pFbN4MibtxsCZ/ZOwNUY8YaYDjziL0kJB5LVah
;fWN7C8x9F5lR3z3EOhNJJXzcMqHw/WZLr1T04EnpVtF1i9drhGDeAJB6uBQGH0zksTgykfD9V4pm6Ky
;MXcX6/TlDko5J9N4MiHr0FZ+vOKDpDU8wJXjnNjq05OA5nSL5BPYKvkX03wk5yjmAfn848OFJ+qG8/V
;ZKZtCs+JH1Pt0ZR7fzhHEP3R2zABWTuvElce2XGGUxVh+vVTTgeYFOwTEnozP8iTetNbvFxHpvZeFw0
;Cqh8Pxv9mbgsJnsBIdEvT+TX4xxU90txwFodg9M5A0N12BkNVZHt1U1KNXtTvE5RgbeRfTfwSnvCaTi
;P1Ts5VHjBE1EK/oKmOUp4FCHRLz2Vo5F9ROhLbNpaA57dJQNSdNwOSib7hLtNSXcUIdFuUe2D9AVD8V
;d6y3dnw7xJXERg2yNeMfaCoSQlFXVNjkxS7s/4E1DcSnvHYg+f4z01Wmn3G0004oPVTmx7FCHhAQ26k
;qlNB7MMLpU2V8WMcm0PPJhMEWWp2OV9ZEsvF+EfDbGNoX0ggyIe3WkUtN0nMlJtxBVRMs2JsCkVHGZA
;oUc9gqORfTeDAB6uBRSHzxY9WWLNHVM8/IyKLjMXfU+1Sk/ez/4KUvF9edxkF4O8Slw3DKh8HVWS66Y
;hOSR1T79KXO3K/xpo4Ftyx2sDjs4WKUd8zQ5gMuCKpSVKeBQh0S89m6ORfUTvUUHPawmO3SU1WWv3DF
;Ym5oS7Ei0JdVG5Lz6Bo5F9N5AiHq52C5jjKChaY9sMVzDgjoogJR9xIdIsPYGj8BRFgwYergUUh88WP
;lh43BNSCuGepysrGHF+uEFb6M/9IlbtRXLLWguCzz1cNAiofD9lqdLlTV17FCGiQ07ewP4TQ+xXbPF3
;ApvZKChoYccYWlWR7dVNSjpWYpBtfoGRkX038E5t8WYIhNAgMlBTyRpLMOC0pygpFHVVuEFa3tf0EEf
;mUH/acBWO4z01Wmn3G0004oPVTlx7FCHgFg2vk6pNGbMZL541SduHe2gHPIZMP3WS69U+JghLQr5AUe
;jN9iJV5kZB2mAKm9k7PUN52hlgOfuYoU1JfBQh0R8TsZigSgeDEB6uBRSHzxY/WGPEFVEyzYisISMVc
;ESjcFHu1PQPaOtHf9pgFbTILDFHadodSyDgjoohIwhgIdIoPYGjoVMHuBMvngVV67xJL1t/9x9QOv6C
;uyoVGG1NuEFZ5NHOCEfzR2zxbQKKyCwuaHjNEU8w4IqhODgeS024XEmBoJZ9N4MSMJ4+Vt2MSXE3DKg
;PUybNiLoiJhJ6Ro5DWOfXzhtS5kZBxmAGn9k7A0NpxQxaJ/OfoD8vJHhIols9gqSRfTezDC6VNFPbvF
;ZcNwzbEEwK8YS6ISMVc368RlPez/AEUvF9asdoArTQIC9DDKt8P1WS6/9NSntnTaJwXu7M/RRZ5H1ux
;3YThNIWNFJt3BlNCuaOuD0vCXVVpF1Y3s/4DkODIRmuBWfbknlnBjqYfBtVkuumITkkd06+Q1TvxM4N
;WPBWQd1mBoXSIDJQU8wZUzTrtLkkOQ8UItYvPYGTv00MsAwuriZn67w6MERTyxNQOfuFshI6CXF+okx
;c7834E1DcRnvCZB600CAvQwyrez9Vktv7fXFIOhHRAT2Bo+IRRNxBccFpDoXbFi5ea8AIYDP3jrESIh
;51VbRdYvXG/A1S8UNq23cCtNAgL0MMq3s/VZLb+31xSiAR0Q09gaPiEUTcQXHBaQ6F2xYoXmHNI0sw/
;5uwPysPYVO0cFrzwuEVN4A0Hq4FV8WMcm0APIZMBGem2+VjekAlEeEBDYG7kX038E5t8WIGm+MvNVtg
;9w5aJfeKoRInFHBE0Sw7gaORPHbBYF3tBX7rvEkvW3/3G1w69o6KKyMXcU+wQljexf4PWuJWHq1jZ+u
;8MjtUY8wZYDP7h7AjKxZxfqZGSenM5Alo5lpq01ocht0qNF5izSNLLOKOiiwoGWZEp0Zc9cr+E0rcWX
;PPcQKZ1SgwaGLJEVoK84m3Py8NfUClRlLv3s4GW+Jbe9xaD47VLjRDccURP2aS69U+JghLSbROSejN9
;iJV5kRx3GA4mdkqM1Z4wRJYCuaOuD0vCXVVpF1Y3tf4EFLcRWzPdQ/rv1xcNwybTBFlqdv7fXFKIxH/
;HwawkaFNGbMiC64FZ5jQOgNeYs4VUznNirsqJh5LTbhcSYGglX03gxIllzVn9LxJXERg2yNWO/SCuSE
;VHHVRjklU7c/OD1LzR3/aWgqE2CxcNAqofD8U06mXDgl7AiHRL07t0M4UWeVLcsJaFY7MLD1DU8UTWz
;CS6NNNSntVYJNtfsKjiX03g1Fy3VoOhdogMFtT2x9eO/yCuyoVFntFtC8+hKORfVrsRnvCBXrrvEkvW
;3/3FVE795mKLiUVYE6kXWLuxfcOUvd9csd2E+u/SVw3DKhaP1WSmLk+FQt7VrVKT97F9BhT6kx58XcI
;n909NVhi9w5eIfuEiiAlH3Eh0io9gaP3FE/mRh6NBWfrzyUvaHzaGVcw85+8Iy0kdkS1cEnkzuEYReJ
;Wa9xgOIfVOig3D4h8P1WixeV2e0kkD+EUCLGNoUYGtBIwnj5W24xnbAw9n0wRZZLe1U1KCHhSjl9P5M
;v0HEPqTHnxZh6H1Sc4Un73EFAi95mKJS8aYESjcEnkzuEYReJWa9xgOIfVOig3D698P1WixeV2e0okI
;eQvPYHQ/Q5o81B7xmAGn9UnO2hv0RBWO/aOpxI/C2REo3BV5MLlGEXcVnvDdQKZ3T0pRWn3EFYm5uvW
;Skp7FBH/HwawlaF9B4MiHt1pFLTMOzlfackIVjv1tLkoLA9LR7RKWd7L9BxD5lBB2mAKm9k7PUN52hl
;gOfuYoU1JfBQh0R8TsZigSQeDAB6uBRSHzxYsRWnAGV4h+4WyEicSen69TkTk0c4JXu5HQcJsFJ+8Sl
;w3DKh8ElWS66YhOSRkU7RHWODX+BNQ3FJ33XEIheMhOVZ4zQ5gIfeGpSg4GmBUo0pi7criCTeAJR6uB
;VfFjHJtATyoWz9Vkpi5PhULZkS5Slz1yv8aaPNNbdpaFIjdJzJeYs8jWzD+iqwSJhJnVdEsOoGjkU0Z
;sxktgDVnzbxJXERg2yNPJ/eDsCw+EnpGjl9P5PziHlbtTHfAYjiP2SU9TlPEFUwhkujSTUp7JA/hFA6
;vk5FMN4MibcJ2OJvOLDRSbdwVUTLNmbwqIg9LR7RKWd7L9BxD5lBB2mAKm9k7PUN52hlgOfuYoU1JfB
;Qh0R8TsZigSQeDBx6uBRSHzxYsRWnAGV4h+4WyEj4SeUSOW1js0/QPVvdXbMtaAJndOTQ3D4p8P1Wix
;eV2f0s6EeoeD7GTv00MshIugDVc2Ip5bBk8k00IZbzb1WxKexRSvVxi8dH4E0PqTHnxZwKP4z05WnzN
;Dl4h55mwEiYSZ1XRLDSBo5FNGbMZL5k1Sdu8elw3DNsQTArimbwjPhJ6Ro5MRO3K/xlS8X1ywXICmeM
;hOVZ4zQ5gIfeGpSg4GmBUo0pi7criCTeAJR6uBVfFjHJtBjyoTz9Vkpi5PhULZki/W1TvxM4eTu9LcM
;pgFbTJOSxSfvcUWjTmjqcSPh55UbRdXPXW4xho70tt2gVk7LxJXAcimEcOY6Lr+01Ke2dNonBN88r/C
;V7tRUHCYAGf4y85Umj3FFo05o6nEj4eeVG0XVz11uMYaO9LbdoFZOy8SVwHIphHDmGi6/VNSntnTaJw
;TfPK/wle7UVBw2wJtNAoJVJ+9whWOPe0uSQ5DxQi0S89gaO6fTeDUXLdWheZ1ScoXmLPI0884Z+6IxU
;TcUClSk/e1/QQR+ZQf9pwFY7jJTVEeKh/OFWS6+VjekAlF+EvGIGjkQ5b8H1u3GwJn9UnO2h8xw9LCu
;GItCMkEnpGjktY7cLoIlvqUWquBmDrvElsGTyTTxFlks/VTUoIeFKOX0/ozeUUWeR9btxgOJjfKDJZZ
;cYbYDH3h7Q0FRd9UqUvPoajkX0HrRIlnStX65NJXDd/xA9gJeCCuzkjFXN+o0Za6dfOG1LmRkHGYAaf
;2TsDQ2nFDFon85+gPy8keEiiWz2CpJF9N7MMLpU0U9u8alw3DNsQTArimbwjPhJ6Ro5bVOzGzglS7lJ
;73GQTns4sA1B+yQxXVZHi1U1KSzoR6h4KsY2hfS+DIh7daRS0ziY1aH7NG1Y6/LSmLisVS0y+S1iBoJ
;d9N4NLbcJkCY+8XFw3DNsQTArhiLQjJBJ6Ro5cWPDW9BNU5iIdoAVn69UnOl5gxEJcOvyfujg4exkh0
;S9O7dDODlLiT0HafBeOvEpYNwyoElA79+vMTUp7Z02icE7pyvQRU9xDcslqFYLIITFoeNEMWlWR6dVN
;Si0lIc0vPYHQ/Q5o8Ep3y2kDtNUnOl5gxCNeO/WHsBImEmdV0Sw6gaORTwW2GS2fMGfNvElcRGDbI0s
;9+4WKOisXeH61QEjjz/QiW+pMe91aFY7MLD1DU8UTWzCS6NNNSntVYJNtfsKjtH03g1Fy3VoTg9UnA0
;BtxBBgJvuFsiEvJHhIv0pi88bhGFb3fXPBYQLrv09cNwzpPX0X0ajVbEp7FFK9XGL1zOEiRPZQeM9mA
;rTVJzpeYMQjXjv1h7ASJhJnVdEsOYGjkU0MuhIehwVn688kPVtg9x1NMPO0piImEnB+uEFb6M/9IlHv
;TWnxZgiGzCwyRG3cFVA7kuiOTUp7JBrhFA2vkapNGbcWKpo+V8WIcmwZOplICm6ixeN2elUjEeQWBrG
;NqUYHrRUonzxc2pJ8ZwcikEkIZKnZ7n1kQywZ6BQOupO/RAWwEyWbPlfFhXxuBzeZTARkqevCTUp7Z0
;69Rlneyv8bXu9OQc9rAIfZFjBef9x8PFOS69V5f0AlEuQvKYGjkQ5Y70t68WwJjdUlMGh8yQhLMOCF1
;U5PexQhnUZT5NCRZjeDIm3BaQ6P4yAyUWXEEGAl85+hKDgVS0O+W0nuzpF+MoMiHuJsCY7PSUo3DKgP
;SiXihKc5FR9hQL1wWPnX4whE6k1wrgZr67xJHVtgiBlHIeCesSg4ew0h0S9O9NPhEkX3fXfAYw6H0BY
;9WWvEGWA5+5ihTUl4FCHRAgm0o7F9N4NRa951CJnIFjVZasEQUwr9nqEhIxVxUo5KRfXR5BlS8SIdog
;Vn6/0lMBdp0AhNIPaOp01GexQholpN8czjCWj3W27LBWTuvElce2XGGUxVguvVTTkOZFG+XUne0OUPV
;vdHedcFZO+8SVxjfs0ZP1KS69U+PwtkTqNbPYKpkX03xlR73HwQg9k7OTcvqHw/JueZsywpHktSvkNU
;5fzzEkP3TXPxbAmN1SUwaHzJCEsw4IXVTk97FCGdRlPk0JFdN4Mibdt3AYrfLANEY8QVWwrmhKUSIxV
;ySL1DYvHC5QlS8UwerQBn67wFNVlp23wrVZLroSgnC3FTsFtI88bOH1LnfXLHdhPrv0lcNwyoaT9Vkp
;+wIDoeZkClWk/k/P0YUfd9csd2E+u/SVw3DKhqP1WSn7AgOh5mQKVaT+T84xRQ61ZBwmwUn7xKXDcMq
;HwxVZLroSgnC3hApUpi78zlGESDIR6uBWfrs0lcN3vBDFoK5oSiKDgkeU61Sj2CqZF9N8pMast3C4rf
;LDg3HKh8PyL7m7ASPhRjRKNwTunC4Rg3gCsergU1jt89PVlrxBk/W5Lr1TojC3F+pk5R7fz8ElPmIh2
;kBWfr9ScoUn7EHVww9uvFTUp7e06rSmLyy/gYW+d9atd1Auu/QFw3DP8dSzDgrbQhJns7IdEvP4GjkX
;w3gyJYrgVn6rxJXDgMqHxsVffroU0+e30hvy9agYOROjfxInGucGebvGlcBgypfD9VkuvVTVp7FCHRL
;z2Bo5F9N4MiHq4FZ+u8SVw3DKh8P1WS69VNSHsUIdUvPYGnkX03/iwergNn67wvMFh82AU/VZKRlk1K
;AVch0VV+gaORffpP7iCvBWcj/klc/06pfD9VkusdDEp7FCHTLz2BoZF9N4OmHa4EZ+t0CFw3DKh8P3X
;SJhmBdHsUIdEvPRrgkX2swCIeckdT67xJXDcMqH4/VZL/1U1KexQh0S89gaORfTeDIh6uBWfrvEldNw
;yofD9VkuvVTUp7FCHRLz2Bo1NwN4MiHq4FP+u8SX83DKgZRyHgnrEoOEpLQqRcSe7Ozg1F6kxqz2cLj
;uM7OVBlxxJgLZLq1U1KexQh0S89pqORfVL7VmzbYQKZjRY/Qn/cE1IK4pm8Iz4adk20cE/kxPgSWdxa
;bcd/Auu9SVw3DKj8VBWSyNVNSh5sVaNaWeTRoCJU9lFqwWg4m84gMkNtyhBaCuCOsiQlFUtY0S49gaO
;RfTeDIh6JBWfr2TEoRXnMGU1kzYigPj4UeX6hXVTv1/AfW+Z9bMtiDoTSFiVEZdIZP1SS69VNSvt/Yd
;EMPYGj9AVD8Vd6y3dVtN88L0NjxSNPJ/uFoSwoF3F+o0pa6Mz/Ik+DIx6uBWfrvElcNyuofD8w6p+nO
;C4eZhOOTEjy1/4QaPNQd8BxBonQLANFac8VUDvNk6YkMB4UINEvPYGjkX03gwEergUCk8g7KVNp2k5g
;NueYoSInJGRTuEFJ4MH9GGjxR3nHagm0xUldNwyofD9VkuvVakp7FESpW0/0x/QPBdxBa91xCIbjOS5
;eYtwdXTn3tKcoLRJ7T45WTujZ9H02gyIergVn67xJSTcMqBFeNvqCuygVGnl+pUpe6c3+EVjkWx6vBW
;frvElcNwyobD9Vkoa0LiISekSOTVz0x+McQ+YiH64FZ+u8aVB2DLl8P1X/irYlIxVxfrNKWd7Q+RxH5
;iIfrgVn67xJXDcMvHw/Vf+KtiUjFXF+s0pZ3tf0EEfcT3/WBWbrvElcN4zzPD9MkuvVICsYfEi/SmLj
;xv0JaORDcNp3HrTdJztbaah9P1WS69XNDDsUN9EvPezC8hVe7UdBzWoKm9knL1Z4wRNRCurr1E1KexQ
;h0XZ9gbWRfTfuQ33GbAmO4yozWnzNEkw05oK6IxUCFCDRLz2Bo5Ekd4MAHq4FCorfITVZafcYXiHztL
;MkJh5LVblaUOPN8BRb3Ep7x2IPn7xIXDcMqHw/0dLr9E1Ke3lAskdU78bOGVb3Q0HIbAuO4z00QmHKE
;l48/rSiJC4PfCHQLz2Bo5F9s8MiE64FZ4bdKjReYs0jWzz/tK1NS3sUIdEvfe7jkXA3gyJzz2YPgtIs
;A1NlxSNGVZPr1U1Ke1ROkS8wgaOREFbgSnfAYDiP1SQDTQypfD9VkuuVIgp7CCHRL1DgwPkUWeZ9esd
;2E4rSKjloatoTUgrwhKcpLwkUINEvPYGjkXl3gzYergUKit8hNVlp9xlHIeCesSg4JHpUvC88gaORfT
;eD0iGuH2frvCQ9VGTBEloK95OhPz8fcVOOQFvn0PQJaPsQHq8FZ+u8SVwOTKhmP1WShrQuIhJ6RI5KR
;fXR5BlS8X1xyGMUjsgWJQUMqXw/VZLr1U1KewYh0S9Q4MD5FFnmfXjHaQaG2ScoaD2ofT9VkuvVTUo7
;FDPRLz3swvIVXu1HQchsC4rRLDJDU5p8PlWS69VNSntUIfIvPYHO8B5f6kx78WMOmdE+PUVp9x1cNve
;HsD8rD31Ov3BY3s7wBTeCIh6uBWdjfwlcEQyofFI08YO8Iy8kckijQkrg0fQiVuBBe8JgFYrIIDNZU9
;gOVjvmgrsqSnoUIdEvPcEs0X0SgyIew2QEg9UnOWhqwQ5SIvOZsBIrGHdEvUpP4Nf4ElncUHvadwaIy
;EldNwyofD8lNavVaUp7FEywTFXozfQiUepQc9lkFY7jKD9UacQZTTTmgrojFQ9mQKdKUYGikX03gyJe
;IUVnyLxJXFptyxRWO/e0syQ4FmNAo0pi4MDyGFvmUH/abAiF4zEDWm3QfD5VkuvVTd66VCHyLz2BzvA
;eX+pMe/FjDpnRPj1FafcdXDb3h7A/Kw99Tr9wRN7O8AU3giIergVnf30JXBQMqHxSNPGDvCMvJHJIo0
;JK4NH0IlbgQXvCYBWKyCAzWVPSI1I06uvUTUp7FCHRdn2BvJF9N+5DfcZsCY7jLzVFYd8dTTDNjbAoL
;gl1VbRwWN7O8AU3giIergVn64UJXCgMqHxSNPGDvCMvJHJIo0JK4NH0IlHmR3rcZBOO4zEDWm3QfD5V
;kuvVTYoJVCHOLz2BzvAeX+pMe/FjDpnRPj1FafcaWjD2mbQ5LyRtfrxORYGikX03gyLe3EVn9LxJXFp
;tyxRWO/e0syQ4FmNAo0pi58b0GUXiVnvxfziG3TFcNgyofD9Vkv+VTV17FCG8Tl7pyv8YaOVLbMNyBp
;nZFjZSfsMjWlWT69VNSnsUNZEvKoGjkRBW4Ep3wGA4jdU7MUBt2hlgP/eZvhIyexUh0S89gaO5PTeUI
;h6uaAaI1CAyUlPOFU045YqnKBURcVO6cESBopF9N4MiHoZFZ/y8SVxabcsUVjv3tLMkOBZjQKNKYuvG
;4xZo+SIfNJz+ciXQhQgMvXw/Vf+KtiUjFXF+tk5T9dHoIl/mS3nGcWfqvElcNwyofD9VhuvVTScad0m
;4QVjexPISU+Z9f81xDoTSSV03DKh8P1WS69VTSnsUTLBMVejN9CJQ4E16y1oTg8kkPlltwRBgPfeCsi
;U+exUh0S89gaP4PTeeIh6uaAaI1CAyUlPPH1Ax97ShJT8Wdk+wRlHe1PgZQ+siH64FZ+u8STV3DLd8P
;1X/irYlIxVxfr1OTvX85A1b7EN68XYCmcosLmh40QxaVZPr1U1KexQh0S8qgaOREFbgSnfAYDiF0zMm
;W2n3GFY0/46hKDh7FSHRL50YOkhCN5oiHq5oBojUIDJSU8YTRS/+joopIxp5RKVKT96RkXw3gyK+N5y
;+1LxQXDcMxR1cPfuFsBIkFG5bvUpi9cb8DWjuQ2bxNGfqvElcNwzID39Vi+vVTScad0m4QVjezf4HTe
;9HQdpgCpvjJD1PU5p8PlWS69VNKghUIcMvPYHO8B5f6kx78XUVgtI9A1pjzBk/VJLr1U1KexQh0Q49g
;aP8HFTrS3DLWheZ0yQsQ1PdD1oK4IqzORUPfFO0XFXuz/V9NoMiHq4Fp4n8SVE3DKgRXjb6grsoFQhg
;RKFKPYCjkX03gyIergVF67xJMVZvwBVRMM2dvD8+DnVNjkpF9dHkGVLxfXHIYxSOyBYkBQypfD9Vkuv
;VdAp7NiHRL1DgwPkUWeZ9aMd3E57dJQNSdNwOSjH3mYoiLB1nRKVwRLOjkH03gyIergVn651JXDdp0A
;hNIPaOp3wVGGFSpUBQ3tPjFFn3Q3zCYDiZ2S41WGKofj9Vs+vVTS8DYFOkS1jzkc4eQvBWccNaF5nVJ
;yhWbsQZYCf3jLwiJHsWIdEjPYGj/BxU60twy1oFjtA9XDUMqFw/VZKGtC4iEnpEjkxI8tf+EGjzUHfA
;cQ6F2xYsRWXHDlYh6+vXTUpjFCHRQlziy/gTUtxGf9pkOIjTJyhSYtwjXjH269dMSm4UIdFCXOLL+BN
;S3EZ/2mQ4jdUlOWhtzBg/V5Pr8U1Ke3lAskdU78bOGE/3UGvKYBW0zz41Q2/AI0g0+5+KJS8aYEi/SD
;2Do5FuN4Mic89mD4LSLANRbcYjXDr8n6ciJnsWINE0PYGj/BxU60twy1oBgs4kK1Z+zSNNMOaZtC4+E
;ntP0S09gYORfTfuQ33GbAmO4y81RWHfHU0wzZ+8IC8kcVKlRlDg1/gSWYMgHq4YZ+u8JD1UZMESWgr1
;iLopLyRxfrxaUfXK4RFO3ERywXJn6bxJRzcMqBFeNvqCuygVHHdOtUpi9cvkEFXtQ3fCWgaP2EleNwy
;4fD9V/4q2JSMVcX65Slz1/PMYU4MgH64WZ+u8JD1UZMESWgr7j7A1FQhtUqVKUIGhkX0rgyIew2QEg9
;UnOWhjxRVLCuCKvD4vD3tUskdi4sz1GDeBIh67BWfr0Sg/X2XGGWA64IKyJCQkd0S/W1jzo5N9N5QiH
;q5oBojUIDJSU9gOUDjin4o4OR5LU7BJSYGhkX0dgyIew2QEg9UnOWh82hNSJea0oD4vJGZAt1ti5dbh
;EV7gQ2rHagm00SAuRWPafD1VkvHVTUoWdUK5RlPk/OMYW+JWd9hgOI7EPS5Cf8ETUVWQ69VuSnsUTLB
;MVejN9CJF5lF72loCtNAsMlB4wCNTNOuOpxIpE3VPtko9g6ORXzeDInPPZg+C0iwDQW3EFVs05o6KPT
;gSelW4QVre0+MUWPFLatcFZeq8Xlw3DMcKWifggrEoFQh4SLJKYvLG5Qle7UVtrgdn66tJXDdkzR1LP
;PyMij4jFmFNsFtU7s3OGVb3Qx6tBWfrvElLNwyoEV42+oK7KBUdfU2wQljv184TVu5HQZ8FZOG8SVxn
;QOlcDnul3rggSmwUIdFCXOLL+BNS3ER3wmQKjtI9A1ltxRlgZ5Lo301Ke0RtkA8Mr5SkEFqDMx6uBQq
;K3yE1WWn3GlY597S7LCceFCLXLz2Bxf0SR/NbHrsFZ+vRKD9fZcYZYDP7mbg6KwlxfqVWTeSjkno3gy
;JVwmwXm9k7XD0MqHxSNPGDvCMvJH1F0SwZgaORGALgF32cZl7GhXprBSGcHgZsv9PteH1WJRfiHQq3m
;6gcU+cSHrwFZ+vRKD9fZcYZYDij2+V8FRh7RbQvPoGjkX03kSIermgGiNQgMlJTxU0PZaC0tiIuHhQi
;0S89gaODfTeDT3/NbQ6F2RYxBTyYTGA2/Y+wTUl7FCHRLzGBo5EQVuBKd8BgOJ/FOTk3D658P1X0h7o
;9OgIUONEvPezC8hVe7UdB2nwXjuMoPlV+zQpWNOaCuiNKeBQh0S89gaORfTeDIh6+BWfrvElcNwyofD
;9VkuvVTUp7FCPRLz363uh/N4MjHq4FEum8SVY3DKgscxSy2vt6fxZ5IdEv3b6jkeZzgyJZ7YCMLP1JH
;KtJqHzFE5LrHQ9ieRQh0S89gayRfTeTIh6uYw6H3SQ5WXj3GFo74YKhNEp6FCHRLz3hMNF9JoMiHshs
;C4rRLDJDU8wVXjj3n7A/SnoUIdEvPYFfrn0mgyIeyGwLitEsMkNTzhBQIuCKoShKehQh0S89gfrRfTm
;DIh7IbAuK0SwyQ1PYDlY29+vUTUp7tFEsF32BsZF9N+VLcs9oAoXIFipSfsEaRgr7j9VMSnsUIVG//s
;Gjhn03g01oy3cVgtgsA0RgwR9aCuGOoTkjFXNS0S09ga2RfTflS3LPaAKFyBY+RW3GGD9WlevVTRgaf
;VK0HHmBtpF9N+VLcs9oAoXIFjhef9gQXizNhbQgL3sXPdEvPdrx8BRE5hFa8yU3mdkkNUJhiCxzFLLa
;+3p/Fnkhwy89gcX4EVbuR3DaWgGC0CwDWW3FGT9WmOvVTRo3VQHgAQq0zvx9JYMiHshsC4rRLDJDU88
;fUDH3tLAjLnsXIdEvPYG3kX035Utyz2gChcgWO1RjzBlgJuaKpzlKeBQh0S89iqORfVHqTn/DYAmf4y
;A4Nw+MfD9VoYnnfnIYcBX8SwWxwrxJBOFBM5ZgXo2Re2RWNMpMXTaqjbR+SnYUIdFJVO3C/BhZ931wz
;2gC679DXDcM+DB+daPF4ngnFhQ70S8958r9HFrmTGrxawaG2RY9VW7aGUk885+8IiR7FyLRLz3R79B9
;OYMiHshsC4rRLDJDU8YTSzDh69ZNSnsUIdEvPYGjkX03kyIergVn67xJXDcMqHw/VZLr1U1IexQhqlI
;9gaORfTeDIh6uBWfrvElcNwyofD9VkuvVTUp7FCHRLw==
;Data end
;Recover start:29
;G21
;G90
;G28 X0 Y0
;G92 X0 Y0 Z{z}
;M221 T0 S100.00
;M140 S60.00
;M104 T0 S200.00
;M109 T0 S200.00
;T0
;M190 S60.00
;G21
;G90
;M82
;M106 S0
;T0
;G92 E0
;G1 F140 E29
;G1 X20 Y0 F140 E30
;G92 E0
;T{current_extruder}
;M106 S{current_fan_speed}
;G92 E{current_extrusion}
;G0 F6000 X{x} Y{y} Z{z}
;G0 F{current_travel_speed}
;G1 F{current_extrude_speed} E{current_extrusion}
;{current_unit}
;{current_pos_abs}
;{current_extrude_abs}
;M117 Printing...
;Recover end
;Print Time: 917
;Material#1 Used: 585.7
;Material#1 Cost: 0.04
