;Sliced by ideaMaker 5.5.0.8810, 2026-10-05 18:43:13 UTC+0200
;Slicer Version: 5.5.0.8810
;Dimension: 250.000 250.000 250.000 0.400
;Plate Shape: 0
;Origin Center: 0
;Extruder Offset #1: 25.000 0.000
;Filament Diameter #1: 1.750
;Filament Diameter #2: 1.750
;Filament Compensation #1: 100.000
;Filament Compensation #2: 90.000
;Filament Density #1: 1240.000
;Filament Density #2: 1240.000
;Filament Type #1: PLA
;Filament Type #2: PLA
;Filament Name #1: [Raise3D] Premium PLA 1.75mm
;Filament Name #2: [Raise3D] Premium PLA 1.75mm
;Filament #1: PLA 1.75mm
;Filament #2: PLA 1.75mm
;Printer Type: floppy
;Firmware: Klipper
;Bounding Box: 114.934 135.066 114.945 135.055 0.000 20.000
;Model Gap: 0.000
SET_PRESSURE_ADVANCE ADVANCE=0.0500
M221 T0 S100.00
M140 S60.00
M104 T0 S200.00
M109 T0 S200.00
T0
M190 S60.00
G21 ;metric values
G90 ;absolute positioning
M82 ;set extruder to absolute mode
M107 ;start with the fan off
G28 X0 Y0 ;move X/Y to min endstops
G28 Z0 ;move Z to min endstops
G1 Z15.0 F9000 ;move the platform down 15mm

G92 E0 ;zero the extruded length

G0 X43 Y27 F2000  ;go to the edge of the bed
G92 X0 Y0 E0 ;set zero to edge of the bed
G0 F9000 Z1 ;Z up with 1mm
G1 F200 Z0 ;Z home slowly

G1 Z15.0 F9000 ;move the platform down 15mm

G1 F9000 ;speed setting
G92 E-3 ;retraction
M117 Printing...
M1001
;TOTAL_NUM: 1
;PRINTING_TIME: 0
;REMAINING_TIME: 916
;LAYER:0
;Z:0.250
;HEIGHT:0.250
M106 S0
;PRINTING: FlowCalibrationCube4mm_nozzle0.8walls.stl
;PRINTING_ID: 0
G1 F2400 E-1.0000
SET_VELOCITY_LIMIT ACCEL=500.00
SET_VELOCITY_LIMIT SQUARE_CORNER_VELOCITY=5.00
G0 F3900 X115.134 Y115.145
G0 F300 Z0.250
;TYPE:WALL-OUTER
;WIDTH:0.400
G1 F1500 E0.0000
G1 F2400 X134.866 Y115.145 E0.8204
G1 X134.866 Y134.854 E1.6398
G1 X115.134 Y134.854 E2.4601
G1 X115.134 Y115.145 E3.2795
G0 F3900 X115.534 Y115.545
;TYPE:WALL-INNER
;WIDTH:0.400
G1 F2400 X134.466 Y115.545 E4.0666
G1 X134.466 Y134.454 E4.8528
G1 X115.534 Y134.454 E5.6399
G1 X115.534 Y115.545 E6.4260
G0 F3900 X115.934 Y115.945
G1 F2400 X134.066 Y115.945 E7.1799
G1 X134.066 Y134.054 E7.9328
G1 X115.934 Y134.054 E8.6866
G1 X115.934 Y115.945 E9.4395
G0 F3900 X116.334 Y116.345
G1 F2400 X133.666 Y116.345 E10.1601
G1 X133.666 Y133.654 E10.8797
G1 X116.334 Y133.654 E11.6003
G1 X116.334 Y116.345 E12.3199
G1 F2400 E11.3199
G1 F300 Z0.450
G0 F3900 X116.514 Y133.201
;TYPE:SOLID-FILL
;WIDTH:0.400
G1 F300 Z0.250
G1 F1500 E12.3199
G1 F2400 X116.785 Y133.473 E12.3358
G0 F2400 X117.351 Y133.473
G1 F2400 X116.514 Y132.636 E12.3851
G0 F2400 X116.514 Y132.070
G1 F2400 X117.917 Y133.473 E12.4676
G0 F2400 X118.482 Y133.473
G1 F2400 X116.514 Y131.504 E12.5833
G0 F2400 X116.514 Y130.939
G1 F2400 X119.048 Y133.473 E12.7323
G0 F2400 X119.614 Y133.473
G1 F2400 X116.514 Y130.373 E12.9146
G0 F2400 X116.514 Y129.807
G1 F2400 X120.179 Y133.473 E13.1301
G0 F2400 X120.745 Y133.473
G1 F2400 X116.514 Y129.242 E13.3788
G0 F2400 X116.514 Y128.676
G1 F2400 X121.311 Y133.473 E13.6609
G0 F2400 X121.876 Y133.473
G1 F2400 X116.514 Y128.110 E13.9762
G0 F2400 X116.514 Y127.545
G1 F2400 X122.442 Y133.473 E14.3247
G0 F2400 X123.008 Y133.473
G1 F2400 X116.514 Y126.979 E14.7065
G0 F2400 X116.514 Y126.413
G1 F2400 X123.573 Y133.473 E15.1216
G0 F2400 X124.139 Y133.473
G1 F2400 X116.514 Y125.848 E15.5699
G0 F2400 X116.514 Y125.282
G1 F2400 X124.705 Y133.473 E16.0515
G0 F2400 X125.271 Y133.473
G1 F2400 X116.514 Y124.716 E16.5664
G0 F2400 X116.514 Y124.150
G1 F2400 X125.836 Y133.473 E17.1145
G0 F2400 X126.402 Y133.473
G1 F2400 X116.514 Y123.585 E17.6959
G0 F2400 X116.514 Y123.019
G1 F2400 X126.968 Y133.473 E18.3106
G0 F2400 X127.533 Y133.473
G1 F2400 X116.514 Y122.453 E18.9585
G0 F2400 X116.514 Y121.888
G1 F2400 X128.099 Y133.473 E19.6396
G0 F2400 X128.665 Y133.473
G1 F2400 X116.514 Y121.322 E20.3541
G0 F2400 X116.514 Y120.756
G1 F2400 X129.230 Y133.473 E21.1017
G0 F2400 X129.796 Y133.473
G1 F2400 X116.514 Y120.191 E21.8827
G0 F2400 X116.514 Y119.625
G1 F2400 X130.362 Y133.473 E22.6969
G0 F2400 X130.927 Y133.473
G1 F2400 X116.514 Y119.059 E23.5443
G0 F2400 X116.514 Y118.494
G1 F2400 X131.493 Y133.473 E24.4250
G0 F2400 X132.059 Y133.473
G1 F2400 X116.514 Y117.928 E25.3390
G0 F2400 X116.514 Y117.362
G1 F2400 X132.624 Y133.473 E26.2863
G0 F2400 X133.190 Y133.473
G1 F2400 X116.514 Y116.797 E27.2668
G0 F2400 X116.807 Y116.524
G1 F2400 X133.485 Y133.202 E28.2474
G0 F2400 X133.485 Y132.636
G1 F2400 X117.373 Y116.524 E29.1947
G0 F2400 X117.939 Y116.524
G1 F2400 X133.485 Y132.071 E30.1088
G0 F2400 X133.485 Y131.505
G1 F2400 X118.504 Y116.524 E30.9896
G0 F2400 X119.070 Y116.524
G1 F2400 X133.485 Y130.939 E31.8371
G0 F2400 X133.485 Y130.374
G1 F2400 X119.636 Y116.524 E32.6514
G0 F2400 X120.201 Y116.524
G1 F2400 X133.485 Y129.808 E33.4325
G0 F2400 X133.485 Y129.242
G1 F2400 X120.767 Y116.524 E34.1802
G0 F2400 X121.333 Y116.524
G1 F2400 X133.485 Y128.677 E34.8948
G0 F2400 X133.485 Y128.111
G1 F2400 X121.898 Y116.524 E35.5760
G0 F2400 X122.464 Y116.524
G1 F2400 X133.485 Y127.545 E36.2240
G0 F2400 X133.485 Y126.980
G1 F2400 X123.030 Y116.524 E36.8388
G0 F2400 X123.595 Y116.524
G1 F2400 X133.485 Y126.414 E37.4203
G0 F2400 X133.485 Y125.848
G1 F2400 X124.161 Y116.524 E37.9685
G0 F2400 X124.727 Y116.524
G1 F2400 X133.485 Y125.283 E38.4834
G0 F2400 X133.485 Y124.717
G1 F2400 X125.292 Y116.524 E38.9652
G0 F2400 X125.858 Y116.524
G1 F2400 X133.485 Y124.151 E39.4136
G0 F2400 X133.485 Y123.586
G1 F2400 X126.424 Y116.524 E39.8288
G0 F2400 X126.990 Y116.524
G1 F2400 X133.485 Y123.020 E40.2107
G0 F2400 X133.485 Y122.454
G1 F2400 X127.555 Y116.524 E40.5594
G0 F2400 X128.121 Y116.524
G1 F2400 X133.485 Y121.888 E40.8747
G0 F2400 X133.485 Y121.323
G1 F2400 X128.687 Y116.524 E41.1569
G0 F2400 X129.252 Y116.524
G1 F2400 X133.485 Y120.757 E41.4058
G0 F2400 X133.485 Y120.191
G1 F2400 X129.818 Y116.524 E41.6214
G0 F2400 X130.384 Y116.524
G1 F2400 X133.485 Y119.626 E41.8037
G0 F2400 X133.485 Y119.060
G1 F2400 X130.949 Y116.524 E41.9528
G0 F2400 X131.515 Y116.524
G1 F2400 X133.485 Y118.494 E42.0687
G0 F2400 X133.485 Y117.929
G1 F2400 X132.081 Y116.524 E42.1512
G0 F2400 X132.646 Y116.524
G1 F2400 X133.485 Y117.363 E42.2006
G0 F2400 X133.485 Y116.797
G1 F2400 X133.212 Y116.524 E42.2166
;PRINTING_TIME: 37
;REMAINING_TIME: 879
;LAYER:1
;Z:0.500
;HEIGHT:0.250
M106 S51
;PRINTING: FlowCalibrationCube4mm_nozzle0.8walls.stl
;PRINTING_ID: 0
G1 F2400 E41.2166
G1 F300 Z0.700
G0 F3900 X115.134 Y115.145
G0 F300 Z0.500
;TYPE:WALL-OUTER
;WIDTH:0.400
;FLOW:95.0
G1 F300 Z0.500
G1 F1500 E42.2166
G1 F2400 X134.866 Y115.145 E42.9960
G1 X134.866 Y134.854 E43.7744
G1 X115.134 Y134.854 E44.5537
G1 X115.134 Y115.145 E45.3322
G0 F3900 X115.534 Y115.545
;TYPE:WALL-INNER
;WIDTH:0.400
;FLOW:85.0
G1 F2400 X134.466 Y115.545 E46.0012
G1 X134.466 Y134.454 E46.6694
G1 X115.534 Y134.454 E47.3385
G1 X115.534 Y115.545 E48.0067
G0 F3900 X115.934 Y115.945
G1 F2400 X134.066 Y115.945 E48.6475
G1 X134.066 Y134.054 E49.2874
G1 X115.934 Y134.054 E49.9282
G1 X115.934 Y115.945 E50.5681
G0 F3900 X116.334 Y116.345
G1 F2400 X133.666 Y116.345 E51.1806
G1 X133.666 Y133.654 E51.7923
G1 X116.334 Y133.654 E52.4048
G1 X116.334 Y116.345 E53.0165
G0 F3900 X116.514 Y116.831
;TYPE:SOLID-FILL
;WIDTH:0.400
G1 F2700 X116.821 Y116.524 E53.0318
G0 F2700 X117.386 Y116.524
G1 F2700 X116.514 Y117.396 E53.0754
G0 F2700 X116.514 Y117.962
G1 F2700 X117.952 Y116.524 E53.1473
G0 F2700 X118.518 Y116.524
G1 F2700 X116.514 Y118.528 E53.2474
G0 F2700 X116.514 Y119.093
G1 F2700 X119.083 Y116.524 E53.3758
G0 F2700 X119.649 Y116.524
G1 F2700 X116.514 Y119.659 E53.5325
G0 F2700 X116.514 Y120.225
G1 F2700 X120.215 Y116.524 E53.7175
G0 F2700 X120.780 Y116.524
G1 F2700 X116.514 Y120.790 E53.9307
G0 F2700 X116.514 Y121.356
G1 F2700 X121.346 Y116.524 E54.1721
G0 F2700 X121.912 Y116.524
G1 F2700 X116.514 Y121.922 E54.4419
G0 F2700 X116.514 Y122.487
G1 F2700 X122.477 Y116.524 E54.7399
G0 F2700 X123.043 Y116.524
G1 F2700 X116.514 Y123.053 E55.0662
G0 F2700 X116.514 Y123.619
G1 F2700 X123.609 Y116.524 E55.4208
G0 F2700 X124.175 Y116.524
G1 F2700 X116.514 Y124.184 E55.8037
G0 F2700 X116.514 Y124.750
G1 F2700 X124.740 Y116.524 E56.2148
G0 F2700 X125.306 Y116.524
G1 F2700 X116.514 Y125.316 E56.6542
G0 F2700 X116.514 Y125.881
G1 F2700 X125.872 Y116.524 E57.1218
G0 F2700 X126.437 Y116.524
G1 F2700 X116.514 Y126.447 E57.6177
G0 F2700 X116.514 Y127.013
G1 F2700 X127.003 Y116.524 E58.1419
G0 F2700 X127.569 Y116.524
G1 F2700 X116.514 Y127.579 E58.6944
G0 F2700 X116.514 Y128.144
G1 F2700 X128.134 Y116.524 E59.2752
G0 F2700 X128.700 Y116.524
G1 F2700 X116.514 Y128.710 E59.8842
G0 F2700 X116.514 Y129.276
G1 F2700 X129.266 Y116.524 E60.5215
G0 F2700 X129.831 Y116.524
G1 F2700 X116.514 Y129.841 E61.1870
G0 F2700 X116.514 Y130.407
G1 F2700 X130.397 Y116.524 E61.8809
G0 F2700 X130.963 Y116.524
G1 F2700 X116.514 Y130.973 E62.6030
G0 F2700 X116.514 Y131.538
G1 F2700 X131.528 Y116.524 E63.3533
G0 F2700 X132.094 Y116.524
G1 F2700 X116.514 Y132.104 E64.1320
G0 F2700 X116.514 Y132.670
G1 F2700 X132.660 Y116.524 E64.9389
G0 F2700 X133.225 Y116.524
G1 F2700 X116.514 Y133.235 E65.7740
G0 F2700 X116.841 Y133.474
G1 F2700 X133.485 Y116.830 E66.6059
G0 F2700 X133.485 Y117.395
G1 F2700 X117.407 Y133.474 E67.4094
G0 F2700 X117.972 Y133.474
G1 F2700 X133.485 Y117.961 E68.1847
G0 F2700 X133.485 Y118.527
G1 F2700 X118.538 Y133.474 E68.9317
G0 F2700 X119.104 Y133.474
G1 F2700 X133.485 Y119.093 E69.6504
G0 F2700 X133.485 Y119.658
G1 F2700 X119.670 Y133.474 E70.3409
G0 F2700 X120.235 Y133.474
G1 F2700 X133.485 Y120.224 E71.0031
G0 F2700 X133.485 Y120.790
G1 F2700 X120.801 Y133.474 E71.6370
G0 F2700 X121.367 Y133.474
G1 F2700 X133.485 Y121.355 E72.2426
G0 F2700 X133.485 Y121.921
G1 F2700 X121.932 Y133.474 E72.8200
G0 F2700 X122.498 Y133.474
G1 F2700 X133.485 Y122.487 E73.3691
G0 F2700 X133.485 Y123.052
G1 F2700 X123.064 Y133.474 E73.8899
G0 F2700 X123.629 Y133.474
G1 F2700 X133.485 Y123.618 E74.3825
G0 F2700 X133.485 Y124.184
G1 F2700 X124.195 Y133.474 E74.8468
G0 F2700 X124.761 Y133.474
G1 F2700 X133.485 Y124.749 E75.2828
G0 F2700 X133.485 Y125.315
G1 F2700 X125.326 Y133.474 E75.6906
G0 F2700 X125.892 Y133.474
G1 F2700 X133.485 Y125.881 E76.0700
G0 F2700 X133.485 Y126.446
G1 F2700 X126.458 Y133.474 E76.4212
G0 F2700 X127.023 Y133.474
G1 F2700 X133.485 Y127.012 E76.7442
G0 F2700 X133.485 Y127.578
G1 F2700 X127.589 Y133.474 E77.0388
G0 F2700 X128.155 Y133.474
G1 F2700 X133.485 Y128.144 E77.3052
G0 F2700 X133.485 Y128.709
G1 F2700 X128.721 Y133.474 E77.5433
G0 F2700 X129.286 Y133.474
G1 F2700 X133.485 Y129.275 E77.7532
G0 F2700 X133.485 Y129.841
G1 F2700 X129.852 Y133.474 E77.9348
G0 F2700 X130.418 Y133.474
G1 F2700 X133.485 Y130.406 E78.0881
G0 F2700 X133.485 Y130.972
G1 F2700 X130.983 Y133.474 E78.2131
G0 F2700 X131.549 Y133.474
G1 F2700 X133.485 Y131.538 E78.3099
G0 F2700 X133.485 Y132.103
G1 F2700 X132.115 Y133.474 E78.3784
G0 F2700 X132.680 Y133.474
G1 F2700 X133.485 Y132.669 E78.4186
G0 F2700 X133.485 Y133.235
G1 F2700 X133.246 Y133.474 E78.4305
;PRINTING_TIME: 69
;REMAINING_TIME: 847
;LAYER:2
;Z:0.750
;HEIGHT:0.250
;FLOW:100.0
;PRINTING: FlowCalibrationCube4mm_nozzle0.8walls.stl
;PRINTING_ID: 0
G1 F2400 E77.4305
G1 F300 Z0.950
G0 F3900 X115.134 Y115.145
G0 F300 Z0.750
;TYPE:WALL-OUTER
;WIDTH:0.400
;FLOW:95.0
G1 F300 Z0.750
G1 F1500 E78.4305
G1 F2400 X134.866 Y115.145 E79.2099
G1 X134.866 Y134.854 E79.9883
G1 X115.134 Y134.854 E80.7676
G1 X115.134 Y115.145 E81.5461
G0 F3900 X115.534 Y115.545
;TYPE:WALL-INNER
;WIDTH:0.400
;FLOW:85.0
G1 F2400 X134.466 Y115.545 E82.2151
G1 X134.466 Y134.454 E82.8833
G1 X115.534 Y134.454 E83.5524
G1 X115.534 Y115.545 E84.2206
G0 F3900 X115.934 Y115.945
G1 F2400 X134.066 Y115.945 E84.8614
G1 X134.066 Y134.054 E85.5013
G1 X115.934 Y134.054 E86.1421
G1 X115.934 Y115.945 E86.7820
G0 F3900 X116.334 Y116.345
G1 F2400 X133.666 Y116.345 E87.3945
G1 X133.666 Y133.654 E88.0062
G1 X116.334 Y133.654 E88.6187
G1 X116.334 Y116.345 E89.2304
G1 F2400 E88.2304
G1 F300 Z0.950
G0 F3900 X116.514 Y133.201
;TYPE:SOLID-FILL
;WIDTH:0.400
G1 F300 Z0.750
G1 F1500 E89.2304
G1 F3000 X116.785 Y133.473 E89.2440
G0 F3000 X117.351 Y133.473
G1 F3000 X116.514 Y132.636 E89.2858
G0 F3000 X116.514 Y132.070
G1 F3000 X117.917 Y133.473 E89.3559
G0 F3000 X118.482 Y133.473
G1 F3000 X116.514 Y131.504 E89.4543
G0 F3000 X116.514 Y130.939
G1 F3000 X119.048 Y133.473 E89.5809
G0 F3000 X119.614 Y133.473
G1 F3000 X116.514 Y130.373 E89.7358
G0 F3000 X116.514 Y129.807
G1 F3000 X120.179 Y133.473 E89.9190
G0 F3000 X120.745 Y133.473
G1 F3000 X116.514 Y129.242 E90.1305
G0 F3000 X116.514 Y128.676
G1 F3000 X121.311 Y133.473 E90.3702
G0 F3000 X121.876 Y133.473
G1 F3000 X116.514 Y128.110 E90.6382
G0 F3000 X116.514 Y127.545
G1 F3000 X122.442 Y133.473 E90.9345
G0 F3000 X123.008 Y133.473
G1 F3000 X116.514 Y126.979 E91.2590
G0 F3000 X116.514 Y126.413
G1 F3000 X123.573 Y133.473 E91.6118
G0 F3000 X124.139 Y133.473
G1 F3000 X116.514 Y125.848 E91.9929
G0 F3000 X116.514 Y125.282
G1 F3000 X124.705 Y133.473 E92.4023
G0 F3000 X125.271 Y133.473
G1 F3000 X116.514 Y124.716 E92.8399
G0 F3000 X116.514 Y124.150
G1 F3000 X125.836 Y133.473 E93.3058
G0 F3000 X126.402 Y133.473
G1 F3000 X116.514 Y123.585 E93.8000
G0 F3000 X116.514 Y123.019
G1 F3000 X126.968 Y133.473 E94.3225
G0 F3000 X127.533 Y133.473
G1 F3000 X116.514 Y122.453 E94.8732
G0 F3000 X116.514 Y121.888
G1 F3000 X128.099 Y133.473 E95.4522
G0 F3000 X128.665 Y133.473
G1 F3000 X116.514 Y121.322 E96.0594
G0 F3000 X116.514 Y120.756
G1 F3000 X129.230 Y133.473 E96.6950
G0 F3000 X129.796 Y133.473
G1 F3000 X116.514 Y120.191 E97.3588
G0 F3000 X116.514 Y119.625
G1 F3000 X130.362 Y133.473 E98.0508
G0 F3000 X130.927 Y133.473
G1 F3000 X116.514 Y119.059 E98.7712
G0 F3000 X116.514 Y118.494
G1 F3000 X131.493 Y133.473 E99.5198
G0 F3000 X132.059 Y133.473
G1 F3000 X116.514 Y117.928 E100.2967
G0 F3000 X116.514 Y117.362
G1 F3000 X132.624 Y133.473 E101.1018
G0 F3000 X133.190 Y133.473
G1 F3000 X116.514 Y116.797 E101.9352
G0 F3000 X116.807 Y116.524
G1 F3000 X133.485 Y133.202 E102.7687
G0 F3000 X133.485 Y132.636
G1 F3000 X117.373 Y116.524 E103.5740
G0 F3000 X117.939 Y116.524
G1 F3000 X133.485 Y132.071 E104.3509
G0 F3000 X133.485 Y131.505
G1 F3000 X118.504 Y116.524 E105.0996
G0 F3000 X119.070 Y116.524
G1 F3000 X133.485 Y130.939 E105.8200
G0 F3000 X133.485 Y130.374
G1 F3000 X119.636 Y116.524 E106.5122
G0 F3000 X120.201 Y116.524
G1 F3000 X133.485 Y129.808 E107.1761
G0 F3000 X133.485 Y129.242
G1 F3000 X120.767 Y116.524 E107.8117
G0 F3000 X121.333 Y116.524
G1 F3000 X133.485 Y128.677 E108.4190
G0 F3000 X133.485 Y128.111
G1 F3000 X121.898 Y116.524 E108.9981
G0 F3000 X122.464 Y116.524
G1 F3000 X133.485 Y127.545 E109.5489
G0 F3000 X133.485 Y126.980
G1 F3000 X123.030 Y116.524 E110.0714
G0 F3000 X123.595 Y116.524
G1 F3000 X133.485 Y126.414 E110.5657
G0 F3000 X133.485 Y125.848
G1 F3000 X124.161 Y116.524 E111.0317
G0 F3000 X124.727 Y116.524
G1 F3000 X133.485 Y125.283 E111.4694
G0 F3000 X133.485 Y124.717
G1 F3000 X125.292 Y116.524 E111.8789
G0 F3000 X125.858 Y116.524
G1 F3000 X133.485 Y124.151 E112.2600
G0 F3000 X133.485 Y123.586
G1 F3000 X126.424 Y116.524 E112.6130
G0 F3000 X126.990 Y116.524
G1 F3000 X133.485 Y123.020 E112.9376
G0 F3000 X133.485 Y122.454
G1 F3000 X127.555 Y116.524 E113.2339
G0 F3000 X128.121 Y116.524
G1 F3000 X133.485 Y121.888 E113.5020
G0 F3000 X133.485 Y121.323
G1 F3000 X128.687 Y116.524 E113.7418
G0 F3000 X129.252 Y116.524
G1 F3000 X133.485 Y120.757 E113.9534
G0 F3000 X133.485 Y120.191
G1 F3000 X129.818 Y116.524 E114.1366
G0 F3000 X130.384 Y116.524
G1 F3000 X133.485 Y119.626 E114.2916
G0 F3000 X133.485 Y119.060
G1 F3000 X130.949 Y116.524 E114.4184
G0 F3000 X131.515 Y116.524
G1 F3000 X133.485 Y118.494 E114.5168
G0 F3000 X133.485 Y117.929
G1 F3000 X132.081 Y116.524 E114.5870
G0 F3000 X132.646 Y116.524
G1 F3000 X133.485 Y117.363 E114.6290
G0 F3000 X133.485 Y116.797
G1 F3000 X133.212 Y116.524 E114.6426
;PRINTING_TIME: 101
;REMAINING_TIME: 815
;LAYER:3
;Z:1.000
;HEIGHT:0.250
;FLOW:100.0
M106 S204
;PRINTING: FlowCalibrationCube4mm_nozzle0.8walls.stl
;PRINTING_ID: 0
G1 F2400 E113.6426
G1 F300 Z1.200
G0 F3900 X133.212 Y115.449
G0 F300 Z1.000
G0 F3900 X115.234 Y115.155
G0 X115.134 Y115.145
;TYPE:WALL-OUTER
;WIDTH:0.400
;FLOW:95.0
G1 F300 Z1.000
G1 F1500 E114.6426
G1 F956 X134.866 Y115.145 E115.4219
G1 X134.866 Y134.854 E116.2004
G1 X115.134 Y134.854 E116.9797
G1 X115.134 Y115.145 E117.7582
G1 F2400 E116.7582
G1 F300 Z1.200
G0 F3900 X115.539 Y115.549
G1 F300 Z1.000
G1 F1500 E117.7582
G1 F956 X115.539 Y134.450 E118.5047
G1 X134.460 Y134.450 E119.2520
G1 X134.460 Y115.549 E119.9985
G1 X115.539 Y115.549 E120.7458
;PRINTING_TIME: 112
;REMAINING_TIME: 804
;LAYER:4
;Z:1.250
;HEIGHT:0.250
;FLOW:100.0
;PRINTING: FlowCalibrationCube4mm_nozzle0.8walls.stl
;PRINTING_ID: 0
G1 F2400 E119.7458
G1 F300 Z1.450
G0 F3900 X115.134 Y115.145
G0 F300 Z1.250
;TYPE:WALL-OUTER
;WIDTH:0.400
;FLOW:95.0
G1 F300 Z1.250
G1 F1500 E120.7458
G1 F929 X134.866 Y115.145 E121.5252
G1 X134.866 Y134.854 E122.3036
G1 X115.134 Y134.854 E123.0830
G1 X115.134 Y115.145 E123.8614
G1 F2400 E122.8614
G1 F300 Z1.450
G0 F3900 X115.539 Y115.549
G1 F300 Z1.250
G1 F1500 E123.8614
G1 F929 X115.539 Y134.450 E124.6079
G1 X134.460 Y134.450 E125.3552
G1 X134.460 Y115.549 E126.1017
G1 X115.539 Y115.549 E126.8491
;PRINTING_TIME: 122
;REMAINING_TIME: 793
;LAYER:5
;Z:1.500
;HEIGHT:0.250
;FLOW:100.0
;PRINTING: FlowCalibrationCube4mm_nozzle0.8walls.stl
;PRINTING_ID: 0
G1 F2400 E125.8491
G1 F300 Z1.700
G0 F3900 X115.134 Y115.145
G0 F300 Z1.500
;TYPE:WALL-OUTER
;WIDTH:0.400
;FLOW:95.0
G1 F300 Z1.500
G1 F1500 E126.8491
G1 F929 X134.866 Y115.145 E127.6284
G1 X134.866 Y134.854 E128.4068
G1 X115.134 Y134.854 E129.1862
G1 X115.134 Y115.145 E129.9646
G1 F2400 E128.9646
G1 F300 Z1.700
G0 F3900 X115.539 Y115.549
G1 F300 Z1.500
G1 F1500 E129.9646
G1 F929 X115.539 Y134.450 E130.7111
G1 X134.460 Y134.450 E131.4584
G1 X134.460 Y115.549 E132.2050
G1 X115.539 Y115.549 E132.9523
;PRINTING_TIME: 133
;REMAINING_TIME: 783
;LAYER:6
;Z:1.750
;HEIGHT:0.250
;FLOW:100.0
;PRINTING: FlowCalibrationCube4mm_nozzle0.8walls.stl
;PRINTING_ID: 0
G1 F2400 E131.9523
G1 F300 Z1.950
G0 F3900 X115.134 Y115.145
G0 F300 Z1.750
;TYPE:WALL-OUTER
;WIDTH:0.400
;FLOW:95.0
G1 F300 Z1.750
G1 F1500 E132.9523
G1 F929 X134.866 Y115.145 E133.7316
G1 X134.866 Y134.854 E134.5101
G1 X115.134 Y134.854 E135.2894
G1 X115.134 Y115.145 E136.0678
G1 F2400 E135.0678
G1 F300 Z1.950
G0 F3900 X115.539 Y115.549
G1 F300 Z1.750
G1 F1500 E136.0678
G1 F929 X115.539 Y134.450 E136.8144
G1 X134.460 Y134.450 E137.5617
G1 X134.460 Y115.549 E138.3082
G1 X115.539 Y115.549 E139.0555
;PRINTING_TIME: 144
;REMAINING_TIME: 772
;LAYER:7
;Z:2.000
;HEIGHT:0.250
;FLOW:100.0
;PRINTING: FlowCalibrationCube4mm_nozzle0.8walls.stl
;PRINTING_ID: 0
G1 F2400 E138.0555
G1 F300 Z2.200
G0 F3900 X115.134 Y115.145
G0 F300 Z2.000
;TYPE:WALL-OUTER
;WIDTH:0.400
;FLOW:95.0
G1 F300 Z2.000
G1 F1500 E139.0555
G1 F929 X134.866 Y115.145 E139.8348
G1 X134.866 Y134.854 E140.6133
G1 X115.134 Y134.854 E141.3926
G1 X115.134 Y115.145 E142.1711
G1 F2400 E141.1711
G1 F300 Z2.200
G0 F3900 X115.539 Y115.549
G1 F300 Z2.000
G1 F1500 E142.1711
G1 F929 X115.539 Y134.450 E142.9176
G1 X134.460 Y134.450 E143.6649
G1 X134.460 Y115.549 E144.4114
G1 X115.539 Y115.549 E145.1587
;PRINTING_TIME: 154
;REMAINING_TIME: 762
;LAYER:8
;Z:2.250
;HEIGHT:0.250
;FLOW:100.0
;PRINTING: FlowCalibrationCube4mm_nozzle0.8walls.stl
;PRINTING_ID: 0
G1 F2400 E144.1587
G1 F300 Z2.450
G0 F3900 X115.134 Y115.145
G0 F300 Z2.250
;TYPE:WALL-OUTER
;WIDTH:0.400
;FLOW:95.0
G1 F300 Z2.250
G1 F1500 E145.1587
G1 F929 X134.866 Y115.145 E145.9381
G1 X134.866 Y134.854 E146.7165
G1 X115.134 Y134.854 E147.4958
G1 X115.134 Y115.145 E148.2743
G1 F2400 E147.2743
G1 F300 Z2.450
G0 F3900 X115.539 Y115.549
G1 F300 Z2.250
G1 F1500 E148.2743
G1 F929 X115.539 Y134.450 E149.0208
G1 X134.460 Y134.450 E149.7681
G1 X134.460 Y115.549 E150.5146
G1 X115.539 Y115.549 E151.2619
;PRINTING_TIME: 165
;REMAINING_TIME: 751
;LAYER:9
;Z:2.500
;HEIGHT:0.250
;FLOW:100.0
;PRINTING: FlowCalibrationCube4mm_nozzle0.8walls.stl
;PRINTING_ID: 0
G1 F2400 E150.2619
G1 F300 Z2.700
G0 F3900 X115.134 Y115.145
G0 F300 Z2.500
;TYPE:WALL-OUTER
;WIDTH:0.400
;FLOW:95.0
G1 F300 Z2.500
G1 F1500 E151.2619
G1 F929 X134.866 Y115.145 E152.0413
G1 X134.866 Y134.854 E152.8197
G1 X115.134 Y134.854 E153.5991
G1 X115.134 Y115.145 E154.3775
G1 F2400 E153.3775
G1 F300 Z2.700
G0 F3900 X115.539 Y115.549
G1 F300 Z2.500
G1 F1500 E154.3775
G1 F929 X115.539 Y134.450 E155.1240
G1 X134.460 Y134.450 E155.8713
G1 X134.460 Y115.549 E156.6179
G1 X115.539 Y115.549 E157.3652
;PRINTING_TIME: 175
;REMAINING_TIME: 741
;LAYER:10
;Z:2.750
;HEIGHT:0.250
;FLOW:100.0
;PRINTING: FlowCalibrationCube4mm_nozzle0.8walls.stl
;PRINTING_ID: 0
G1 F2400 E156.3652
G1 F300 Z2.950
G0 F3900 X115.134 Y115.145
G0 F300 Z2.750
;TYPE:WALL-OUTER
;WIDTH:0.400
;FLOW:95.0
G1 F300 Z2.750
G1 F1500 E157.3652
G1 F929 X134.866 Y115.145 E158.1445
G1 X134.866 Y134.854 E158.9229
G1 X115.134 Y134.854 E159.7023
G1 X115.134 Y115.145 E160.4807
G1 F2400 E159.4807
G1 F300 Z2.950
G0 F3900 X115.539 Y115.549
G1 F300 Z2.750
G1 F1500 E160.4807
G1 F929 X115.539 Y134.450 E161.2272
G1 X134.460 Y134.450 E161.9746
G1 X134.460 Y115.549 E162.7211
G1 X115.539 Y115.549 E163.4684
;PRINTING_TIME: 186
;REMAINING_TIME: 730
;LAYER:11
;Z:3.000
;HEIGHT:0.250
;FLOW:100.0
;PRINTING: FlowCalibrationCube4mm_nozzle0.8walls.stl
;PRINTING_ID: 0
G1 F2400 E162.4684
G1 F300 Z3.200
G0 F3900 X115.134 Y115.145
G0 F300 Z3.000
;TYPE:WALL-OUTER
;WIDTH:0.400
;FLOW:95.0
G1 F300 Z3.000
G1 F1500 E163.4684
G1 F929 X134.866 Y115.145 E164.2477
G1 X134.866 Y134.854 E165.0262
G1 X115.134 Y134.854 E165.8055
G1 X115.134 Y115.145 E166.5839
G1 F2400 E165.5839
G1 F300 Z3.200
G0 F3900 X115.539 Y115.549
G1 F300 Z3.000
G1 F1500 E166.5839
G1 F929 X115.539 Y134.450 E167.3305
G1 X134.460 Y134.450 E168.0778
G1 X134.460 Y115.549 E168.8243
G1 X115.539 Y115.549 E169.5716
;PRINTING_TIME: 196
;REMAINING_TIME: 719
;LAYER:12
;Z:3.250
;HEIGHT:0.250
;FLOW:100.0
;PRINTING: FlowCalibrationCube4mm_nozzle0.8walls.stl
;PRINTING_ID: 0
G1 F2400 E168.5716
G1 F300 Z3.450
G0 F3900 X115.134 Y115.145
G0 F300 Z3.250
;TYPE:WALL-OUTER
;WIDTH:0.400
;FLOW:95.0
G1 F300 Z3.250
G1 F1500 E169.5716
G1 F929 X134.866 Y115.145 E170.3510
G1 X134.866 Y134.854 E171.1294
G1 X115.134 Y134.854 E171.9087
G1 X115.134 Y115.145 E172.6872
G1 F2400 E171.6872
G1 F300 Z3.450
G0 F3900 X115.539 Y115.549
G1 F300 Z3.250
G1 F1500 E172.6872
G1 F929 X115.539 Y134.450 E173.4337
G1 X134.460 Y134.450 E174.1810
G1 X134.460 Y115.549 E174.9275
G1 X115.539 Y115.549 E175.6748
;PRINTING_TIME: 207
;REMAINING_TIME: 709
;LAYER:13
;Z:3.500
;HEIGHT:0.250
;FLOW:100.0
;PRINTING: FlowCalibrationCube4mm_nozzle0.8walls.stl
;PRINTING_ID: 0
G1 F2400 E174.6748
G1 F300 Z3.700
G0 F3900 X115.134 Y115.145
G0 F300 Z3.500
;TYPE:WALL-OUTER
;WIDTH:0.400
;FLOW:95.0
G1 F300 Z3.500
G1 F1500 E175.6748
G1 F929 X134.866 Y115.145 E176.4542
G1 X134.866 Y134.854 E177.2326
G1 X115.134 Y134.854 E178.0120
G1 X115.134 Y115.145 E178.7904
G1 F2400 E177.7904
G1 F300 Z3.700
G0 F3900 X115.539 Y115.549
G1 F300 Z3.500
G1 F1500 E178.7904
G1 F929 X115.539 Y134.450 E179.5369
G1 X134.460 Y134.450 E180.2842
G1 X134.460 Y115.549 E181.0307
G1 X115.539 Y115.549 E181.7781
;PRINTING_TIME: 218
;REMAINING_TIME: 698
;LAYER:14
;Z:3.750
;HEIGHT:0.250
;FLOW:100.0
;PRINTING: FlowCalibrationCube4mm_nozzle0.8walls.stl
;PRINTING_ID: 0
G1 F2400 E180.7781
G1 F300 Z3.950
G0 F3900 X115.134 Y115.145
G0 F300 Z3.750
;TYPE:WALL-OUTER
;WIDTH:0.400
;FLOW:95.0
G1 F300 Z3.750
G1 F1500 E181.7781
G1 F929 X134.866 Y115.145 E182.5574
G1 X134.866 Y134.854 E183.3358
G1 X115.134 Y134.854 E184.1152
G1 X115.134 Y115.145 E184.8936
G1 F2400 E183.8936
G1 F300 Z3.950
G0 F3900 X115.539 Y115.549
G1 F300 Z3.750
G1 F1500 E184.8936
G1 F929 X115.539 Y134.450 E185.6401
G1 X134.460 Y134.450 E186.3874
G1 X134.460 Y115.549 E187.1340
G1 X115.539 Y115.549 E187.8813
;PRINTING_TIME: 228
;REMAINING_TIME: 688
;LAYER:15
;Z:4.000
;HEIGHT:0.250
;FLOW:100.0
;PRINTING: FlowCalibrationCube4mm_nozzle0.8walls.stl
;PRINTING_ID: 0
G1 F2400 E186.8813
G1 F300 Z4.200
G0 F3900 X115.134 Y115.145
G0 F300 Z4.000
;TYPE:WALL-OUTER
;WIDTH:0.400
;FLOW:95.0
G1 F300 Z4.000
G1 F1500 E187.8813
G1 F929 X134.866 Y115.145 E188.6606
G1 X134.866 Y134.854 E189.4391
G1 X115.134 Y134.854 E190.2184
G1 X115.134 Y115.145 E190.9968
G1 F2400 E189.9968
G1 F300 Z4.200
G0 F3900 X115.539 Y115.549
G1 F300 Z4.000
G1 F1500 E190.9968
G1 F929 X115.539 Y134.450 E191.7434
G1 X134.460 Y134.450 E192.4907
G1 X134.460 Y115.549 E193.2372
G1 X115.539 Y115.549 E193.9845
;PRINTING_TIME: 239
;REMAINING_TIME: 677
;LAYER:16
;Z:4.250
;HEIGHT:0.250
;FLOW:100.0
;PRINTING: FlowCalibrationCube4mm_nozzle0.8walls.stl
;PRINTING_ID: 0
G1 F2400 E192.9845
G1 F300 Z4.450
G0 F3900 X115.134 Y115.145
G0 F300 Z4.250
;TYPE:WALL-OUTER
;WIDTH:0.400
;FLOW:95.0
G1 F300 Z4.250
G1 F1500 E193.9845
G1 F929 X134.866 Y115.145 E194.7638
G1 X134.866 Y134.854 E195.5423
G1 X115.134 Y134.854 E196.3216
G1 X115.134 Y115.145 E197.1001
G1 F2400 E196.1001
G1 F300 Z4.450
G0 F3900 X115.539 Y115.549
G1 F300 Z4.250
G1 F1500 E197.1001
G1 F929 X115.539 Y134.450 E197.8466
G1 X134.460 Y134.450 E198.5939
G1 X134.460 Y115.549 E199.3404
G1 X115.539 Y115.549 E200.0877
;PRINTING_TIME: 249
;REMAINING_TIME: 667
;LAYER:17
;Z:4.500
;HEIGHT:0.250
;FLOW:100.0
;PRINTING: FlowCalibrationCube4mm_nozzle0.8walls.stl
;PRINTING_ID: 0
G1 F2400 E199.0877
G1 F300 Z4.700
G0 F3900 X115.134 Y115.145
G0 F300 Z4.500
;TYPE:WALL-OUTER
;WIDTH:0.400
;FLOW:95.0
G1 F300 Z4.500
G1 F1500 E200.0877
G1 F929 X134.866 Y115.145 E200.8671
G1 X134.866 Y134.854 E201.6455
G1 X115.134 Y134.854 E202.4248
G1 X115.134 Y115.145 E203.2033
G1 F2400 E202.2033
G1 F300 Z4.700
G0 F3900 X115.539 Y115.549
G1 F300 Z4.500
G1 F1500 E203.2033
G1 F929 X115.539 Y134.450 E203.9498
G1 X134.460 Y134.450 E204.6971
G1 X134.460 Y115.549 E205.4436
G1 X115.539 Y115.549 E206.1909
;PRINTING_TIME: 260
;REMAINING_TIME: 656
;LAYER:18
;Z:4.750
;HEIGHT:0.250
;FLOW:100.0
;PRINTING: FlowCalibrationCube4mm_nozzle0.8walls.stl
;PRINTING_ID: 0
G1 F2400 E205.1909
G1 F300 Z4.950
G0 F3900 X115.134 Y115.145
G0 F300 Z4.750
;TYPE:WALL-OUTER
;WIDTH:0.400
;FLOW:95.0
G1 F300 Z4.750
G1 F1500 E206.1909
G1 F929 X134.866 Y115.145 E206.9703
G1 X134.866 Y134.854 E207.7487
G1 X115.134 Y134.854 E208.5281
G1 X115.134 Y115.145 E209.3065
G1 F2400 E208.3065
G1 F300 Z4.950
G0 F3900 X115.539 Y115.549
G1 F300 Z4.750
G1 F1500 E209.3065
G1 F929 X115.539 Y134.450 E210.0530
G1 X134.460 Y134.450 E210.8003
G1 X134.460 Y115.549 E211.5469
G1 X115.539 Y115.549 E212.2942
;PRINTING_TIME: 271
;REMAINING_TIME: 645
;LAYER:19
;Z:5.000
;HEIGHT:0.250
;FLOW:100.0
;PRINTING: FlowCalibrationCube4mm_nozzle0.8walls.stl
;PRINTING_ID: 0
G1 F2400 E211.2942
G1 F300 Z5.200
G0 F3900 X115.134 Y115.145
G0 F300 Z5.000
;TYPE:WALL-OUTER
;WIDTH:0.400
;FLOW:95.0
G1 F300 Z5.000
G1 F1500 E212.2942
G1 F929 X134.866 Y115.145 E213.0735
G1 X134.866 Y134.854 E213.8519
G1 X115.134 Y134.854 E214.6313
G1 X115.134 Y115.145 E215.4097
G1 F2400 E214.4097
G1 F300 Z5.200
G0 F3900 X115.539 Y115.549
G1 F300 Z5.000
G1 F1500 E215.4097
G1 F929 X115.539 Y134.450 E216.1562
G1 X134.460 Y134.450 E216.9036
G1 X134.460 Y115.549 E217.6501
G1 X115.539 Y115.549 E218.3974
;PRINTING_TIME: 281
;REMAINING_TIME: 635
;LAYER:20
;Z:5.250
;HEIGHT:0.250
;FLOW:100.0
;PRINTING: FlowCalibrationCube4mm_nozzle0.8walls.stl
;PRINTING_ID: 0
G1 F2400 E217.3974
G1 F300 Z5.450
G0 F3900 X115.134 Y115.145
G0 F300 Z5.250
;TYPE:WALL-OUTER
;WIDTH:0.400
;FLOW:95.0
G1 F300 Z5.250
G1 F1500 E218.3974
G1 F929 X134.866 Y115.145 E219.1767
G1 X134.866 Y134.854 E219.9552
G1 X115.134 Y134.854 E220.7345
G1 X115.134 Y115.145 E221.5129
G1 F2400 E220.5129
G1 F300 Z5.450
G0 F3900 X115.539 Y115.549
G1 F300 Z5.250
G1 F1500 E221.5129
G1 F929 X115.539 Y134.450 E222.2595
G1 X134.460 Y134.450 E223.0068
G1 X134.460 Y115.549 E223.7533
G1 X115.539 Y115.549 E224.5006
;PRINTING_TIME: 292
;REMAINING_TIME: 624
;LAYER:21
;Z:5.500
;HEIGHT:0.250
;FLOW:100.0
;PRINTING: FlowCalibrationCube4mm_nozzle0.8walls.stl
;PRINTING_ID: 0
G1 F2400 E223.5006
G1 F300 Z5.700
G0 F3900 X115.134 Y115.145
G0 F300 Z5.500
;TYPE:WALL-OUTER
;WIDTH:0.400
;FLOW:95.0
G1 F300 Z5.500
G1 F1500 E224.5006
G1 F929 X134.866 Y115.145 E225.2800
G1 X134.866 Y134.854 E226.0584
G1 X115.134 Y134.854 E226.8377
G1 X115.134 Y115.145 E227.6162
G1 F2400 E226.6162
G1 F300 Z5.700
G0 F3900 X115.539 Y115.549
G1 F300 Z5.500
G1 F1500 E227.6162
G1 F929 X115.539 Y134.450 E228.3627
G1 X134.460 Y134.450 E229.1100
G1 X134.460 Y115.549 E229.8565
G1 X115.539 Y115.549 E230.6038
;PRINTING_TIME: 302
;REMAINING_TIME: 614
;LAYER:22
;Z:5.750
;HEIGHT:0.250
;FLOW:100.0
;PRINTING: FlowCalibrationCube4mm_nozzle0.8walls.stl
;PRINTING_ID: 0
G1 F2400 E229.6038
G1 F300 Z5.950
G0 F3900 X115.134 Y115.145
G0 F300 Z5.750
;TYPE:WALL-OUTER
;WIDTH:0.400
;FLOW:95.0
G1 F300 Z5.750
G1 F1500 E230.6038
G1 F929 X134.866 Y115.145 E231.3832
G1 X134.866 Y134.854 E232.1616
G1 X115.134 Y134.854 E232.9410
G1 X115.134 Y115.145 E233.7194
G1 F2400 E232.7194
G1 F300 Z5.950
G0 F3900 X115.539 Y115.549
G1 F300 Z5.750
G1 F1500 E233.7194
G1 F929 X115.539 Y134.450 E234.4659
G1 X134.460 Y134.450 E235.2132
G1 X134.460 Y115.549 E235.9597
G1 X115.539 Y115.549 E236.7071
;PRINTING_TIME: 313
;REMAINING_TIME: 603
;LAYER:23
;Z:6.000
;HEIGHT:0.250
;FLOW:100.0
;PRINTING: FlowCalibrationCube4mm_nozzle0.8walls.stl
;PRINTING_ID: 0
G1 F2400 E235.7071
G1 F300 Z6.200
G0 F3900 X115.134 Y115.145
G0 F300 Z6.000
;TYPE:WALL-OUTER
;WIDTH:0.400
;FLOW:95.0
G1 F300 Z6.000
G1 F1500 E236.7071
G1 F929 X134.866 Y115.145 E237.4864
G1 X134.866 Y134.854 E238.2648
G1 X115.134 Y134.854 E239.0442
G1 X115.134 Y115.145 E239.8226
G1 F2400 E238.8226
G1 F300 Z6.200
G0 F3900 X115.539 Y115.549
G1 F300 Z6.000
G1 F1500 E239.8226
G1 F929 X115.539 Y134.450 E240.5691
G1 X134.460 Y134.450 E241.3164
G1 X134.460 Y115.549 E242.0630
G1 X115.539 Y115.549 E242.8103
;PRINTING_TIME: 323
;REMAINING_TIME: 592
;LAYER:24
;Z:6.250
;HEIGHT:0.250
;FLOW:100.0
;PRINTING: FlowCalibrationCube4mm_nozzle0.8walls.stl
;PRINTING_ID: 0
G1 F2400 E241.8103
G1 F300 Z6.450
G0 F3900 X115.134 Y115.145
G0 F300 Z6.250
;TYPE:WALL-OUTER
;WIDTH:0.400
;FLOW:95.0
G1 F300 Z6.250
G1 F1500 E242.8103
G1 F929 X134.866 Y115.145 E243.5896
G1 X134.866 Y134.854 E244.3681
G1 X115.134 Y134.854 E245.1474
G1 X115.134 Y115.145 E245.9258
G1 F2400 E244.9258
G1 F300 Z6.450
G0 F3900 X115.539 Y115.549
G1 F300 Z6.250
G1 F1500 E245.9258
G1 F929 X115.539 Y134.450 E246.6724
G1 X134.460 Y134.450 E247.4197
G1 X134.460 Y115.549 E248.1662
G1 X115.539 Y115.549 E248.9135
;PRINTING_TIME: 334
;REMAINING_TIME: 582
;LAYER:25
;Z:6.500
;HEIGHT:0.250
;FLOW:100.0
;PRINTING: FlowCalibrationCube4mm_nozzle0.8walls.stl
;PRINTING_ID: 0
G1 F2400 E247.9135
G1 F300 Z6.700
G0 F3900 X115.134 Y115.145
G0 F300 Z6.500
;TYPE:WALL-OUTER
;WIDTH:0.400
;FLOW:95.0
G1 F300 Z6.500
G1 F1500 E248.9135
G1 F929 X134.866 Y115.145 E249.6928
G1 X134.866 Y134.854 E250.4713
G1 X115.134 Y134.854 E251.2506
G1 X115.134 Y115.145 E252.0291
G1 F2400 E251.0291
G1 F300 Z6.700
G0 F3900 X115.539 Y115.549
G1 F300 Z6.500
G1 F1500 E252.0291
G1 F929 X115.539 Y134.450 E252.7756
G1 X134.460 Y134.450 E253.5229
G1 X134.460 Y115.549 E254.2694
G1 X115.539 Y115.549 E255.0167
;PRINTING_TIME: 345
;REMAINING_TIME: 571
;LAYER:26
;Z:6.750
;HEIGHT:0.250
;FLOW:100.0
;PRINTING: FlowCalibrationCube4mm_nozzle0.8walls.stl
;PRINTING_ID: 0
G1 F2400 E254.0167
G1 F300 Z6.950
G0 F3900 X115.134 Y115.145
G0 F300 Z6.750
;TYPE:WALL-OUTER
;WIDTH:0.400
;FLOW:95.0
G1 F300 Z6.750
G1 F1500 E255.0167
G1 F929 X134.866 Y115.145 E255.7961
G1 X134.866 Y134.854 E256.5745
G1 X115.134 Y134.854 E257.3538
G1 X115.134 Y115.145 E258.1323
G1 F2400 E257.1323
G1 F300 Z6.950
G0 F3900 X115.539 Y115.549
G1 F300 Z6.750
G1 F1500 E258.1323
G1 F929 X115.539 Y134.450 E258.8788
G1 X134.460 Y134.450 E259.6261
G1 X134.460 Y115.549 E260.3726
G1 X115.539 Y115.549 E261.1199
;PRINTING_TIME: 355
;REMAINING_TIME: 561
;LAYER:27
;Z:7.000
;HEIGHT:0.250
;FLOW:100.0
;PRINTING: FlowCalibrationCube4mm_nozzle0.8walls.stl
;PRINTING_ID: 0
G1 F2400 E260.1199
G1 F300 Z7.200
G0 F3900 X115.134 Y115.145
G0 F300 Z7.000
;TYPE:WALL-OUTER
;WIDTH:0.400
;FLOW:95.0
G1 F300 Z7.000
G1 F1500 E261.1199
G1 F929 X134.866 Y115.145 E261.8993
G1 X134.866 Y134.854 E262.6777
G1 X115.134 Y134.854 E263.4571
G1 X115.134 Y115.145 E264.2355
G1 F2400 E263.2355
G1 F300 Z7.200
G0 F3900 X115.539 Y115.549
G1 F300 Z7.000
G1 F1500 E264.2355
G1 F929 X115.539 Y134.450 E264.9820
G1 X134.460 Y134.450 E265.7293
G1 X134.460 Y115.549 E266.4759
G1 X115.539 Y115.549 E267.2232
;PRINTING_TIME: 366
;REMAINING_TIME: 550
;LAYER:28
;Z:7.250
;HEIGHT:0.250
;FLOW:100.0
;PRINTING: FlowCalibrationCube4mm_nozzle0.8walls.stl
;PRINTING_ID: 0
G1 F2400 E266.2232
G1 F300 Z7.450
G0 F3900 X115.134 Y115.145
G0 F300 Z7.250
;TYPE:WALL-OUTER
;WIDTH:0.400
;FLOW:95.0
G1 F300 Z7.250
G1 F1500 E267.2232
G1 F929 X134.866 Y115.145 E268.0025
G1 X134.866 Y134.854 E268.7809
G1 X115.134 Y134.854 E269.5603
G1 X115.134 Y115.145 E270.3387
G1 F2400 E269.3387
G1 F300 Z7.450
G0 F3900 X115.539 Y115.549
G1 F300 Z7.250
G1 F1500 E270.3387
G1 F929 X115.539 Y134.450 E271.0852
G1 X134.460 Y134.450 E271.8326
G1 X134.460 Y115.549 E272.5791
G1 X115.539 Y115.549 E273.3264
;PRINTING_TIME: 376
;REMAINING_TIME: 540
;LAYER:29
;Z:7.500
;HEIGHT:0.250
;FLOW:100.0
;PRINTING: FlowCalibrationCube4mm_nozzle0.8walls.stl
;PRINTING_ID: 0
G1 F2400 E272.3264
G1 F300 Z7.700
G0 F3900 X115.134 Y115.145
G0 F300 Z7.500
;TYPE:WALL-OUTER
;WIDTH:0.400
;FLOW:95.0
G1 F300 Z7.500
G1 F1500 E273.3264
G1 F929 X134.866 Y115.145 E274.1057
G1 X134.866 Y134.854 E274.8842
G1 X115.134 Y134.854 E275.6635
G1 X115.134 Y115.145 E276.4419
G1 F2400 E275.4419
G1 F300 Z7.700
G0 F3900 X115.539 Y115.549
G1 F300 Z7.500
G1 F1500 E276.4419
G1 F929 X115.539 Y134.450 E277.1885
G1 X134.460 Y134.450 E277.9358
G1 X134.460 Y115.549 E278.6823
G1 X115.539 Y115.549 E279.4296
;PRINTING_TIME: 387
;REMAINING_TIME: 529
;LAYER:30
;Z:7.750
;HEIGHT:0.250
;FLOW:100.0
;PRINTING: FlowCalibrationCube4mm_nozzle0.8walls.stl
;PRINTING_ID: 0
G1 F2400 E278.4296
G1 F300 Z7.950
G0 F3900 X115.134 Y115.145
G0 F300 Z7.750
;TYPE:WALL-OUTER
;WIDTH:0.400
;FLOW:95.0
G1 F300 Z7.750
G1 F1500 E279.4296
G1 F929 X134.866 Y115.145 E280.2090
G1 X134.866 Y134.854 E280.9874
G1 X115.134 Y134.854 E281.7667
G1 X115.134 Y115.145 E282.5452
G1 F2400 E281.5452
G1 F300 Z7.950
G0 F3900 X115.539 Y115.549
G1 F300 Z7.750
G1 F1500 E282.5452
G1 F929 X115.539 Y134.450 E283.2917
G1 X134.460 Y134.450 E284.0390
G1 X134.460 Y115.549 E284.7855
G1 X115.539 Y115.549 E285.5328
;PRINTING_TIME: 398
;REMAINING_TIME: 518
;LAYER:31
;Z:8.000
;HEIGHT:0.250
;FLOW:100.0
;PRINTING: FlowCalibrationCube4mm_nozzle0.8walls.stl
;PRINTING_ID: 0
G1 F2400 E284.5328
G1 F300 Z8.200
G0 F3900 X115.134 Y115.145
G0 F300 Z8.000
;TYPE:WALL-OUTER
;WIDTH:0.400
;FLOW:95.0
G1 F300 Z8.000
G1 F1500 E285.5328
G1 F929 X134.866 Y115.145 E286.3122
G1 X134.866 Y134.854 E287.0906
G1 X115.134 Y134.854 E287.8700
G1 X115.134 Y115.145 E288.6484
G1 F2400 E287.6484
G1 F300 Z8.200
G0 F3900 X115.539 Y115.549
G1 F300 Z8.000
G1 F1500 E288.6484
G1 F929 X115.539 Y134.450 E289.3949
G1 X134.460 Y134.450 E290.1422
G1 X134.460 Y115.549 E290.8887
G1 X115.539 Y115.549 E291.6361
;PRINTING_TIME: 408
;REMAINING_TIME: 508
;LAYER:32
;Z:8.250
;HEIGHT:0.250
;FLOW:100.0
;PRINTING: FlowCalibrationCube4mm_nozzle0.8walls.stl
;PRINTING_ID: 0
G1 F2400 E290.6361
G1 F300 Z8.450
G0 F3900 X115.134 Y115.145
G0 F300 Z8.250
;TYPE:WALL-OUTER
;WIDTH:0.400
;FLOW:95.0
G1 F300 Z8.250
G1 F1500 E291.6361
G1 F929 X134.866 Y115.145 E292.4154
G1 X134.866 Y134.854 E293.1938
G1 X115.134 Y134.854 E293.9732
G1 X115.134 Y115.145 E294.7516
G1 F2400 E293.7516
G1 F300 Z8.450
G0 F3900 X115.539 Y115.549
G1 F300 Z8.250
G1 F1500 E294.7516
G1 F929 X115.539 Y134.450 E295.4981
G1 X134.460 Y134.450 E296.2454
G1 X134.460 Y115.549 E296.9920
G1 X115.539 Y115.549 E297.7393
;PRINTING_TIME: 419
;REMAINING_TIME: 497
;LAYER:33
;Z:8.500
;HEIGHT:0.250
;FLOW:100.0
;PRINTING: FlowCalibrationCube4mm_nozzle0.8walls.stl
;PRINTING_ID: 0
G1 F2400 E296.7393
G1 F300 Z8.700
G0 F3900 X115.134 Y115.145
G0 F300 Z8.500
;TYPE:WALL-OUTER
;WIDTH:0.400
;FLOW:95.0
G1 F300 Z8.500
G1 F1500 E297.7393
G1 F929 X134.866 Y115.145 E298.5186
G1 X134.866 Y134.854 E299.2971
G1 X115.134 Y134.854 E300.0764
G1 X115.134 Y115.145 E300.8548
G1 F2400 E299.8548
G1 F300 Z8.700
G0 F3900 X115.539 Y115.549
G1 F300 Z8.500
G1 F1500 E300.8548
G1 F929 X115.539 Y134.450 E301.6014
G1 X134.460 Y134.450 E302.3487
G1 X134.460 Y115.549 E303.0952
G1 X115.539 Y115.549 E303.8425
;PRINTING_TIME: 429
;REMAINING_TIME: 487
;LAYER:34
;Z:8.750
;HEIGHT:0.250
;FLOW:100.0
;PRINTING: FlowCalibrationCube4mm_nozzle0.8walls.stl
;PRINTING_ID: 0
G1 F2400 E302.8425
G1 F300 Z8.950
G0 F3900 X115.134 Y115.145
G0 F300 Z8.750
;TYPE:WALL-OUTER
;WIDTH:0.400
;FLOW:95.0
G1 F300 Z8.750
G1 F1500 E303.8425
G1 F929 X134.866 Y115.145 E304.6218
G1 X134.866 Y134.854 E305.4003
G1 X115.134 Y134.854 E306.1796
G1 X115.134 Y115.145 E306.9581
G1 F2400 E305.9581
G1 F300 Z8.950
G0 F3900 X115.539 Y115.549
G1 F300 Z8.750
G1 F1500 E306.9581
G1 F929 X115.539 Y134.450 E307.7046
G1 X134.460 Y134.450 E308.4519
G1 X134.460 Y115.549 E309.1984
G1 X115.539 Y115.549 E309.9457
;PRINTING_TIME: 440
;REMAINING_TIME: 476
;LAYER:35
;Z:9.000
;HEIGHT:0.250
;FLOW:100.0
;PRINTING: FlowCalibrationCube4mm_nozzle0.8walls.stl
;PRINTING_ID: 0
G1 F2400 E308.9457
G1 F300 Z9.200
G0 F3900 X115.134 Y115.145
G0 F300 Z9.000
;TYPE:WALL-OUTER
;WIDTH:0.400
;FLOW:95.0
G1 F300 Z9.000
G1 F1500 E309.9457
G1 F929 X134.866 Y115.145 E310.7251
G1 X134.866 Y134.854 E311.5035
G1 X115.134 Y134.854 E312.2828
G1 X115.134 Y115.145 E313.0613
G1 F2400 E312.0613
G1 F300 Z9.200
G0 F3900 X115.539 Y115.549
G1 F300 Z9.000
G1 F1500 E313.0613
G1 F929 X115.539 Y134.450 E313.8078
G1 X134.460 Y134.450 E314.5551
G1 X134.460 Y115.549 E315.3016
G1 X115.539 Y115.549 E316.0489
;PRINTING_TIME: 450
;REMAINING_TIME: 466
;LAYER:36
;Z:9.250
;HEIGHT:0.250
;FLOW:100.0
;PRINTING: FlowCalibrationCube4mm_nozzle0.8walls.stl
;PRINTING_ID: 0
G1 F2400 E315.0489
G1 F300 Z9.450
G0 F3900 X115.134 Y115.145
G0 F300 Z9.250
;TYPE:WALL-OUTER
;WIDTH:0.400
;FLOW:95.0
G1 F300 Z9.250
G1 F1500 E316.0489
G1 F929 X134.866 Y115.145 E316.8283
G1 X134.866 Y134.854 E317.6067
G1 X115.134 Y134.854 E318.3861
G1 X115.134 Y115.145 E319.1645
G1 F2400 E318.1645
G1 F300 Z9.450
G0 F3900 X115.539 Y115.549
G1 F300 Z9.250
G1 F1500 E319.1645
G1 F929 X115.539 Y134.450 E319.9110
G1 X134.460 Y134.450 E320.6583
G1 X134.460 Y115.549 E321.4049
G1 X115.539 Y115.549 E322.1522
;PRINTING_TIME: 461
;REMAINING_TIME: 455
;LAYER:37
;Z:9.500
;HEIGHT:0.250
;FLOW:100.0
;PRINTING: FlowCalibrationCube4mm_nozzle0.8walls.stl
;PRINTING_ID: 0
G1 F2400 E321.1522
G1 F300 Z9.700
G0 F3900 X115.134 Y115.145
G0 F300 Z9.500
;TYPE:WALL-OUTER
;WIDTH:0.400
;FLOW:95.0
G1 F300 Z9.500
G1 F1500 E322.1522
G1 F929 X134.866 Y115.145 E322.9315
G1 X134.866 Y134.854 E323.7099
G1 X115.134 Y134.854 E324.4893
G1 X115.134 Y115.145 E325.2677
G1 F2400 E324.2677
G1 F300 Z9.700
G0 F3900 X115.539 Y115.549
G1 F300 Z9.500
G1 F1500 E325.2677
G1 F929 X115.539 Y134.450 E326.0142
G1 X134.460 Y134.450 E326.7616
G1 X134.460 Y115.549 E327.5081
G1 X115.539 Y115.549 E328.2554
;PRINTING_TIME: 472
;REMAINING_TIME: 444
;LAYER:38
;Z:9.750
;HEIGHT:0.250
;FLOW:100.0
;PRINTING: FlowCalibrationCube4mm_nozzle0.8walls.stl
;PRINTING_ID: 0
G1 F2400 E327.2554
G1 F300 Z9.950
G0 F3900 X115.134 Y115.145
G0 F300 Z9.750
;TYPE:WALL-OUTER
;WIDTH:0.400
;FLOW:95.0
G1 F300 Z9.750
G1 F1500 E328.2554
G1 F929 X134.866 Y115.145 E329.0347
G1 X134.866 Y134.854 E329.8132
G1 X115.134 Y134.854 E330.5925
G1 X115.134 Y115.145 E331.3709
G1 F2400 E330.3709
G1 F300 Z9.950
G0 F3900 X115.539 Y115.549
G1 F300 Z9.750
G1 F1500 E331.3709
G1 F929 X115.539 Y134.450 E332.1175
G1 X134.460 Y134.450 E332.8648
G1 X134.460 Y115.549 E333.6113
G1 X115.539 Y115.549 E334.3586
;PRINTING_TIME: 482
;REMAINING_TIME: 434
;LAYER:39
;Z:10.000
;HEIGHT:0.250
;FLOW:100.0
;PRINTING: FlowCalibrationCube4mm_nozzle0.8walls.stl
;PRINTING_ID: 0
G1 F2400 E333.3586
G1 F300 Z10.200
G0 F3900 X115.134 Y115.145
G0 F300 Z10.000
;TYPE:WALL-OUTER
;WIDTH:0.400
;FLOW:95.0
G1 F300 Z10.000
G1 F1500 E334.3586
G1 F929 X134.866 Y115.145 E335.1380
G1 X134.866 Y134.854 E335.9164
G1 X115.134 Y134.854 E336.6957
G1 X115.134 Y115.145 E337.4742
G1 F2400 E336.4742
G1 F300 Z10.200
G0 F3900 X115.539 Y115.549
G1 F300 Z10.000
G1 F1500 E337.4742
G1 F929 X115.539 Y134.450 E338.2207
G1 X134.460 Y134.450 E338.9680
G1 X134.460 Y115.549 E339.7145
G1 X115.539 Y115.549 E340.4618
;PRINTING_TIME: 493
;REMAINING_TIME: 423
;LAYER:40
;Z:10.250
;HEIGHT:0.250
;FLOW:100.0
;PRINTING: FlowCalibrationCube4mm_nozzle0.8walls.stl
;PRINTING_ID: 0
G1 F2400 E339.4618
G1 F300 Z10.450
G0 F3900 X115.134 Y115.145
G0 F300 Z10.250
;TYPE:WALL-OUTER
;WIDTH:0.400
;FLOW:95.0
G1 F300 Z10.250
G1 F1500 E340.4618
G1 F929 X134.866 Y115.145 E341.2412
G1 X134.866 Y134.854 E342.0196
G1 X115.134 Y134.854 E342.7990
G1 X115.134 Y115.145 E343.5774
G1 F2400 E342.5774
G1 F300 Z10.450
G0 F3900 X115.539 Y115.549
G1 F300 Z10.250
G1 F1500 E343.5774
G1 F929 X115.539 Y134.450 E344.3239
G1 X134.460 Y134.450 E345.0712
G1 X134.460 Y115.549 E345.8177
G1 X115.539 Y115.549 E346.5651
;PRINTING_TIME: 503
;REMAINING_TIME: 413
;LAYER:41
;Z:10.500
;HEIGHT:0.250
;FLOW:100.0
;PRINTING: FlowCalibrationCube4mm_nozzle0.8walls.stl
;PRINTING_ID: 0
G1 F2400 E345.5651
G1 F300 Z10.700
G0 F3900 X115.134 Y115.145
G0 F300 Z10.500
;TYPE:WALL-OUTER
;WIDTH:0.400
;FLOW:95.0
G1 F300 Z10.500
G1 F1500 E346.5651
G1 F929 X134.866 Y115.145 E347.3444
G1 X134.866 Y134.854 E348.1228
G1 X115.134 Y134.854 E348.9022
G1 X115.134 Y115.145 E349.6806
G1 F2400 E348.6806
G1 F300 Z10.700
G0 F3900 X115.539 Y115.549
G1 F300 Z10.500
G1 F1500 E349.6806
G1 F929 X115.539 Y134.450 E350.4271
G1 X134.460 Y134.450 E351.1744
G1 X134.460 Y115.549 E351.9210
G1 X115.539 Y115.549 E352.6683
;PRINTING_TIME: 514
;REMAINING_TIME: 402
;LAYER:42
;Z:10.750
;HEIGHT:0.250
;FLOW:100.0
;PRINTING: FlowCalibrationCube4mm_nozzle0.8walls.stl
;PRINTING_ID: 0
G1 F2400 E351.6683
G1 F300 Z10.950
G0 F3900 X115.134 Y115.145
G0 F300 Z10.750
;TYPE:WALL-OUTER
;WIDTH:0.400
;FLOW:95.0
G1 F300 Z10.750
G1 F1500 E352.6683
G1 F929 X134.866 Y115.145 E353.4476
G1 X134.866 Y134.854 E354.2261
G1 X115.134 Y134.854 E355.0054
G1 X115.134 Y115.145 E355.7838
G1 F2400 E354.7838
G1 F300 Z10.950
G0 F3900 X115.539 Y115.549
G1 F300 Z10.750
G1 F1500 E355.7838
G1 F929 X115.539 Y134.450 E356.5304
G1 X134.460 Y134.450 E357.2777
G1 X134.460 Y115.549 E358.0242
G1 X115.539 Y115.549 E358.7715
;PRINTING_TIME: 524
;REMAINING_TIME: 391
;LAYER:43
;Z:11.000
;HEIGHT:0.250
;FLOW:100.0
;PRINTING: FlowCalibrationCube4mm_nozzle0.8walls.stl
;PRINTING_ID: 0
G1 F2400 E357.7715
G1 F300 Z11.200
G0 F3900 X115.134 Y115.145
G0 F300 Z11.000
;TYPE:WALL-OUTER
;WIDTH:0.400
;FLOW:95.0
G1 F300 Z11.000
G1 F1500 E358.7715
G1 F929 X134.866 Y115.145 E359.5508
G1 X134.866 Y134.854 E360.3293
G1 X115.134 Y134.854 E361.1086
G1 X115.134 Y115.145 E361.8871
G1 F2400 E360.8871
G1 F300 Z11.200
G0 F3900 X115.539 Y115.549
G1 F300 Z11.000
G1 F1500 E361.8871
G1 F929 X115.539 Y134.450 E362.6336
G1 X134.460 Y134.450 E363.3809
G1 X134.460 Y115.549 E364.1274
G1 X115.539 Y115.549 E364.8747
;PRINTING_TIME: 535
;REMAINING_TIME: 381
;LAYER:44
;Z:11.250
;HEIGHT:0.250
;FLOW:100.0
;PRINTING: FlowCalibrationCube4mm_nozzle0.8walls.stl
;PRINTING_ID: 0
G1 F2400 E363.8747
G1 F300 Z11.450
G0 F3900 X115.134 Y115.145
G0 F300 Z11.250
;TYPE:WALL-OUTER
;WIDTH:0.400
;FLOW:95.0
G1 F300 Z11.250
G1 F1500 E364.8747
G1 F929 X134.866 Y115.145 E365.6541
G1 X134.866 Y134.854 E366.4325
G1 X115.134 Y134.854 E367.2118
G1 X115.134 Y115.145 E367.9903
G1 F2400 E366.9903
G1 F300 Z11.450
G0 F3900 X115.539 Y115.549
G1 F300 Z11.250
G1 F1500 E367.9903
G1 F929 X115.539 Y134.450 E368.7368
G1 X134.460 Y134.450 E369.4841
G1 X134.460 Y115.549 E370.2306
G1 X115.539 Y115.549 E370.9779
;PRINTING_TIME: 546
;REMAINING_TIME: 370
;LAYER:45
;Z:11.500
;HEIGHT:0.250
;FLOW:100.0
;PRINTING: FlowCalibrationCube4mm_nozzle0.8walls.stl
;PRINTING_ID: 0
G1 F2400 E369.9779
G1 F300 Z11.700
G0 F3900 X115.134 Y115.145
G0 F300 Z11.500
;TYPE:WALL-OUTER
;WIDTH:0.400
;FLOW:95.0
G1 F300 Z11.500
G1 F1500 E370.9779
G1 F929 X134.866 Y115.145 E371.7573
G1 X134.866 Y134.854 E372.5357
G1 X115.134 Y134.854 E373.3151
G1 X115.134 Y115.145 E374.0935
G1 F2400 E373.0935
G1 F300 Z11.700
G0 F3900 X115.539 Y115.549
G1 F300 Z11.500
G1 F1500 E374.0935
G1 F929 X115.539 Y134.450 E374.8400
G1 X134.460 Y134.450 E375.5873
G1 X134.460 Y115.549 E376.3339
G1 X115.539 Y115.549 E377.0812
;PRINTING_TIME: 556
;REMAINING_TIME: 360
;LAYER:46
;Z:11.750
;HEIGHT:0.250
;FLOW:100.0
;PRINTING: FlowCalibrationCube4mm_nozzle0.8walls.stl
;PRINTING_ID: 0
G1 F2400 E376.0812
G1 F300 Z11.950
G0 F3900 X115.134 Y115.145
G0 F300 Z11.750
;TYPE:WALL-OUTER
;WIDTH:0.400
;FLOW:95.0
G1 F300 Z11.750
G1 F1500 E377.0812
G1 F929 X134.866 Y115.145 E377.8605
G1 X134.866 Y134.854 E378.6389
G1 X115.134 Y134.854 E379.4183
G1 X115.134 Y115.145 E380.1967
G1 F2400 E379.1967
G1 F300 Z11.950
G0 F3900 X115.539 Y115.549
G1 F300 Z11.750
G1 F1500 E380.1967
G1 F929 X115.539 Y134.450 E380.9432
G1 X134.460 Y134.450 E381.6906
G1 X134.460 Y115.549 E382.4371
G1 X115.539 Y115.549 E383.1844
;PRINTING_TIME: 567
;REMAINING_TIME: 349
;LAYER:47
;Z:12.000
;HEIGHT:0.250
;FLOW:100.0
;PRINTING: FlowCalibrationCube4mm_nozzle0.8walls.stl
;PRINTING_ID: 0
G1 F2400 E382.1844
G1 F300 Z12.200
G0 F3900 X115.134 Y115.145
G0 F300 Z12.000
;TYPE:WALL-OUTER
;WIDTH:0.400
;FLOW:95.0
G1 F300 Z12.000
G1 F1500 E383.1844
G1 F929 X134.866 Y115.145 E383.9637
G1 X134.866 Y134.854 E384.7422
G1 X115.134 Y134.854 E385.5215
G1 X115.134 Y115.145 E386.2999
G1 F2400 E385.2999
G1 F300 Z12.200
G0 F3900 X115.539 Y115.549
G1 F300 Z12.000
G1 F1500 E386.2999
G1 F929 X115.539 Y134.450 E387.0465
G1 X134.460 Y134.450 E387.7938
G1 X134.460 Y115.549 E388.5403
G1 X115.539 Y115.549 E389.2876
;PRINTING_TIME: 577
;REMAINING_TIME: 339
;LAYER:48
;Z:12.250
;HEIGHT:0.250
;FLOW:100.0
;PRINTING: FlowCalibrationCube4mm_nozzle0.8walls.stl
;PRINTING_ID: 0
G1 F2400 E388.2876
G1 F300 Z12.450
G0 F3900 X115.134 Y115.145
G0 F300 Z12.250
;TYPE:WALL-OUTER
;WIDTH:0.400
;FLOW:95.0
G1 F300 Z12.250
G1 F1500 E389.2876
G1 F929 X134.866 Y115.145 E390.0670
G1 X134.866 Y134.854 E390.8454
G1 X115.134 Y134.854 E391.6247
G1 X115.134 Y115.145 E392.4032
G1 F2400 E391.4032
G1 F300 Z12.450
G0 F3900 X115.539 Y115.549
G1 F300 Z12.250
G1 F1500 E392.4032
G1 F929 X115.539 Y134.450 E393.1497
G1 X134.460 Y134.450 E393.8970
G1 X134.460 Y115.549 E394.6435
G1 X115.539 Y115.549 E395.3908
;PRINTING_TIME: 588
;REMAINING_TIME: 328
;LAYER:49
;Z:12.500
;HEIGHT:0.250
;FLOW:100.0
;PRINTING: FlowCalibrationCube4mm_nozzle0.8walls.stl
;PRINTING_ID: 0
G1 F2400 E394.3908
G1 F300 Z12.700
G0 F3900 X115.134 Y115.145
G0 F300 Z12.500
;TYPE:WALL-OUTER
;WIDTH:0.400
;FLOW:95.0
G1 F300 Z12.500
G1 F1500 E395.3908
G1 F929 X134.866 Y115.145 E396.1702
G1 X134.866 Y134.854 E396.9486
G1 X115.134 Y134.854 E397.7280
G1 X115.134 Y115.145 E398.5064
G1 F2400 E397.5064
G1 F300 Z12.700
G0 F3900 X115.539 Y115.549
G1 F300 Z12.500
G1 F1500 E398.5064
G1 F929 X115.539 Y134.450 E399.2529
G1 X134.460 Y134.450 E400.0002
G1 X134.460 Y115.549 E400.7467
G1 X115.539 Y115.549 E401.4941
;PRINTING_TIME: 599
;REMAINING_TIME: 317
;LAYER:50
;Z:12.750
;HEIGHT:0.250
;FLOW:100.0
;PRINTING: FlowCalibrationCube4mm_nozzle0.8walls.stl
;PRINTING_ID: 0
G1 F2400 E400.4941
G1 F300 Z12.950
G0 F3900 X115.134 Y115.145
G0 F300 Z12.750
;TYPE:WALL-OUTER
;WIDTH:0.400
;FLOW:95.0
G1 F300 Z12.750
G1 F1500 E401.4941
G1 F929 X134.866 Y115.145 E402.2734
G1 X134.866 Y134.854 E403.0518
G1 X115.134 Y134.854 E403.8312
G1 X115.134 Y115.145 E404.6096
G1 F2400 E403.6096
G1 F300 Z12.950
G0 F3900 X115.539 Y115.549
G1 F300 Z12.750
G1 F1500 E404.6096
G1 F929 X115.539 Y134.450 E405.3561
G1 X134.460 Y134.450 E406.1034
G1 X134.460 Y115.549 E406.8500
G1 X115.539 Y115.549 E407.5973
;PRINTING_TIME: 609
;REMAINING_TIME: 307
;LAYER:51
;Z:13.000
;HEIGHT:0.250
;FLOW:100.0
;PRINTING: FlowCalibrationCube4mm_nozzle0.8walls.stl
;PRINTING_ID: 0
G1 F2400 E406.5973
G1 F300 Z13.200
G0 F3900 X115.134 Y115.145
G0 F300 Z13.000
;TYPE:WALL-OUTER
;WIDTH:0.400
;FLOW:95.0
G1 F300 Z13.000
G1 F1500 E407.5973
G1 F929 X134.866 Y115.145 E408.3766
G1 X134.866 Y134.854 E409.1551
G1 X115.134 Y134.854 E409.9344
G1 X115.134 Y115.145 E410.7128
G1 F2400 E409.7128
G1 F300 Z13.200
G0 F3900 X115.539 Y115.549
G1 F300 Z13.000
G1 F1500 E410.7128
G1 F929 X115.539 Y134.450 E411.4594
G1 X134.460 Y134.450 E412.2067
G1 X134.460 Y115.549 E412.9532
G1 X115.539 Y115.549 E413.7005
;PRINTING_TIME: 620
;REMAINING_TIME: 296
;LAYER:52
;Z:13.250
;HEIGHT:0.250
;FLOW:100.0
;PRINTING: FlowCalibrationCube4mm_nozzle0.8walls.stl
;PRINTING_ID: 0
G1 F2400 E412.7005
G1 F300 Z13.450
G0 F3900 X115.134 Y115.145
G0 F300 Z13.250
;TYPE:WALL-OUTER
;WIDTH:0.400
;FLOW:95.0
G1 F300 Z13.250
G1 F1500 E413.7005
G1 F929 X134.866 Y115.145 E414.4798
G1 X134.866 Y134.854 E415.2583
G1 X115.134 Y134.854 E416.0376
G1 X115.134 Y115.145 E416.8161
G1 F2400 E415.8161
G1 F300 Z13.450
G0 F3900 X115.539 Y115.549
G1 F300 Z13.250
G1 F1500 E416.8161
G1 F929 X115.539 Y134.450 E417.5626
G1 X134.460 Y134.450 E418.3099
G1 X134.460 Y115.549 E419.0564
G1 X115.539 Y115.549 E419.8037
;PRINTING_TIME: 630
;REMAINING_TIME: 286
;LAYER:53
;Z:13.500
;HEIGHT:0.250
;FLOW:100.0
;PRINTING: FlowCalibrationCube4mm_nozzle0.8walls.stl
;PRINTING_ID: 0
G1 F2400 E418.8037
G1 F300 Z13.700
G0 F3900 X115.134 Y115.145
G0 F300 Z13.500
;TYPE:WALL-OUTER
;WIDTH:0.400
;FLOW:95.0
G1 F300 Z13.500
G1 F1500 E419.8037
G1 F929 X134.866 Y115.145 E420.5831
G1 X134.866 Y134.854 E421.3615
G1 X115.134 Y134.854 E422.1408
G1 X115.134 Y115.145 E422.9193
G1 F2400 E421.9193
G1 F300 Z13.700
G0 F3900 X115.539 Y115.549
G1 F300 Z13.500
G1 F1500 E422.9193
G1 F929 X115.539 Y134.450 E423.6658
G1 X134.460 Y134.450 E424.4131
G1 X134.460 Y115.549 E425.1596
G1 X115.539 Y115.549 E425.9069
;PRINTING_TIME: 641
;REMAINING_TIME: 275
;LAYER:54
;Z:13.750
;HEIGHT:0.250
;FLOW:100.0
;PRINTING: FlowCalibrationCube4mm_nozzle0.8walls.stl
;PRINTING_ID: 0
G1 F2400 E424.9069
G1 F300 Z13.950
G0 F3900 X115.134 Y115.145
G0 F300 Z13.750
;TYPE:WALL-OUTER
;WIDTH:0.400
;FLOW:95.0
G1 F300 Z13.750
G1 F1500 E425.9069
G1 F929 X134.866 Y115.145 E426.6863
G1 X134.866 Y134.854 E427.4647
G1 X115.134 Y134.854 E428.2441
G1 X115.134 Y115.145 E429.0225
G1 F2400 E428.0225
G1 F300 Z13.950
G0 F3900 X115.539 Y115.549
G1 F300 Z13.750
G1 F1500 E429.0225
G1 F929 X115.539 Y134.450 E429.7690
G1 X134.460 Y134.450 E430.5163
G1 X134.460 Y115.549 E431.2629
G1 X115.539 Y115.549 E432.0102
;PRINTING_TIME: 651
;REMAINING_TIME: 264
;LAYER:55
;Z:14.000
;HEIGHT:0.250
;FLOW:100.0
;PRINTING: FlowCalibrationCube4mm_nozzle0.8walls.stl
;PRINTING_ID: 0
G1 F2400 E431.0102
G1 F300 Z14.200
G0 F3900 X115.134 Y115.145
G0 F300 Z14.000
;TYPE:WALL-OUTER
;WIDTH:0.400
;FLOW:95.0
G1 F300 Z14.000
G1 F1500 E432.0102
G1 F929 X134.866 Y115.145 E432.7895
G1 X134.866 Y134.854 E433.5679
G1 X115.134 Y134.854 E434.3473
G1 X115.134 Y115.145 E435.1257
G1 F2400 E434.1257
G1 F300 Z14.200
G0 F3900 X115.539 Y115.549
G1 F300 Z14.000
G1 F1500 E435.1257
G1 F929 X115.539 Y134.450 E435.8722
G1 X134.460 Y134.450 E436.6196
G1 X134.460 Y115.549 E437.3661
G1 X115.539 Y115.549 E438.1134
;PRINTING_TIME: 662
;REMAINING_TIME: 254
;LAYER:56
;Z:14.250
;HEIGHT:0.250
;FLOW:100.0
;PRINTING: FlowCalibrationCube4mm_nozzle0.8walls.stl
;PRINTING_ID: 0
G1 F2400 E437.1134
G1 F300 Z14.450
G0 F3900 X115.134 Y115.145
G0 F300 Z14.250
;TYPE:WALL-OUTER
;WIDTH:0.400
;FLOW:95.0
G1 F300 Z14.250
G1 F1500 E438.1134
G1 F929 X134.866 Y115.145 E438.8927
G1 X134.866 Y134.854 E439.6712
G1 X115.134 Y134.854 E440.4505
G1 X115.134 Y115.145 E441.2289
G1 F2400 E440.2289
G1 F300 Z14.450
G0 F3900 X115.539 Y115.549
G1 F300 Z14.250
G1 F1500 E441.2289
G1 F929 X115.539 Y134.450 E441.9755
G1 X134.460 Y134.450 E442.7228
G1 X134.460 Y115.549 E443.4693
G1 X115.539 Y115.549 E444.2166
;PRINTING_TIME: 673
;REMAINING_TIME: 243
;LAYER:57
;Z:14.500
;HEIGHT:0.250
;FLOW:100.0
;PRINTING: FlowCalibrationCube4mm_nozzle0.8walls.stl
;PRINTING_ID: 0
G1 F2400 E443.2166
G1 F300 Z14.700
G0 F3900 X115.134 Y115.145
G0 F300 Z14.500
;TYPE:WALL-OUTER
;WIDTH:0.400
;FLOW:95.0
G1 F300 Z14.500
G1 F1500 E444.2166
G1 F929 X134.866 Y115.145 E444.9960
G1 X134.866 Y134.854 E445.7744
G1 X115.134 Y134.854 E446.5537
G1 X115.134 Y115.145 E447.3322
G1 F2400 E446.3322
G1 F300 Z14.700
G0 F3900 X115.539 Y115.549
G1 F300 Z14.500
G1 F1500 E447.3322
G1 F929 X115.539 Y134.450 E448.0787
G1 X134.460 Y134.450 E448.8260
G1 X134.460 Y115.549 E449.5725
G1 X115.539 Y115.549 E450.3198
;PRINTING_TIME: 683
;REMAINING_TIME: 233
;LAYER:58
;Z:14.750
;HEIGHT:0.250
;FLOW:100.0
;PRINTING: FlowCalibrationCube4mm_nozzle0.8walls.stl
;PRINTING_ID: 0
G1 F2400 E449.3198
G1 F300 Z14.950
G0 F3900 X115.134 Y115.145
G0 F300 Z14.750
;TYPE:WALL-OUTER
;WIDTH:0.400
;FLOW:95.0
G1 F300 Z14.750
G1 F1500 E450.3198
G1 F929 X134.866 Y115.145 E451.0992
G1 X134.866 Y134.854 E451.8776
G1 X115.134 Y134.854 E452.6570
G1 X115.134 Y115.145 E453.4354
G1 F2400 E452.4354
G1 F300 Z14.950
G0 F3900 X115.539 Y115.549
G1 F300 Z14.750
G1 F1500 E453.4354
G1 F929 X115.539 Y134.450 E454.1819
G1 X134.460 Y134.450 E454.9292
G1 X134.460 Y115.549 E455.6757
G1 X115.539 Y115.549 E456.4231
;PRINTING_TIME: 694
;REMAINING_TIME: 222
;LAYER:59
;Z:15.000
;HEIGHT:0.250
;FLOW:100.0
;PRINTING: FlowCalibrationCube4mm_nozzle0.8walls.stl
;PRINTING_ID: 0
G1 F2400 E455.4231
G1 F300 Z15.200
G0 F3900 X115.134 Y115.145
G0 F300 Z15.000
;TYPE:WALL-OUTER
;WIDTH:0.400
;FLOW:95.0
G1 F300 Z15.000
G1 F1500 E456.4231
G1 F929 X134.866 Y115.145 E457.2024
G1 X134.866 Y134.854 E457.9808
G1 X115.134 Y134.854 E458.7602
G1 X115.134 Y115.145 E459.5386
G1 F2400 E458.5386
G1 F300 Z15.200
G0 F3900 X115.539 Y115.549
G1 F300 Z15.000
G1 F1500 E459.5386
G1 F929 X115.539 Y134.450 E460.2851
G1 X134.460 Y134.450 E461.0324
G1 X134.460 Y115.549 E461.7790
G1 X115.539 Y115.549 E462.5263
;PRINTING_TIME: 704
;REMAINING_TIME: 212
;LAYER:60
;Z:15.250
;HEIGHT:0.250
;FLOW:100.0
;PRINTING: FlowCalibrationCube4mm_nozzle0.8walls.stl
;PRINTING_ID: 0
G1 F2400 E461.5263
G1 F300 Z15.450
G0 F3900 X115.134 Y115.145
G0 F300 Z15.250
;TYPE:WALL-OUTER
;WIDTH:0.400
;FLOW:95.0
G1 F300 Z15.250
G1 F1500 E462.5263
G1 F929 X134.866 Y115.145 E463.3056
G1 X134.866 Y134.854 E464.0841
G1 X115.134 Y134.854 E464.8634
G1 X115.134 Y115.145 E465.6418
G1 F2400 E464.6418
G1 F300 Z15.450
G0 F3900 X115.539 Y115.549
G1 F300 Z15.250
G1 F1500 E465.6418
G1 F929 X115.539 Y134.450 E466.3884
G1 X134.460 Y134.450 E467.1357
G1 X134.460 Y115.549 E467.8822
G1 X115.539 Y115.549 E468.6295
;PRINTING_TIME: 715
;REMAINING_TIME: 201
;LAYER:61
;Z:15.500
;HEIGHT:0.250
;FLOW:100.0
;PRINTING: FlowCalibrationCube4mm_nozzle0.8walls.stl
;PRINTING_ID: 0
G1 F2400 E467.6295
G1 F300 Z15.700
G0 F3900 X115.134 Y115.145
G0 F300 Z15.500
;TYPE:WALL-OUTER
;WIDTH:0.400
;FLOW:95.0
G1 F300 Z15.500
G1 F1500 E468.6295
G1 F929 X134.866 Y115.145 E469.4088
G1 X134.866 Y134.854 E470.1873
G1 X115.134 Y134.854 E470.9666
G1 X115.134 Y115.145 E471.7451
G1 F2400 E470.7451
G1 F300 Z15.700
G0 F3900 X115.539 Y115.549
G1 F300 Z15.500
G1 F1500 E471.7451
G1 F929 X115.539 Y134.450 E472.4916
G1 X134.460 Y134.450 E473.2389
G1 X134.460 Y115.549 E473.9854
G1 X115.539 Y115.549 E474.7327
;PRINTING_TIME: 725
;REMAINING_TIME: 190
;LAYER:62
;Z:15.750
;HEIGHT:0.250
;FLOW:100.0
;PRINTING: FlowCalibrationCube4mm_nozzle0.8walls.stl
;PRINTING_ID: 0
G1 F2400 E473.7327
G1 F300 Z15.950
G0 F3900 X115.134 Y115.145
G0 F300 Z15.750
;TYPE:WALL-OUTER
;WIDTH:0.400
;FLOW:95.0
G1 F300 Z15.750
G1 F1500 E474.7327
G1 F929 X134.866 Y115.145 E475.5121
G1 X134.866 Y134.854 E476.2905
G1 X115.134 Y134.854 E477.0698
G1 X115.134 Y115.145 E477.8483
G1 F2400 E476.8483
G1 F300 Z15.950
G0 F3900 X115.539 Y115.549
G1 F300 Z15.750
G1 F1500 E477.8483
G1 F929 X115.539 Y134.450 E478.5948
G1 X134.460 Y134.450 E479.3421
G1 X134.460 Y115.549 E480.0886
G1 X115.539 Y115.549 E480.8359
;PRINTING_TIME: 736
;REMAINING_TIME: 180
;LAYER:63
;Z:16.000
;HEIGHT:0.250
;FLOW:100.0
;PRINTING: FlowCalibrationCube4mm_nozzle0.8walls.stl
;PRINTING_ID: 0
G1 F2400 E479.8359
G1 F300 Z16.200
G0 F3900 X115.134 Y115.145
G0 F300 Z16.000
;TYPE:WALL-OUTER
;WIDTH:0.400
;FLOW:95.0
G1 F300 Z16.000
G1 F1500 E480.8359
G1 F929 X134.866 Y115.145 E481.6153
G1 X134.866 Y134.854 E482.3937
G1 X115.134 Y134.854 E483.1731
G1 X115.134 Y115.145 E483.9515
G1 F2400 E482.9515
G1 F300 Z16.200
G0 F3900 X115.539 Y115.549
G1 F300 Z16.000
G1 F1500 E483.9515
G1 F929 X115.539 Y134.450 E484.6980
G1 X134.460 Y134.450 E485.4453
G1 X134.460 Y115.549 E486.1919
G1 X115.539 Y115.549 E486.9392
;PRINTING_TIME: 747
;REMAINING_TIME: 169
;LAYER:64
;Z:16.250
;HEIGHT:0.250
;FLOW:100.0
;PRINTING: FlowCalibrationCube4mm_nozzle0.8walls.stl
;PRINTING_ID: 0
G1 F2400 E485.9392
G1 F300 Z16.450
G0 F3900 X115.134 Y115.145
G0 F300 Z16.250
;TYPE:WALL-OUTER
;WIDTH:0.400
;FLOW:95.0
G1 F300 Z16.250
G1 F1500 E486.9392
G1 F929 X134.866 Y115.145 E487.7185
G1 X134.866 Y134.854 E488.4969
G1 X115.134 Y134.854 E489.2763
G1 X115.134 Y115.145 E490.0547
G1 F2400 E489.0547
G1 F300 Z16.450
G0 F3900 X115.539 Y115.549
G1 F300 Z16.250
G1 F1500 E490.0547
G1 F929 X115.539 Y134.450 E490.8012
G1 X134.460 Y134.450 E491.5486
G1 X134.460 Y115.549 E492.2951
G1 X115.539 Y115.549 E493.0424
;PRINTING_TIME: 757
;REMAINING_TIME: 159
;LAYER:65
;Z:16.500
;HEIGHT:0.250
;FLOW:100.0
;PRINTING: FlowCalibrationCube4mm_nozzle0.8walls.stl
;PRINTING_ID: 0
G1 F2400 E492.0424
G1 F300 Z16.700
G0 F3900 X115.134 Y115.145
G0 F300 Z16.500
;TYPE:WALL-OUTER
;WIDTH:0.400
;FLOW:95.0
G1 F300 Z16.500
G1 F1500 E493.0424
G1 F929 X134.866 Y115.145 E493.8217
G1 X134.866 Y134.854 E494.6002
G1 X115.134 Y134.854 E495.3795
G1 X115.134 Y115.145 E496.1579
G1 F2400 E495.1579
G1 F300 Z16.700
G0 F3900 X115.539 Y115.549
G1 F300 Z16.500
G1 F1500 E496.1579
G1 F929 X115.539 Y134.450 E496.9045
G1 X134.460 Y134.450 E497.6518
G1 X134.460 Y115.549 E498.3983
G1 X115.539 Y115.549 E499.1456
;PRINTING_TIME: 768
;REMAINING_TIME: 148
;LAYER:66
;Z:16.750
;HEIGHT:0.250
;FLOW:100.0
;PRINTING: FlowCalibrationCube4mm_nozzle0.8walls.stl
;PRINTING_ID: 0
G1 F2400 E498.1456
G1 F300 Z16.950
G0 F3900 X115.134 Y115.145
G0 F300 Z16.750
;TYPE:WALL-OUTER
;WIDTH:0.400
;FLOW:95.0
G1 F300 Z16.750
G1 F1500 E499.1456
G1 F929 X134.866 Y115.145 E499.9250
G1 X134.866 Y134.854 E500.7034
G1 X115.134 Y134.854 E501.4827
G1 X115.134 Y115.145 E502.2612
G1 F2400 E501.2612
G1 F300 Z16.950
G0 F3900 X115.539 Y115.549
G1 F300 Z16.750
G1 F1500 E502.2612
G1 F929 X115.539 Y134.450 E503.0077
G1 X134.460 Y134.450 E503.7550
G1 X134.460 Y115.549 E504.5015
G1 X115.539 Y115.549 E505.2488
;PRINTING_TIME: 778
;REMAINING_TIME: 138
;LAYER:67
;Z:17.000
;HEIGHT:0.250
;FLOW:100.0
;PRINTING: FlowCalibrationCube4mm_nozzle0.8walls.stl
;PRINTING_ID: 0
G1 F2400 E504.2488
G1 F300 Z17.200
G0 F3900 X115.134 Y115.145
G0 F300 Z17.000
;TYPE:WALL-OUTER
;WIDTH:0.400
;FLOW:95.0
G1 F300 Z17.000
G1 F1500 E505.2488
G1 F929 X134.866 Y115.145 E506.0282
G1 X134.866 Y134.854 E506.8066
G1 X115.134 Y134.854 E507.5860
G1 X115.134 Y115.145 E508.3644
G1 F2400 E507.3644
G1 F300 Z17.200
G0 F3900 X115.539 Y115.549
G1 F300 Z17.000
G1 F1500 E508.3644
G1 F929 X115.539 Y134.450 E509.1109
G1 X134.460 Y134.450 E509.8582
G1 X134.460 Y115.549 E510.6047
G1 X115.539 Y115.549 E511.3521
;PRINTING_TIME: 789
;REMAINING_TIME: 127
;LAYER:68
;Z:17.250
;HEIGHT:0.250
;FLOW:100.0
;PRINTING: FlowCalibrationCube4mm_nozzle0.8walls.stl
;PRINTING_ID: 0
G1 F2400 E510.3521
G1 F300 Z17.450
G0 F3900 X115.134 Y115.145
G0 F300 Z17.250
;TYPE:WALL-OUTER
;WIDTH:0.400
;FLOW:95.0
G1 F300 Z17.250
G1 F1500 E511.3521
G1 F929 X134.866 Y115.145 E512.1314
G1 X134.866 Y134.854 E512.9098
G1 X115.134 Y134.854 E513.6892
G1 X115.134 Y115.145 E514.4676
G1 F2400 E513.4676
G1 F300 Z17.450
G0 F3900 X115.539 Y115.549
G1 F300 Z17.250
G1 F1500 E514.4676
G1 F929 X115.539 Y134.450 E515.2141
G1 X134.460 Y134.450 E515.9614
G1 X134.460 Y115.549 E516.7080
G1 X115.539 Y115.549 E517.4553
;PRINTING_TIME: 800
;REMAINING_TIME: 116
;LAYER:69
;Z:17.500
;HEIGHT:0.250
;FLOW:100.0
;PRINTING: FlowCalibrationCube4mm_nozzle0.8walls.stl
;PRINTING_ID: 0
G1 F2400 E516.4553
G1 F300 Z17.700
G0 F3900 X115.134 Y115.145
G0 F300 Z17.500
;TYPE:WALL-OUTER
;WIDTH:0.400
;FLOW:95.0
G1 F300 Z17.500
G1 F1500 E517.4553
G1 F929 X134.866 Y115.145 E518.2346
G1 X134.866 Y134.854 E519.0131
G1 X115.134 Y134.854 E519.7924
G1 X115.134 Y115.145 E520.5708
G1 F2400 E519.5708
G1 F300 Z17.700
G0 F3900 X115.539 Y115.549
G1 F300 Z17.500
G1 F1500 E520.5708
G1 F929 X115.539 Y134.450 E521.3174
G1 X134.460 Y134.450 E522.0647
G1 X134.460 Y115.549 E522.8112
G1 X115.539 Y115.549 E523.5585
;PRINTING_TIME: 810
;REMAINING_TIME: 106
;LAYER:70
;Z:17.750
;HEIGHT:0.250
;FLOW:100.0
;PRINTING: FlowCalibrationCube4mm_nozzle0.8walls.stl
;PRINTING_ID: 0
G1 F2400 E522.5585
G1 F300 Z17.950
G0 F3900 X115.134 Y115.145
G0 F300 Z17.750
;TYPE:WALL-OUTER
;WIDTH:0.400
;FLOW:95.0
G1 F300 Z17.750
G1 F1500 E523.5585
G1 F929 X134.866 Y115.145 E524.3378
G1 X134.866 Y134.854 E525.1163
G1 X115.134 Y134.854 E525.8956
G1 X115.134 Y115.145 E526.6741
G1 F2400 E525.6741
G1 F300 Z17.950
G0 F3900 X115.539 Y115.549
G1 F300 Z17.750
G1 F1500 E526.6741
G1 F929 X115.539 Y134.450 E527.4206
G1 X134.460 Y134.450 E528.1679
G1 X134.460 Y115.549 E528.9144
G1 X115.539 Y115.549 E529.6617
;PRINTING_TIME: 821
;REMAINING_TIME: 95
;LAYER:71
;Z:18.000
;HEIGHT:0.250
;FLOW:100.0
;PRINTING: FlowCalibrationCube4mm_nozzle0.8walls.stl
;PRINTING_ID: 0
G1 F2400 E528.6617
G1 F300 Z18.200
G0 F3900 X115.134 Y115.145
G0 F300 Z18.000
;TYPE:WALL-OUTER
;WIDTH:0.400
;FLOW:95.0
G1 F300 Z18.000
G1 F1500 E529.6617
G1 F929 X134.866 Y115.145 E530.4411
G1 X134.866 Y134.854 E531.2195
G1 X115.134 Y134.854 E531.9988
G1 X115.134 Y115.145 E532.7773
G1 F2400 E531.7773
G1 F300 Z18.200
G0 F3900 X115.539 Y115.549
G1 F300 Z18.000
G1 F1500 E532.7773
G1 F929 X115.539 Y134.450 E533.5238
G1 X134.460 Y134.450 E534.2711
G1 X134.460 Y115.549 E535.0176
G1 X115.539 Y115.549 E535.7649
;PRINTING_TIME: 831
;REMAINING_TIME: 85
;LAYER:72
;Z:18.250
;HEIGHT:0.250
;FLOW:100.0
;PRINTING: FlowCalibrationCube4mm_nozzle0.8walls.stl
;PRINTING_ID: 0
G1 F2400 E534.7649
G1 F300 Z18.450
G0 F3900 X115.134 Y115.145
G0 F300 Z18.250
;TYPE:WALL-OUTER
;WIDTH:0.400
;FLOW:95.0
G1 F300 Z18.250
G1 F1500 E535.7649
G1 F929 X134.866 Y115.145 E536.5443
G1 X134.866 Y134.854 E537.3227
G1 X115.134 Y134.854 E538.1021
G1 X115.134 Y115.145 E538.8805
G1 F2400 E537.8805
G1 F300 Z18.450
G0 F3900 X115.539 Y115.549
G1 F300 Z18.250
G1 F1500 E538.8805
G1 F929 X115.539 Y134.450 E539.6270
G1 X134.460 Y134.450 E540.3743
G1 X134.460 Y115.549 E541.1209
G1 X115.539 Y115.549 E541.8682
;PRINTING_TIME: 842
;REMAINING_TIME: 74
;LAYER:73
;Z:18.500
;HEIGHT:0.250
;FLOW:100.0
;PRINTING: FlowCalibrationCube4mm_nozzle0.8walls.stl
;PRINTING_ID: 0
G1 F2400 E540.8682
G1 F300 Z18.700
G0 F3900 X115.134 Y115.145
G0 F300 Z18.500
;TYPE:WALL-OUTER
;WIDTH:0.400
;FLOW:95.0
G1 F300 Z18.500
G1 F1500 E541.8682
G1 F929 X134.866 Y115.145 E542.6475
G1 X134.866 Y134.854 E543.4259
G1 X115.134 Y134.854 E544.2053
G1 X115.134 Y115.145 E544.9837
G1 F2400 E543.9837
G1 F300 Z18.700
G0 F3900 X115.539 Y115.549
G1 F300 Z18.500
G1 F1500 E544.9837
G1 F929 X115.539 Y134.450 E545.7302
G1 X134.460 Y134.450 E546.4776
G1 X134.460 Y115.549 E547.2241
G1 X115.539 Y115.549 E547.9714
;PRINTING_TIME: 852
;REMAINING_TIME: 63
;LAYER:74
;Z:18.750
;HEIGHT:0.250
;FLOW:100.0
;PRINTING: FlowCalibrationCube4mm_nozzle0.8walls.stl
;PRINTING_ID: 0
G1 F2400 E546.9714
G1 F300 Z18.950
G0 F3900 X115.134 Y115.145
G0 F300 Z18.750
;TYPE:WALL-OUTER
;WIDTH:0.400
;FLOW:95.0
G1 F300 Z18.750
G1 F1500 E547.9714
G1 F929 X134.866 Y115.145 E548.7507
G1 X134.866 Y134.854 E549.5292
G1 X115.134 Y134.854 E550.3085
G1 X115.134 Y115.145 E551.0869
G1 F2400 E550.0869
G1 F300 Z18.950
G0 F3900 X115.539 Y115.549
G1 F300 Z18.750
G1 F1500 E551.0869
G1 F929 X115.539 Y134.450 E551.8335
G1 X134.460 Y134.450 E552.5808
G1 X134.460 Y115.549 E553.3273
G1 X115.539 Y115.549 E554.0746
;PRINTING_TIME: 863
;REMAINING_TIME: 53
;LAYER:75
;Z:19.000
;HEIGHT:0.250
;FLOW:100.0
;PRINTING: FlowCalibrationCube4mm_nozzle0.8walls.stl
;PRINTING_ID: 0
G1 F2400 E553.0746
G1 F300 Z19.200
G0 F3900 X115.134 Y115.145
G0 F300 Z19.000
;TYPE:WALL-OUTER
;WIDTH:0.400
;FLOW:95.0
G1 F300 Z19.000
G1 F1500 E554.0746
G1 F929 X134.866 Y115.145 E554.8540
G1 X134.866 Y134.854 E555.6324
G1 X115.134 Y134.854 E556.4117
G1 X115.134 Y115.145 E557.1902
G1 F2400 E556.1902
G1 F300 Z19.200
G0 F3900 X115.539 Y115.549
G1 F300 Z19.000
G1 F1500 E557.1902
G1 F929 X115.539 Y134.450 E557.9367
G1 X134.460 Y134.450 E558.6840
G1 X134.460 Y115.549 E559.4305
G1 X115.539 Y115.549 E560.1778
;PRINTING_TIME: 874
;REMAINING_TIME: 42
;LAYER:76
;Z:19.250
;HEIGHT:0.250
;FLOW:100.0
;PRINTING: FlowCalibrationCube4mm_nozzle0.8walls.stl
;PRINTING_ID: 0
G1 F2400 E559.1778
G1 F300 Z19.450
G0 F3900 X115.134 Y115.145
G0 F300 Z19.250
;TYPE:WALL-OUTER
;WIDTH:0.400
;FLOW:95.0
G1 F300 Z19.250
G1 F1500 E560.1778
G1 F929 X134.866 Y115.145 E560.9572
G1 X134.866 Y134.854 E561.7356
G1 X115.134 Y134.854 E562.5150
G1 X115.134 Y115.145 E563.2934
G1 F2400 E562.2934
G1 F300 Z19.450
G0 F3900 X115.539 Y115.549
G1 F300 Z19.250
G1 F1500 E563.2934
G1 F929 X115.539 Y134.450 E564.0399
G1 X134.460 Y134.450 E564.7872
G1 X134.460 Y115.549 E565.5337
G1 X115.539 Y115.549 E566.2811
;PRINTING_TIME: 884
;REMAINING_TIME: 32
;LAYER:77
;Z:19.500
;HEIGHT:0.250
;FLOW:100.0
;PRINTING: FlowCalibrationCube4mm_nozzle0.8walls.stl
;PRINTING_ID: 0
G1 F2400 E565.2811
G1 F300 Z19.700
G0 F3900 X115.134 Y115.145
G0 F300 Z19.500
;TYPE:WALL-OUTER
;WIDTH:0.400
;FLOW:95.0
G1 F300 Z19.500
G1 F1500 E566.2811
G1 F929 X134.866 Y115.145 E567.0604
G1 X134.866 Y134.854 E567.8388
G1 X115.134 Y134.854 E568.6182
G1 X115.134 Y115.145 E569.3966
G1 F2400 E568.3966
G1 F300 Z19.700
G0 F3900 X115.539 Y115.549
G1 F300 Z19.500
G1 F1500 E569.3966
G1 F929 X115.539 Y134.450 E570.1431
G1 X134.460 Y134.450 E570.8904
G1 X134.460 Y115.549 E571.6370
G1 X115.539 Y115.549 E572.3843
;PRINTING_TIME: 895
;REMAINING_TIME: 21
;LAYER:78
;Z:19.750
;HEIGHT:0.250
;FLOW:100.0
;PRINTING: FlowCalibrationCube4mm_nozzle0.8walls.stl
;PRINTING_ID: 0
G1 F2400 E571.3843
G1 F300 Z19.950
G0 F3900 X115.134 Y115.145
G0 F300 Z19.750
;TYPE:WALL-OUTER
;WIDTH:0.400
;FLOW:95.0
G1 F300 Z19.750
G1 F1500 E572.3843
G1 F929 X134.866 Y115.145 E573.1636
G1 X134.866 Y134.854 E573.9421
G1 X115.134 Y134.854 E574.7214
G1 X115.134 Y115.145 E575.4998
G1 F2400 E574.4998
G1 F300 Z19.950
G0 F3900 X115.539 Y115.549
G1 F300 Z19.750
G1 F1500 E575.4998
G1 F929 X115.539 Y134.450 E576.2464
G1 X134.460 Y134.450 E576.9937
G1 X134.460 Y115.549 E577.7402
G1 X115.539 Y115.549 E578.4875
;PRINTING_TIME: 905
;REMAINING_TIME: 11
;LAYER:79
;Z:20.000
;HEIGHT:0.250
;FLOW:100.0
;PRINTING: FlowCalibrationCube4mm_nozzle0.8walls.stl
;PRINTING_ID: 0
G1 F2400 E577.4875
G1 F300 Z20.200
G0 F3900 X115.134 Y115.145
G0 F300 Z20.000
;TYPE:WALL-OUTER
;WIDTH:0.400
;FLOW:95.0
G1 F300 Z20.000
G1 F1500 E578.4875
G1 F929 X134.866 Y115.145 E579.2668
G1 X134.866 Y134.854 E580.0453
G1 X115.134 Y134.854 E580.8246
G1 X115.134 Y115.145 E581.6031
G1 F2400 E580.6031
G1 F300 Z20.200
G0 F3900 X115.539 Y115.549
G1 F300 Z20.000
G1 F1500 E581.6031
G1 F929 X115.539 Y134.450 E582.3496
G1 X134.460 Y134.450 E583.0969
G1 X134.460 Y115.549 E583.8434
G1 X115.539 Y115.549 E584.5907
;PRINTING_TIME: 916
;REMAINING_TIME: 0
M106 S0
G1 F2400 E583.5907
G1 F300 Z20.200
G0 F3900 X115.539 Y115.549
G0 F300 Z25.000
M221 T0 S100
G92 E0
M1002
M104 T0 S0
M104 S0 ;extruder heater off
M140 S0 ;heated bed heater off (if you have it)
G91 ;relative positionion
G1 E-1 F300  ;retract the filament a bit before lifting the nozzle, to release some of the pressure
G1 Z+10 E-5 F9000 ;move Z up and retract filament even more
M84 ;steppers off
;Data start:151028:b3ce0fb9c75b821657f34bbf4156a4a2
;SURFQSAtIFBSSU5UREFUQUlZDHzi6E17riyBkcQfrmfLd1s3GHh8P88S6dV8SnsUc1VfPeij/31NB0U
;e3AVV6+HNGzdCqDk/Axa21QxKQxR8VX097aPkfUoHfx78BTfr981uN1OoLz8cFrvVfkokFGpVST3ko/
;B9VAdBHsUFAuvMzQU3XKgOPzgWj9UkShcURlUtLoGjkRxaZEVyy3cGn9eiNGhuxwhLOHvp1E1KexQjF
;VJ9gbiRfTlmQ33LaQKZ37kzWGL3HlAjYoa4EjkOZkU0TliBopF9OQcgXtFFZ/O+zVpWb8sZUzJkiKEk
;JRVLRTxfTvX8/RxAYlIerwVn677NGkhMqG8/VxaIti4vF3FRNFlU7s3OFFdhSXLCBWbrvs1aN0zXPD9
;PFunVLCkYcU8wX1z1yv4TZm5ObctxOILQoz9FDKl8P1cW6ZUyCnsMI1UtXOLA9BFcdUFqx2oJtNejKV
;J49xNKI3Ob1UxKexQjVW1CwaODfTkHQX3NYAuOzKwuXmPGI08lf4ehTUt7FCNVLX3+45FpOQcgf81mA
;ofbvztDZccSYCRjmaUiOA8UIlUtPYGj0QJ5BzAergUGiN2oNlJ+yQhWOHi2oSI6exUjVS09gePuPTkf
;IB6uZASI26E/RW3cFVA5SZ26PRUIYVEzTF7ko5B9OQcgHu56J+utzVo3bcsfWjtzm7Q5IxR6fCFfXPf
;G/X04ByAergUnlP7NeDcMqB1cNHOFsD8rD31MO3JJ88LnGFVYU3bBdxO02qQpQ23GH1pXF+nVTUp7FC
;NVLRSBo5EcT2hJevFxFYrIqDZoZMcQWiRJmbQ5IiR5Qi1yUeTN9glRWEZ/zXEImb7MWjcMqHw/Plbp/
;E1Ke3VVOkRZ3tfjHE9iTEHGaguOzZIqVnjAI1I2bra7IhUJcVcnTF71yv4TOQYgHq4FZ+u+zVo8DKh8
;XTJ6nYoiLB1nRiEtPIGjkX05B/AhrhNn676vP1t49w5eMWK2tC4pHnhGJ0xJ6Mz/fTgHIB6uBSeU/s1
;KNwyoHlo7YranLCwPS0I8X1rg05F8OQcgHq4Fh9S+31o3DMoZUyNJm7QrPiRyTzpaT+DX9H04ByAerg
;Vnsv7NVDcMqB5aO2K2pywsD0tJMF9WgaKRfTkHIB66RWf7vs1aVWnECGAld4+hEiUdclAwWT2Ao5F9O
;Qcg7pEFaOu+zThSYNwjTTZwnYo+Oh5xR1UsPYGjkX05KWAevQVn69yoNkNT2h1ZI0mdvSQpEHpGJl49
;gKORfTkHIOaRBXXrvs04UmDcI0g2eoWKKyYUY1E0WViBopF9OQcgHvdFZ/++zVpVacQIYCB3hbkSJh5
;6RCFFYuzK/304ByAergVnG4HNVTcMqB5aO2K2oiwmF0tQJUhY5aOQfTkHIB6uISfroM1aN27aFVswf4
;eyEi8DYFEgXlTuzc4KUGNUdvF3Bp/Xolo2DKh8P1cWsJVNWHsUIzdfVOXE+BNeWEZ/wFoUm9uoPjcNq
;Hw/VxbpjA1KbxQjVU9P6Mf2FFdgf3jHfQKP4aw0UGDNfD5XFunVTUp7FCNMLT2BweMUXWBJcMlaAYfR
;rC5SaPcdTTJ3trgkJHsVI1UtPYGjpT05FiAermcVgtqqM1lr9xpTOGGbtDkvexUjVS09gaPIPTkfIB6
;uZxWC2qozWWv3D1cyeoWmEiwXe1QnTEnko5B9OQcgHq5cJ+urzVo3btoVWzB/h7ISORNxTzleYvLT9B
;hdByEergVn676JGjcCqHw/NWSAsSojFXN8Jl1Y5MeRfDkHIB6uBSmrvuxaNwzKDlYzcYC7KhUIYVMlQ
;k/1xvUiWHVFf/F3Bp/XogVabdB8PlcW6dVNSjJUI1otPYHB4xRUWEx3wGA4iNG4NEMMqXw/Vxbp1WMK
;ex8jVS1f88r8IlZhRm3LcWfqvs1aNwyofD9XBOnVTSkUdVAhRFPm/PUUSnNBcM1gVuu/zVo3DKh8P1c
;W+9VNShh7QiZZVO/EzhlQdFR/wGYC2b7MWjcMqHw/Vxbp+01Ke3dMO0lU9cr+E1hrf3HAYDiY1qg2W1
;PHEmAjeZmKPj8JckI2SE7ezvgTZmZSe88FZuu+zVo3DKh8P3gW6dUuJRVwSiFEUu/C/SJWaUVB3W0Ch
;9KSNVlT3BNPCGWcpysrGHFQCkBU7/zmFF1zSB6vBWfrvs1aNwyoUz9XFoq6Iy4SYEo6Q1zt/OUSSVhT
;a9xjBojbkjNZasEQUwhmiKE5Lwl6fDhEU97C4xhYByEergVn677NWjc8qHw/NHmHsSQ+EntNNEFi9cz
;hIkpyUnjPZgK016M8XmDEI082Yp2wPyQkeUo7ckrox+UVOQYgHq4FZ+u+zVoiDKh8XDh5hbwjLSR3TD
;BLW+jA+BhXc39/rgRKqKImuAFWl3wqVxbptiIlF31NMnJe7sb3G1BkSXvAcTiJvsyX+8BksPOjqenAT
;Up7d0w6QVTvxM4eVmJGeMdmDo7QuQVUDKl8P1cW6RU/CnsHI1UtXu7M/SJUbk5BwmQejsySLl5hzXw+
;Vxbp1U1KX1QjRC09gcD+ElVYTXfAWgGO26koVnjNfD5XFunVTUpfVCNDLT2Bx/QTSmJ/bdt1F4TMuQV
;RYMcLTTZijNVMSnsUI1UtZMGjjH05B0R7wHYCtM24Kkdj2ghgPniPvCEmJHtWIUFU78bifTgHIB6uBW
;frvs1NNwyoD0onZoanORUfcU0mSGLnyv0RZnVBassFZuu+zVo3DPw8P0oW6dUpLxVnRgpeSPHT/g9NW
;ElwwGAVtNu1KlZi2xVQORbo1U1KexQjVS09kqORfUpyUG7BdxO02qg0RGn3EF4uc5vVTEp7FCNVLT2B
;o4p9OQdEe8B2ArTNuCpHY9oIYDt3kLA/OSR2TCFZUuyjkH05ByAergVn663NWjdozRJMMkmaoD06FGZ
;XCl5N5Mb1fTgHIB6uBWei/s1DNwyoGFY6c4emJCUVS1sscl7uzuEYV3RBasdqCeu/zVo3DKh8P1cW99
;VNSh99TjBDTujM/yJBfn99wWgXjtC+O0NlxxJgP3mFsE1LexQjVS09gaORZDkHIHrCdTiK0LkzVmDBH
;Uw+eI6KKjgabXw4TEWBopF9OQcg/sFFZ/K+zVpTYNgjXjligLQhIxpnSjtKYubR8ARmaklwrgRn677N
;WjcMqHwpVxbpsSE6JHVNIURc7crwDlBpR0HCYBGO0s1bNwyofD9XNqnVWkp7FEc5XWLgzeUUWGtJf91
;sCYzhoD9DZMcYP1YW6dVNSnvkHFUKPYGj9RFJWEJ/3WA4h9+0P0VTyRpLMmS2sDU6FGdWJ0hi9sL4CW
;ZzSXPLBWbrvs1aNwyofD9/FunVKSYLS0E0Xljez/AEXHV/fMtjCJnbkj9PfMcPSiVztqIsIw9LVzxAW
;IGikX05ByAeqkVn977NWlNg2CNdNmWMiiErAnFRCk9S88f0D2ZoRnjdYBPrv81aNwyofD9XFs3VTUof
;eFMKT1zyxs4RWH5FbPFmCIXKoi9FU80ETzhlnKcoFQ99TjAtPIGjkX05Bwheri5n676pNkdTyh1MMkm
;FtDQvCUtGJllU7MLlFFZpf2rHaAK03aI3R2nGD14jf4a7TUt7FCNVLT2Bo5FZOQcgesJ1OInfvj9oYM
;kFWiVJj7whJhJ6RApIRfHM4ghLYn9qx2gC67/NWjcMqHzPaBbw1U1KH3hTCk9c8sbOEVh+RWzxdQic2
;78FWmPMGT9WFunVTUp75BxVDD2Bo/URSVhCf91gOIfftD9FU9odTz5ytrE/JQtLWQpeTeTG9X04ByAe
;rgVny/7NfjcMqBhTJ0mLtD4vJHhCLEhP3tHwDVBjf3LHYxO0xJI+Xn/cHVE0c+nUTUp7FCNVP32BgpF
;9OWNMbvFnBpjbkjZWdc0OYCV3mbwpFRd9RSFyR97Q4RhcYyAfrgVn677NencMi3w/V3KFpRIoGmdGCk
;Fc+MbjIkprT2nxYRWEzpIgaGjBD0s2eIqwTUt7FCNVLT2J45FdOQcgesJ1OInfvj9oYMkFWiVJmrkiP
;SRwUTpdYvv84g1cYkQerwVn677NWhdMqF8/VxaNuT0VGXVQMHJR4Nr0D2Z0THHZWguC2LkFTVPMFUwj
;d4e2KEp6FCNVLT2Bq9F9GQcgHsppF7TcrClSU8QdRjJktqYhJQxLTzxLSd7Zzg5JYkV6rgRn677NWjc
;s6HwbVxbpsSE6JHZCJkhi7cLoGEtYU2vedQiZypI/T3zHD0olc7ahJCceFCJVLT2Bo5FVeQcFHq4FA4
;fOkjhWf80jUzZvjKcSPhN9QD5DWPLQzh5WalB7wHYGn9eiNDcNqHw/Vxbp1U1KXxQjVUlR8fzzHEpif
;3LPfAKZ4bgqR2naI084f4ehEj0afVcKWVTsxpF8OQcgHq4Fh9S+wlo3DMwQTwh0iKYoFRd1WjBfToGi
;kX05ByAejkVn9L7NWlNg2CNcP3eEtyg4JHxGNFlI8fziCVhpRHzXWhOC06haNgyofD9XFv2VTWp7FCM
;xQU3ewPkcVGVFbPF1FYLQuTNZa/cIWjpmjKcsPg5mRlUsPYGjkX25RmAevwVn69qhKmhvxxJLOGObij
;ojH2BLVSw9gaORfTkPYB6hBWfr2qEqaGjaBVY5cbahJCceFCJVLT2Bo5FpeQczHq4FA4fOkj9Ta80jX
;Ttjm4ohLw1xT1UsPYGjkX059x8ejQVn69qhKmhqwQ5SIHebsBIrGHdGOUhP4Nf4EldYWkHKYAGKy6Eu
;Nw2ofD9XFunxDUpgFCNVSVHx/PcUS2pXf9xgOIHbvzFodvcYWjF3nLk5SnoUI1UtPYFTrn0hByAeymk
;XtNikKFp7yQ5aCGWZsCguJG58OExFgaKRfTkHIB66RWfwvs1aU2DYI1cyd52KLj8JfU0ycknkzuEYS2
;ZUa9xgZ+q+zVo3DKgyf1cB6dVNLhdkfDxAXObGzglLZk5tyGAVtMqkN1IMqdJ4tmz9e1gKewcjVS1Z7
;dPOFEprQXDKWgaZ26wFWmXGfD5XFunVTUqDKyNOLT2Bx/0NZmtBZ8t3OIbbvz1SU8sQUCRztrMsKR5n
;I1QtPYGjkX05ByAFrgVnj9K9BVo4mExgNHmEuCwkH0tHMEFc+PzlFFRiIB+dNlTYjf6JCAyBfD9XcoW
;lEicScEc5SGLtwugYS1hBeNpgFbTbtSpYf90OWghhiLw5FQ99TjAtPIGjkX05ByAeri9n676pNkdTxR
;VbM3qMiiErAnFRCk9Y58zjGGZiWG7BdhKZ25ItVmXcI0s+e4zVTEp7FCNVLTnBo499OQdEct5aCoLaq
;TZSU8QdRjJktrciOB9xUQpCW+fQ9Ak5BiAergVn677NWhEMqHxbO2a2uCQuH3hGCkFc+MbjIlpoTmrB
;cBW027UqWH/dDloIYoC4KEp6FCNVLT2Bg9F9FAcgHsppF7TTpD5TYM0jUzZvjKcSLwhgSjhMSejM/yJ
;Nbk178WYIhs6oNERt3BVQORbo1U1KexQjVS09qKORfV1rUEHDbAOP0qgFW23RGU0Ic5GlIjkOZkYKWV
;Tsxs4JS2ZObcdxDoTQzVs3DKh8P1cW6dVrSnsURzldYuzK9RlVYn9yz3wCmeGrM1tgwRJYCHORpSI5D
;mZGCllU7MaRfDkHIB6uBZfUvtZaNwzMEE8Ie4CxKSYeS080VFjz/OESTmJSQcNqA46+zFo3DKh8P6cp
;6fZNSntwTyVyUOjH9RFcWEx/12AVtMysKl5o9xhNOGa2rxI5C3FGMS08gaORfTkHAF6uI2frvqk2R1P
;FFVszeoyKISsCcVEKX1zxyvUiVW5GavF/OI/Xvi5WYssZP1YW6dVNSnsUY1UOPYGj9RFJWE13ymELju
;GhO05p2iNNNmaAsRImEnJXCldi8tP0GF0HIR6uBWfrvu0aNymofD8zepmKICMfcE8wclHg2vQPZnRMc
;dlaA5nRvQVNU8wVTCN3h7YoSnoUI1UtPYGj0X0bByAeymkXtNOkPlNgzSNTNm+MpxI5F3tUCklP7tPO
;B2Z0UHvLYWfqvs1aNwyoXH9XM+nVTS4XZHw4RFnlz/QiVWZZe9xaFIfRugVbZc4IYC1Jjbw+Php6QDA
;tPIGjkX05ByBeridn676pNkdTxRVbM3qMiiErAnFRCl5R7tTOEVBhVEHUWhSb26g+Nw2ofD9XFun1DU
;pdFCNVSVHx/PwUXWNMe/FpBpLbvwVEedgMUCVitrA1OhRnVidIYvXK/Bg5BiAergVn656NWhEMqHxbO
;2a2uCQuH3hGCkFc+MbjIkx3UHvcWheE16MuaHvJFUsIYoC4KEp6FCNVLT2Bo5F9KAcgHsppF7TTpD5T
;YM0jUzZvjKc+SnoUI1UtPYGD0X0QByAeymkXtNCiKFptxCNTNm+MpxIrHWBGJ3JY+dP+Dkx1RUHZZA6
;f4bkzWmmofT9XFunVTUp7FAlVLT3lz+EiV2hSc89pOIfftD9FU8oZWThkjIooMgt7UCBfWN7U8BRNWF
;R3w2Bn6r7NWjcMqHx/Vwjp1U0uF2R8O0JP7ML9IlVmWXvcWgWEzKk/RVPHGlkkc53VTEp7FCNVLT2Bo
;7d9OQdEct5aCYTMoDtbU8QdRjJktrYiJA97VidyWPnT/g5MdUVB2mwKjr7MWjcMqHw/R1bp+E1Ke3BP
;JXJT7tH8HFVYTH/XYBW0274uXmHJCFY4eLahJCceS0A6QE3kzeIcTW5PcK4EZ+u+zVo3DKh8GVcW6bE
;hOiR6TCdAXO38/RxAYlJByGwLh9ejPWhp0AxQJGObsBI+EnlGVSw9gaORfTkXYB61BWfr2qEqaGLHDl
;I2era5LDMeZnwlQkrk0c4QVmNFHq8FZ+u+zVrHM6hfP1cWjbk9FRV7UThMUd7P8ARcdX9sz3UOj+GpK
;Fh89wZgJGaMsClKehQjVS09gYvRfR8HIB7KaRe00KIoWm3EI1M2b4ynEjgaZEoxclHoxeUiQ1hEd91x
;BoXdqFo2DKh8P1cW6ZVNaXsUIzFBTd7N/g9UZkxBwmQejsySKFZ8wRhgO3+PoRIwJGdTMEhZgaKRfTk
;HIB6GRWfOvs1aU2DYI1E4ZIS0IRUXdVowX2Lyz/4KZmNScd5aHbTapClDbcYfWlcX6dVNSnsU02otH4
;GjkRlVd39wwXcKitKSNlZ1zQ5gJHqGohIuCXtTCldi8tP0GF0HIR6uBWfrvuUaNymofD8zepmKIyUJe
;UI5clHg2vQPZnRMcdlaC4LYuQVNU8wVTCN3h7YoSnoUI1UtPYFTrn0bByAeymkXtNCiKFptxCNTNm+M
;pxI5F3tUCkFU59fOB2Z0UHvLYWfqvs1aNwyoaH9XMOnVTS4XZHw7Qk/swv0iVWZZe9xaFJ7OvTVFePc
;ZRyd5mqA/LyRgSjhIPYCjkX05ByAE7gVB677NPlt89xJQJXuIuRImGm1GJ3JI8dP0D2Z3T3fAcTic36
;QuaHjBEVpXF+nVTUp7FCNVLSOBo5EZVXd/bMtoCJ3bkjhCbsoQWghhiLw5IxVzfCFEUOSjkE4KNBMtn
;dZY67PNWjdoxAxgJHWIuSQkHEtbVSw9gaORfTleYB6jBWfr2qEqaH/LHVM+eI6KNEp6FCNVLT2B+tF9
;KgcgHsppF7TNoTNUafcIUDtzm7QjKR4UIlUtPYGjkX05BxIergUDh86SKUJ+zh1cMkmavCkvJGBGLVl
;I88bOGVB0QXzCYDiE0JI1QWnaFF45cba0Iy0XcSNULT2Bo5H9eEcgPa4FZ4/SvQVEedoaXjRztqYkLh
;5LVzBVSfTR9CJLYlNxwnATgtGjWjaWMeWmzo9Q6k1oexQjMUFN3tDkD19mQ3vxdg6P25IuUnTcCU0yS
;ZGsEiUdclAwWT2Ao5F9OQcg/pEFcOu+zT5bfPcIWjpmjKcsPg5mRgpOVeDO8xhLByEergVn6z6MGjcc
;qHw/M3qZijorCHxKO0pi7Mz1GDkGIB6uBWfrTvJaOAyofFovYpugKS8JS0I4Qkjv15F8OQcgHq4Fl9S
;+2lo3DM0ESyVjjbA/FR5sQD1MU+bGzglQakUvrgRn677NWjcMqHwoVxbpsDU+CWFHMF9i5NvyFVhpR3
;vxcQ6G2/9aNgyofD9XFunVTVh7FCMwVUnz1vUYS1hPeMh2Ap/htWs3Dah8P1cW6ewNSmkUI1VIRfXR5
;BlcdX9xyGMUjsqSIgUMqXw/Vxbp1U1KewYjVS1Y+dfjCF1iUkHBYwGY27kFTz+ofT9XFunVTUp7FDFV
;LT3k2+UPTGNFbPFqAY3NqC5odZl8PlcW6dVNSnsUI0ctPYHG6QlLckR73FoIjdi+P0NT0U4/Vhbp1U1
;KexQjVT89gaP0BU11VXrLdziE2KspUnj3BQxXF+nVTUp7FCNVLQ6Bo5EYQXNSa8pgFbTNujNDb8AjXD
;h5hbwjLSR8RjRZSPH88BlPZk59y1oTjtO9P0Vt3AlNMifp1E1KexQjVUR9gZCRfTliWGrccAOOzJIpQ
;GXcH1cIdYa6ISMVc3w9SFz11uEiWGNWf8BmArTKqDdHadodSyJkjOdNS3sUI1UtPejjkVY5ByB71nEV
;ntqoKGh/3xVLNH62tiIlF31NMnJV5MLlCElYQXrYZAmI25IuXmHNfD5XFunVTUo/VCNLLT2BxukJS3J
;Ee9xaFJzXuTlfU8sTUDt/h7ISOhpmSApVPYCjkX05ByAg7gV5677NP0942glbMmS2pjojD3dLCk5S7s
;/4E15YUH/cbjiSvsxaNwyofJ8JVunxTUp7cVshX0jlxuMiSnBJas1tOIjRojZeYs8jSzJ7mbA/Kw9hU
;TAcPYCjkX05B6B47gVD677NP0942glbMmS2pjojD3dLCk5S7s/4E15YVHvDdQKZ37kvRWmafD5XFunV
;TcodVCNMLT2B0fQOTWZSavFgH5/MrAVTeckQYDZ7hqAjPnsVI1UtPYGjkX05IiAermAfn8y4PlJ+9w9
;IPmKKvRI4HmdXNF9J3sbpCUtmf3/DahKFyv9aNgyofD9XFunVTVh7FCMnSE71wuMJZmNVf8JaFJvbqD
;43Dah8P1cW6eENSmUUI1VIRfXR5BlcdX9t2WwTiNaSKFJ/3B1NI0mapSgvHyYjVC09gaORfQ1HIAiuB
;WeZ27koVm/cFVA5SY2gLCYkdU46WFP1o5B9OQcgHq4hJ+uczVo3adAITSJyjKcSOQx9VzZFYvPG5Q9Y
;ZFR3wWs4itOiL1l4mnw+Vxbp1U1KX1QjQC09gdH0CUtmQ2rHagm02rg7W1PbDFoycunUTUp7FCNVGX2
;BgpF9OWJYatxwA47MkilAZdwfVwhkjKE/KxhgSjpDYvLT9BhdNSAfrgVn677NbncMu3w/V3ORoT8/H3
;FRClpU8cbOCVBqRS+uBGfrvs1aNwyofCxXFumwNT4JYUcwX2L2yuEYZnNJc8s3Z+q+zVo3DKh8P1cZ6
;dVNLwNgUSBeVO7NzgpQY1R2rgT9cidUw67Vl3wuVxbpsDU+CWFQPEJT3tT4GU1vfyyuBP1yJ1TDrtWX
;fCxXFumzLCQkdk88XWLxwuQOXFhNbctmZ+q+zVo3DOgDf1cE6dVNLBp6fDdBVPH85RVLYlN2wWkD67/
;NWjcMqHwBFxbg1U1KHXVNCl5N5Mb1fTgHIB6uBWey/s1XNwyoGl45SZqlKC8fS040VT2Ao5F9OQcgSu
;4Fduu+zTxeYMkRWjlitrEkKxZxVzBfPYCjkX05ByDikQV1677NPF5gyRFaOWK2sSQrFnFXMF8PgaKRf
;TkHIB5SOmf5vs1aUWXEHVIyeJ2KKSMaeUYhSE+yo5B9OQcgHq4FZ+uszVo3asEQXjpzh6ESLhJ1TjBZ
;WPOXkXw5ByAergVn677AWjcMzhVTNnuMuzkVHXhMIi08gaORfTkHeV6uC2frvqszW23FGVEjSY+5Ij1
;KFCJVLT2Bo1EqeQcuHq4FAYLSrDdSYtwjWTt5nudNS3sUI1UtvdfjkXA5ByB4x2kGhtujLmh40QxaVx
;fp1U1KexQjFS0zgaORG1BrQXPLaxO0yrQqUj6ofT9XFunVTUo7FANVLT3nyv0JXHV/cdtxOJjTrDZbU
;9gdTSNJmrw3LyRmQiFEUoGikX05ByAe90Vnzr7NWlFl2g9LCHqIrCg4JHBKOEhT8sr+E2Z/WUHNagqb
;26MpVnjBE1FXF+nVTUp7FCNVLReBo5EbUHVTavFpBpLbvwVTZcUZUSR/hrsSMgJLQDpATeTN4hxNbk9
;w8W0Ih9vNWzcMqHw/Vxbp1WxKexRFPF9O9fz9HEBiUkHLfROZy74zWGL3C1YzYoGKPysPfUxVLD2Bo5
;F9OV5gHrYFZ+vYpChEeMQdRjJktrMkJhp5RjtZYufP/go5BiAergVn6+eNWicMqHxdOGKduiAVD3xKN
;kZT5NDifTgHIB6uBWc7gc1INwyoGlYlZZ2KISsCcVEKXlXkz/0OOQYgHq4FZ+uqjVoZDKh8WT5kmqES
;JhptRidyTu7P+Blmbk54x2kLtNu1LkV52xVQOUmevCk+E0tRNFlU7qOQfTkHIB6uXCfrn81aN2rBDkw
;jSYW0NC8JS1A6QVTl/PgTX25McvFjC4TJvztDaah9P1cW6dVNEzsUPVUtPefK4w5NWEx/12AVtM2iNl
;5o9xVRMX+FuRI5C3FGMS08gaORfTkHZF6uF2frvq81Q3jHEWA7d5CwPxUIZEYwST2Ao5F9OQcgWu4Fd
;Ou+zT1WfPcaVjt6trgkJCR4RjtKSemjkH05ByAergVn65LNWjdryQxgMX+FuRI5EnpEOUhi5NvlD0x0
;SXHAWgSE070/WX/JCFY4eLanLD4SeyNULT2Bo5H9aUcgPa4FZ4zfvQVRZcQQYCR/h7IhLyRxWyFfSPL
;K/hNmdUFqx2o4ht+1WjYMqHw/VxaAlU1pexQjMkxN3sX4EVVYU3fAYguO4agiQ37dD1Y4eLanLD4Se3
;w4RFOBopF9OQcgnu5FZ/S+zVpQbdgjWT56hYo+IxVzTzByWPnX4whKbk9w8XYXjtupWjYMqHw/VxbQl
;U1EexQjMkxN3sX4EVVYU27LYAPrv81aNwyofHEXFvnVTUocd0wxSGL12uEYZm5Oest9Z+q+zVo3DKh8
;P1cF6dVNLRh7RzByS+TR+BtAWEx7wGITg77MWjcMqJwlplbpxk1Ke3NAOklY3tX0D1BhWUHBYwGY27l
;aNgyofD9XFunVTUV7FCMyQVLjwv0iVmFGbctxOJO+zFo3DKh8P1cW6dpNSntzTzpPXO38/htfdEVq8X
;xn6r7NWjcMqHw/Vxnp1U0tF3tBNEFi7sX3Dlxzf2SuBGfrvs1aNwyofCpXFum9KCsPfU0ycl7uxvcbU
;GRJe8BxOIq+zKBJZhQIrD+p6cBNSnt8RjRZVO/Ezh5WYkZ4x2YOjtC5BVUMqXw/Vxbp1U0KewEjVS1V
;5MLlFFdgf33BYAGN164zUmLcI1xXF+nVTUp7FG0VLSGBo5EVXGZUd8BiOJ/XoD9oadsIVjp3nbwiJCR
;gWiVIPYCjkX05ByAergVy677NMlJt3AlPCHGKuikvJGdGJFhY78D0fTgHIB6uBWfrvs16NwyoFVExf4
;W5EisfdVMhREvk/PgTX25McvF3Bp/XogVabdB8PlcW6dVNSkVUI3UtPYHK/xtQa0xBz2EGm8qkLFJTw
;RJZPnqFij8rD31MCkBU76OQfTkHIB6uESfroc1aN2XGGlY7era0KSsLYEojSGLozf8YS1hFZt5kCZjX
;ojQ3DTLlps6PcDxySm0UI1VEU+fK/RFmZkR/3nEOnduSNlZ1zQ5MVxfp1U1KexQ3FS0ngaORFFdhSXL
;CWgaP370uXnrNI00ycpy2OSMUelBVLD2Bo5F9OQdgHrcFZ+vXozxeYMQjXjN3maEkPB5LVDxJSen8/B
;RXByEergVn677FGjcXqHw/PniPvCEmJHVNNkVS8/z9GFdgVHbxYwaIyqIoNw2ofD9XFunVTUp0FCNVR
;FPnyv0RZmZSe89aCoLQzVs3DKh8P1cW6dVRSnsUSjtLVO3Pzg5JZlJty1oEhNOvM1lp9xBeLnObpk1L
;exQjVS09cZyRYTkHIHfAYw6H0pI/T3jaCUw+eYeKOiMfYEsKX1z1yv59OAcgHq4F573+zU43DKgVUTF
;/hbkSLBJ4QjhIU/X89xFWcCAfrgVn676ND3cMp3w/V3+HsyQmF0tMM0tO5NfOBTkGIB6uBWfrvs1aOA
;yofFY5cIC5IRUUckUmSEne2pF8OQcgHq4FZ+u+wVo3DM4VUztJhqMoOBd1U1UsPYGjkX05E2AeogVn6
;9ikNltTzBlRJH+drE1LexQjVS09leORcDkHIHfAYw6H0pIpX2nEEExXF+nVTUp7FCNVLTGBo5EUV2FJ
;csJaFJvbqD43Dah8P1cW6ZsNSmsUI1VEU+fK/RFmcEl62m04htejWjYMqHw/Vxbp1U1uexQjPENT5NH
;OH0tuRHnHawC027UuRXnbFVA5SZ68KT4TS1E0WVTuo5B9OQcgHq5cJ+upzVo3ZcYSWiVJi6ckLhx9TT
;JyW+3M5g9Yc0UerwVn677NWm5MqGg/VxaAuyMvCUtBJ0RZ5sr/GmZ0UHvLYWfqvs1aNwyoMn9XN+nVT
;SMVZ0YhclTvzfQPZmJYatxwFILRowVAZcwIVwhkiKEkJXsVI1UtPYGjyD05EyAermwJmNu5BV5ixhlN
;CHCFujo4GmBGVSw9gaORfXlSYB6iBWfr16MpUnjQI0wnc4yxTUt7FCNVLT3F45FcOQcgd8B2Ap/hoi9
;DadojWi9im6A+IxR6fCJEWfXLzg9Yc0lxrgRn677NWjdV6HwrVxbpvCM5HmB8OlhJ5NHOG1VoV2zPcQ
;Lrv81aNwyovGgXFuXVTUoSelAwWQ3e0OEYXGMgH64FZ+u+zR53DLZ8P1d/h6EoOBd7QD5EU+b88xJMa
;UR/3Hw4j9e+LlZiyxk/Vhbp1U1KexRjVTo9gaP4E01iUnLBZgyC0KoFVGnEEGA2eI65KEp6FCNVLT0B
;ldF9IQcgHsdrE47MoTVUZ8ESWAh1jLkhFRd1WjBfToGikX05ByAerkVn/L7NWl5i3BlNO3mKviQkHEt
;AMEFR3tT4GU1vIB9Pf3NF+SywCAy6fD9Xf4ehKDgXe0A+RFPm/PUYSXNIHq8FZ+u+zVo3TKhxP1cWgK
;ciJBJ6RApMU+bP9H04ByAergXnvf7NSjcMqBVNOHiAuyoVHXhMIl9c9caRfDkHIB6uBXOrvsBaNwzBD
;lA5f4eyEiMVZ0YhLTxg2YXTfubqIa4QZ+u+pChYYsESWAh6gLsoFR99UCFMU+LGkXw5ByAergVn677A
;WjcMwQ5QOX+HshI5C3FGMS08gaORfTkHBF6uDmfrvqc/RWf3HlAjYoa4TUt7FCNVLT2V45FuOQcgdMt
;3DLTcoi5DY8UjTCJkj7QuL3sVI1UtPYGjhT05FyAerm8CmdWSPF5+2whgO3eQsD9KehQjVS09gbfRfT
;IHIB7EYBWA4aQ0UWXEED9WFunVTUp7AGNVPT2Bo/sYS2x/d8B2Ap/hpDRZadp8PlcW6dVNSm9UI0UtP
;YHJ9A9SWElw3WATtNG4LlJ+qH0/Vxbp1U1eOxQpVS0968bjFmZ3UnfAcWfqvs1aNwyoaH9XGunVTSAe
;ZkgKXkjx0/4PTQchHq4FZ+u+2Ro3BKh8Pz1zm74SPhRkI1QtPYGjkX0tRyAOrgVngdu/MWh4xwxgJGO
;bsywpHhQiVS09gaORaXkHKx6uBQ2OzKYFQ37JClo7FujVTUp7FCNBbT2Ko5F9SXVJcNpaFJvbqD43Da
;h8P1cW6ZENSncUI1VBXPjG4yJRYkl5xnFn6r7NWjcMqKwAVzDp1U0mGm1GJ3JV5Mr2FU1YQXrPdROCy
;KgFWm3QI1cyf469ORUJdVc8Qj2Ao5F9OQcgUO4FQeu+zTZWdc0OYD9zgLIlPiR1RzRdSejV9CJUbk5B
;xmAOjNa5BUVt3BVQVxfp1U1KexQaFS0egaOREVh+RWzxbQKC2aUuaG3MHU8jf5+wEjkaeVM5RFPm/OI
;JXHcgH9URyaxft94IDIN8P1d6iKwoOCR8RjxKVfX88BlYd1R32GA4mMqoKlh6zQ5gNXmdoSInJGZCIU
;RSgaKRfTkHIB7nRWfDvs1aW23RGU0Ifoy8KiIPS0IxTE31yucYZnRUe95qEY7Mki5YfPcOXiN/htVMS
;nsUI1UtdMGjhn05B0x/12AVtNOoKFBp9x9TOGWMiisrGHFQVSynGDoI5KC+Hx62BWfr0qwjUn73D1ow
;e4y7ORUXcU0yWVXezvgTOQa6hzec/nIH8lo8DKh8SDZ6hYo+Ih54TyYtPIGjkX05BzBerhFn676hO05
;p2iNMP3OFuT4VFGJGJ0Fc8aOQfTkHIB6uTCfrk81aN2DJBVolSZqhLDgPS1M6RFP1/OIeWHVGQcRqDo
;XKkjtZa8QZYCN+m7A+IhR4R1UsPYGjkX1ZZGAeigVn69KsI1J+9w9LNmSdij0lEnpXCl5e4NH3IlNoS
;XDaWguO0KouXwypfD9XFunVeQp7PSNVLVHg2vQPZnRUf9xxOJvRpDRDU9sfXiVwtr8iIxVgfCZdWOTH
;zg9Yc0lxrgRn677NWjdV6HwPVxbpuSwzHmZ8Jllc89fODVZuTmrxdgSKzKsFXWPBEksIZZ20Pz4kfEY
;8SlX1/OMcTW5PHq8FZ+u+zVo3DKhfP1cWhbQ0LwlLUCFMT/X84RJQaVRB3WYGmdiSMFhlxghgJGKMpT
;5KehQjVS09gYfRfSwHIB7CZB6OzJIpQ23aCE84f4ehEj4CZEZVLD2Bo5F9OQ9gHr0FZ+vYpCJSaPcQX
;i5zm4o+PhpmVwpVPYCjkX05ByAergV0677NPF50zRhgO3eQsD8VCGBCJ1li+KOQfTkHIB6uBWfroc1a
;N2HJCGA0eYezfBUdfU80QFjv184eVmpQe8B2Bp/XojQ3Dah8P1cW6YwNSmEUI1VAXPX88hJXYRFByGw
;LitOoNENTzBlRJH+drE1LexQjVS1dEuORZjkHIHPPcTiI0aM8BlPOFVM2e4y7ORUffUI4SEnk0ZF8OQ
;cgHq4Fm9S+1lo3DMUdSwh1hrsreyRySjlMUOTN5SJJdUl9y1oEhb7MWjcMqHzfP1bpzk1Ke3lCIXJe7
;s33TGZhSXLPaAKFypIqRWXLGWA9ZunUTUp7FCPdnn2Bv5F9OWpBavFmCIXY/AVRZcQdUjJ4nYo9OBJ3
;RgpGUvOjkH05ByAe7ton66XNWjdhyQhgNHmHs3wVHX1PNEBY79fODUtuQ3vxcBTrv81aN6zYgQcXFsX
;VTUoWdVcKTlLvxaAiX25Mf8NgCZ/hvj9DeMESWCRJj7whKxZxTSFyWeTN4hRNfiAfrgVn676tyXcMhX
;w/V3uIoRIpFHpFZHJb6M/wEFxpVEHdYBOf16M9RFPOFVM2e4y7ORUffUI4SEnk0ZF8OQcgHq4Fm9S+4
;Fo3DMUdSwh1hrsreyRySjlMUOTN5SJKYlRqx2sAmOGrM1ttxRlRI0mPuSI9CXVXMC08gaORfTkHeV6u
;L2frvqA7Q1PLE1ExJ7azJCYaeUY7WWLyxuUJUGlHbfFjDoffoD9ZePcMTT51jNVMSnsUgyXQBcGjv30
;5B01/2loEhNCra2hqwRBeOnOHoRI5HmBXPENa8vz3FFVmTXvAcTid278zUXX3FVtXF+nVTUr7hOAVLS
;GBo5EQWHN/fcFrAdrhqzNbbcUZUSNJn7A/Ix1tfDxJPYCjkX05h7Dd7gV4677NN1Z49x9QOXDbiisjF
;3VOMENJ3sD+EEliTm3PcQ6E0M1bNwyofD9XT6nVV0p7FE40WWLizP8bC1hGd8JkCo7QuQVTacYPViNv
;6dRNSnsUIzW+fYG4kX05akFq8WYIhdj/BVFlxB1SMnidiikjGnlGIUhPgaKRfTkHIB5SOmfwvs1aWm3
;cI1w4eI/nEiwSeEI4SFP1/OEPUGRFQc1rZ+q+zVo3DEgUf1cN6dVNJxpgfDZCU+eRzhtQa0Fzy2sTtM
;6/M1Rp9xZPVxfp1U1Ke5yQFS0hgaOREFhzf33BawHZ4aszW23FGVEjSZmnJCkeS0g6Xz2Ao5F9OQdgw
;e4FfOu+zTdWePcfUDlw24orIxd1TjBDSd7T4xRaYn9r3QVm677N+kfxkDw/exbp1SArD0tAOkNbs/z3
;FFVmTXvAcTiY27kuXmLPD2Axf4W0IC8VYHwxSFPyyuUEOQYgHq4FZ4stjVoaDKh8UjZitrYiJB0mfDN
;EUeDO9BNNWFN72nEOhdm+BVFlxB1SMnidiikjGnlGIUhPgaKRfTkHIB5SOmfGvs1aWm3cI1w4eI/nEi
;wSeEI4SFP1/OIYTXNJcMl2OI3XoTtaacYIYDF6hqI/Kw9xI1QtPYGjkX1gRyA0rgVnht+5BVRjxhoNC
;HCAuSwnHnpXCl5Y9df4E150f3jHaQaG26MuaHzaFVwyFujVTUrbZN5tbT2vo5F9VGZUQc1qCY2Mkjxe
;YMkRWjlitqYoPg99TTJeYufK/RxUYk5q8XMCmderI2hlzHw+Vxbp1c3auFQjSS09gc7wCWZkT3DINzi
;N16E7WmnGCGAhc5u8KzMkfUdVLD2Bo5H9qcRgHrkFZ+vTrC5SfsEdUwhlirQhLyRyQjZZUvP86X04Df
;e93jhNsv7NTTcMqBFeI3ObvCwmJGdANEFY3sXwHk1oUkHXBWbYjf5pBC/xPD9AFunVICsPcVE8TFHe0
;PIcVWJ/eM9mE4TMkiA3Dah8P1cW6YwNSm4UI1VAXPn85xJVck172ncOiOG+KlJpzE0/Vhbp1U1KexQj
;VTg9gaP8HEFYVnHCcAqOyr8zVFPbDFoyctvVTEp7FCNVLT2Bo4x9OQdNccpgC7TOvz9UZdsZYC1JgbA
;kLRNgfDlMROTR4n04ByAergVn//7NUTcMqBJQLWyFsBI5Em5GVSw9gaMx5KDeHx6gBWfryaw2W1PcFF
;Y0fYewPjl7FbnMtKQYOnhCORUgHq52EpvOoihDU9IjWz5lnbQjKR4UImYeDrKQor4GBzUergUIndu/M
;lZizyNMP3OFuT4VGnpEOUg9gKORfTkHICDuBX7rvs01QWnaFF45cbamJS8XeFAKS1zv/OINXGJEHq8F
;Z+u+zVpuTKhkP1cWhqMoOBN1TTJyTunG/RFKWEZywXIVisqoWjYMqHw/VxawlU1fexQjOltY88vwE15
;YU3bLaQuY4b4qUmnMfD5XFunVTUoyVCNELT2B0+MYSnRVbMtaBo/IrDRUaZl8Ps2PcEzU09IrI0QtPY
;HT4xhKdFVsy1oGj8isNFRpmnw+Vxbp1U1KexQjTS09gdPjGEp0VWzLWgaPyKw0VGn3FVExf4W5fEp6F
;CNVLT2Bo5F9IQcgHt53ApjNuChSU8kYSTZ4irASIxVySjlBD4GikX05ByAergVn9r7NWkd+zQ9MImSM
;iiwuDXVNNkhi6M3iGE1YSXDAYBXavsxaNwyofD9XFunITUp7ZFEwXk700fQiWGNWf8BmArTXoylSePc
;VUTlzm+dNS3sUI1UtPYGjkWA5ByBu3GAUmMu/P2htzApeOXWMiiQkCHFXCkJI9cbjTDkGIB6uBWfrvs
;1aKgyofE8lc5qmODgeS0IxW1zvwPQiUGlTe9paCJ7KqCgFDKl8P1cW6dVNSnsJI1UtTfPG4g5MdUVBz
;2ERitCuP2h4xwxgJGObsywpHiUjVC09gaORfTkHIAOuBWebzKgpRHnaGWA2cp+0IykeS1c6XWLy1uMb
;WGRFLK4EZ+u+zVo3DKh8E1cW6aU/IxVgRidyXu7N9yJcf1Rs22ECmY+SOVtpyQ5eOXWMii8rGH98Okt
;b8sblfTgHIB6uBWfrvs1zNwyoDE0+eJ2wPxUYe00zclj51+MIXWJSL/FmC47fvztZb80jWi9im6ApLw
;kUIlUtPYGjkX05Bw0ergUXmdejLlJ+9x9QOXC2sDU+CWFHMF8M3sD9GFh1QXDNYDiNzKI0Q1PHGlkkc
;53VTEp7FCNVLT2Bo719OQdQbMdrE47MkjlYYs4jWi9im6ApLwklfDZBWODR8BNaYn9yy2MTtNGrPERp
;3Hw+Vxbp1U1KexQjeC09gdPjFFdzRWzxZgiF2JI/T3jaCVsyZNiKLiYedVE0Q17k/OMUXm9UQcFjAZj
;buVo2DKh8P1cW6dVNensUIyVfVO/X9A9mZE9wyFoCk8q/L1Np2k1gNGOaoSInJGRRPENJ4MH9GGZ1RX
;nHagm0xs1bNwyofD9XFunVeUp7FFMnRFP1xuMiWmhOePFgH5/MuD5SfpkjXCJlnbogFQtmSjtZXOPP9
;CJLYkd3wWs4k82kIFIMqXw/VxbpVSYKeyQjVS1N88r/CVx1f33BawG027UuRXnMGU1mSYqgPj4UeXwl
;X1Tv1/AfVWJ/bMtiDoTQkiM3Dah8P1cW6dVNSk8UI1VdT+jN5RhLWENxwGM4jsa5KEJozQ4OCHWcpjk
;lFktTJ0RT9cLzEVxYUnvJbAiF4bQpXnbNfD5XFunVTcoQVCN5LT2B0+MUV3NFbPFmCIXYkj9PeNoJWz
;Jk24ouJh51UTRDXuT88xxabH9xyGMUjsrNWzcMqHw/Vxbp1WRKexRTJ0RT9cbjIlpoTnjxYB+fzLg+U
;n6aI1w7c4inLCQYcXwwVUnz1vUYSwchHq4FZ+u+PWU3Iah8PydkgLs5LwlLQDpDW97G6QlLckR73Dc4
;iNKoO0Vtxh9aCHCbuiM+JHtFM15Y9aOQfTkHIB6uBWfrks1aN3zaFVEjc5uKLiUVcnwwVUnz1vUYSzV
;/fcJgBpnfozlSU8QZWSNJhrMrOR5gI1QtPYGjkX05ByAzrgVnm8ykNENp2iNcOHiPiigyD2ZWMUhPs/
;zyEVxmUn/AZgK0zKQ9X3j3E1kxZYyhTUt7FCNVLT2Bo5FNOQcgbtxsCZ/bvwVUY8YaYDJunac4Lh5mE
;QpOSPLX/hBmd1J3wHEGidKoBUVpzxVQOUmR1UxKexQjVS09gaOlfTkHUGzHaxOOzJI5WGLOI1ovYpug
;KS8JJnw2WE71zPwiSXVJcNpkBYfbkihSa8ETUQhumrw3L3sVI1UtPYGjkX05NyAernUVgtC5P0VTyxN
;RMUmMrTk4DnBGJx9i4tbiCVZqf27cbAmf3682UlPaGVg+eYeKNEp6FCNVLT2Bo5F9DQcgHt53DoXKqC
;hob8cSWQhzkaE/Px9xUWdyXvTQ5RJUWFBsx2sTityhP2h+zRtWOHi2rD4jAXEjVC09gaORfTkHIASuB
;WebzKQ0Q2naI1w4eI+KKisVYFEsclXkyvYVTQchHq4FZ+u+zVo3Eah8PydkgLs5LwlLQDpDW97O8B5R
;bk578WcGntq/O0NpqH0/Vxbp1W1GOhQ9VS098dH4E01iUkHNagmN4aA7VGTBEloIdIyxEjkTdVMwLTy
;Bo5F9OQcgHq4kZ+u+vSheYtwZTQh1hrsrFRZ1QD1EU+T88xhdWFR7w3U4ht+1WjYMqHw/V5aylU1sex
;QjJV9U79f0D2ZkT3DIWgqK3aUzWWn3Hlo7YrayLCQPZloKTFPmz/R9OAcgHq4F563+zXk3DKgMTT54n
;bA/FRh7TTNyUODA+RRXYn99wWgXjtC+O0NlxxJgLxbo1U1KexQjDG09oqORfUl1SXDaYBW03aI0UVPF
;HVw/f4ewEikUeVMwQ07g1/gSV1hZHq8FZ+u+zVpuTKhTP1cWmackJA9xUQpOUu/FzhBYZEh3wGA4j9+
;5O2hqwRBaCGKBoCAoFXVKOXJV5Mr2FU0HIR6uBWfrvkkaNyKofD8nZIC7OS8JS0A6Q1vezvAeUW5Oe/
;FhBp/fkjxeYM0jSz9jhLcjKxJ4fCJEWfXLkXw5ByAergXjq77XWjcM2A5WOWKMpxIpFHpFCkBc4sv4E
;1xYRHfDWh/rv81aNwyoPFAXFvPVTUoLZko7WVjz/PISV2F/c89mD4LQqAVTZcUjRlcX6dVNSntUTBUt
;J4GjkQ1Lbk5qy3c4iNGjPGhhyR9XPniMiikjFktZVSw9gaORfXloYB6HBWfrzr8zWXjNDmA0eYezEic
;ad0s8Q1jex/gOTWZOfctaAZnRoAVVY9oYWiUW6NVNSnsUI1FtPaCjkX1JdUlw2mAVtN2iNFFTxR1cP3
;+HsBIvA2BRIElY8/z/CFQHIR6uBWfrvj1lNyuofD8nZIC7OS8JS0A6Q1vezvAeUW5Oe/FgH5/MuD5Sf
;vcTWTFljKESMkkUIlUtPYGjkUR5BwcergUXmdejLlJ+9x9QOXC2uCwpE31NMHJY+dfjCF1iUkHBYwGY
;27kFTj6ofT9XFunVTUp7FDxVLT3x0fgTTWJSQc1qCY3hoDtUZMESWghwgLksJx56VwocPYCjkX05ByA
;e7gV4677NKkVlxghaJUmKuiMsJHlCNkVU78bOG1BrQXPLaxO0jM1bNwyofD9XFqnVfUp7FFMnRFP1xu
;MiWmhOePFoBojWpDRSU84VTTphiKcoFRp3QDBBWPPC5RRWaX978WgGk77MWjcMqHy3lFbp5k1Ke2RRP
;ENJ5NHOHlZpRkHDZASD16M/aGrBDlIgd5uwEisYd0Y5SE/g1/gSV1hQbMdrE4LQqlo2DKh8P1dWZpVN
;eHsUIyVfVO/X9A9mZE9wyFoKit2lM1lp9xpWJXuetD8vJHVANkhR5NHwCVBoTkHcYBOZ364uNw2ofD9
;XFplyDUpKFCNVXU/ozeUYS1hDccBjOIbfrjJeYs0jWT5khKIsOB5LQjZOWO3G4xxNbk9w8XEVisioNj
;cNqHw/VxapWg1KSxQjVV1P6M3lGEtYQ3HAYziG364yXmLNI1k+ZISiLDgeS0I2TljtxuMcTW5PcPF9O
;IbftVo2DKh8P1eCKJVNensUIyVfVO/X9A9mZE9wyFoKit2lM1lp9xpWJXuetD8vJHVANkhR5NHwCVBo
;TkHXWgqKxs1bNwyofD/D16nVfUp7FFMnRFP1xuMiWmhOePFoBojWpDRSU84VTTphiKcoFRp3QDBBWPP
;C5RRWaX9k8WgGk77MWjcMqHw/Dlbp+U1Ke2RRPENJ5NHOHlZpRkHDZASD16M/aGrBDlIgd5uwEiwecU
;cnTEnk/PQiVGZYHq8FZ+u+zVoOTKhQP1cWmackJA9xUQpOUu/FzhBYZEh3wGA4jde/N0Bt2hlgMXOMs
;T8rD3F8LXJQ4NuRfDkHIB6uxRWrvuFaNwzYDlY5YoynEikUekUKQFziy/gTXFhGd9xoEIrMqAVRac0Y
;TTZijIo0FRZ1W1UsPYGjkX35dWAeggVn686/M1l4zQ5gNHmHsxInGndLPENY3sX4D1RwQWzLWgGO26k
;oVnjNI0UIe4itTUt7FCNVLT2V45FZOQcgbtxsCZ/bvwVUY8YaYDp3ir0kJB5LRTxfUPbC4xhmbUVsxV
;oC67/NWjcMqHwrFxbN1U1KC2ZKO1lY8/zyEldhf3PPZg+C0KgFUWXaEUg2ZIyKJy8Jf3wtLTyBo5F9O
;QcIXq4hZ+u+vSheYtwZTQh1hrsrFRZ1QD1EU+T89xRLald/3GA4gdu/MWh1qH0/Vxbp1U1iOxQHVS09
;8dH4E01iUkHNagmN4aA7VGTBEloIcICnID0aZkYKR1jzyM4HOQa6hzec/nJn8loWDKh8TyV/h6EoOCR
;3TDtLYuzC8hVQaUVByWYIj9uSO1R4wRNRVxfp1U1KexQjVS0WgaORDUtuTmrLdziI0aM8aGHJH1c+eI
;yKKikUcEYKWVX0zvMTWG5MQcZgDozWuVo2DKh8P1cWgJVNYHsUIyVfVO/X9A9mZE9wyFoKit2lM1lp9
;xtcOHKMijkiDnlBO0xU7fzmFF1zSB6vBWfrvs1aXkyoUD9XFpmnJCQPcVEKTlLvxc4QWGRId8BgOIff
;vi5oedgQUDZytqYoOA1xUQpZRPHGkXw5ByAergVn677pWjcM2A5WOWKMpxIpFHpFCkBc4sv4E1xYTnH
;UfwuO4akzVmHNCFolFujVTUrbjbqMEj2no5F9SXVJcNpgFbTdojRRU8UdXD9/h7ASJBRuWTlIYuXK8B
;Bcc0Vs8Tdn6r7NWpeVMaUAVzDp1U06CX1NIUhP3sD+E19YTX/NbQ6F25I0WHbSEFoIYoy4PRUWdVsKH
;D2Ao5F9OQdAbe4FQeu+zSpFZcYIWiVJirojLCR5QjZFVO/GzhNWfVpyy1oTjtO9BVpt0CMNVxfp1U1K
;e3RQFS0igaORDUtuTmrLdziI0aM8aGHJH1c+eIyKPTgSelcKQFLlxpF8OQcgHq4FZ+u+41o3DNgOVjl
;ijKcSKRR6RQpAXOLL+BNcWFBswWgXn+G4KVJT2h1ZI0mdvT8vCHxMOUk9gKORfTkH4HzuBX3rvs0qRW
;XGCFolSYq6IywkeUI2RVTvxs4OTWJQe64EZ+u+zVo3DKh8EFcW6aU/IxVgRidyXu7N9yJUZkN2x2sCt
;MikKEN5yRBgMm6dpzguHmZ8Oktb8sblIkE1IB+uBWfrvs1jdwyHfD9XZpu8Iz4eZnw2QlPn/PwcWm9J
;cMtaEYLMuS9WYPcZRyNknLEoOCR7RTNeWPX86E85BiAergVn677NWjwMqHxNNnCdiiwjCXNCJS08spC
;iTgo04yGuFmfrvr87UXj3Hl4kc7a5JCQeY0oxWVWBogvkoJ65h0c6Z/S+zVpFbc4IYDV3mrASLwNgUS
;BeVO7NzgpQY1R28XcGn9eiWjYMqHw/VxaAlU1cexQjJ0xb9fzzHEpif3fAYw6H0pI7WWvEGT9WFunVT
;Up7FCNVOz2Bo+McX3N/fM92ArTXozxeYMQjTTZigLpNS3sUI1UtvcHjkW45ByBsz2MTtNysKVJT3BRW
;NH2HsD45exUjVS09gaNxQjkXIB6udwaNypI4Vn/NI1M2b4ynPkp6FCNVLT2Bo9F9KAcgHtxkAZ/hoTN
;ZafcPTzZ1gLsqSnoUI1UtPYGr0X02ByAe3GQBn+GvO0Rp9w9PMnON1UxKexQjVS0dwaOJfTkHUn/IcT
;iC0Lk/RWrJH1oIeoC7KD0ScFc9LTyykKJOCjTDIa4hZ+u+vztRePcVUSNzm7MsKR5LRi1ZT/TQ+BJXW
;Fd3ynEPtMysLl5jqH0/Vxbp1Y0oOxQ4VS0988L3CWZuTmrLdwGK3agFXmLOFVM7SYi7KiYeFCJVLT2B
;oxEreQc7Hq4FFYrYuQVeYtwZTTF3irASIxVySjlBYvPC5RRWByEergVn676EGjcUqHw/JXePoRIjFWB
;GJ0tc4sbOCVFuQ3XAYBSYvswIjxItl26PKenATUp7ZkIzWWLozeUYS2FBfctaC4rHqChEDKl8P1cW6d
;W9dXsCI1UtT+DF5SJQaVR73GMGiNuSKUdtyxVRMBbo1U1KexQjpRI9laORfUtmRmrxbAmf2788Vm/NI
;0wnc4yxTUt7FCNVLT2/45F2OQcgbM9jE7TTrChQZcZ8PlcW6dVNSm9UI0MtPYHR8BtNWFNr3GMGiNuS
;Nl5izQtWM2KB1UzQ4o26zLTkvqOzfTkHUn/IcTiYy788Vm/NI1ovYpugPiMUenwiRFn1y84PWHNJca4
;EZ+u+zVo3Veh8KlcW6acsLA9LUCBfW+DA9CJfa09p3GQTjr7MWjcMqHyfMlbpzE1Ke2ZCM1li8tbjG1
;hkRUHHawGC0qEFVmLPEFpXF+nVTUp7FB0VLSuBo5EPWGFUQd1wFY3frj9oasEQUwhkiKEoSnoUI1UtP
;cH20X0vByAe3GQBn+G+L0VqyR9aCGKBvC4hFXFQJi08qP8ev8wv7CGuFmfrvr87UXj3D0olcIi2KBUX
;dVowX06BopF9OQcgHq5FZ/++zVpFbc4IYCRjm7MsKR5LUCVMXujN9n04Dfe93jhtPIHNSDcMqA5eMWK
;2pjg4HXVAMHJO8cb0GTkGIB6uBWfr8I1aIwyofE02cJ2KOTgaYkY5ckX4/OINXGJEHq8FZ+u+zRpnTK
;hoP1cWm7A+PhpmVwpIRfXR8CJYak9rwHFn6r7NWjcMqHw/VwDp1U04HmdXNF9J3sbpCUtmf3/DahKFy
;pJoNw2ofD9XFunVTUp2FCNVX1jy1/APTVhTbstgA+u/zVo3DKh8BhcW5tVNSglxUCFMT/X84g1cYkRB
;nAVm677NWjcMkTw/Rhbp1T8vD2ZCNllU7s3OHFRoVXDaBWbrvs1aNwxYQz9EFunVPy8PZkI2WVTuzc4
;cVGhVcNpaVeu/zVo3DKh8z2gW/tVNSglxVydMXvXK/hNmY1Vsx2sAtMmkKlI+qH0/Vxbp1U1KexQEVS
;0988blD1hkVHfBaziO0Kw4W2n3E0ojZYCxKBUZe1chQlDez/AEXHVTHq8FZ+u+zVrHM6hYP1cWm7A5O
;Bp3VzxCU97G/xxba0VBwXATmNepP2h4xwxgO3eQsD85exUjVS09gaORPTkbIB6udwKfzKw5Q2XHEmA6
;f4e8ICsXS0YtWU/00PgSVwchZbqrIArEWWU3Eqh8PyVznacsKQ99TDtyUOjN+BBYa3971nEVns2kNVl
;Tmnw+LAJHkqww7ysjQC09gdH0CUtmQ2rHagm006Q0aHjaHUkyeunUTUp7FCNV3QKBtJF9OXVFatxkBJ
;/XojRoYcESYCNkiKMoJiQmI1QtPYGjkX3JOCAOrgVnmdu5KFZv3BVQOUmapSgvHxQiVS09gaOROXkHM
;h6uBRWOyr87VHjBE1EIZZmwKC4kJiNULT2Bo5F9fUcgEK4FZ5nbuShWb9wVUDlJgbo9SnqOusy0pBhq
;rn0pByAe3GATmd+uLl5jxiNXOGa2501L4Y26zLSkSJyRZzkHIGzLcRWK3bkzWGL3Blc4Zra2IiQffVc
;8QlOwo5B9OQcgHq4FZ+ukzVo3fs0ITTZ1nbwiJCRuSzpdYuLM/xlQc0lxwDdn6r7NWjcMqHw/VwXp1U
;05HndMO0li7cLoGEtYWkHCbAGfvsxaNwyofD9XFunHTUp7Z0swQVHeyv8bUGtMQcF3A47MzVs3DKh8P
;1ceqdVBSnsUUD5ET/X8/RxAYlJtrgRn677NWjf8l3wvVxbppiYjCWB8OUhT5tf5IlRuTh6vBWfrvs1a
;NwyobD9XFpq+JDgPS088Q1jewP4IV3MgH64FZ+u+zXR3DLx8P1dlgrw/PiR5SjtEUODPzhFcaUdqxgV
;m677NWjfMyjw/Xhbp1T4hEmZXCkpc8aOQBi2pZ//UgVjrtc1aN3/DFU0jSZqlKC8fFCJVLT2Bo5FTeQ
;c6Hq4FFIfRugVTY98SYDF/m6Y5FR1xVApBXPjG4w45BiAergVn67aNWioMqHxMO2W2tCQ4JHlMMUhi5
;Nv5HEx0VEHedwKYzbgoUgypfD9XFunVeQp7CCNVLU7t0M4cUHV/c8FhArTOoT9ZecUjTyVzmqY4OB4U
;IlUtPYGjkVl5BwcergUUh82SOFh43BNSCGWcpysrGHF8NkJT9czkD2ZkT2zAYBW02qg2VnWofT9XFun
;VTRM7FAhVLT3yz+IiW2hUasFoOJjLvzxWb80jXDh4nbo4OCRxTTFyXu7O4RhXdEFqx2oJ67/NWjcMqH
;w/VxbN1U1KCHhQCk9S9df+EGZ0VWzIZASO4a41WXjHCU0Ic4exEi4eeEIsLTyBo5F9OQcgHq4vZ+u+v
;jZEU8oTSyN5hIo+PwlyQjZIYuLM/wlWclJBwmQUjsySNVFq9xhaO3eQ1UxKexQjVS1kwaO4fTkHU3Ld
;WgWEyrk1WlPbCU0xd4qwEikUelc6WE/ez/AOXHV/ccBaA47SrCM3Dah8P1cW6dVNSl0UI1VeUfL88xJ
;Nc09z8XYSmdisOVJTyxNRI3mcpxImGmdGJ3JN7tT0DzkGIB6uBWfr941aHwyofEw7Zba3Ij4Pe04KXk
;jzxfAeXFhDccBxCJ7MkjZeYs0jWz5lnbQjKR4UIs+0pBg6CMQGBwAergUUh82SOFh43BNSCGWcpysrG
;HF8NkJT9czkD2ZrT3Hedmfqvs1aNwyojABXN+nVTTkXZ3w3Qkn1zPwiSnJSeM9mArTdojRDY90OYDhw
;j6YoPnsVWEGDemDZJcI5LiAernYLmOGvNUN4xxFgJGObsywpHktAOkNJ7tbjIkpkQXDAbAmM4a41QmL
;cfD5XFunVTUqLKyN8LT2B0P0OZmVPatpqCrTNuChRbcsZYDR5h6EiPwlLUDZMU+/K/xpmdFB7y2Fn6r
;7NWjcM5KF/Vzvp1U05F2d8N0JJ9cz8IkpyUnjPZgK03aI0Q2PdDmAjeba8IywSeE8KSVTy1/ATWmIgH
;9URyaxft/4IDI58P1dlhaYSKBRgVzpAYvLW4xtYZEVBx2sBgtKhBVRj2hJaJUmNsCErAhQiVS09gaOR
;JHkHCh6uBRSHzZI4WHjcE1IIZZynKysYcXw8Q1voz/0iXGlEQc1qCpvboylWeMETUVcX6dVNSnsUI1U
;tHoGjkQ5VdH98wXEThNOSKUJ+zh1cMkmAuysjF3h8MENZ3sf0EVh+IB+uBWfrvs1aNwyBfD9XZYWmEi
;gUYFc6QGLy1uMbWGRFQcdrAYLSoQVbbdsZTQh5j7MSLh54QiwtPIGjkX05B3leri1n676+NkRTyhNLI
;3mEij4/CXJCNkhi6M33FFVrf3LPdgKZ4aI0aGjNEF4uFujVTUp7FCNVLT2ko5F9SmtTQcxqE5/RoAVE
;edoaXjRztrwjLBJ4TwpBXPLG4yJJaFd73AVm677NWjcM4Tw/cBbp1T4mCEtBOllJ7s7ODkx1Rn/NYDi
;C0KszW2D3EFY5c7axJDkPdU02SD2AOQjkoJ65p5EFRuu+zSlbf/ceUCNihrgSOQ5mRTROWN7K/xtQa0
;xBwXMCmdKsKjcNqHw/Vxbp1U1KUxQjVV5R8vzzEk1zT3PxdhKZ2Kw5UlPBElk+eoWKPikaek08Q1rew
;P4IV3MgH64FZ+u+zaoIDJh8P1dlhaYSKBRgVzpAYvLW4xtYZEVBx2sBgtKhBURvyRJRPniOii4lDnpX
;Ck9E3s/4E1wHIR6uBWfrvj1lNySofD8kepqKLyUPYEw4ck700fccWmJ/d8BjDofSkilUbcYSVjlxtqY
;9Lx5wI1QtPYGjkTHkRyAHrgVnmNK+BVVj3AhQOkmaoD8sGndGCkFc+MbjDjkGIB6uBWfrvs1aKwyofE
;w7Zba3Ij4Pe04KXkjzxfAeXFhUdtxgFIPRoT43DRBiurxHUWtySl8UI1VeUfL88xJNc09z8XYSmdisO
;VJT3BNgOXmbuCwmJHtVMF9R4NORfDkHIB6uBWfrvuRaNwzbEEwIdIahOSUWS1AgX1vgwPQiTWh/asF1
;OJjLvzxWb80jUCFzm7ksOnsVI1UtPYGjkX05HyAernYLmOGuNVl4xwlNCHWGpyMvCUtHMEFc+KOQfTk
;HIB6uXCfros1aN3/ED2A0eYehIj8JS0Y7SWLizPwNXGlTf9psCIW+zFo3DKh8P1cW6cBNSntnTyZyXu
;7N5RJMdX97wGE4j9uhO04MqXw/Vxbp1U1Kew8jVS1O7dDOHlZpVHHbdziH374/RVPHGlkIcoy5LDN7F
;SNVLT2Bo8g9OR0gHq52C5jhrjVZeMcJTQh6iKYoOCR7TQpJWO3C6H04ByAergVn677NTTcMqA9TJEmK
;uiM+FGFRCkFc8sbjIkloV3vcBWbrvs1aNwzhPD9LFunVPiYIS0A6Q0nu1uMiVWJOedptOJ/Wvz9EZMc
;QW1cXUcvIoSqs7WotJIGjkQ5VdH99wWsThMu/BVtlxhlgM3+aoSwkGHEjVLekGDoI5IA4IA+uBWeY0r
;4FVGPGCFAiZLa5IiULZyNULT2Bo5F9yTggDK4FZ5jSvgVUY8YIUCJktrorLAhxV1UsRpUN1pxDs58et
;AVn682hKWhvxxJLOGObij4pGnpNPENa3sD+CFdzIB+uBWfrvs2qCAyyfD9XZYWmEikUelc6WE/e0PIc
;V2lJcMlaFJvbqD43Dah8P1cWpQgNSmUUI1VeUfL88hJXc09r3FoThOGkNFFlxBBgM3+aoSwkGHEjVFY
;pL+RwB504IDKuBWeY0r4FVGPHEFY5cba2NCYSekcwX2LtzOYYS1hIe89xApnhoDtPU8cJSydjndVMSn
;sUI1Wta8GjvX05B1Ny3VoEhNGhM1lr9x9GO3+HsSg4JGFTJUhP3sv0HE1iUkHDZB+00bguR3ncfD5XF
;unVTcotVCNzLT2B0P0OZmRPccJsCYzhqyhYYtwjViVJgbAsPh5mfDhMRd7M5AlJclQerwVn677N2mFM
;qG4/VxaauT4VGHtMOURT5vz5GFBgSGquBGfrvs1aNyjofCdXFummITkkd0w6QVTvxM4RWH5FbPFtAoL
;ZpS43Dah8P1cW6QVySlwUI1VeUfL88hJWa0lwyVoLjti5BVFpzRhgP3OIoSg4JHlCLXJS9NfhCE0HIR
;6uBWfrPpsaNymofD8kepqKLiUUeEo7SmLtxvcJZm5SQcZgBp/bvwVabdAjUCJimaA5SnoUI1UtPQH10
;X0dByAe3WkUtN2iNVtlxhtgJ3+aoSIkJHxGNFlY8/z8HEFYT2vadRKfvsxaNwyofL8BVunxTUp7Z08m
;cl7uzP0UV2B/bsFyA47MkjxSacwVUTBJnbwgLyRxVTBDPYCjkX05ByAergVE677NKVt/9x9QOHqAuyo
;VC3tUMUhP3sX0GF1uTnnxcQ6G25I1U2iofT9XFunVTUp7FAZVLT3yz+IiWmhPcsdrALTMqDtFU8EOYD
;9ziKEoOCR5Qi1yUvTX4QhNByEergVn6z6bGjcWqHw/JHqaii4lFHhKO0pi88byElhzRWzxdheO26laN
;gyofD9XloKVTWJ7FCMmQU7ewP4SVW5OefF3DozWuQVRac0YYD9ziKEoOCR5Qi1yUvTX4QhNByEergVn
;6z6bGjcqqHw/JHqaii4lFHhKO0pi88r2FU1YSWzxbQKKyqgoaGHJBGA4Y52lOD57FSNVLT2BI8c9OR4
;gHq52C5jhqjtHU84VUztJiro/JB5mfDFIUeDakXw5ByAergU+q77QWjcM2xBMCHGIpRIsEnhPCkhT5f
;zyElR3RXDdZBOC0aNaNgyofD9XFunVTVx7FCMmQU7exPANZmFJcsJaAoXakj5SYMkFP1YW6dVNSnsUI
;1UxPYGj4hFKWEd/3loBgtKhBVtt2xlNCHmPsxIuHnhCLC08gaORfTkHeV6uHmfrvr42RFPPHU8IcIC5
;IRUXdVAwX2Luzc4ZXGtBZ64EZ+u+zVo3DKh8J1cW6aYhOSRzQiVyW+jP/SJVZlN73FoXhMmoKDcNqHw
;/VxbpnA1KZhQjVV5R8vz2HElYRnfCaTiH26M9Q2T3CFclc5q9IiYfFCIuOZPGQuv5Bgc7Hq4FFIfNkj
;1WfPcaVjt6tqYuKxV6SjtKYuLM5BNNByEergVn6749ZTcXqHw/JHqaiiorC0tFPEFR3tDyHFdpSXDJW
;hSb26g+Nw2ofD9XFqUIDUpsFCNVXlHy/PgTX25McvFmCJnQqChoaM0QXi4W6NVNSnsUIwxtPZqjkX1K
;a1NBx2sBgtKhBVJizCNcOHuZsCM5GmBKOkM9gKORfTkHIB6uBXPrvs0pW3/3FVExf4W5Ei8VcHwxSFH
;g2pF8OQcgHq4FZ+u+7Vo3DNsQTAh/h7MkJhdLRDRdYufK/RFmZE9swGAVtNqoNlZ1qH0/Vxbp1U0TOx
;QHVS098s/iIlBpRnfCaTiM370FUWXEEGAyeI2KLiUWZEY7Xlz1yv4TOQYgHq4FZ+u+zVoqDKh8TDtlt
;rwjLBJ4TwpKXPH89xRVa397wGE4j9uhO04MqXw/Vxbp1U1Kez0jVS1O7dDOFFdhSXLCWgCKzpI8XmDE
;I1c2Yoq9Ei4SZ1c0Q17k/PccWnNPbK4EZ+u+zVo3/Jd8HFcW6aYhOSR9TTNEUe389hxJWEZ3wmk4h9+
;+P0VTxxpZCHKMuSwzexUjVS09gaPIPTklIB6udguY4aQ0UWXEEGAwd5mKKyMXeHw5TE7k0c4SV1hEe8
;JkHuu/zVo3DKh8P1cW9tVNSgh4UApEU+fK/RFmYEFu8WMOh9KSNlZ/zQ5gJ3mesD9KehQjVS09gerRf
;R0HIB7daRS016M8XmDEI1g2ZrazJCYXS08wQ1r1y84JUXVFbcZqC4++zCEjou+dRdMp6fdNSntnTyZy
;VO/F+BFVWEd/3loBgtKhBURvyRJRPniOii4lDnpXVSw9gaORfTn3Hx6MBWfrzaEpaGXGGlY7erayLDo
;kcko5QWLywPATV25OefF2F47bqVo2DKh8P1daNJVNUHsUIyZBTt7K/xtQa0xBwmQUjsySNVFq9xhaO3
;eQ1UxKexQjVS1kwaOIfTkHU3LdWg6F2KQ2W1PEHUwyZLa6IxUfcU80VD2Ao5F9OQcgHq4Fceu+zSlbf
;/cVUTF/hbkSJhpnRidyTe7U9A85BiAergVn6/eNWi8MqHxMO2W2vCMsEnhPCkFU78bOGVB0VH/AZgLr
;v1fDrpUx5YZoFvDVTUoIeFAKRFPnyv0RZnRDf8BrDoXZkjlYecYIP1YW6dVNSnvkHFUMPYGj4hFKWEl
;wyGwLh+G+OVZixhVRMEmKujgkD0tBLHJR6M30fTgHIB6uBWcbgc1DNwyoD1MkSYC7KyMXeHwmTlzvzf
;gTXlhTbstgA+u/zVo3DKgw4hcW/NVNSgh4UApHSOzTzhFcaUdqxloLgtOkLjcNqHw/Vxbp8Q1KaRQjV
;V5R8vz7CFR3f3PPfTiP26E7TgypfD9XFumVGAp7BiNVLU7t0M4XTGpQQcNsCbTaqDZWdah9P1cW6dVN
;bjsULVUtPfLP4iJTck1u8XYXjtupWjYMqHw/V1o0lU1dexQjJkFO3s/wBFx1f3zBdwOOzJI1UWrbGUt
;XF+nVTUp7FCNVLSaBo5EOVXR/cs98ApnhoD9Fa80jXDt5mrASLBp3RiYtPIGjkX05ByAerh5n676+Nk
;RTxR1LMmSAtCEVCHdCOUhi58LyCVZ1f2auBGfrvs1aN1XofCRXFummITkkeUIhSE/owv0iSmRBcstaA
;YrduTVFU9F8PlcW6dVNSiJUI04tPYHQ/Q5makFqy3cOitKSKVRtxBlgMXeKoSI4JG4jVC09gaORfWBH
;IDyuBWeY0r4FWWXcDlAwc4eKICUfcXwwVVXg1uIJZndSe912EpnbzVs3DKh8P1ciqdVsSnsUUDleYu/
;K5Q9WYEVw8WgIj9uSKltpxglSCGabsD45DmZGVSw9gaORfTkjYB63BWfrzaEpaGLHDlI2era8IywSeE
;8KQkvk0f0cSQchHq4FZ+u+zVo3Lah8PyR6moojJQl5QjlySe785RJJWFNr3GMGiNuSNUFp2hBeJxbo1
;U1KexQjVS09k6ORfUprU0HBfR6M26MFVGPGCFo5YunUTUp7FCNVOX2BgpF9OXRMbfF1CJzaqChoas0Z
;Wz54joo/JQ91VzxCU97R8AlQaCAfrgVn677NqggMnnw/V2WFphI6FGNHMF9i58b0GVBpR0HcahOKyqQ
;1WVPaHUs+ebazOCQYYEo6Q2Lg0fQcZmFBfdpqFeu/zVo3DKh8P1cWxtVNSgh4UApdUvbH9A9mYUV7ym
;wJjOG/NUNt3BVQOUmbtDkjFEtFIENe9cr+E2ZlQW3LBWbrvs1aNwyofD9gFunVPiYIS1M6Wlnk0c4bX
;GJEd8BiOJnRuTtDZccSYCV3nbwiFR1hTTZZVO7Nzh5WalB7wHYGn9eiNDcNqHw/VxbpJXJKXxQjVV5R
;8vzhEk5jRWzxbQKKyqQ0UFPLE1Inc4emLD4Se00KWVTsxpF8X2FGeMhje6u+4lo3DNsQTAhmm7AlLxp
;gSjtKYuLa/RRXY0Vs8WkInNu/BV9pyQhaJUmEtDUVFGFXJVhJgaKRfTkHIJ74RWfEvs1aRGDbI08lc4
;GwLD4SekQKTkTtyv8ZXHV/a951ApnhpT9WeM0OYDp3kYoiPw9kViEtPIGjkX05h3Zerixn676+NkRT2
;A5aP3OIoSQkHEtFJ0JT9fz4D2ZvRX/aYBW006wiaGPdCE8iYunUTUp7FCPVe32BtpF9OXRMbfF1FY7W
;qDtDZcYbYD9zgLIlPnsVI1UtPYGjuT05HCAernYLmOG9KFJkzR1LPniOiiErAnFRCkVY6MT5CTkGIB6
;uBWfrbvJaHQyofEw7ZbalPy8TcUIhRFPm/P0YX3N/eMtgA7TWqDtDadojUjZutro4PgthV1UsPYGjkX
;25UWAehgVn682hKWh82hlXMnedvCMtJHhGM1li6NHOFVxmVHvcWgqKxpI1QnjYCUtXF+nVTUp7lHUVL
;RqBo5EOVXR/btxgD47fuTNZa/cMViRihrsSIh51VzBfYuzC6SJWclRu23Fn6r7NWjcMKCp/VzHp1U05
;F2d8JV9Y6cbwCVBpR0HeahCP278FUWnNGFY5cbahJCceS0YjSFOBopF9OQcgHq4FZ82+zVpEYNsjTyV
;zgbAsPhJ6RApdUvbH9A9mYUV7ymwJjOG5M1pp9xNbMxbo1U1KexQjVS09qaORfUprU0HedwKD26wuXm
;LPI00yd5uKJDgkfEY0WVjz/PwcQVhPa9p1Ep++zFo3DKh8vwFW6chNSntnTyZyTfPG+RhYc0lwyVoVj
;t2iO0Np2iNMJ3OMsU1LexQjVS296uORVjkHIG3CdjibzKgyUm3cFVEwSZu8KiIPS0UwSFney/QcTWJS
;QcNkH7TRuC5Hedx8PlcW6dVNyi1UI3wtPYHQ/Q5md1J7xmAGn9ejPWh+wRtXI0mApxIiHnVXMF9i7ML
;pIlZyVG7bcWfqvs1aNwwoKn9XO+nVTTkXZ3wlX1Tv1/gTXlhDZ8JsCY/bvwVbY98ZTQh+jLQ5LwlLTj
;RVYu7W5Q1McyAfrgVn675NDHcMhXw/V2WFphI6CX1NIURT5vzyBFVuTnrLdziezr0/RVPAGV4jc5uKI
;CsDS0wgWU3015F8OQcgHq6FMau+6lo3DNsQTAhmm7wjPhJ6RApLT+7N5SJQdX92y2QTjsySN1Z09xNK
;I2acoU1LexQjVS291+ORVTkHIG3CdjibzKQ0Q2XGG2A7c4+hEiwecUcKRVjg1/QPZmpBZvFqEp/OuC4
;3Dah8P1cWaYMNSl0UI1VeUfL84Q9QaVR3wGI4h9urLmhl2iNXMnedsD8VFnVbCkJI9dPkCTkGIB6uBW
;dr6I1aEgyofEw7ZbalPyMVYEo7SmLxyuIJVml/dstkE47MkjdWdPcTSiNmnKFNS3sUI1UtvdfjkVg5B
;yBtwnY4m8ykNENlxhtgJ3mesSg4JHJGMElU78TOCVBqRUHLcwKFvsxaNwyofD9XFunxTUp7Z08mck3z
;yv8JUGlHQd5qEI/bvwVRac0YVjlxtqEkJx5LTDFJPYCjkX05ByAergVB677NKVt/9wxNPnidvCMtJGZ
;GNF9i6NHOFVxmVHvcWgqKxpI1QnjYCUtXF+nVTUp7lHUVLSaBo5EOVXR/btxsCZ/Xoz1ofs0fUDZijK
;cSOQtxRjEtPIGjkX05h0terixn676+NkRT2A5WOWKAuyoVCX1EPVli58b0GWZvRX/aYBW006wiaGPdC
;E8iYunUTUp7FCPVe32BhJF9OXRMbfF1FYLQuTNZa/cOVjB+nYokOCR8RjRZWPP8/BxBWE9r2nUSn77M
;WjcMqHy/AVbpwk1Ke2dPJnJP7srOD1xgSXHAWgSO0Lk/RVPQfD73DMYIaexF1CNCLT2B0P0OZnVPd/F
;3AozXojRob80SSzJktqxNS/JVQ7D9379jkWg5ByBtwnY4mdGkBUVpzxVQOUmbtCkjDmcjVC09gaORfQ
;dHIAOuBWeY0r4FRWPBI00ycYC6IxUPfFEwXlXuz/UiWHVFf64EZ+u+zVo3KOh8KVcW6aYhOSRnRjJAW
;O/XzhFcaUdqxloKgtDNW81ywsBLxJ7W1WpKexRQOV5i8sv4GFVjf3zBcROE05I5WGLcE0olSYW8Iy8k
;cEomWVzvwPR9OJ25hzec/lKBzUU3DKgPUyRJmr0kLxdwfDdCSfXM/CJaaE5qwXAVtNKiNUd/qH0/Vxb
;p1U1eOxQPVS098s/iIkpvSXvCYTiJ0bkuWGH3H1A5YoagPxUPe3w8Q1voz/0iXW5Tas9rBI6+zCEjou
;+dRfMp6c5NSntnTyZyTunK9BFdWEJx2nEIhuGoIkdtxg9WOHjp1E1KexQjVTl9gYWRfTl0TG3xdg+C2
;6E+aG7HCEs4e7a8IywSeE8KQVTvxs4ZUHRUf8BmAuu/V8OulTHlhmgW8dVNSgh4UApeVejG/RlmZU9q
;2moKtNKsI1J+23w+Vxbp1U1KX1Qjdy09gdD9DmZ0SHfLaQO03KIuQ2PFI08leYOwLj4ecHw5TETk0eJ
;9OAcgHq4FZ7L+zXo3DKgPUyRJmr0kLxdwfDZCU/XM5A9ma0lwy1oDgs25O1lvzXw+zY9wTNTTwisjTS
;09gdD9DmZ0SHfLaQO03aI0Q2PdDmA7eYalPkp6FCNVLT2Bt9F9LgcgHt1pFLTNpTNSYMwjXDhkh7A/F
;R9xTzRUPYCjkX05ByBH7gV8677NKVt/9w9XPnOFsRIvFXB8NkJQ8cb/DlhzSXHABWbrvs1aNwyofD9D
;FunVPiYIS1A9RFjtx84YV2N/estpBpK+zFo3DKh8P1cW6cFNSntnTyZyTunK9BFdWEVm3mQJmNeiNDc
;NqHw/VxbpJXJKZBQjVV5R8vziFVBiTHrxYw6HyqgoaGLJDk04YbanKC0Se01VLD2Bo5F9OQ9gHrEFZ+
;vNoSlof8AVWjtytrwjLBJ4TwpBVO/GzhlQdFR/wGYC67/+aQQ/m0/saBbz1U1KCHhQCl5V6Mb9GWZrQ
;W3LdziE2KsFU2nEHUZXF+nVTUp7FHoVLSSBo5EOVXR/bcZsAofakjZWf80OYDh4trEoJhptI1QtPYGj
;kX05ByAIrgVnmNK+BURkwRlTM0mFtD4vCUtTOlpY86OQfTkHIB6uESfrr81aN3/ED2AkfoCwIS4ke0U
;zXlj1o5B9OQcgHq4FZ+unzVo3f8QPYCR+gLAhLiRnQDRDU+jN9iJKd0V7ygVm677NWjdAdTw/dBbp1T
;4mCEtQIF9b4MD0IkpuRHvxcQKTyrgoUlPaGUw4epyhJCUVFCLPtKQYOgjEBgcCHq4FFIfNkilCfs4dX
;DJJmrwpLyRgRi1ZSPPGzgVAWE94yHYCn77MWjcMqHw/tynp501Ke2dPJnJJ6cbjEFhrf3vAZguEzbgo
;UlPKHUwySY28Pj4aekAwcknu/PcUS3RUQcJkHo7MzVs3DKh8P1fm1tVqSnsUUDleYvXL+BNmcEFywlo
;DhMuvNlJTxBVRMmW2tiI4FXFRCklY7cLofTgHIB6uBWey/s1xNwyoD1MkSZ29JCQkY0I5QWLlzOQfVW
;J/csdrApjhqDRTU8sTUidzh6YsPhJ7TVUsPYGjkX05ByAeigVn682hKWh4wBVRCGGIuSEVH3tWN0FY3
;s/4E1x0f3vAYTiP26E7TgypfD9XFunVTUp7PiNVLU7t0M4JUW5OQdlkC4fhqTVCbsQZYDt/h7A+FRd1
;UDBfYu7F9yJdYkx/1wVm677NWjcM8Tw/fhbp1T4mCEtXPURT3tTwEVVYRHHbZwuO4aEzWWnbI1M2ZYy
;nEiUVS0cwQVz4o5B9OQcgHq4FZ+uYzVo3f8QPYCN+gLsSPRp4TwpJUvTB/Rhma0lwy3Y4h9++P0VT2B
;NIMmTp1E1KexQjVWR9gYqRfTl0TG3xcQ+C0JItVmDEI1s4Y4u5KBUXfU0wXmLywPATV25OefFmCJ7Qu
;Vo2DKh8P1cWGepNY3sUIyZBTt7X+RRXWFd/wmk4j9G4OFtp9xBWOXOaij4pGnpNPENa3tDhGFxjIB+u
;BWfrvoGHdwyOfD9XZYWmEj4TfU0KWlztz84OUGlHcstaC4LQqAVUY9oSWiVJjbAhKwIUIlUtPYGjkSR
;5BwoergUUh82SLl9lxiNINnqFij4jFXNPMHJR6M30IlxpREHNagqb26MpVnjBE1FXF+nVTUp7FCNVLR
;6Bo5EOVXR/asZsCbTJrDZbU9sVUTB6jIohIxVxfDBDWd7H9BFYfiAfrgVn677NWjcMgXw/V2WFphI+E
;31NClpc7c/ODlBpR3LLWguC0KgFW23bGU0IeY+zEi4eeEIsLTyBo5F9OQd5Xq4tZ+u+vjZEU9wUVjlJ
;nrQhJiRnSjtKUeT8/RRXYn9yz3YCmeGiNGhozRBeLhbo1U1KexQjVS09pKORfUprU0HabQ6F4bo7W2D
;3D1Y5cYWwEiYSekYKQVzyxuMiSWhXe9wFZuu+zVo3DOE8P38W6dU+JghLVz1EU97U8BFVWFN3wGILju
;GhM1lp9w9cNniHvCMtJHdMIENJgaKRfTkHIB5eOmfDvs1aRGDbI0s/f4eKOisXeHwmRFPmz/QiVW5Oe
;/F2BIrQozNZa/cPTzJzjdVMSnsUI1Vh4MGjtX05B1Ny3VoThM6SKUJ+zh1cMkmKuiM+FGFRCk5S8830
;D2ZjRXLPfGfqvs1aNwyoJX9XPunVTTkXZ3whQk3e0OQPX2ZDe/FmCIXKoi9FU80SWwh1hrg9LxVnQiF
;EUu+jkH05ByAergVn65/NWjd/xA9gI3mZij4/CXJCNkhi4sz/CVZyUkHLawO02qg2VnWofT9XFunVTU
;p7FARVLT3yz+IiTWhQQd1wFY3frj9ob8cSSzhjm4ohKwhxUQpCW+f89RhVZlkerwVn677NWm5MqFo/V
;xaauT4VD3tTCl5I88XwHlxYQ3HAcQiezJI2Vn/NDmA4eLaxKCYabSNULT2Bo5F9OQcgPa4FZ5jSvgVD
;Y9gjTCJkj7QuLyR3TDtZUvTRzhFYdEVs8XUInNu/WjYMqHw/VxaglU1vexQjJkFO3tf+DWZ0VWzIZAS
;O4a41WXjHCU0IeoC7KBUffVAhTFPixpF8o565hzec3tS+0Fo3DNsQTAhihqUSOQ5mRTROWN7A/hNNaF
;Vs8WkIhM6+WjYMqHw/VxYZ6k1UexQjJkFO3tf+DWZ0VWzIZASO4a41WXjHCU0IeY+zPi8PFCIuOZPGQ
;uvJhgcGHq4FFIfNki5YfPcPSiVwiLYoFRh7TSFCSPP84h5YaU53wGI4iNG4NEMMqXw/Vxbp1b11ezIj
;VS1O7dDOCVZ3f23bdwGK3agFVGPGCFAiZLamLisVeko7SmLy0/QYXQchHq4FZ+vyEBo3Jqh8PyR6moo
;5JQtLUCBfW+DA9CJaaE5qwXAVtMqiBV5izhVTO0mNvD4+GnpAMC08+rc/Oth9hCGuJmfrvr42RFPcE0
;8IZZynKysYcXw8Q1voz/0iWmhScMt3OI/boTtODKl8P1cW6dUUCnszI1UtTu3QzglWd39t23cBit2oB
;V5izhVTO0mMuykVGHtOJUhT8sLlFFZpIB+uBWfrvs1aNwyIfD9XZYWmEj4UZHwmWE/nwvIYZm5OeMdp
;C7Tboz5oaM0QXi4W6NVNSnsUI1UtPaejkX1Ka1NB2moXtM24KFFtyxlgPniPvCEmJHhCJkhP3sz3G2Z
;jRXLPfGfqvs1aNwyoJX9XM+nVTTkXZ3whQk3e0OQPX2ZDe/FsCY3XoTZoYMkPWiVJhrsSLh54QiwtPI
;GjkX05ByAeridn676+NkRT3BNPCGWcpysrGHF8PENb6M/9IlVmU3vcWheEyagoNw2ofD9XFumcDUpfF
;CNVXlHy/OUSSVhTa9xjBojbkjNZasEQUwh6gLsoFR99UCFMU+LGkXyjnrmHN5ze1L7oWjcM2xBMCGKG
;pRI5DmZFNE5Y3sr/G1BrTEHdZgaF0KQ0UFPLE0o5YunUTUp7FCNV3QKBjpF9OXRMbfFxCJvhvi9Fask
;fWgh/h7MkJhdLUDZMU+/K/xpmZE9rwHE4iceSNl5izXw+Vxbp1U1KiysjcC09gdD9DmZzT27xdhKZ2K
;w5UlPBElk+eoWKPikaek08Q1re0OEYXGMgH64FZ+u+gYd3DL58P1dlhaYSPhRkfCZYT+fC8hhma0Fny
;3cU67/NWjcMqHw/Vxbw1U1KCHhQCllS8fziCEthQX3LWhODzKgpX2PEGD9WrvdQphvDqhxVPz2Bo+IR
;SlhYZ/F2Bo3bkihWaMEJTFcX6dVNSnsUw2otKoGjkQ5UZkxy8WMCisq4KFJ/9xhWNnuMoSg4exUjVS0
;9gaO1PTkbIB6udgqK0qEFUWnJCEolc5qKJSUXcXwxRFzsxuUYSwchHq4FZ+u+0Ro3F6h8PyR7iLkhFR
;1xQiFYT+TQzhRXYUlywloVisqkNTcNqHw/VxbpjA1KYRQjVV5Q4M/9Il9iQWrbdwKY4b4qUmnMI002Y
;oC6TUt7FCNVLT3I45FfOQcgbcFpDo/hrzVDeMcRYDJunac4ORJ7TQpaVOXX+SJLZlR3wQVm677NWjcM
;8Tw/TRbp1T4lF31HCk9S9df+EGZhSXLPaAKFypI8W2PffD5XFunVTQouVCNHLT2B0P4RUGN/fMFxE4T
;TkjZWdc0OP1YW6dVNSnsAY1U/PYGj4hJVbkRBzGoTn9GgBUR8zRlbVxfp1U1KexRtFS0ngaORDlZrSX
;rxYw6H0pI0Vn7aE0gIcIW6OjgaYEZVLD2Bo5F9eVJgHrgFZ+vNojZeaPcVUTF/hbkSLwNkQjteVO7Nk
;Xw5ByAergVn677vWjcM2xNTPnK2vCMsEnhPCkhF8cL/DlBoTkHcYAqEyKgFX2PEGT9WFunVTUp7FCNV
;Pj2Bo+ISVW5EQcdrAYLSoQVEZM0QUyQW6NVNSnsUI1UtPZejkX1KaEx3yloOhdikNltT3xVbI362uCQ
;kexUjVS09gaORfTkYIB6udgiH16kFQ2PYI1ovYpugPiMUenwiRFn1y84PWHNJca4EZ+u+zVo3Veh8KF
;cW6aYiJhJwfCFCTd7F+BFYakVw2loBh9G6WjYMqHw/V1a8lU1FexQjJkJR6MfOCVZ3f3LPfAKZvsxaN
;wyofD9DVunaTUp7Z0w5RFne1/4NZnRQe8thZ+q+zVo3DKgyf1c36dVNOQ5kUzpfSd7C9RxJc0loy1oO
;hdikNltT2h1LPnm2uCwyexUjVS09gaPVPTkmIB6udhKbzqIoQ1PJGF4nYoCjKBUSekU8QVHe0fAJUGh
;/c8drZ+q+zVo3DKhYf1c26dVNOQ5kUzpfSd7C9RxJc0loy1oOhdCoKGhp0AxeOWWAuiNKeo66zLSkGH
;qufS4HIB7dcBeb0b8uaG3MHU8jf5+wEiYabUYnXj2Ao5F9OQcgCu4FfOu+zSlCfNgTTSNJiLEsOg99V
;TByT+TH5B5Nbk9w3QVm677NWjcMqDw/TRbp1T4/C2RMJ1li4MfwDU1uVnvxcg6PyqUFWmXGfD5XFunV
;TUpzVCNGLT2B0OQNSWhSavFnBpjbkjZWdc0OTFcX6dVNSnsUI1UtJIGjkQ5Md1Bx3HE4id++P2hgyQV
;aJWW2pj0vHnAjVC09gaORfXBHIAuuBWeYy70qWH7cI10lf42yKBUXdVowX06BopF9OQcgHq4FZ/m+zV
;pEedgMUCVitrc/IxZLVDxJSemjkH05ByAergUn66DNWjd/3QxPOGSdii4lFXpGNllU7s3OBUBYRHfdc
;QaF3ahaNpYx5abOj1DqTVd7FCMmWE3xzOMJZmJYatxwFILRowVAZcwIVwhkiKEkJXsVI1UtPYGjyD05
;EiAernYSm86iKENTzhVTNnuMuzkVHXhMIi08gaORfTkHeV6uHGfrvr4vR3zHDksIf4ezJCYXS08wQ1r
;1y84QUGkgH64FZ+u+zVo3DL98P1dlnKU9JQlgfDxDW+jP/SJWclRyx2sCmL7MWjcMqHw/VxbpxE1Ke2
;dWJV1S89fOG1BrTEHcZBOOvsxaNwyofD9pVunYTUp7Z1YlXVLz184cV2BMe64EZ+u+zVq3Suh8LFcW6
;aY4Ogt7USFyTejP/RxLWFN31GBn6r7NWjcMqGx/Vz3p1U05DmRTOl9J3tD8HFVrf3jCagaf26kFUWnJ
;CEolc5qKNTMkcVslTFPyyv4TOQYgHq4FZ+tO8lo6DKh8TCJmmbo/PiRnUzBIWYGikX05ByAe50Vn9r7
;NWkR52AxQJWK2oT8vHktBJ0xT4svOHFdgTHvxaAaTvsxaNwyofL8RVunOTUp7Z1YlXVLz184JS2JFQc
;x3BoXdpQVTacYPViNv6dRNSnsUI1UTfYG/kX05dFVu3moVn+G5KFJp9x5NNniKvRIuEnVOMFlY86OQf
;TkHIB6uBSfrks1aN3/dDE84ZJ2KOTgecXw3X1zvwPkiXW5Bc8txApnhqTVCbsQZYDhjnbkkJB5nI1Qt
;PYGjkX0xRyA+rgVnmMu9Klh+3CNLJXOMii84GnpAPXJZ6ML8GE1iUkHDZB/rv81aNwyofBEXFv3VTUo
;IYVMlQk/1/OkEZmJYbs9rFILRo1o2DKh8P1cW6dVNWXsUIyZYTfHM4wlmf1lBymwUn9+jOVIMqRpZMX
;CPs6t1ewgjVS1O9NPhEktzf2TxagGNzaguaGjHC1EIeoisKDgIFCJVLT2Bo5GNBgc6Hq4FFJ7OvTVFe
;PcGYDhwj6YoPiRhUwpBXPjG4w45BiAergVn607yWigMqHxMImSPtC4vJGdKMUhi9cbpCUx1RUHcYBSE
;0rguXmPGfD7Nj3BM1NOyKyNLLT2B0OQPX2ZDe/F2Do/bki5SdNwJTTJJkawSJR1yUDBZPYCjkX05ByD
;ukQV5677NKUJ+zh1cMkmauiEjH0tBOllJ7s7OGEF3QXDdbAiFvsxaNwyofD9XFun/TUp7Z1YnS1zixs
;4OVmtJevFnCJ/KojdoadAITSJlgLojFQx9RyFFYvPC5RRWByEergVn676UGjcRqHw/JGObsywpHktQO
;kFU5fzzEk1zT3PxYwuEyb87Q2mofT9XFunVzRE7FDhVLT3y1uMbWGRFQd1qC4LakjhYeNwTUgh6iKwo
;OAgUIlUtPYGjkX05BzoergUUnsyrO1Rp9w9QO3+Nii8lD2BMOHJO8cb0GTkGIB6uBWfr8I1aLAyofEw
;iZI+0Li8kZ0w5RFne1/4NZmJYbs9rFILRo1o2DKh8P1cW6dVNbXsUIyZYT+fC8hhmdE9yx2E4n9G9BV
;J03A5KJH+GuxI9EnBXPXJP4Nf4EjkGIB6uBWfr541aLQyofEwiZI+0Li8kZ0w5RFne1/4NZmFMcdl3B
;p/bzVs3DKh8P9dNqdVVSnsUUCBfW+DA9CJKaEx3yloThM6SNlZ1zQ5MVxfp1U1KexQjVS0cgaORDkx1
;Rn/NYDiY0aEzU1PcE08IeIinPyUMS0U5QkrzwuUYOQYgHq4FZ2vljVogDKh8TCJkj7QuLyRnTDlEWd7
;X/g1mdFB7y2Fn6r7NWjcMqDh/Vwzp1U0+HnlTMF9c9dbjGGZlT2raagq0zbgoUW3LGT9WFunVTUp7fW
;NVBD2Bo+UYVHdFbM9xEpnbkjhYeNwTUghlnKcrKxhxfDRfWOD85RVLYlN2wWkD67/NWjcMqHxWFxbd1
;U1KD3FOJUhP4NfkD1xYRHvNdwKKzag+aH7JGksIZZynKysYcXw4Qlnkz84bUHVTavFpBpLbv1o2DKh8
;P1cW6dVNW3sUIyVfVO/XzglcalB73GQTnsyoWjYMqHw/VxaAlU1YexQjJV9U79fOCVxqUHvcZBOezKh
;oNw2ofD9XFkm8DUppFCNVXU/ozeUiTWJNbst3Bp/Lvz8EDKl8P1cW6dVNSnsGI1UtTfPK/wlmc0Vz3m
;AVisq4KFI4qH0/Vxbp1U1KexQ2VS098dH4E01YQnvKWhOO070/RW3cCU0yFujVTUp7FCMbbT2Oo5F9T
;W9JcPFyBofSkilHac0YP1YW6dVNSntdY1UjPYGj4g1MdVNBw2QfnNepLl8MqXw/Vxbp1a11ew0jVS1J
;6cr/Ik5mTHLxcg6PyqUFRW3cFVAIe4itTUt7FCNVLT3o45FkOQcgasZsCbTJrDZbU98VWyN+tqcsPhJ
;7fDhEU4GikX05ByAel0Vn577NWkN+yQpaO0mapSgvHxQiVS09gaPRLXkHPh6uBROZ37s/W1PSI1g0eY
;2wEi4SZ1c0Q17k/PcUV25Tdq4EZ+u+zVo3GOh8MVcW6a8SPgl1VTBBYvLT9BhdByEergVn677ZGjcdq
;Hw/IXObpiQlFUtPNF5J3sb1FE0HIR6uBWfriwwaNyqofD8heYWgIC8PZko2ck7xxvQZZnRNccFxD7TN
;qD1aacYIYDtzh7I5InsVI1UtPYGjmT05JiAernMIh8ugP0N+wR9gJGaMsCkVCHlMOllV3tf5D1x0SHH
;CYWfqvs1aNwyojABXOenVTTwUeFY4SEnzyvIiSndFe8paFIbRoi5fU9wOXiFzhYohLxVzVz1ySenR9A
;5RaEx6rgRn677NWjcY6HwqVxbpoiQ6HktKO0tU7c/OGVB0VH/AZgLavsxaNwyofD9XFunATUp7Y0olS
;GLozfcUVWt/esd2E4rQrj8FDKl8P1cW6dVNSnsOI1UtSujT9CJWclR73FoOhc2oLmhowQ9LNniKsHxK
;ehQjVS09gaORfSMHIB7ZbBeO4aIvQ2naI1Y5ZYyhEi4SZ1c0Q17kkZF8OQcgHq4FZ+u+2lo3DN8VTzJ
;JhqA5LwlLSjteWPX84g1cYkQvrgRn677NWjdF6HwoVxbpoiQ6HktMIFlY8/z4E0piVEHddQKO2v9aNg
;yofD9XFqCVTWl7FCMiRE3k/OMYTXVBfdpsCIXhrz9RY9oZYCB/mbASLBp3VzpfDIGikX05ByAergVny
;L7NWkBl2BlgJXOdpywpD31MO3Jf5MX+D1xYV3feYDiN364uWH6afD5XFunVTUp7FCNOLT2B1PgNXFhT
;ccJsA7TXozxeYMQjWz5lnbQjKR4lI1QtPYGjkX05ByAFrgVnnNe9P2h/xxBWM0mAuysjF3h8MURO9cL
;/Hlw1IB+uBWfrvs1aNwy+fD9XYYClKBUIYVMlQk/1/PUUSnNBcM1gVuu/zVo3DKh8P1cW/9VNSgx9Uz
;ByTvTT4RJLc396x3YTitCuPwUMqXw/Vxbp1U1KewwjVS1K6NP0Ik1vSXDxcgaH0pI+Xn/cHVE0c9jVT
;Ep7FCNVLT2Bo4l9OQdXd95gOJ/WpDRoe8kQUwhygKY5KxV3RmctPIGjkX05ByAerhBn6766M0dp9whQ
;IHObii84Enl8IkRZ9cuRfDkHIB6uBWervthaNwzfFU8ySZ26Oi8JS0U8VVjl/OESSn8gH64FZ+u+zWN
;3DL18P1dhgKUoFQ97VDBfYufK6RhdWFBx3Xxn6r7NWjcMCCJ/VwLp1U09EmRGCllS9sbjIl9rT2ncZB
;OOj81bNwyofD9XT6nVWUp7FFQ8XVje1/4KXHV/eMJqEJnfuT8FDKl8P1cW6dUUCnsCI1UtSujT9CJNa
;Fd73FoOhdikNltT2h1LMhbo1U1KexQjDG09n6ORfU5uUHvxcQic278FW2PHDEwIc4i2JRUebFcnWFnk
;0ZF8OQcgHq4Fb6u+5lo3DN8VTzJJnbo6LwlLTDZZXObM/xxVWFB3wmkGmeGvNUN4xxFgM3+IuCg+HmY
;jVC09gaORfXBHIDauBWec170/aHjHC1olSYa2OSsce000QWLxyv0RWHV/asF1OI/XrDdSeM0OP1YW6d
;VNSnstY1U/PYGj5hRJYn9qwXICmeGiPFF/zQhHVxfp1U1KexQjlS0vgaORClB3RUHaahCOzJI1UWrbG
;UsuFujVTUp7FCNVbT2Ro5F9Tm5Qe/FxCJzbvwVEfM0ZW1cX6dVNSnsUHRUtKIGjkQpQd0VB2moQjsyS
;LFhg3RFaCHuAu01LexQjVS09oeORbTkHIGnHdQK0yqItUn73C1YzYoHVTEp7FCNVLRXBo4B9OQdPcdR
;gOJjWpD9baPcdUTB6jNVMSnsUI1UtA8Gjgn05B1d33mA4nN+hNmhqxBNIJXedsHxKehQjVS09gfrRfS
;oHIB7ZbBeO4bo7W2D3GlM4YZu0OS9JFCJVLT2Bo5EkeQc2Hq4FCITEqAVEZMEZUzNJhbwjLyR3TCBDS
;YGikX05ByAeXjpn+b7NWlhj0hlgJH6AsCEuJHtFM15Y9aOQfTkHIB6uBSfrsc1aN3vBDFoIYYi5IRUI
;ZEYwST2Ao5F9OQcgV+4FdOu+zTtUb80QWiV3nbwiJCRxTTRPUeSjk3w5GCAermQEiNuhP0Vt3BVQOUm
;PvD85D0tPNFRY8/z0E1hlTHuuB2fros1aN23eE1YzSYC7Pi8JYHwyTlLlxs4JZmRPc8NkCY++z1o3Hq
;h8PyVznacsKQ99TDtyXu7O8xRXYCAcrwVX677NO0FjwRhgI2SIoygmJHxMOUhO3tPwCVFYTX/WWguO0
;KouX1POHVwjeZuKKCQadk8wLT+Bo4F9OQdCe8JxOJnfqy5oacYdXTtz6ddNSmsUI1VPWO3XzgpYa0xB
;y2sGidKoWjUMqHM/VxaLpyQuHH1NMnJY78LzEVwHIh+uHGfrvq8oXmjPFVEwSY+0IxUIZEYwSWLkzfA
;fVWIgHK4FfOu+zThFZcwbVjlxtrMkMh5wfDRDWu3GzhhXZkJyywVl677bWjcMyg5WM3GAuyoVCHxGOU
;FO3sb/HFtrRR6sBWfxvs1aVX7BEWAybp2wPyQaeHwmRVjtz+IiX25SbdoFZeu+31o3DMoOVjpJgLs+I
;x9xfDBDXOPP9H07ByA9rgVniNGsKUNlxhtgMniItyEvJH1NM0RR7fziFFdgTHvxaQ6F2/xaNQyoXz9X
;Foq6LDkPfU0ycljvwvMRXFhJcMhsC4fhvjNZa8QZYDt/h7B/SnkUI0EtPYHA/hJVbk558WMGheGkNFR
;+zR1MMhbr1E1RexQjNkJS7cr/GmZ3UnfAcRSb26g+aH/EE0gzeZ67TUh6FA5VLT3izP4RUGlHQd53Do
;XKvipSacwjTDt5nrEiPRVLQiNCVOX8/ghNYlJB3W0Ch9LNWDcMiXw/V3WGuiEjFXN8IkxU9fzjGFhkS
;EHDbAm00qwjUn73CFY6c+nXTUpfFCNVSVjv0PQiSnJQbsF3E7TfoS5SfsYdSzJJiLsqJh5LRjtMX+3G
;kX85Bz0ergUDjtC+P2h/3QxPOGSdiismFGNRNFlY3sb/HFtrRR6sBWfYvs1aU2nGD1oIZZylPSUJYHw
;8Q1voz/0iTHRFQcJsCY7NkjNZU8AVWD9JjbAjORJgWgpKT+jHkX84BwIergUDjtC+P2h/3QxPOGSdii
;ErAnFRJnJf7tflElRYRXDPZwuOvs9aNyuofD8zepmKLiIaeUEwX2Lx0fgTTW5OefFxAobOqChWeN0OW
;ghzh7QvJh4UIVUtFoGjkRlVd399xmQKidu/BUNpxQxaJXedoD8vJH1NJkhP9fz2HlZjRUHLawaJ0qha
;NQyoXD9XFo25PRUcd0wxSGLnyv0YV2ZNe/FjCJnTrC5oacYdXTtz6ddNSmwUI1VJUfH8/BhLYEVBwXU
;CheG+P1BhzRJLJBbr1E1dexQjMUFN3s70D15if3HYYBWH370FR23aCExXFOjVUUp7FEc5XWLzxvYUVm
;lBcvFgH5vRvi9FafcZUTZ0hbBNSHoUO1UtPeXP4SJLYk1x2GA4icuvOFtp9xlRNnSFsE1IexQKVS095
;c/hIkpyUnjPZgK0zaQ+UlPcGUcjY5uwEikUeEwnclPu0fwcVW5ae8oFZeu+4Vo3DMwQTwhlnKcrKxhx
;fCZEWeT85RhBc1Vsy1oDgs2sOFtp9xNRCHmfsD8iGnpEVS88gbyRfTljTG7xdhKZ2Kw5UlPbFVsySZ2
;wNT4OZkYKSFPgwf0YOQUhHo0FZ+vaoSpof90OWTZ1jIo+Ix9xfCFIRfXW4xhma0l5xnECmeG4KjcOqX
;waVxbpsSE6JGdWJ0tc4sbODlBjRUHaYB+fy78/aGPdCEw+coyKIiQXbSNXLT2fo5F9XWtQQdpgCpvbv
;ztDedoZYDR+iLgvLwlLRjtMX+3GkX84BzUergUCk8qoKFltxCNMP3OFuT4VHX1RJlk9g6KRZDkHIG3L
;cROC0KoFUnTcDkozc5uKfxUeekI3QViBoZF9HAcgHst9E5nLqT9FU9sLViN1gYouJRR4SjtKYuPG9xJ
;LYn9t2WwTiNbNWDcMjnw/V3ORoT8/H3FRCl5K6NfyFWZkT3HCbAmM4aU/VnjdDGA2cp+0IykeFCFVLR
;2Bo5EYQXNSa8pgFbTNujNDb8AjXDh5hbwjLSR9TTROSejV9H07ByA2rgVnjsa5KEJozQ5gJGGAoS4iJ
;HdMOkFU78TODVh1S0HDahGO4ag0Vm7EGT9VF+nxTUp7cVshX0jlxuMiSnBJas1tOJjKoipoe8EMWghh
;iLkhFQ97VDBfPYOjkUo5ByB71nEVntqoKGh/3xVLNH62pjklC0tUPF1Y3tTwEVVYVHHZYBW03aI1W1P
;ME0g5SYytOTgOcEYnLT+Ao559OQdGf8BaBYfXvQVSYskeUzIW69VNWHsUIzNMU97A/hJVbk558WAJit
;yhPzcOqXwZVxbpsywkJHdMOkFU78TOClhuVEHIahW006IsUmHNEksIcIC7JDkTcUdVLz2BqJF9OWFBc
;PFgCYrcoT9TDKp9P0QW6dUrKxV7RTNyWuLM9RhmYk5/zGkC67zMWhsMqHxZPmSaoRImGm1GJ3JZ6M70
;E0puT3DxfR603aI3R2nGD14jf4a7Ei8VdUE5SD2Do5FkOQcgeMd3FJ/hoTtOadojTD9zhbk+FR56Qjd
;BWIGhkX0MByAeyGwVmMqSNlZ1zQ5gJHmFvCkVEnpFPEFR3sbpCUtyU3fBazic16kuX1PaHUs+ebawIy
;sZeEZVLz2Bi5F9OWFJbN1xOIfftD9FU9sTUz5ytrwjLBJ4TwpLUe7U4xxNYn97wGQFh9vNWDcMjXw/V
;3CApz4+JHhCLEhP3tD+EVBjf3fAYw6H0pIpR2nNGGAyeIi3IS97FiNVNj2Bo/cRVnBSf9pgOJnbvj9D
;U88fUDNztrAjKxl4RlUvPIGCkX05YEFu8WMOh9KSNVlg0SNLOGa2tyI+D3tOCl5I88XwHlx0IByuBWj
;rvs09Vnz3GlY7eramJS8XeFBVLzyBupF9OWBBbvFjDofSkileYs8QWghzkaE/Pwh9TDstP4CjvH05B0
;d/3loBgtKhBURlxhtTMkmMrTk4DmdKOkNi4sz8DVxpU3/abAiF4ag0Vm7EGT9VFun0TUp7c0A6SVjex
;v8ZZnNVbMBqAY3hozVNdscQWgh+jLQ5IxVzI1csPZ2jkX1eZE96y1oBgtKoNFZhzSNZOGSEtDkVHnpC
;N0FYgaGRfSEHIB7GYAaf16M9aHjBEVoIdYi5LhUeekI3QViBoZF9IwcgHsdrFI7MuQVfackISidJjrY
;iLh5LRjtMX+3GkX84BzUergUPjt+5L0dTzx9QM3O2oywmEnBCIUg9g6KRZjkHIHfAYw6H0pJrBzz3CU
;wySZq6ISMfS0o7S1Ttz5F/OQc2Hq4FDoXYpDZbU8kYXidigKMoFR56QjdBWIGhkX0dByAex2sBgtKhB
;VRjxh9aOWKbvC4VCHtPPEli9ND0Il5mUEHIbAuHvs9aNxSofD8+eI+8ISYkd0w7Q1ji184YV2NQccdr
;E5i+z1o3AKh8Pz54j7whJiRySideSYGhkH0jByAex2sBgtKhBURkzRBTJEmcpigVHHVTCktU7c+Rfzk
;HBR6uBQ6F2KQ2W1PdD1oIeoC7KDkkfU0KRVTmy84ZXGlTd9p8OIzMpD43Dql8LFcW6bwjPh5mTzpOVu
;jN9iJcaUF8wmBn6b7NVDcMqBVNOHiAuyoVHnpCN0FYgaGRfSgHIB7HdwiF16M9aGHHElAjeYe8Lkp5F
;CNHLT2ByfQPUlhEe8JxBrTOvzNZeM0OP1UW6d5NSnt+RidGYuTN8B9VYiAcrwVw677NMFJ+wyNZPmSa
;oRImGm1GJ3JY78LzEVwHIh6uH2frvqszT1PAE00lf4u5KBUOZ0YKQk3kzc4fUHNTHqwFZ/e+zVpbbdE
;ZTQh+jLwqIg9LQjFMTfXK5xhmYk5/zGkC67zNWiwMqHxTNm+MpxI5E3FPOV5i7tH1GEtYT27abAqCxK
;haNQyoUz9XFoW0NC8JS1AhTE/1/OESUGlUQd1mBpnYkjBYZcYIYDZ6hbo6FRJ6TTBfYvLL9BFVByIfr
;jRn676hO05p2iNMI3eboRI6FH1NIXJO4sLjG2ZtT3fAcTiKzKIvWWj3GVEjf5uwEjkTcU85LT+Bo7h9
;OQdMf9dgFbTNuTtFePcMUD54nYo+KRpmRQpHUujN5SJaaE56x3EOhNCsNjcOqXwdVxbpuSwzHmZ8Jll
;c89fODVZuTmrxdgKK05I/U2vNI1wyeJ2wP0p5FCN3LT2Bz/AEXHV/bdpkFZ/hvTVeYtwjTDJ3hIogJQ
;1xfDxDSuDR9X07ByA9rgVnh9+0P0VT2wheJWK2pSIjFWB8Jkhc7Pz/EmZoVnvcbQaF2b5aNQ2oVT9XF
;oW0NC8JS1AhTE/1/OESUGlUQd1gBobhozVZU9gTUy5xhrsSPB5mVzBVPYOjkVU5ByByz3wCmeG+LlZ+
;3CNPOH+HoRI5HnVOCl9Y7cLlFE9if27Bdg6f16I0Nw6ofAxXFum4LD4kd0w7SwzexfgRWGpFcNpaFI7
;KuTNZa9sjUCFzm6ckLh5LUDlEXuT84hhNc0lwyXZn6b7NaTcMqBFeI0mKuiMsSUtFPEFc7Mb/CWZ0RW
;rabAmMzZI1QWnaDlYzc7amISMYcXwmSEn1yv8aSgciHq4lZ+u+qzNPU8ATTSV/i7koFR5sVzBDTujV9
;CJKc0lqzW0OhdnNWDcMtXw/V3CArRIiFGZRPE9R5PzkE1BoTkHBcwKZ0qwqR2nMfD1XFv/VTUoWe0cw
;QWLx0fQeUHRFQdRaD47XqjJDDKp8P0sW6dUgJR99RTxIT97Q+RhVa1NBw2AVjNuSKlZ+zRJLVxTp1UN
;KexRNOlli8sLnGGZ0VH/aYGfpvs1HNwyoGlYvSYG6PzgSdk8wckjvyv4TZmZMcvFxHpvbkjs3Dql8LV
;cW6aYmIwlgfDNCT+LGzhhXZkJyywVl677BWjcM2xNTPnK2tyI+D3tOVS88gaqRfTl0T3LHYTif0b1aN
;Q2odj9XFp68PS8kYEwiSE+BoZF9JwcgHsFrC5LhojRSU9sUWjt6trojFQ97UwpeSPPF8B5cdCAcrgVx
;677NNUFp2hReOXG2piUvF3hQCkhT4MH9GDkFIB6OBWfr0bs/RWTJElgIZYGwISYIS0U0Q2Ly0/QYXVh
;FcM9nC46+z1o3FKh8PzhgjKc/Ix9xfDNEUeDO9BNNWEVwz2cLjr7PWjcVqHw/OGCMpz8jH3F8M0RR4M
;70E01YRXDPZwuOjM1YNgywfD9XZpuwPjkOZkYKTFn3wv8eXFhFcM9nC46PzVg2DLB8P1dmm7A+OQ5mR
;gpMWffC/x5cWEVwz2cLjozNWDcMu3w/V2abvCM+JHtTMENi8sb2EFxpVG2uB2frpM1aN3zaFVEjSZm0
;Pz4IS1AwXEjkzfIYZmhSest3Z+m+zXQ3DKgMTT54nbA/FRh7TTNyWPnX4whdYlIv8WYSmMqiN2h82hV
;RI3eLuSgVCXFEPEJTgaGRfRcHIB7edw6FyqgoaG/HElkIc5GhPz8fcVFncl700OUSVFhQbMdrE4rcoT
;9ofs0bVjh46ddNSmIUI1VdT+jN5RhLWENxwGM4ht+uMl5izSNdMnqd1U9KezkjVS1N88r/CVx1f33Ba
;wG006w5X2XGGWA0Y5qhIickZFE8Q0nozfYiSXVJcdxsE5K+z1o3I6h8PydkgLs5LwlLQDpDW97O8B5R
;bk578WYSmMqiN152zSNLOHmFvSgrH0tGO0xf7cagfTsHIDGuBWebzKQ0Q2naI1w4eI+KICsYfEo7SGL
;i1uIJVmpJZMtaE4TRoTJSbcwjWjl3i7koeHsWI1UIPYGj4Q9QaVR73FoEhNCrBVptyxRWOXO2sSw+Gk
;tAOkNJ5M3lIlhjRB6sBGfJvs1aR37BEksyZLa2IiQdS040TlXozfQiXWZUf/FjDofbkjtTaKh+Plcn6
;dVNOgl9TSFIT97A/hNfWE1/zW0OhduSP0942glbMmS2pjojD3dLClpc6NfOFVxmVHfAYmfpvs16Nwyo
;DE0+eJ2wPxUYe00zclDgwPkUV2J/eM9rOIjRoy5FY8R8PVYWwdVNSgtmSjtZWPP88hJXYX9zz2YPgtC
;oBVFl2hFINmSMij8vD2ZCNllU7s2RfzkHDR6uBReZ16MuUn73H1A5cLa4LCkTfU0wclvo0fwKWHVFQd
;psCo7hqClDZcUdSz55h9VPSns+I1UtTfPK/wlcdX99wWsBtNOsOV9lxhlgMHWGsSgVHktOIEFJ6NP9B
;GZhTHHZBWXrvuVaNwzYDlY5YoynEikUekUKQFziy/gTXFhHfcFhArTKpS9absYdVjtJiLEpSnkUI0gt
;PYHT4xRXc0Vs8WYIhdiSN1ZvwBVRMkmBsCw+JHZGMS0/gKOxfTkHUGzHaxOOzJI5WGLOI1I2dYG8Iy8
;kfUcwVWLy2uIJXGogHK4FTuu+zSpFZcYIWiVJirojLCR5QjZFVO/GzhJUblRB3GQOmNu5NUJvwCNcOH
;KM1U9KezYjVS1N88r/CVx1f33BawG006w5X2XGGWA4ZICyJCQkd0Y7WVjzo5N9OSMgHq51FYLQuT9FU
;8sTUTFJhLQuIhJ6RgpdT+7O4QlmclN78XcGjcrNWDcMn3w/V2abvCM+HmZ8NkJT5/z8HFpvSXDLWheZ
;0aAqQ1PdD1oIZIizORUfYVM5RF7g1/gSV1hNd9x3CJm+z1o3K6h8PydkgLs5LwlLQDpDW97O8B5Rbk5
;78XcCh9+5M0Fp9xlHI2ScpiQlFRQhVS0NgaORDUtuTmrLdziI0aM8aGHJH1c+eIyKPy8IcVcKSGLtxv
;8aTW9/cs98ApnhrjJWYs8ZP1UW6fpNSntkUTxDSeTRzh5WaUZBw2QEg9ejP2h6yRBWM3edsBI6CX1NI
;URT5vzhD1BoUnfafGfpv81VNwyoDl4xYra+KC8LS0s6QVjyo5N9ORMgHq53Bo3KkjVBadoOVjNztrAj
;Kxl4RlUvPYG1kX05dUF42loUnsyrO1Rp9xFQOXmduiMjGBQhVS0ggaORG1B/f3bBdxWC3KE/aHnGFVA
;5SYi5IRUPbVMwcl+BoZF9EQcgHtxgE5nfri5eY8YjXiF5gLESPxV6RjZITvLC4wRmbk5B3XAXm9G/Lg
;YMqnw/fxbp1T8vD2ZCNllU7s3OHE9oSXrxcAmF264/RH/JDkYIf4eKPj8LZEwnWQ+BoZF9IgcgHtxgE
;5nfri5eY8YjWz5liLchLyR1VwpeSeDR5X07ByALrgVnmdu5KFZv3BVQOUmHujkVEnpQPElYgaGRfS4H
;IB7cYBOZ364uXmPGI1siZIC7KhUMfVMwHD2Do5FqOQcgbMtxFYrduTNYYvcYSiV/h7ISPRJkRmctP4G
;jgH05B1J72ncGiMqkNVlTzRJeNXqM1U9LewcjVS1P5NfjHFpzSXHAWgKF3682UlOafD1WFs3VTUoJcV
;cnTF71yv4TZmJOf8xpArTcqDxYfs0jUCJijKcSORNxTzktP4Cjh305B1J72ncGiMqkNVlTxB1GMmSKv
;SwkHHEjVyw9mKORfUtiVGzPZhOC0aMFUmLJHlMySYagOTkScEZVLz2BuJF9OXVFatxkBJ/XojRodsAT
;Twh5h7k0FQh7TzxJDIGhkX0iByAe3GATmd+uLl5jxiNFP3mZiiIkF218JkJR6MejfTsHIAWuBWeY1aQ
;oQ1PNBEsyZIe0IRUIfEY5QU7exfgPSnMgHK4Fc+u+zSlbf/cdUTlziLkkJBxLRjtMX+3GkX84BwEerg
;UUh82SOVhi3BNKJUmIuTkvCXpCIURL5Pz1FEtiQ2rHagnrvM1aFwyofEw7Zba2IiUXfU0ycl/kx84JX
;GpQe9xkE57MqAVAbcEIP1UW6edNSntnTyZyXu7M/RRXYH9912kOhdqoKGhgxwtaJUmBsCw+HmZ8IUhQ
;8cbjHE1yUnvxcgaCys1YNwyafD9XZYWmEikUe088Q1rewOgRUGlEe9xaEpvOqChoZM0dSzJktqEoJwt
;xUTRZSPPGzgpYblQerAVnxr7NWkRg2yNcOHmFvCMtJHhGM1li58b0GWZvRX/aYBW0yqg3R2naHUsiZI
;yKOisSYCNXLT2ro5F9SmtTQc1qCIfXoz1ofMEPSzh4tr0oKw9xUQpZWOzT9A9Yc1Vsy1oQite5WjUMq
;FI/VxaauT4VGHtMOURT5vzjFF5vVEHIYAKP4aU/VnjNDmAjc4SlKDgaYFYnSGL2wvgJOQUgHr0FZ+vN
;oSloa8kMYDF/hbkSLxV1QTlIPYOjkV05ByBtwnY4jN2iPlJTzhVTMniIuCgVHXtROExJ3sb/HFtrRR6
;sBWfxvs1aRGDbI1Y5cIC5IRUcdVMKS1Ttz84YV2ZCcssFZeu++Vo3DNsQTAh/h7MkJhdLTiBBSejT/R
;hmdEN/wGsOhdmSOVh5xghgNnqdsD8kGmBKI0hi4M32EVwHIh+uEmfrvr42RFPFGU0wc7a6PS8VS1AwS
;lDkzeUOOQUhHrkFZ+vNoSloYc0OWDJJhqMoOBd1UwpdXPPX4n07BiA6rgVnmNK+BVll3A5QMHOHij04
;FGBGNllU7s3ODVZ0VEHNagiH16M9Nw6ofCFXFummITkke1UwX07ozeUYS25OefFmCIbOqDREbdwVUDk
;W69VNaXsUIyZBTt7T4xhRYkFqx2sAtNyoPmh4zRFPMmSIoTg4HktUNERJgaGQfQwHIB7daRS0zr8/X2
;nJCFY5cba2NCYSekcwX2LtzOYYS1hIe89xApnhuT9afM0OXiNjm7ASPRp9V1UvPYGWkX05dExt8XUVj
;taoO0NlxhtgNG+FvCMuHmZ8IF1N5NHOFVxmVHvcWhOO070/RW3cCU0ySZ60JD57FiNVHT2Bo+IRSlhQ
;bMttAorKpDRQU8QZWSNJj7AoLiR8RjRZWPP85RhUd0Vsz3ESmduSLVZl3Hw9VxbE1U1KCHhQCl1P5Mv
;0HE1uTnnxdQ6YyqI0aGTNHUsyZLahKCcLcVE0WUjzxs4KWG5UHqwFZ9q+zVpEYNsjTyVzgbAsPhJ6RA
;pfVObL5SJfYkV68W0CisqoKGh4zRFPMmSIoTg4HktUNERJgaGRfSIHIB7daRS0zr8zWXj3CF4kfba5L
;CgeeHwwQ1zjz/R9OwYgP64FZ5jSvgVHfsESSz54joovLx9LVzBATeTR8AlMdUVB2WQOn77PWzc/qHw/
;JHqaij04EnpXPENa3sDoEVBpRHvcWguEyagoaGTNHUsyZLahKCcLcVE0WUjzxs4KWG5UHqwFZ9i+zVp
;EYNsjTyV/h6EkJBxLQCxBVO/H9A9mclBuy3c4g9usLlJ+9whaOmaMpyw+DmZGClpc6NeRfzkHDh6uBR
;SHzZIqRWXGCFY5cba5KCwPS0UwSFney/QcTWJSQdpgCpvbvztDedoZYCB3gKFNSHsUCFUtPfLP4iJJd
;Ulw2mwJjOG9M0R4xxJgP3OIoSg4JGBGOF1Y88LlCEtif2nPbBPrvM1aGAyofEw7ZbalPyMVYEo7SmLz
;yvYVTVhGe8thOIPbrC5SfvcIWjpmjKcsPg5mRgpaXOjXkX85BzgergUUh82SKFhl9w5aMH+GuxI5GHV
;NCkFc8teRfzkHMR6uBRSHzZIpX2XNEFsIc4e0LyYeFCFULRSBo5EOVXR/bdt3AYrdqAVEZcwZYCNzka
;E4OB5LQDpBUvP8/xJLakFyx38Cj77PWjcTqHw/JHqaij4/CXJCNkhi8sr1GGZzRWbacBWO4ag0Vm7EG
;T9VF+n2TUp7Z08mck700fccWmJ/bcdhArTKqCJDedoZYDt/jr05LwlLViUtP4CjtH05B1Ny3VoUnsyr
;O1Rp9w9WM3O2oSgyD2FRMHJS9NfiFF1if3HAaR7rvM1aFgyofEw7ZbahJS8JeUI5cljvwP0SSnJSe/F
;nBpjbkj9ZbcoQWlcU6dVsSnsUUDleYvXL+BNmcEFywloDhMuvNlJTxBVRMmW2sCMrGXhGVS89gZORfT
;l0TX/CaTiKzKg7aH/HEFYzSYC7KyMXeHwzQVL2/PISVHdFcN1kE4LRowVSYskeUzIW69VNX3sUIyZAX
;O3PzhtcZlRr3GAUtNujO1VgzXw9VxbL1U1KCHlCOUFi58bwCUx1RW3xbAmN16E2aH7JCFY4SYy7LCgX
;cSNXLT2no5F9SmhMd8paAYLSoQVeYsYZTQh0m7wpLRJ6RApMX+7V9CJKd0Fs3WBn6b7NRzcMqA9QO3+
;NiiQkHX1POXJf7tflElRYTXHAahOE0KQ5Nw6ofBZXFummIiYScHw8Q1voz/0iV2ZSbMFyOJnbqjNYYv
;cJTDJJirojKR56VydEXoGhkX0jByAe3WoLgtqSM1lqwRBTCGKGpRInFHpMIUJT6MCRfzkHOR6uBRSE0
;qQ+aGXGGlY7eragPi8kc0Ilclvoz/19OwYgF64FZ5jOpChWYMEGWlcU6dVTSnsUUCVET+DPzhBWY0VB
;3mQTg+GkNENp2gxQO3edvCIkexYiVTo9gaPiCEl3T2zaWgaP370uXnrNI1o5d4u5KEp5FCNbLT2B0OQ
;NSWhSavFgCYrcoT83Dql8KlcW6aY4Ogt7USFyWO/F/g9aYlJBwWsLkr7PWjchqHw/JGOZpSI4D0tKO0
;tU7c/OCEpif3LHawKY4aQ0aGTBG1cIcoy7PiMPbXwyX1Tlo5N8OR4gHq52EpvOoihDU8UTWz5wgLA/F
;RxxTTBfXPXGkX85BwcergUUns69NUV49w5aNGSMtDkvJHVFIUhP3s7+GVBhSXvcWgWE0aE/VmKofj9X
;COnVTTkOZFM6X0ne0PwcVWt/eMJqBp/bqQVRackISiVzmtVPSnsMI1UtTvTT4RJLc39yy2QMkuGuNVl
;izR9LPnmH1U9KewcjVS1O9NH3HFpif3PBYQK026M7VWDNfD1XFszVTUoIYVEzTF7k/OIUXWJ/ast9E5
;7MqAVUY8QTTQh4hqcgKxd9WTBJPYOjkWY5ByBt23cBit2oBURlzBlgI3ORoTg4HktGO0xf7caRfzgHP
;x6uBRSezKs7VGn3D1Yzc7ahKDIPYVEwclHoxPkJXHV/a94FZeq+7Fo3DNsJTTF3irASORJwRgpZWPnX
;5A9cWE9r2nYOj9uSNVlg0Xw9Vxby1U1KCGFRM0xe5PziElVuREHaahe006I0WHjHElY0FuvVTWt7FCM
;hSFDxxuMcTXJSe/FnCJ/Kojdof90OWTZ1jIooJBp2TzAtP4Gjhn05B1R7w3UCmd+5L0Vp9xBWJGK2sC
;MrGXhGVS89ga+RfTl0UGvcdjiO0Kw4W2mofj9XCOnVTTwUeFY4SEnzyvIiSndFe8paFIbRoi5fU80SX
;jV6jNVPSnsFI1UtWO/C8xFcWFd33mA4n9G6P0UMqnw/dxbp1TojC3F8IUJK5NHOG1B/RXrxdQiY17kz
;WGL3GVE2dIWwTUh7FAZVLT32yuEYZnNPact3OIfRoipEU80dXD9JjK05OA5wRidyWO/C8xFcByIerg5
;n676iNU1p9w9XPnOFsU1IehQAVS099srhGGZwQXLCWgGEzK4/U1PKBWAkf4eyIS8kcVshX0jlxuN9Ow
;cgF64FZ4nMpDdoeNEMWlcV7NVNSjRhVzBfPYyjkX1aZlR7yWoVkuGjO1ppqH8OVxbphT8jFWBGJx9iw
;O3UKWZGGEH+aRKY4Z8Kfjj3L3QFJbacKS8aeUI+SE/e8+MSX25Me64UZ+u+rjtDac8TTS5Jh7QgLyR8
;Ri0tPkWjkX0JNxUunjVQ2Y79bA48mEp6Zybe4X16TSETZRoPsZOiTwk3FVieNVPajv1ucjyYSApnJtz
;hfXpOUhNlGQyxk6JFCTcVWJ41UtuO/Wx0PJhLCmcm3uZ9ek5SE2UYD7GTpE0JNxQnnjVU3479b3E8mE
;kMZybdl316TiYTZR4OsZOkOwk3FCeeNVHfjv1sAjyYSg5nJt+RfXpNJRNlG3+xk6dICTcXLJ41Uq2O/
;W8HPJhLDWcm35N9ek0iE2UbBLGTpz4JNxYrrhln676+L0d8xw5LCHKMuz4vJHBWNEFi5NvlD0x0SXHA
;BWTnvs1admDEXFovYpugKS8JFAVVLT3lxv8OXFhTa951CJnKkjNZasEQUwh5nKEhIxVxUApIRfXR5Bl
;cdSAdogVn6/+hNhdp0AhNInKMp01YexQjJlhN8czjCWZjRXDdYDifx70/Nw+tfD9XWoC7KDl7OiNVLV
;nt084fWHRFQcJkHo7MkjtReM0OYDJumbo+PwlxfCZITeDR8AlQaE5ByWYIj9vNWTcMqHw/ZRbp1SkmC
;0tBNF5Y3s/wBFx1f3/IcQKZ4agiR2PbCU0ySZqwPSsJdVc8QlPexPISXWJ/btxgZ+i+zVo3DId8P1dy
;haUSKBpnRgpBXPjG4yJbYkZx3GA4jsa9NUR52hlgJHOZtD8rD31MO3Ja4sz1GDkEIB6uBWfYvs1aU2D
;YI102ZYyKISsCcVEKT1jnzOMYZmJYbsF2EpnbkilSfMkOXiN/hrsSLRh7RzByTfPGkX45ByAeri5n67
;6pNkdTyh1MMkmFtDQvCUtWJV1Y8/zhElBpVEHdYBeKzKwuXmPGI1g0eY2wTUl7FCNVLRKBo5EZVXd/f
;M92ArTSrCNSfvcJTydzm4o9JRJ6VwpeWPHC4xxNbk9w8WIEhNqoBUd+zXw8Vxbp1U1HexQjMUFN3sTy
;El1if3vAYWfovs1aNwyyfD9XcoWlEi0Ye0cwclj51/QPV2ZMQc1qCobfoz43D6h8P1cW8NVNSh94Uwp
;KXu7H9CJfbkx7wGQKjuGrNUVhyQg/VHDp1U0xHHdMMUhi58r9GFdmTXvxcg6f1qIvQ1PNBEsqSZK4LC
;kTfU0wckn40/QiWGVCbMtzDorKpDVZcfcHUjZijKckKxdLTTRAWN7C8x9LYlZ3z3EOhNCwBUxgyQVaJ
;UmBsCQtE2BeOEA9l6ORfV1rUEHJZgiP25I2VnXNDmA0foi7Ki97FyNVLT2BtpF9OWNMbvFiBITaqAVH
;Y9sITyV5irA+OXsXI1UtPYGskX05Y0xu8WIEhNqoBUR4yQ5LVxXp1U1Kew0jVS1Z7dPOFVxmVEHNcBW
;C0KoFQ2XFGWA7f5qhTUl7FCNVLSCBo5EZVXd/d8BrApnhrjVZeMcJTQh5j7M+Lw9LTzxeSYGgkX05By
;AurgVnj9K9BVplzBhTMkmFtDQvCUtCM1lY8/z0BUloU2vcYDiY2707RW3cFVA5SY62Ii4eFCBVLT2Bo
;6V9OQdEct5aCoLaqTZSU8QdRjJktrQrPh5mfDBVTe7Q5A9cWFN73mQVisqkNVlTzx9QM3O2pT8vexcj
;VS09gZKRfTljTG7xaA6P2qE/aGDJBVolSYuwKyUJcXwwVU3u0OQPXFhTe95kFYrKpDVZU88fUDNz6dZ
;NSnsUI2AtPYHH/Q1makl6ymkCtNKsI1J+9x5aMXmbsBIvA2RMJlhP5PziGElmUn/abAiF4ao5WGjNI0
;8lc+nWTUp7FCN4LT2Bx/0NZmpJesppArTSrCNSfvcJTydzm4o9JRJ6VwpeWPHC4xxNbk9w8WIEhNqoW
;jQMqHw/Vyfp1U0uF2R8OERZ5c/0IlVmWXvcWhKbzqgoaHzHFVEjSZqwPSsJdVc8QlPexPISXWJ/btxg
;Z+i+zVo3DJh8P1dyhaUSJBRmTjRBYu3C6BhLWEF42mAVtNu1Klh/3Q5aCGWMpSw4GmBKOkNi5sD+GVw
;HIx6uBWfris1aN2jEDGA5eZu4LCYkeEIsSE/ewvcJXHV/e9Z1CJjLvz9of80MXiV3nbwiJCRzQDpJWN
;7T4xg5BCAergVn2r7NWlNg2CNROGSEtCEVF3VaMF9i48b3Ektif3vWdQiYy78/aH/NDF4ld528IiQkc
;0A6SViBoJF9OQcgK64FZ4/SvQVZY9oRXjtJhbQ0LwlLQTBLUvPGzhhBd09t23cCtM2oKlZ+yQhWOHi2
;si4lH3F8JV9YgaCRfTkHIDOuBWeP0r0FWWPaEV47SYW0NC8JS1YlXVjz/OESUGlUQd1gF4rMrC5eY8Y
;jWDR5jbBNSXsUI1UtDIGjkRlVd39wwXcKitKSNlZ1zQ5gImaZsD8VC3tKO1li8sbhHEtmVHfBaziM3a
;I+UlPYDlpXFenVTUp7AyNVLVnt084IT1hDa9xsCYzhuTNaafcQViRi6dZNSnsUI0ktPYHH/Q1mcEFtx
;mwJjOGpKE5lxhtgI3+EsBImEmdXVS49gaORfSwHIB7KaRe0yawpX2XGG2Ajf4SwEiYSZ1dVLj2Bo5F9
;JgcgHst9E47MoztbU8sTUDt/h7ISLBp6fCZdWOTHzhFQdFQerQVn677NVDcMqBpeOUmapSgvH0tPPF5
;JgaCDfTkHESWePlXQjP1hAjebSQRvLdzlTVt7FCMzRFHgzvQTTVhUZ95gOJjKv1o0Bqh8PwdaqPV8ZE
;whTjgtL4GjkRtQa0Fzy2sTtMq0KlJT2whNZRbq301Ke0RvFA0Mr5SkEFQHAB6uBQGCzL4uaGDJBVolS
;Zq6ISMfS0o7S1Ttz84NWHNUe9xrZ+i7zVo3QMESWiQW4NVNSh56R3tKXu7H9H06HyEerkhW24rtCQcs
;kxlHI2ScsSg4W3xGNFlY84P+G18NbS+aNUe4ju1hX2nJCFozNouwKWoTcUIhSE+hzPcbGS9JeI58CJ6
;epTtBaYgVS34crux8akBmRjlMSejV9F1JaFN32mwIhdeiND1LmVx6eifJk356SzQDbl9Y9dHwHk0nVH
;bLJQGC0qw3UmLcXF53dIChbSgeckwnSB3tyvcJUGlHPtptAsvQoiBNYM1QHyN5yacoJh51UDANTu7O9
;F1WYQBqxmBHm8yoKUR52hk1ECfJj2Z7SzRmeBgdx5qhTQknG3PBcwLL5O0vRyzJElt3ZIyhPysYYAMz
;RFHgzvQTTSdFaMtrR4bRvz89QZBIH2xlnbA9Oh5mUHVCW+ejm305B0VwyjdJjN2iPlIMq/k/Vxak539
;7W0ATdX4MsZObMAs1ET76NEe4j/1qPUGZTAt3Qtn1HnpxWRJlGR3VkrEuCQ1tL5o1R7iOxxcGPJ92eG
;4n45J8aj45EnVrDrGTmzoIJ3o1nitSy/vgbxdUhU4Pd0/E531qPW9XJ0xL5M/ODkliRXrTDyDZhu0CB
;yzxTDUaLt3fCnNLFDVVLT3mwP4ZXFhFZtpgFYXfoQVUY8URXjly6dZNSnsUI0AtPYHG6QlLckR73FoU
;nNe5OV8izx9QM3Pp1k1KexQjQC09gcTyEl1if3jHaQKF36A/aGrHDlI2YunWKkp7FFgyTlLlxs4bUGt
;FcM9oArTJpC5fY90IYDJunagSMRZ1QD1EU+T85QRJYn9/zGcVjsikO0NlxxJCCG2PvCErFnFNIXJT4M
;70IlhlQmzLcw6KyqQ1WT3VI0Q7d5CwPxUTcUoyRUn8zvx9KwcgHsJkHo7MkjlfbcYbWnlxiropL3sXI
;1UtPYGykX05YENxymA4m9G+Lkd+xx9aJGXp1k1KexQjRS09gcTyEl1if2zLdQKf17kzWGKofxVXFunu
;Py8LcVc8WVTuzbEaWmhEe6RCXtmeiGo9N9oZTzJigKEkJRU0RDZCWeSjgX05B1J72ncGiMqkNVkizx9
;QM3Pp1k1KexQjXi09gdDlHEtzDnnNagOOvs6sNgyoOw1mNtK4KD4JfUB1W1zt1vQOM0AZLo4+BonNoj
;ZCeM1cTzhlgKEkJRV9TTIncLmRsUZKYlQ+y30TmcupP0Us3BMfNnSauiE/D3EDOEJZ5KncTAkwACXdc
;QaZyu0tXnjAXEs/c8mzLCRbe0UzJ3qzm7ElCSd5Lo4+CoTIqHpvI/FcSzg2hLwjah56RyZZUvHQmzoL
;PwBEniVchtG7PxdWiAhQd3uAu20vFXBQIUJN8qnWTBldESuANUeth/1qByyTEVAhc8mhJS9bZE80WVv
;u0fxdXWhXcI40UobTx1BwNZpcemc20q8oOBQ0Vz1IHeTb5Q9MY0V6jmkChdm5Mj0G70wfDyLa9RR4TD
;RlZx0NsYOxRl5oAGrBJROD2+0/U2vNXFAxNp29KGoZcUd1J3q4kbElCSd5Lo5AV8uFvj9DLNIZTTg2n
;bptLx9zRnVCW6HX+RgZZUV6pEJXy/j0agc8iCYOdy2z9Tg6W2NKIUUdsM78d342AFicNVfL5P16DFaI
;FFA6c8mmISUMeFpfJ3qwg8tMDCkQPug8V9uO7WFaY94ZHyN+jPU9JhpgRTpfUKHH/gpXJxErw2ht4fn
;8enE1mEwPdy2apSgvHzRQMFlJ6M32d34+Ej7rKFTLhb8/Q37JH0s+eYffAHtKIwMFX1Tv1/gTXikOMK
;4JZ+u+vi5WftxOETB1hrEoSnikI1UterOSmzoANypTljdtpo/9bT1LmkQfDybJjH1APCYbdXcNi+SgX
;WM2FTCeJSHYjv1QYz2iOwZlNqzlRw1KNGVnHQ2h5qBNM0AZLI5AV+H5/HpxPphMHxI7kqcoPgl1QCFE
;Uu/89QhYa39/w2oShcqwUGM8ojsGZTas5UcNSjRlZx0NoeagTTNAGSyOQFfh+fx6cXfcDl4hc4WKPjo
;ecUcoJ3CwkqZdaXVJcNpsCYyQ43Q3Bqh8PzB1hrEoFQ9tUzAtPoejkX1rYlBMz3Vn+r7NWlBvxxhaCG
;CMpyQsAktAOklYgaCJfTkHGUzXRwuN3bspfSfEOVN8eILtfT8iVR5oLSyBo5EUV2FJcsJaBoXZoT9oY
;MEPS1cV6dVNSnsBI1UtVO/F+BFVWERrz2k4jsa5KEJ/wRNRVxXl1U1KOnhPdUhF9dHkGVx1IBCuBWeC
;0KszW2D3DF4jYoynI0p4EiNVLXr40f4UXQcvHq4FDpnRozNZa/cMXiNijKcjSngfI1Utb+TA5RRVbk5
;7z3dn9r7NWltt0RlNCGWdtD8+JGRMPENJ3tDyHEthf3TBbAmfvs5ZNwyoPVM7FvTVTUoXdVowX2Ly1/
;APTVhQccdrE7TNqDtaU8sTTTlzm9VORHsUIwdIW+3G6TJLRE9w2GAf66bNWjdhyQhgNHmHs3wVHX1PN
;EBY79fOH0tmTnquBmDrvs0IVmXbGQwTFvbVTUoWdVcKTlLvxaAiX25Mf8NgCZ/hqTNEfMQdRgh4iLgo
;SngII1UtZtPC+A5cNGRDjlUVjtOkL1os+DB+dyfH4ngnFhQ/VS097MLlIlpoTnifWgGC0qw3UmLcI1g
;0eY2wEi8VcCNWLT2Bo5FjOQcgc89xOIjRozwGU84VUzZ7jLs5FRx3TDFIYvLX8A9NByMergVn66nNWj
;dhyQhgNHmHs3wVHX1PNEBY79fOE1hqRR6tD2frvp0WdiyZUghie4TVaUp7FE40WWLizP8bCFhGd8JkC
;o7QuQVZbcUZYDZ0i6coPBJ1VzxCU4Ggkn05B3BS7wV/677NN1Z49x9QOXDYiisjF3VOMENJ3s3+CVx0
;IB2uBWfrvtBaNwzFHUsIdYa7K3skcko5TFDkzeUiSXVJfctaEoXXuVo0Dqh8Pxxx6chNSnt5QiFyXu7
;N90xmYUlyz2gChcqSKVJ43BVRMEmAsU1JXxQjVR5fs5CpHl0zDXqWNQbGiv44VCGQGQYxO9vtLHIZJE
;E2FVvgkJFXOQcgc89xOIjRozwGU84VUzZ7jLs5FQhxVyFEU+bQzhtQa0Fzy2sTtNy/O1loqH84Vxbph
;ywjCHEQES0MgaOREFhzf33BawHa4aszW23FGVEjSZqwOT4SekQmclvoz/AQXGlUQcpsFJvSrCNoYskR
;WlcV9dVNSiBGQjxeWLLnzF1pdUVzx3AKy+6BGxc9hksKOnvp+01Ke3lCIXJe7s33TGZhSXLPaAKFypI
;pUnjcFVEwZbazJCYaeUY7WWLnyv0YZmlBc8sFZOG+zVpnQOlcDnkh3LggSlUUI1VAXPX88hJXYRFByG
;wLitOoNENT2xlLI3+Hsj4VHX1PNEBY79fOGlpoRHvxYAmPvs5aNwyofA9XFum4LD4kd0w7SwzexfgRW
;GpFcNpaFI7KuTNZa9sjWT56iLgoJA9LRDZCWeT84glYdVQerQVn677NfTcMqBFeI0mKuiMsSktFPEFc
;7Mb/CWZ0RWrabAmMzZI8XmDJEVo5Yra8KUp4MCNVLQ7jkaJFWmMUM8o9V4qT+WlVb4VEWm5wxOd1K0N
;2EzdOBefCon0QByAew2QTtN2iNFE99xpWO3eEsCM+JGdGIVlU78TiIl9uTH/DYAmf4aM7WmmofzVXFu
;mFAQtbJQ1iGFDso6d9OQdNf9paBITQq2toasEQXjpzh6ESOR5gVzxDWvL89xRVZk17wHE4hd+gP2hty
;h5NMmCAtDkjFHojVi49gaPBMXgHCh6uBQqKypI5WGLOTWAxf4W0IC8VYHwmSEn1yv8aSlhGd8JkCo7Q
;uQVZY9wZTFcV6dVNSnsJI1UtUODXzh5WaUYv8WMOh9+gP1l49whaNH6HuiElHG0jViU9gaPXFFVmTXv
;AcWfzvs1aWm3cI1w4eI/nEiwSeEI4SFP1/PMPWGlEHq0CZ+u+nztef81Pe1cJ6dVNJxpgfDZCU+eRzh
;tQa0Fzy2sTtNqkKUdgyQVgOXeEsE1JZxQjVXZv4MriGApDfT7+dwKG17g3F1zkPR9mON7gICd7CCNVL
;VDg184eVmlGLPFjDoffoD9ZePcbXDhyjIooJB8UIFUtPYGjj305B01/2loEhNCraGhqwRBeOnOHoRIt
;GHtHMHJO9cLjCTkEIB6uBWf8vs1aWm3cI1w4eI/nEiwSeEI4SFP1/P8cVGIgHaQFZ+vugRsXPYZLCjp
;76fFNSnt5QiFyXu7N909mYUlyz2gChcqSNFZhzSNeNXSbsDsjGmBKOkM9gqCRfTlXbF+uHWfrvqA7Q1
;PLE1ExJLazJCYaeUY7WWLvzOUYSgcjHq4FZ+ujzVo3YckIYDR5h7N/FR19TzRAWO/Xzg1LbkN78XAJg
;srNWTUMqHx0MBb01U1KFnVXCk5S78WjIl9uTH/DYAmf4b4/Q3jBElgIf43VTm57FCNmTw+ym/IZDSpE
;Jp5kSt+NrzkaNM1FWXok0bR1KEt2QG1LXLKju305B01/2loEhNCraGhqwRBeOnOHoRI5HmBXPENa8vz
;3FFVmTXvAcTiJzKw0Uwyrez9XFru0JDkeJ2dVHD2Bo/wcTVhDccBjVbTYpDZWYc0SSwhljKE5IxVzUA
;pLVO3C/BhXc396x3YXh9+0BVltxRk/VArp1U0RKXVKJkgOxf6xLUtiTXfbaEe78ox6BiKfSVI6FsfVT
;UoWdVcKTlLvxaMiX25Mf8NgCZ/hvj9DeMESWCRJj7whKxZxTSFyW+jP9CJXZk17rgZt677NCntNiE0R
;YCOEuE1kexQjOExJ3sD+E181f3jHaQaG26MuaH/NCEs+eI6mEiwSeEI4SFP1/PYeVmNFQctrA+u9zVo
;3DKhMP1cWhLQ5FRh7TTMfYufK/RxUYk5q8XYCn8qkNFB/9xpWO3eEsCM+JHNAOklY3tDlHEtzIB2uBW
;frvupaNwzFHUsIdYa7K3gkcko5TFDkzeUiSmJUasdrAJjhqzNbbcUZUSNJgLFNSV8UI1UeX7OQqR5dM
;w16ljUGxor+OFQhkBkGMTvb7SxyGSRBNhVb4JCRVDkHIHPPcTiI0aM8BVPOFVM2e4y7ORUIcVchRFPm
;0M4bUGtBc8trE7TQrDdSDKt2P1cWuZkMako6FGBAUIGVkX05akFq8WYIhdj/BVFlxB1SMnidij4vD2B
;KO0pO3sX4EVhqRXDaWgmK06gFVm7KDlohf4ihJCUVFCBWLT2B8908OS0gHq5oBp/hrjVZapojWT56iL
;goJA9LUDBZSejN9g5mYUlyz2gChcqSNFh4zQ8/VBbp1U1KZhQjVUBc9fzyEldhEkHIbAuK06g0Q1PcG
;Vw/eIa5Ii0CFCBdLT2B5fgRWGpFcNoFduu+zSpbbdwaUCV7trQpIh5nSjpDPYKnkX05VUF42gV9677N
;NUFp2hReOXG2piUvF3hQCl5N5Mb1IlVuU2quBmfrvs1aJgyofE82Y5qwEiIefUQ9WWLtyuIJOQQgHq4
;FZ/q+zVpHYMkIWThkhIosLh99VzxCU4GglX05B25xwGBn/b7NWkd+zQ9MImSMiiwuDXVNNkhi9drhGA
;gHIxuuBWet17U/Uwy+fD9XZpuwPjkOZkYKTFn3wv8eXFhUZ95gVeu9yFo3DO4VRzJy6fdNSntkUTxDS
;eTRzh5WaUZBw2QEg9ejP2htxSNLMnWBuyImFHNaVS4+gaORO39BIDOuBWebzKQ0Q2naI1w4eI+KICsY
;fEo7SGLi1uIJVmpJZMtaE4TRoTJSbcwjUTZ7jORNSXkUI1V5DYGOkX05d1J3wHECmeGuNVlq9xFeNH6
;AuygVGGFQIUJQ6Nn0Ik1oT3LGYAaP4aM7WmmafDxVFunVGXt7MCNVLU3zyv8JXHV/fcFrAbTTrDlfZc
;YZYDF/hbQgLxVgfDtMUOT8oH06DSAerlUrqp78dAA5xRE/cxbp1T04EnpXMF9i4sz/G2ZqQX3GbAmO4
;aszW23FGVEjSYe0IC8kJiNWJz2Bo8ExeCcRMJkwCoa+71o3DNgOVjlijKcSKRR6RQpAXOLL+BNcWEZ3
;3GgQisyoBUN12Bk/VBHp1U0BF31TJUhPgbyRfTl3UnfAcQKZ4a41WWr3EV40foC7KBUWJRNlHGLizPU
;YOQQgHq4FZ/S+zVpHfsESSzJktrYiJB1LTjROVejN9CJUNhAunFoEhNqoWjQMqHw/Vwnp1U06CX1NIU
;hP3sD+E19YTX/NbQ6F25I3BTyYTGA0eY2wTUl7FCNVLRyBo5ENS25Oast3OIjRozxoYckfVz54jIoiK
;Q97fDRJWfPG4g45BCAergVny77NWkd+wRJLMmS2tiIkHUtONE5V6M30IlZkVHHxZBeC1agjNw+ofD9X
;FsXVTUoLZko7WVjz/PISV2F/c89mD4LQqAVYb9wTYDt3mqESPwt4TDRJYufM/RlcdSAdrgVn677oWjc
;M2A5WOWKMpxIpFHpFCkBc4sv4E1xYUnveYBOC278FVmjMDlokZenWTUp7FCNxLT2B0+MUV3NFbPFmCI
;XYkjdWb8AVUTJJm7A9Lw99RidyXPHK+hhAByMergVn65bNWjd82hVRI3Obii4lFXJ8OExe6cr/GGZ1R
;W7LcQ6OzJI2Vn/cI1gleZylTUl7FCNVLReBo5ENS25Oast3OIjRozxoYckfVz54jIo/LwtxVzxIT97T
;4xRXc0Vs8WsGhtvNWTcMqHw/SBbp1T04EnpXMF9i4sz/G2ZqQX3GbAmO4b4/Q3jBElgIf43VTm57FCM
;wGF60wKMeACoZLZk3St/c9GMaNJBJCHon3+Z/fU0sGjRJWbGjiH05B1Bsx2sTjsySOVhiziNSNnWBvC
;MvJGBaJUg9gqWRfTlhTHHedR7rmM1aN3zaFVEjc5uKLiUVcnw4TF7pyv8YZnNZbstaBoncvz9BZckIV
;jh46dZNSnsUI1ktPYHT4xRXc0Vs8XEem9vNWTEMqHxZO3mZpTRKdxQjVV1P7sX4EVxYTn/DYGfovs1a
;Nwy7fD9XZIizORUfYUI5clj51+MISm5PcK4Ga+u+zRtbYIgZRyNknLEoOHsHI1UtT+DF5SJQaUZ3wmk
;4m9+5LlJ+xnw8Uhbp1QEjFXFQVTg9gaPjGE11QX3abAiF4bcyWHz3CEYnc9jVTkx7FCMbQk/swv19LA
;cgHtxgE5nfri5eY8YjRT95mYo5MwtxEVUuO4GjkTNWdU1/wgVz677NKV9pxBBgM3+bsC4+EntNCkFU8
;teRfjkHIB6uEWfrvr4xXn7cI1sid4WKKDIPZlYmRFLvo5JxOQcgX8JpR47GuShCaM0OP38W6dU+JghL
;QjFJVPXK/hNYa399wWoLgtCqBV9pwRtXI0mdvCAvJHNRNF1VgaC3fTkHEDCePlbTjv1qGTyTTw95JtL
;kdXpLJA1lFg6xk79NAjEQLp41Sdu+2lo3DNsQTAh3h7soKxd9TTJyX+THzhpLZlB2rgZn677NWhUMqH
;xMO2W2tCMkHnVPPENa3sDoEVBpRHvcWguEyagoaGvaHU8/FurVTUp7FAFVLT3yz+IiWGlOe89pDoXZk
;jlOYMESWzJktqA9Oh5mfDJfXPHLkX45ByAerh9n676+NkRTyRJRMneFvCMtJGRKJllS7/z2D1h3SB6t
;BWfrvs1JNwyoD1MkSYihICUIZEswX1jezv4ZXAcjHa4FZ4rXv1oTDKh8TDtltrciPg97TgpeSPPF8B5
;cWElwyGwLh+GsNFBgzSNTPmWd1U5OexQjZRYEsaOGfTkHU3LdWgSE0Lk1Qn73Dlonc4ihEicUcEZVLj
;uBo5E8e0RhXO0FVeu+zSlbf/cfUDh6gLsqFRpyVzBfYvPG8hJYc0lwyVoTjtO9P0Vt3AlNMkmdvCAvJ
;HNRNF1VgaCHfTkHESeeK1fQjuNqDD2YTBFnLdvhfXpVJCN1LT2B0P0OZmRPccJsCYzhrz9TU9wZUidz
;m7Q5PwlxfDlETvWjkno5ByAugDVc2on9WgUMqHxMO2W2tiIlF31NMnJe+M/4E11iUkHCahCOzJIyUm3
;cGU0IYoy4PS8JdVcgX1jez/gOTQcjGa4FZ9uQ/WEGPZh8DVcW6aYhOSR3TDpBVO/Ezh5Aa0lwymAVtM
;u9KlJ+9xRaNmKMpxI+HnlTMF9c9dbjGGZrSW3aBWTsvs1aByKYRw5hJun4TUp7Z08mcl7uzP0UV2B/c
;stjE7TYqD9TU8AZXiNzm4o5LxZkRidMSfTR9CJVblNqrgZg677Nahk8k00LZxb21U1KCHhQCk5S7s/4
;E15YTXfAWguKx6goaHjBEVoIeoCmOUp4FCNVLT2ro5F9SmtTQc1qCIfXoz1ofMEPSzh4tr0oKw9xUQp
;ZWOzT9A9Yc1Vsy1oLgs25WjQLqHw/ZzjZ7nx8SxQHVS098s/iIlpoT3LHawC0zqIpQ1PbH145eIC7Kh
;UfcU80VGLtyuIJOQQnHq4FV8WO9mkZPKhfP1cWmrk+FRh7TDlEU+b84Q9cWFN9z2sJgtCqBVNpxB1GC
;HqApjlKeBMjVS0Nr5OqThc3IDCuBWeY0r4FVGPHEFY5cbanJC0TYHwzSFjl/PkYWHNFbPFxAobOqChW
;eN0OWgh6gKY5SngTI1UtDa+TqkwNNyA8rgVnmNK+BVRjxxBWOXG2oSQnHktXMEBN5NHwCUx1RUHJdwa
;b1s1ZIQyofA95JtLkenpVJBhnGQ2xjaFGCDcQMJ4Ff+u+zSlbf/cbXidJj7whJiRmRiVIXPX8/BJdYi
;AdqAVn6/+MGHVP63wmVxbppiE5JHNAOklY3sX4EVxpQXPLWgGEzKA7QwyrGj9XFpKyLiUfcXwzRFHkz
;fAQXFhXd9ptCJ7Kkj9PeNUjRDp3ir0kJB5LVyxdWN7C8x9LYlZ3z3EOhNCwBUxhyQhaJX+IuRIkGnlG
;Ckxf49H0C1BmVHfBaxq0xaE7TmnaI1cyf469OTcWeSNmLT2B0P0OZm9Ff9psCYzhrz9RY9oZYCVziro
;sPhJ6RApZWOzT9A9Yc1Vsy1oTgtOoBVB+yQxXVxX81U1KSCQNZRYNr5OqTA43Di6VNFXbjuNqNxmofD
;8kepqKJCQdfU85clzvxP0YZmtJbdoFZO++zVoHN5FMP0gW6dU+JghLSjtLVO3PzhpYd394x2kLtMyoK
;lJt3CNSOHKM1U5MexQjFGx/w+DSfS8HIB7daRS016M8XmDEI00yZoy0ORUWe0cwLT6Ho5F9eEZiXO1G
;Z/O+zVpEYNsjVjlwgLkhFQh3QjtDVO/EzhBWY0UerQBn676gNVNpxHwiVxbppiE5JH1NO0hP3sD+E01
;oVWzxagGNzaguaGDBD0tXFenVTUp7MiNVLU7t0M4NVnBEe9xaAY7bqTNZa/cOUCN3nbwiJCRmQiFEUt
;7O/hlcByMbrgVnjde1P1MMi3w/V2WFphI6CXFLMExJ6M32IltiREHaYAqb2787Q3naGWA7f5qhTUlbF
;CNVHROxmKBPCSkQJZs1SduF/G0HIphHDmcmx+V2e0wkDWUtCIGjkQ5VdH9u3GAPjt+5M1lr9x9GO3+H
;sSg4JHhMIkhP3sv0HE1iUkHaYAqb2787Q3naGWA7f5qhTUl8FCNVHROxmKBMCQcVHq4FFIfNkipFacA
;ZXiN/h7ISKQJ4SjtJWPP85A1JYlJBxmAGn9u/BUNpxQxaJXedoD8vJHhKJlk9gqSRfTk3Di6VNFHbvv
;1aNwzbEEwIZpuwJS8aYEo7SmLtxvcJZmFFe8paD47fuT9FU9wZUidzm7Q5PwlxfDlETvWjkno5ByAug
;DVc2or9WhUMqHxMO2W2pT8vE3FCIURT5vz8FFdYTH/XYBW0yqQ3UlPEFUwjFurVTUp7FA5VLT3yz+Ii
;SXVFdstkE4LQqgVHZdsIUDlJgbAsPh5mfCFIUPHG4xxNclJ78WkOmMrNWTAMqHwPeSbS5Ht6ezMjVS1
;O7dDODUtiSHvPcQ6F2ZIqWH/cI0w0d4e7JCQcS0cwQVz4/P0USnMgHakFZ+uO42oMP4ZMP3EW6dU+Jg
;hLUydIVeTC5RRXYH9u3GA4mN2sNFllxhtgM3OFtDQVF31QIS0+hqORfQkpECWdK1frj81aN3/ED2AnZ
;Iy9KCsPfU0yck/oxPkJZmFFe8paD47fuT9FU9wZUidzm7Q5PwlxfDlETvWjkno5ByAugDVc2or9WhIM
;qHxMO2W2pT8vE3FCIURT5vzlFFRif2rLaBeOzKwuQn7NI1gld5m9TUlZFCNVHROxmKRNFzcbL5w1V8W
;O9msHPIZMBGQg2eVjekAlFGUDDYGCkX05dExt8XUVgtC5M1lr9x5aM0mdsCA6HmZCIVhP5Pz9FEpzIB
;2nBWfrjuNqDD2fTBFnFtrVTUoIeFAKXU/ozeUUV2B/fddpDoXaqChoYMcLWiVJgbAsPh5mfCFIUPHG4
;xxNclJ78WkOmMrNWTAMqHwPeSbS5Hx6eycjVS1O7dDODUtuTmrHawC03bQ2XmLMGU0IY5mlKDgkfEY0
;WVjz/OUYVHdFbM9xEpnbkjZef9x8PFAW6dV9ZEsvEmMdPa+jkX1Ka1NB3ncOhcqkNFBTxBlZI0mPsCg
;uJHxGNFlY8/zlGFR3RWzPcRKZ25I2Xn/cfDxQFunVfWRLLxJhHT2ho5F9SmtTQd53DoXKpDRQU8UVUQ
;h6iKwoOCRgSjhIYu3K4gk5BCAergVnwL7NWkRg2yNPJX+HoSQkHEtTPF5J7s3OFVxmVHvcWhOO070/R
;W3cCU0ySYW8Pj57FyRVLT2xjaFGCDEQHosFZ+vNoSlofNoVUSN/h7ISOhRnVwpeXuDN/xRXYH96y2kG
;kuGhM0R4qH84Vxbp5WN6QCcNZS0ZgaORDlV0f27cbAmf16M9aHzaGWAkdYi7IyMVc3wxSFHg2s4RUHR
;UHq0CZ+u+/XQHN5tSD1c56dVNORdnfCVfVO/X+BNeWFJ3yW0TtNioP1NTwBleI3ObijkvFmRGJ0xJ9N
;H0IlVuU2quBmDrvs1qGTyTTQtnFsrVTUoIeFAKXU/ozeUUV2B/asdoArTKqDdHadodSyJkjIoqOBpkS
;1UuNIGjkU0XNxsvmTVJ277VWjcM2xBMCGSGvBI4HnNKOkNi8sDwE2ZqT3rLBWTtvs1aXn/EHVEzFvzV
;TUoIeFAKXl7gzf8UV2B/bct0Eo7Qrj83D6Z8P1d/h7MkJhcqQDpDSe7W4300ByAe3WkUtM2oO1pT3AV
;PMhbq0U1Ke3pMO0g9mKORfUprU0HdbQ6O0qkFVmDPE00+YoG4Ej4CZEZVLj+Bo5ErCAc8Hq4FFIfNki
;lfZc0QWwh/h7MkJhdLQjtKUeT8/RRKcyAdqQVn64z/bww/mUk/cRbp1T4mCEtXPURT3tTwEVVYRHHbZ
;wuO4aEzWWnbI00yZoy0ORUWe0cwLT6Ho5F9eEZiXO1GZ86+zVpEYNsjSz9/h4o6Kxd4fCZEU+bP9CJV
;bk578XcCm9usLmhhxxhaVxXv1U1KOlVhF25+gYKRfTl0TG3xcQib4b4vRWrJH1oIf4ezJCYXS0I7SlH
;k/P0USnMgHaoFZ+uO9mMHDIF8P1dlhLQhJiR1UTBMYvLM/RRdWElwyGwLh+GrNlh79x9QOmaMuz4rD3
;1MOy0+2qORfQk8ECWeK1XQjuNuAzicRw95ItLlY3xKIBZuHRO3mKFTDjcVJ5U1SdOF/XQAOplFBGY43
;O59ZEMhFGQWD7qTv0UBPxklnT5XxYf/aQY3nUcPeS/c531xSiQYZBY9lqORfUpoTHfKWg6F2KQ2W1PJ
;Elg7c7a5JDkPFCBTLT2Bl6RGCDQVHroFZ+vNojZeaPcVUTF/hbkSOhpgVzBfU4GglH05B2x3wGAU66X
;NWjd/xxBWM0mAuysjF3h8JUxJ9cbjE2ZlT2raagrrvchaNwzkFVEyZenDTUp7Z1YlXVLz184ZTGZMQc
;t9E5nLvjNYYqh/M1cW6ZQhJltxWyFfSOXG430gByAe3XAXm9G/LmhlxhpWO3q2tCMtF3F8OURO9aOSf
;jkHIDOaMGfLvs1aRHnYDFAlYra8IywSeE8KQkj1z/gTXHR/e9ZxFZ7aqCg3D6R8P1dXhbltLwNgUSBJ
;WPOjnX05B1Nr3nUImcqSLk58zXw8Uhbp1QEjFXFQVT09gaPiCEl3T2zaWhSfzKwuUmvRfDxTFunVGTg
;ecSNSLT2B0OQNSWhSaq4Gbeu+zR9BadoFSD9zm7BNaXsUIyZYT+fC8hhmdE9yx2E4idG5Llhh9xVRMX
;+FuRI6GmBXMF9TgaCUfTkHbHfAYBTrns1aN3/dDlk2dYyKPiUXfUcKWVLx/PgTX25McvF1Bp/KqChZD
;Kt5P1cWpbwjLwgUN1UtPfXG/A1cdUFq23cCtNyoPmhgwQ9LVxXp1U1KewEjVS1J5M7hGEtmVGvcYDiH
;26suaGDBD0tXFenVTUp7AiNVLUnkzuEYS2ZUa9xgOJnXqjJDU8QVTCMW6tVNSnsULVUtPfXG/A1VZlR
;78WsIn9u+WjQMqHw/Vxnp1U09EmRGCllS9sbjIlRoRHuuBm3rvs0TWXjNDlM2dYyxTVp7FCMiRE3k/O
;USTmJSQd1tBpvbzVk+DKh8bTJ1nbQjLRdxI1stPYHU+A1cWFd/wmk4htGpPzcPonw/V1+HoSg4F3VAM
;Ek9kaORfVZoWnvxdg+C26E+aHjRDFpXFeDVTUosdVcwX3vgz/19fQcgHqgFZ+vYoTVHfNF8P1dsqtVN
;MDgUIy9uPYGjkbD1yx4frgWvqb7NknUNqHw/VxYhlE1KexQhVS09g6ORfTmDIx6vBWfrkc1aNwaofD8
;HWqj1fGRMIU44LT2BQ659OZxkHq5CJG5VChs3TDQ5P1fsr9VNgjlBJ1UttNHt1nAzHSoergVqovaJCD
;cMqTg/VxeP3UtKexQ2287GgaORdElPeW2uBXWfvs1IQw12GiAvFunRTgM/VXct99BZAoC/eRNlzzFIp
;S8Szd107UD9bb8CoxToSm/4bxV8fdfi4/PG4aklld573SW+WifBzceE3TRZo7qdkML2ScPGv9Hbaz15
;8n00Z0uOSJAPJ3/i7eSB/CkaV2EVKNBVKSzBs5B5KEcwH6oUJ/u/yUt3HKl4LhcG6NFcCmsVJ0RtLYC
;ngD0pBiQP7hVm76+NSjYIuTwvVhL4lV1LfwVjRSw5kOOBfD0WQGcUn8RaKtURhhIY0B+xIKybU8C7pu
;+4d1PS12rDtuQQRqFd0owCMHs1cKFev3cU4ffNankcAdUNP4mBEV07DwKejgdvyT7tWD8uKFw9XzRp9
;U9CWZQDVyUfAYOTdRuHABymJ+fLvMV4tyyqdB3XNuvdb8pbFit3rR2Dq7P9GQUoPC4lZeOczdg/LCB8
;vV82YdXPQlucI9clHQmjE3UZjyCcpiXv6zzFer8MKnQf3xZr3W3Ce5YrdaU9A6ux9TmFKD4mBeXjnkV
;atQSI9D/VHsldTchzNKtVrzWhK5H/MSeoHiwN58u8xXi3LKp0Hdc2691vylsWK3etHYOrs/0ZBSg8Li
;Vl45xNejUEivwfVR7LVW1IczajdS81oyOxfzEloD6sDUVrns9SFYyIfjd1lsnXRWj7NCFdD72hoZlfu
;SciPiYF5eOeRVq1BIj0P9UeyV1NyHM0q1WvNaErkf8xJ6geLA1HY75PUheEqP43d57pV0Vq8xShXQ21
;gSGZXbEHohaOjWdptu3SN46gXLdXlOH1xUr5HAPdLb+Jgxl9MSWgPqwNRWuez1IVjIh+N3WWyddFaPs
;0IV0PvaGhmV+5JyIWjIVH6bbv2hcOoF6/dxTh981qeRwB1Q0/iYERXTsPAp6OB2/JPu1YPy4oXD1fNG
;n1T0JZlANXJR+BIZldsQeiFo6NZ2m27dI3jqBct1eU4fXFSvkcA90tv4mDGX27DwCWrodvyzbN2D8sI
;Hy9XzZh1c9CW5wj1yUdCaMTdRmPIJymJe/rPMV6vwwqdB/fFmvdbcJ7lktXLXyFs9V9eAMwWq5EY/v6
;zRszHOx8flMGrdUMTmtQIxQpLcWj0HkpQyBfqhUj6//JSnMM6XgvExao0V0Oe1UnRWk9wKeBOTlGJA7
;qBSbvroladgi4OD8WEvmRTU5qVDNUKSzBs5B5KEcwH6oUJ/u/yUt3HKl4LhcG6NFcCmsVJ0RtLYCngD
;0pBiQP7hVm76+NSjYIuTwvVhL4lV1LfwVjRSw5kOOBfD0WYA6vAXarrsxeJky4fTtGFqjRXQ57VSdFa
;T3Ap4E5OUYkDuoFJu+uiVp2CLg4PxYS+ZFNC38EZ1VsOZHnkTw9F2Qe7wF3r76MXidIKMPuy5AIuUvK
;8xs/nzVmuZBioDkHIB7nQCmvEI86tUWsfD/eRqeSQEBhHiNVLTDI69UvOQchWq4FZo22y1o3DL3y3Kw
;W6dVEOjNNUFUtL/WjkW9NBv54sX1n6706E3NN/ATlus7I28l6a5LyNK4l1vLQ/9759/6cjRbjemdnNy
;S+oswahbapJHCPyvRVDfvk+jOKVw7Ayxho7Bp0DIxtaA55vgzMHujnoIcf0p9IpKgrUdBkDsLZwgXl4
;55FWrUEiPQ/1R7JXU3IczSrVa81oSuR/zEnqB4sDUdjvk9SF4So/jd3nulXRWrzFKFdDbWBIZldsQei
;Fo6NZ2m27dI3jqCMB7SDqoBYHx4pwwxs8U1r3TY5iFKoxZx+iNXg/F6+toxVkGcRlkmyalAjFCktxaP
;QeSlDIF+qFSPr/8lKcwzpeC8TFqjRXQ57VSdFaT3Ap4E5OUYkDuoFJu+uiVp2CLg4PxYS+ZFNC38EZ1
;VsOZHnkTw9F2Qe7wF3r76MXidIqD07R1Lp0VwKaxUnRG0tgKeAPSkGJA/uFWbvr41KNgi5PC9WEviVX
;Ut/BWNFLDmQ44F8PRZgDq8BdquuzF4mTLh9O0ZW+dRJWzsEIlE8fZGilWx5FyEav0V36rrcGicNrG0/
;FhL5kU0LfwRnVWw5keeRPD0XZB7vAXevvoxeJ0ioPTtHUumUSVo/FGJRPXmB4pVtfQdhGr5BZ6q63R4
;3Taxse1dX7cUJSjoQMxEtfIWz1X14AzBarkRj+/rNGzNMuH07Rlb51ElbOwQiUTx9kaKVbHkXIRq/RX
;fqutwaJw2sbX9HF+3EDVp6EDIVPTyFstFtOAMxXr4EY/r+3VszHehsPlMHqcVMTmpUM1QpLMGzkHkoR
;zAfqhQn+7/dHjdNrGx7V1ftxQlKOhAzES18hbPVfXgDMFquRGP7+s0bMxzsfH5TBq3VDE5rUCMUKS3F
;o9B5KUMgX6oVI+v/yUpzDOl4LxMWqNFdDntVJ0VpPcCngTk5RiQO6gVj+v7dWzMd6Gw+UwepxUxOalQ
;zVCkswbOQeShHMB+qFCf7v8lLdxypeC4XBujRXAprFSdEbS2Ap4A9KQYkD+4VZu+vjUo2CLk8L1YS+J
;VdS38FY0UsOZDjgXw91iQeLA1HY75PUheEqP43d57pV0Vq8xShXQ21gSGZXbEHohaOjWdptu3SN46gX
;LdXlOH1xUr5HAPdLb+Jgxl9uw8Alq6Hb8s2zdg/LCB8vV82YdXPQlucI9clHQmjmV+5JyIWjIVH6bbv
;2hcOoF6/dxTh981qeRwB1Q0/iYERXTsPAp6OB2/JPu1YPy4oXD1fNGn1T0JZlANXJR8Bg5N1G4cAHKY
;n58u8xXi3LKp0Hdc2691vylsWK3ctv4mDGX27DwCWrodvyzbN2D8sIHy9XzZh1c9CW5wj1yUdCaMTdR
;mPIJymJe/rPMV6vwwqdB/fFmvdbcJ7a0DNykS0oNG5LiUnBGIY5PUyzVo3DOE5cRO4q7XPRKsUI1QtP
;YE/Xn05kiQerjRn676dWkUMwXxRV2LpsE04eyYjCi18ge2RODlTIEGuRGfTvpJaZwzEfEpXZemKTRh7
;RCMcLQmB/JEuOUwgTK42Z7S+hFpTDM18Xld76bRNIXtxIyctYoHzkQ85aCB4rmxnh76oWjcfqHw/NnW
;KsCEvCXVXPEJT3sH+CU1oTR6vBWfrvs0aSEyoZz9XFoi2Li8XcVE0WVTuzc4fVnNUccNaFJ7MqztUaa
;h9P1cW6dUNNTsUO1UtPeDA8hhVYlJ/2mwIheGrM0V/3CNTNm+Mp01LexQjVS19/uORbjkHIH/NZgKH2
;787Q2XHEmA+eI+8ISZ7FSNVLT2B4+49OR8gHq5kBIjboT9FbdwVUDlJgLs+Lw9LSjtDWPOjkH05ByAe
;7non66bNWjdtyx9aO3ObtDkjFHp8PENO5NfOEkxzRWyuBGfrvs1ad3PofC1XFum0LikeeEYnTEnozP8
;iSXVJcNoFZuu+zVo3TNc8P0MW6dUsKRhxTzBfXPXK/hNmdFVu3moVn77MWjcMqHx/KFbpxU1Ke3VANk
;hR5NHwCVBoTkHaahfrv81aNwyoPEAXFvHVTUoad0AwQVjzwuUUVml/asF1OJjLvzxWb818PlcW6dVNC
;gRUI0YtPYHC8h5ca0Vsz3EOhNCSLkVt3hlTVxfp1U1Ke1RcFS0fgaORHFpkRXLLdwaf16I0aHjaHUky
;eramJSUJYHwxRE71wv8eXAchHq4FZ+u+zVo3Jah8PzZghrwpFQ9mQiNIUd7L/hFcdH9uz3EPtNOsImh
;gzRJYI362sywpD3tRVSw9gaORfTluYB6HBWfr37s1Xmj3CE02YIy5EiIUeEYmck3g1/kiVGZYQcBqOJ
;nbuShWb9wVUDkW6NVNSnsUI1UtPYqjkX1bYkxq8WoBjc2oLjcNqHw/VxbpBXJKbRQjVU9Y7dfOD1hhV
;EHPZgSO0qgoVnjBE1FXF+nVTUp7VFwVLS2Bo5EfXGtUQdxkAZ/hrDNFa8kMP1YW6dVNSnv0HFU/PYGj
;8xhVc39sz2MTtNihNUB+yQhaVxfp1U1KexR6FS0zgaORH1xrVEHcZAGf4ac/RWeofT9XFunVTV47FDN
;VLT3jxv0JZnVBeNpaCI3Yvj9DDKl8P1cW6dW9dXsbI1UtX+TP5SJLZkZq8XYXjtupWjYMqHw/VxbHlU
;1ZexQjN0hR9fzjHF9zf2rGbASA0KgpRAypfD9XFunVtXV7BiNVLV/kz+UiTmZMcvFjC4TJvztDaah9P
;1cW6dVNEzsUN1UtPePG/QlmcEFywloLjtCqLl9TxRVRVxfp1U1KexTTai0ygaORH1xrVEHZZAuH4b4q
;UmnMfD5XFunVTUpfVCNLLT2BweMUXWBJcMlaApPKvy9EZccSYCB/jaElFQl1VzxCPYCjkX05ByBH7gV
;1677NOEVlzBtWOXG2sywkJGdTMEhZgaKRfTkHIB73RWf/vs1aVX7BGFg+eI6KKyMDcUcKTFPmz/R9OA
;cgHq4FZ+u+zUM3DKgeTT5yjrwjLSRyTzpMSeTHzhxLYkFBw2wJ67/NWjcMqHwLFxb41U1KGWZKMUpU7
;8TOG1VoV2zPcQLrv81aNwyofGYXFvHVTUoZZkoxSlTvxM4OUWJMct1aAYfRuihWeM18PlcW6dVNSiJU
;I0AtPYHB4xRdYElwyVoUg9uhNkRT2wxaMnLp1E1KexQjVWl9ga2RfTllUnfKYg6F2ZIpR2nNGD9WFun
;VTUp7WmNVDD2Bo/MPUGNHd8BiOJjLvSpYftwZWwh3m7AsFQl1VzxCYuzC6X04ByAergVnov7NVTcMqB
;5NPnu2uSQkHktAOlhT9aOQfTkHIB6uKyfrtc1aN27aFVIIeY+zPi8PFCJVLT2Bo5F9OQcyHq4FBITfv
;i5eYs8jWz5lnbQjKR4lI1QtPYGjkX05ByAMrgVniNGsKUNlxhtgM3+aoSwkGHERVSw9gaORfTkHIB6A
;BWfr3aI0U2XcFVA5d4WKIiQeS1A9SFHt/P4TZnNPbvF2EpnYrDlSf/cRVjlJiKcoK3sVI1UtPYGjkX0
;5KCAermYIhdqkLl5jxh1TCHmHsBI5E3FPOXJS7/zlEklYU2vcYwaI274FWmXGI0g+cp29TUt7FCNVLT
;2Bo5FSOQcgfcFrA4LKpDVZbcQjSzhmtqY4OB11QDByVO/F+BFVWFB/2nECmdCSN15i9x1NMnfp1E1Ke
;xQjVS09gZORfTlkT3DKbBOC0aM7W1PcE08IZZynKysYcXw8Q1voz/0iSWZUast3CbTTpDRoe8EYSz8W
;6NVNSnsUI1UtPZSjkX1aaE9yx2sAtN2iP1FqwR9WMnidiixKejlgScbft/mufSwHIB7NagiH16M9aG/
;HGVkxf4q8KCQPS0FVLPBNb12x9fOfHrsFZ+vdojVbZcYbYDR5jLMrIxh9RjtZYuKjkH05ByAebncn66
;3NWjdvxxNTCHuAuxImGm1GJ3JJ6M70fTgHIB6uBWfP/s1LNwyoH1A4era4JCQkckYwSU/g1/R9OAcgH
;q4FZ8/+zUw3DKgYWjlljIo+PwtkTCdZYufP/gpLZlR7rgRn677NWjdV6HwiVxbpsSgkCHF8JlhN8czj
;CWZuTnjHaQu00bguW2XGGUxXF+nVTUp7FCNVLSqBo5EOTHdQcdxxOI/boylSU84VUztJm7Q5L3sVI1U
;tPYGjxT05GiAermEChc2oBUR52AxQJWK2vCMkHmZ8MFVN4M3iFFZpIB+uBWfrvs1aNwy7fD9XZZylPS
;UJYHwxSFPyxs4RWH5FbK4EZ+u+zVo3DKh8JFcW6bEoJAhxfCZYTfHM4wlma0Fny3cUtNyiLkNjxXw+V
;xbp1U1KexQjRi09gcf0E0pif23bdReEzLkFRHzNGVtXF+nVTUp7FGoVLSSBo5EZUGpFcN1sCIXhtSNo
;b8cRTzJ4mrQ5IxR6I1QtPYGjkX05ByAArgVnj9egP1l/wRNRCG6Qii4lFmRGO15c9cr+E2ZvT3LLBWb
;rvs1aNwyofD9OFunVKSYLS0I7WVTgz/gcSm5OefFiFYrHkjdWdKh9P1cW6dWtJTsUOlUtPeXP4SJYaV
;R3z2kOis2kNFBTzw5eLkmEvCNKehQjVS09gaORfS8HIB7KaRe036MuXm3EFV4kf4eyEiYeYkY5LTyBo
;5F9OQcAXq4SZ+u+qTZHU8kSSz53hbwsORJ6RApAWPXL/hk5BiAergVn607yWhAMqHxbO2a2tyw5HktP
;NFRY8/zwG01iUkHLfReEzbgoUlPfHVYjSZ28IC97FSNVLT2Bo5F9OS8gHq5hC5vhrztEafcQXi5zm4o
;vLx17UTByWPnT/g5MdUVB2WQOn+G5M1ppqH0/Vxbp1U1OOxQ/VS095c/hIltmU3vxaQaS278FVWPaGF
;olSYazKzkeYCNULT2Bo5F9OQcgOq4FZ4/SvQVVbdsZYDt3kLA/FRh7TSFCSPP89AVJaFNr3GA4n9egP
;zcNqHw/Vxbp/Q1KUBQjVUlR8fzzHEpif3LPfAKZ4agpQ2XFHUs+eYeKOSMWcXw2QlDxxv8OWHNJccAF
;Zuu+zVo3DKh8P3MW6dUpJgtLQTReWN7P8ARcdX94x2kLgtCqBVJ02BNMImSMijkjFnEjVC09gaORfck
;4IAeuBWeP0r0FVW3bGWA7d5CwPxULe1QwX2LszPUYOQYgHq4FZ+tO8loWDKh8WztmtrcsOR5LTzRUWP
;P84xxJbkRByncIm+G3BUR8zRlbVxfp1U1KexQDFS0ZgaORGVV3f3zPdgK00qwjUn73Dl4nf42KISMdY
;Hwvclno0OUcV2RFHq8FZ+u+zVolTKhdP1cWjbk9FRl1UDByUeDa9A9mdUFux2E4h9erLmh29w9PMnON
;1UxKexQjVS0dwaOyfTkHRHLeWgWKzagFW23RGU0IZYW6OhUfZkwlckfex/gOTWZOfcsFZuu+zVo3DKA
;8P3cW6dUpJgtLQTReWN7P8ARcdX9twmoQtNq/NUdT0iNMJ3OMsU1LexQjVS09oeORXjkHIHrCdTiJ37
;4/aGDJBVolSZq5Ij0keEozWWL7/PUUSnNBcM1gZ+q+zVo3DKh0f1c26dVNLhdkfDdMTuT8/RxAYlJB3
;WkInOGhM1F49wZgJGaMsClKehQjVS09gYPRfR0HIB7KaRe03KwpUlPEHUYyZLamODoLe1Ehclj50/4O
;THVFQdpsCo6+zFo3DKh8P39W6fBNSntwTyVyX+DQ9CJVZll73FoTg9euMVlp2w9gNHmEpSgkCHVXPEJ
;TgaKRfTkHIB6uBWfPvs1aU2DYI102ZYyKISsCcVEKWE3xxuMiSWhJcNpaEIrXuQVDZcUZP1YW6dVNSn
;v0HFUiPYGj9RFJWEJ/3WA4h9+0P0V/qH0/Vxbp1U1qOxQ8VS095c/hIlpvQXPMYBW01qg7Q3nYI0wjd
;4exLzMkYEo4SD2Ao5F9OQcgCu4FR+u+zT5bfPcfVzZ7i7A/FQtmSjtZVO/EzglcalB73GQTnsyoWjYM
;qHw/V5aolU1bexQjMUFN3sD+E01oVWzxcg6PyqVaNgyofD9XFuGVTUV7FCMxQU3ex+MEUGlHQdpsCo6
;+zFo3DKh8P0NW6cZNSntwTyVyWOXE9CJba1Vs8WkCnduhWjYMqHw/VxYZ6k1pexQjMUFN3sX4D1RwQW
;zLWgaI3ag2Un7JCFY4eLavEi4eckIgQUmBopF9OQcgHopFZ/C+zVpTYNgjWT5khKIsOB5LSTBfVt7Zz
;hlcYUFrwnFn6r7NWjcMqIwAVw7p1U0uF2R8M0RP7NTwD1xYU27LYAO0xJI3VnSofT9XFunVTV47FDhV
;LT3lz+EiUWJBavFmEpnXoz1oeM0RTzJkiKE4OB4UIlUtPYGjkTN5BzcergUDh86SM1ptzxlgI2SIuz4
;sHmZ8IURQ5KOQ037mWgoAECfrrc1aN2jEDGA+ZYW0Iy4kdVEwTGLsyv99OAcgHq4FZxOBzUE3DKgYUy
;dJhbQ0LwlLTjBfWuT88hFWdEVByGQEjs3NWzcMqHw/Vxbp1VZKexRHOV1i7JehTWZkT3PDZAmP4ak/W
;23RI0s+e4zVTHlIJxBmHu6+o7h9OQdEct5aCoLaqTZSU8QdRjJktrQrPh5mfDBVTe7Q5A9cWFd/x3E4
;n9egPzcNqHw/Vxbp1U1KURQjVUlR8fz8FF1jTHvxaQaS278FVWnOE00ySYytPSUIYVEwckrgyuUiTW5
;Ne64EZ+u+zVo3COh8IVcW6bEhOiR5SjFJUeT8/RxAYlJBzGoVj9u/BVhqzg9aIxbo1U1KexQjVS09p6
;ORfV1rUEHDbAOP0qgFW23RGU0IdYa7OSUOZnwwVU3u0OQPXFhUd8NgZ+q+zVo3DKhcf1c76dVNLhdkf
;DhEWeXP9CJVZll73FoCmMqkN1Z4wRNRCGKAuCgVGHtOJUhT8sLlFFZpIB+uBWfrvs1aNwyBfD9XcoWl
;EicScEc5SGLtwugYS1hFZt5qFJ7MqAVDZcUZYCNkiLs+Iw99TDstPIGjkX05ByAeriNn676pNkdTxRV
;bM3qMiiErAnFRCktU7c/4E15YRWbeahSezKgFQ2XFGT9WFunVTUp75BxVNj2Bo/URSVhNd8phC47hoT
;tOadojTzhhjKcSJxRwRlUsPYGjkX059x8ejQVn69qhKmhhwRhbO3O2uSwzHmZ8J0xN6MfOGUtoUEHUW
;hSb26g+Nw2ofD9XFun1DUpdFCNVSVHx/PwUXWNMe/FpBpLbvwVFbdgVWwh6gLM5FQFLRzxeSeDN8hg5
;BiAergVn676NWhQMqHxbO2a2uCQuH3hGCkFc+MbjIktmUHfKWguC2LkFTVPbDFoycunUTUp7FCNVDX2
;BhpF9OWNMbvFoDo/aoT9oYMkFWiVJmrkiPSRwUTpdYvv89RRKc0FwzWBn6r7NWjcMqHx/VzTp1U0uF2
;R8OERZ5c/0IlVmWXvcWhSH0boFU37HDGAtSZqlKC8fFCJVLT2Bo5FdeQcFHq4FA4fOkjdeaMwQWgh6i
;KwoOCRnTzpaYu3K9wlmfX96x3YTitCuPzcNqHw/Vxbp1Q1KWRQjVUlR8fz8FF1jTHvxaQaS278FRGDH
;C2A7f4+hEjAkZ1MwSFmBopF9OQcgHo5FZ82+zVpTYNgjUj5yjbkoFRd1WjBfYvLW4Q1WdVRBy30XhM2
;4KFJT3BVSMhbo1U1KexQjdW09p6ORfV1rUEHDbAOP0qgFW23RGU0IY5mlKDgkZEw8Q0ne1PAUTVhUd8
;NgZ+q+zVo3DKh8P1cH6dVNLhdkfDhEWeXP9CJVZll73HZn6r7NWjcMqFx/Vz/p1U0uF2R8O0JP7ML9I
;lVmWXvcWgaNyqgoaGnQDFAkY5uwEj0afVcKWVTsxpF8OQcgHq4FZ+u+51o3DMwQTwh4hqcgKxdLTzRU
;WPP88xhfaFJ78WAfm9G+L0Vp9wtePmK2oSQnHhQiVS09gaORfXkHPh6uBQOHzpI0WH7FHVMIeoisKDg
;kdkwnSVjz/P4bX3RFaq4EZ+u+zVo3DKh8GVcW6bEhOiR6TCdAXO38/RxAYlJBzWoJn9G4KGhp0AxQJG
;ObsBI+EnlGVSw9gaORfTkXYB6DBWfr2qEqaGLHDlI2era5LDMeZnwwXknozvAJUGhOQdpsCo7hrjVaf
;M0STDZigLojSnoUI1UtPYGjkX0fByAeymkXtNCiKFptxCNTNm+MpxIsEnhPPENa3sbpDVZ0VWzLWhOC
;06haNgyofD9XFvmVTVF7FCMxQU3ezf4PVGZMQcJkHo7MkipYe80OYDp5jbBNS3sUI1UtPXGckV45ByB
;6wnU4hdG/N1Zg9xBeLnObij8rC31HCklP7tPOB2Z0UHvLYWfqvs1aNwyoVH9XMOnVTS4XZHw7Qk/swv
;0iVWZZe9xaFYrOpD5oYMEaSwhstrEkOQ91TTZIPYCjkX05ByAe7gVE677NPlt89xJQJXuIuRImGm1GJ
;3JP4NP4GWZrSXjaWh20zb0/UmiofT9XFunVTWI7FAZVLT3lz+EiV2hSc89pOIfftD9FU9sQUCBJjaci
;OiRufDFETvXC/x5cByEergVn6749ZTcuqHw/M3qZiiMlCXlCOXJR4Nr0D2Z0THHZWgOZ0b0FTVPbDFo
;ycunUTUp7FCNVBX2BhpF9OWNMbvFrCJnTrDZoYMkFWiVJmrkiPSR4SjNZYvv89RRKc0FwzWBn6r7NWj
;cMqIwAVzTp1U0uF2R8O0JP7ML9IlVmWXvcWhSH0boFW2XOCGAtSZqlKC8fFCJVLT2Bo5FpeQcGHq4FA
;4fOkjRYfsUdUwh6iKwoOCRnViVdUvPXzhhBd09t23cCtMqkN1IMqXw/Vxbp1VcKezIjVS1Z7dPOE1Z1
;TX/CWguKx6goaHnYDFolSZm6JCQPS1Q0REne1/gQXAchHq4FZ+u+zVo3Eqh8PzN6mYo/LxZ7VTByX/T
;B8xFcWFd/x3EOhdmSLl5hzXw+ZCXa5n55qCsjWC09gcf9DWZ0Q3/CbAmM4bVaNgyofD9XFrCVTUd7FC
;MxQU3e0PIcVW5OefF8Z+q+zVo3DKglf1cF6dVNLhdkfCZBVOLGzglWa0Vsz2sEjr7MWjcMqHw/Vxbp5
;01Ke3BPJXJO9NH3HFpif23HYQK0yqgiQ3naGWAzf5q0LyYeS0w7clL3xuMVWGlHQc9rAIfbzVs3DKh8
;P9dXqdVuSnsURzldYvLW4xtYZEVB3WwDjuG5P0943Q5aCGSMpiImDmBKOkM9gDkI5KCeuaeRBUXrvs0
;+W3z3D0olcIi2KBUIfUcwcknk2+UIS2J/ZtdaCI3Yvj9DDKl8P1cW6dWtdXsDI1UtWe3TzglcalB73G
;QTnsyoBVRkyRFdMmTp1E1KexQj1Wx9gbORfTljTG7xcgaY1qQ0UFPFE1syFujVTUp7FCOlEj2Oo5F9X
;H9UbNthApnhrDdYecYIP1YW6dVNSnvkHFU6PYGj9AVNdVV6y3c4jsauMlZizxlgI3+EsHxKehQjVS09
;gaORfS4HIB7LfROZy6k/RVPNBFw/d4eyKBUPfU4wHz2Ao5F9OQcgHq4Fdeu+zT9PeNoJWzJktrorLAh
;xVwpVDIGikX05ByAel0Vn+b7NWlJ03A5KM3ObiiIsHWdGIXJFs6OQfTkHIB6uBWfrrM1aN2nQCE0ico
;ynEiUdclAwWWL5kJF8OQcgHq4FZ+u+31o3DM0ESyVjjbA/FRRyRSZISd7aoH04ByAergVn677NSDcMq
;BlHI2ScsSg4JHtFM15Y9fzoTzkGIB6uBWfrvs1aJQyofFovYpugKS8JS0wzS07k184ECgchHq4FZ+u+
;zVo3P6h8PzJunac4Lh5mfCZaVPXA+SJaaE9yx2sAtNaoO0N52CNeM2CIuy4vJGBGOF1Y88LlCEtiER6
;vBWfrvs1aXkyoTz9XFoytOTgOcEYnck72yuUeUVhDccFpDoXZkjJSbdwJTwh3jaMsJBhxfCFIUPHG4x
;xNclJ7nAVm677NWjcMwTw/fBbp1SgyD2ZWMUhP3tDmFE1kSEHNagiH16M9aGTNHUsiZra0KTwaekAwc
;knozvR9OAcgHq4FZ6/+zUQ3DKgZRyNknLEoOCRnVDxZXun88hJWa0lwyVoXisymBU8MqXw/Vxbp1XMK
;ewojVS1Y+dfjCF1iUkHdcg6f3aUFVGPHEFY5cbalLDgQS1pVLD2Bo5F9mVlgHooFZ+vbtS5FecwZTQh
;lnrw5KRNLQDpCUejN9iJNYk1uy3cGn8u/PwYMqXw/VxbpVSsKezAjVS1Y+dfjCF1iUkHdcg6f3aUFVG
;PHEFY5cbahKCcLcVE0WUjzxqN9OAcgHq4F543+zUM3DKgOWiRiiKc5FR5sVydMYuXW8BFmZk1x22sT6
;7/NWjcMqHw/VxbM1U1KHmxXJ1hZ5NHODk5uVH3GWhWOzbk7RXj3GUcjZIiKLCcUYU0hHz2Ao5F9OQcg
;Hq4Fdeu+zShSf9wdTSNJjaAsJiRnUzBIWYGikX05ByAemkVn9b7NWlJ03A5KM3Obij49EmBAPXJP5ND
;lHEtzf23eYAKPjM1bNwyofD9XIqnVW0p7FFEwWU/gwOUUVml/ettkC7TfoDVCYtx8PlcW6dVNSl9UI3
;ctPYHG6QlLckR73FoUnNe5OV9T2hlLJXeKoSQlFUtCOEJI79ejfTgHIB6uBWfP/s1PNwyoDlojZIi2O
;SMUenwxWFzt/OINXGJEHq8FZ+u+zVoDTKhdP1cWjK05OA5wRidyTvbK5R5RWFJ72ncGiMqkNVlT2wxa
;MnLb1UxKexQjVS0JwaOCfTkHRWbadxKP278FQGXYGWAjf4SwfEp6FCNVLT2Bo5F9KgcgHst9E5nLqT9
;FU98VTzJJnbwgL0kUIlUtPYGjkX05By8ergUCk8q/L0RlxxJgIH+NoSVKeo66zLSkGHqufSgHIB7LfR
;OZy74zWGL3C1YzYoGKf0p6jrrMtKQYeq59KgcgHshkCbTcoTNHU9gdSiRztrg+LxgUIlUtPYGj0QJ5B
;zIergUBitCSOFtl2CNLP2SMpiUlF3AjVC09gaORfQdHIBeuBWeN36MFRHzNGVtXF+nVTUp7FHoVLTCB
;o5EbWGl/bd5gAo/hoDtPDKl8P1cW6dUZCnsFI1UtW+jP8BBcaVRBymwGhtu5P0UMqXw/Vxbp1bF1ewY
;jVS1b6M/wEFxpVEHKbAaG27k/RT6ofT9XFunVTbZEFDFVLT3nyv0cVGJOavFhDorTqC5Sfpt8PlcW6d
;VNSnsUI0ctPYHF+BFYakVw2loDgt+gP0Np2kg/Vhbp1U1KexQjVSA9gaP3FFVmTXvAcTiN0qItNw2of
;D9XFumMDUp1FCNVS1TtwvwYV3N/eMJqENq+zFo3DKh8/wBW6dtNSntySjlMUOTN5SJfa09pnAVm677N
;WjeM/jw/Whbp1SsjF3VOMENJ3tfoDVwHIR6uBWfrvs0aNwKofD8xf4W0IC8VYHwhVE3kkZF8OQcgHq4
;FZ6u+7Vo3DM4VUyNzm4oiPw9LUDhMUe384RxLc39tx38CtMysLl5jqH0/Vxbp1U0TOxQGVS0958rjDk
;1YTH/XYBW02qQ3UmLbFVA5SZGsEikUeVMwQ07g1/gSVwchHq4FZ+u+zVo3Jqh8PzF/m6Y5FRd1WjBfY
;uXK/BhXdElxwFofkuGuNVp8zRJMNmKAuiMVE3tPMC08gaORfTkHIB6uJGfrvqszRX/cI1M2b4ynEi8D
;YFEgXlTuzc4KUGNUdvF3Bp/Xolo2DKh8P1cWsJVNUnsUIzNET/LX/RxAYlJByGwLitOoNENTzhBQIBb
;o1U1KexQjDG09kaORfVtoVGrBaDif1qQ5XGLND0xXF+nVTUp7FPNqLS+Bo5EbUHVTavFpBpLbvwVEZM
;0QUyQW6NVNSnsUI0FtPa+jkX1fblJt2loLiseoKGh/xxBWM0mAuysjF3h8MFVJ89biFFZpf2nHYROD4
;b87Q2XHfD5XFunVTUoiVCN0LT2BxfgPSnN/cs98ApnhvjVbZcwjVjlwgLkhFR14TCJfXPXGkXw5ByAe
;rgU+q77TWjcMzhVNJGK2uSwzHmZ8JkJR6MfOFFdhSXLCWhSb26g+Nw2ofD9XFumRDUppFCNVT1L11/4
;QZmtBZ8t3OJjOqD9TDKl8P1cW6dUJCnsHI1UtWuDTzhtQa0xBw2wJtNKoNFB4wHw+Vxbp1U1KexQjeS
;09gcTwDWZhSXLCWhSC0Ko2UlPNBEslY5q8IiQkd0w4XVjv0PAJUGhOQdxkE4LRzVs3DKh8P9dGqdVuS
;nsURDRdYufK/RFmdElwyWkCtNu1LkV52xVQOUmbtDkjFEtONFU9gKORfTkHIHfuBUTrvs09Vnz3GlY7
;eramJCQceEYKSEX10eQOUGhOQdxkE4LRkjdeYqh9P1cW6dXNCjsUPFUtPebC4SJfbkxy8XYOhdmhP2h
;p0AhNImWAuiMVCGRGMEk9gKORfTkHICfuBWnrvs09Vnz3GlY7eramPS8ecCNULT2Bo5F9d0cgDq4FZ4
;zdoj5SU9wFTzJJgLspLwMUIlUtPYGjkX05By8ergUAh9GvO1tTxxpZJHOdijVKehQjVS09gaORfTYHI
;B7JaQiJ36EFWGrOD1ojSZDVTEp7FCNVLT2Bo559OQdHcsFnBofhojxRf80IYC0W6NVNSnsUI1UtPZSj
;kX1RYkFqx2sAtN2iP1FqwR9WMnidiixKeu5dP5FJEssufSwHIB7GYAaf16M9aG/HGVkxf4q8KCQPS0F
;VLD2Bo5F9OQdgHrsFZ+vWqDtDZcYbYDR5jLMrIxh9RjtZYuKjkH05ByAerksn66LNWjdkzR1LPniOij
;kjFnF8MF5J6M7wCVBoTkHafBeOvsxaNwyofD9XFunATUp7fEY0WUjx/PYeVmNFQd1gFp7bozlSDKl8P
;1cW6dVNSns0I1UtVO/F+BFVWEF6z3UTgsioBV5izhVTO0mbtDkjFEtONFU9gKORfTkHICDuBUfrvs0z
;WWrBEFMId420PT4SYkYKRFPnyv0RZnVBasdqOIbXo1o2DKh8P1cW/ZVNVXsUIzxDW+jP/SJYY0Fu2mw
;RjuGkNFlp2iNaL2aIuz4jFHojVLekGDoI5NA4IAiuBWeC0KszW2D3HVs2Zp28Oy8keEIsSE/yo5B9OQ
;cgHq4RJ+ukzVo3ZcYaVjt6trQpKwtgSiNIYvPG9Qhac0lxwHZn6r7NWjcMqHx/Vw/p1U0jFXJKOUFi4
;MfwDU1uVnvxcg6PyqUFWmXGfD5XFunVTUpzVCNOLT2Byv8bUGtMQc9rBIPRvwVbacYbSz9Jj7QuPhRm
;I1QtPYGjkX05ByARrgVngtCrM1tg9x1NMne2uCQkexUjVS09gaORfTkbIB6ubAmN16E2aH/YHU0kc7a
;2IicZfU0wclHg2vQPSgchHq4FZ+u+PWU3EKh8Pz54j7whJiRxWyFfSPLK/hNmcEl62m04md+5M1gMqX
;w/VxbpVRsKewAjVS1U78X4EVVYRnfCZAqO0LkFUWDHCz9WFunVTUo7QWNVIj2Bo/gTX25McvFqAY3Nq
;C5odKh9P1cW6dVNSnsULFUtPejN9xRVa39xyGMUjsqSIzcNqHw/Vxbp1U1KdxQjVUtU7c/OEk9iUnLP
;dWfqvs1aNwyoaH9XGunVTSwSeE8KSVjv0PgJQAchHq4FZ+u+2Ro3Aah8Pz54j7whJiRnSzBBUfKjkH0
;5ByAergVn67LNWjdlxhpWO3q2pj0vHnAjVC09gaORfXdHIA6uBWeC0KszW2D3C1YzYoGKICMVFCJVLT
;2Bo5F9OQcEHq4FDoXQqChobtoVWzB/h7ISLwNgUSBeVO7NzgpQY1R28XcGn9eiWjYMqHw/VxawlU1de
;xQjPENT5NHOH0tuRHnHawC02KE1QH7JCFpXF+nVTUp7FHoVLSmBo5EUV2lFbPFnFYLaqjNZa/cPTzJz
;jdVMSnsUI1Utc8GjsH05B0lw3WATtNejNFJ+9xlHI2ScpiQlFUtUPElJ6fzjHE1uTx6vBWfrvs1abky
;oaD9XFoC7Pi8PS0o7Q1jz/PcRVnBSf9pgZ+q+zVo3DOgpf1ca6dVNIxVnRiFVYvLT9BhdByEergVn67
;6JGjctqHw/PniasDkVFGFXMF9i5NvlD0x0SXHAWhCC2rkyaH7JCFY4FujVTUp7FCMMbT2Vo5F9UGlTe
;9paCJ7KqChoasQTSCV3nbBNS3sUI1Ut/dbjkXE5ByB3wHYCn46SKUdpzRg/Vhbp1U1Ke1BjVTM9gaP4
;E01iUnLBZgyC0KoFVWPdEls2ZJCKKSMIYEI7TliBopF9OQcgHq5FZ/y+zVpeYtwZTTt5ir4kJBxLQDB
;BUd7C/xpVYiAfrgVn675NbHcMsHw/V3+HoSg4F3tAPkRT5vzyGFVrf3LPfAKZzc1bNwyofD9XFqnVWk
;p7FEo7WVjzz/4eUm5OefFmAofSki1eaNwUP1b3k8HjDZr+HFU/PYGj+BNNYlJywWYMgtCqBVNp2AhXV
;xfp1U1KexQjFS0wgaORFEtoTnfAYjiK0Ko2UgypfD9XFulVGwp7BCNVLVTzzP8UV2B/eMJqEJnfuT83
;Dah8P1cW6cENSnYUI1VET+7N+BNeWElw3WAT678sICOi7531aBb81U1KEmZMO0RT5vz9FFdif3rHdhO
;K0K4/Nw2ofD9XFunVTUp2FCNVRE/uzfgTXlhTbstgA+u/zVo3DKh8GxcW4tVNShFxUT5yX+7X5RJUBy
;EergVn677ZGjcfqHw/PXObvhIoFGBXOkBi8tbjG1hkRR6vBWfrvs1aI0yobD9XFoOwPyEkckonXknez
;/AEXHUgH64FZ+u+zU53DKN8P1d8jKcmFRJ6RTxBUYGikX05ByAeukVn+77NWl1p2hdgPniasDkVEnpN
;MF89gKORfTkHIAruBXfrvs0wUn7DI1Y5ZYyhEiUOYEYnLTyBo5F9OQc0Xq4PZ+u+pz9FZ/cMTT54ndV
;MSnsUI1UtKcGjnX05B0p73G44mMu9Klh+3Hw+Vxbp1U1Kb1QjXS09gcn0D1JYVHHeBWbrvs1aNwy8PD
;9HFunVJy8Jf3whQk3e0OQPX2ZDe64EZ+u+zVo3GOh8NFcW6b8oOBBLVydMS+TPkXw5ByAergVzq77GW
;jcM2A5WOWK2pj0vHnAjVC09gaORfX1HIBKuBWeH37Q/RVPAGVYwfp3VTEp7FCNVLe2+o7d9OQdMf9dg
;FbTWqDNQZNwjXjN3maEkPB5LTjRVYunG+BpRc39sz3EOhL7MWjcMqHw/GVbp801Ke3hCLEhP3sv0FF5
;vVEHPYQabyqQsUlPFFVEIfoy8KiIPS1E0WVTuo5B9OQcgHq48J+udzVo3YMkFWiVJgbAkLRNgfDRJXP
;HX+AtcWFN/w3ULgtCqBUR4zQw/Vm39ewqrAZAcVQY9gaP9HEBiUkHGYA6M1rkFVmjJDEs+YIyKPj4eZ
;EwjSE/ewf4JTWhNQdxkE4LRzVs3DKh8P1dfqdVlSnsUTzRUWPP8+RhQYEhq8WQDis65M0Fp9w9LMmaG
;oyg4JGBMJXJP4Nf4EjkGIB6uBWfr941aIAyofFM2b4ynEiceZkQwcl7tzOIYZmFBfct2Z+okVMOulTH
;FAFcO6dVNJhptRidyTuTE/BhXc39yy2sAn9aSN15iqH2lzo9wTNTzRBQoVS099sL9EWZ0SHvCaRTrv8
;1aNwyofC8XFv3VTUoXdVowX2Lyy/QRVXR/cdhgFYffvVo2DKh8P1cWoJVNZ3sUIzlMROTRzg5NZlJq8
;XUIgtC5BURvyQ5ZCHyGvCM+JHVNMkFY3tf5D1x0SHHCYWfqvs1aNwzIH39XMunVTSYabUYnck71wuMJ
;ZndPd8BxOJjdrChRU8ITVjlitrkoJBxgS1UsPYGjkX05M2AehwVn69KsI1J+9w9LNmSdij0lEnpXCl5
;e4NH3IlNoSXDaWhSb26g+aH7JCFY4FujVTUp7FCMMbT2xo5F9VWZZe9xaFJ/fvy5ofMcVUSNJmrYsOB
;1LSTpEU/X84glYdVRBxmAOjNa5BUVt3BVQVxfp1U1KexQjVS0egaOREVh+RWzxdhOKzLkFR2PBEksIZ
;Yq0Pywkfkw8Q0ne0OUYSXQgH64FZ+u+zX53DL18P1d6iKwoOCRnVzRfSfHM+BNNWFRn3mBn6r7NWjcM
;qHR/VwXp1U0sEmxGMXJR4Nr0D2Z0VH/ccTiTvsxaNwyofD9XFunGTUp7ckotSFnez/AEXHV/bdpkFZ/
;htFo2DKh8P1cW6dVNVXsUIzhMSd7A/hNfNn94x2kGhtujLmhvxxFPMniatDkjFHojVC09gaORfWBHIA
;SuBWeG37kFVGPGGg4IcIC5LCceelcKSVjv0PgJQAchHq4FZ+veXho3F6h8Pzp3nYouJRVyEgpLVO3C/
;BhXc396x2QKjsqoKDcNqHw/VxbpKXJKYBQjVUBc9fzyEldhEUHIbAuK06g0Q1PYDlY0c7a2I0p6FCNV
;LT1hy9F9IgcgHsNkE7TdojRRPfcaVjt3hLAjPiRkUTxOWN7J4X04ByAergXvWP7NRjcMqBFeI0mKuiM
;sSktFPEFc7Mb/CWZ3UnfNYDiA0b9aNgyofD9XVjaVTVF7FCM4TEnewP4TXzZ/eMdpBobboy5ofNoVXD
;JJnKZNS3sUI/VdwLnjkVE5ByBzz3E4iNGjPAZTzhVTNnuMuzkVCHFXIURT5tDOG1BrQXPLaxO02qg0R
;GXcBT9WFunVTUobh2NVAD2Bo/wcTVhDccBjVrTYpDZWYc0SSwhljKE5IxVzUApLVO3C/BhXc396x2QK
;jsqoKDcNqHw/VxbpKXJKVhQjVUBc9fzyEldhEUHIbAuK06g0Q1PbGUsjf4eyPhUdfU80QFjv184bVWh
;XbM9xAuu/zVo3DKh8ZhcWw9VNShZ1VwpOUu/FoCJfbkx/w2AJn+G+P0N4wRJYJEmPvCErFnFNIXJN88
;ryGDkGIB6upRcWho1aGQyofFI2Yra2IiQdJXwzRFHgzvQTTVhTe9pxDoXZvgVRZcQdUjJ4nYo7Lwl9R
;SxyVOWjkH05ByCePsYn66LNWjdhyQhgNHmHs3wVHX1PNEBY79fOC1x1SXjXWg6PvsxaNwyo/K+UVunK
;TUp7eUIhcl7uzfdPZmFJcs9oAoXKkjlYYdgZUSR3nbwiJHsVI1UtPYGjyD05HSAermgGn+GuNVlqmiN
;ZPnqIuCgkD0tHMENO6NfofTgHIB6uBQd4/s1BNwyoEV4jSYq6IyxJS0U8QVzsxv8JZmNJf8NgE47MzV
;s3DKh8P1fq1tVWSnsUTjRZYuLM/xsLWEZ3wmQKjtC5BUd+wR9aCHWH1UxKexQjVc1VwaOKfTkHTX/aW
;gSE0KtoaGrBEF46c4ehEjoJfUAwclfxo5B9OQcgHia2J+uizVo3YckIYDR5h7N/FR19TzRAWO/Xzg1L
;bkN78W4Imb7MWjcMqHx/iFbpzk1Ke3lCIXJe7s33T2ZhSXLPaAKFypIqRWXLGWAiZenUTUp7tFOoFX2
;Bj5F9OWpBavFmCIXY/wVRZcQdUjJ4nYo+Lw9gSjtKTt7F+BFYakVw2loDjtC+M0N1qH0/Vxbp1S3ZOx
;QOVS097MLlIlpoTnicWgGC0qw3UmLcI0wyYp28Iy0IS0U8QVzsxv8JZmNJf8NgE47MzVs3DKh8P1fq1
;tVgSnsUTjRZYuLM/xsLWEZ3wmQKjtC5BURp3AhWOXGaiisjF3VOMENJ3sX9Ek51QWrLBWbrvs1aNwzx
;PD99FunVICsPS0A6Q1uz/PcUVWZNe8BxOJjbuS5eYs8PYDF/hbQgLxVgfCVfVOLGkXw5ByC+3vhfq77
;jWjcMxR1LCHWGuyt4JHJKOUxQ5M3lIkpiVGrHawCY4aszW23FGVEjSZ+wPyMdbXw8ST2Ao5F9OYew3e
;4Fe+u+zTdWePcfUDlw24orIxd1TjBDSd7V9A9QYVlBx2Fn6r7NWjeMOL9/VwHp1U0nGmBGJ0Rc7fziH
;lhrRUHIZASf0b8FTwypduj0ZtT/FAp7AyNVLVDg1/QPUGZMQd1mBofbkjxWb9wTTQhv6dR+eUgnEHZ0
;fYG0kX05akFqy3cOitKSKVRtxBlgMXeKoSI4JG4jVC09gaORfWBHIAuuBWeG37UFQWPECVIyYpu8LhU
;IZEYwSQyBopF9OQcgHq4FZ/6+zVpabdAjSTh6nLgoPgl9QApeTeTG9U85BiAergVn677NWioMqHxSOH
;KMuRI6CXFAPF5Y3tnOFVxuR3baWguKx6goRAypfD9XFunVWQp7HyNVLVPu2esRXFhTd9RgZ+q+zVqXl
;TGlAFcY6dVNPRp4TwpZVejA+hNcdFMer5/+cidUw94zqG4/VxaaoD06FGZXCldi5criCVhpQ3uuBFTY
;jf5pBM+XfCpXFum6Oy8JfEI7SmLyy/QRVXR/f8BiC46+zFo3DKh8P2lW6cxNSnt7VTBfVeDN9iJKb0V
;ywnY4jd+jBUR8zRlbVxfp1U1KexR6FS0lgaOREk9iUnbPawC0zaU/W2DbI1k7eZ6nLD4eFCJVLT2Bo5
;EkeQc1Hq4FCJ3bvzJWYs8jTD9zhbk+FQhkRjBJPYCjkX05ByBX7gV2677NKkVp2w9KJXO2tCk8GnpAM
;Bw9gDkI5KCeubeRBXbrvs0qRWnbD0olc7a0KTwaekAwHz2Ao5F9OQcgHq4Ff+u+zSpFadsPSiVztrQp
;PBp6QDByVO/F+BFVNiAfrgVn677NWjcMsHw/V2absD45DmZGCkxZ98L/HlxYSXDIbAuHjM1bNwyofD9
;XFunVUEp7FFMnSE7y1uMYZmZEaM9rBI7hpDREadwjVjl4jKd8SnoUI1UtPYGjkX0kByAe3ncCmM24KF
;JTyRhJNniKsBIjFWdGIXJU7830DwsHIR6uBWfrvs1aNxGofD8nZIymPj8JcXw0SUvgzfIYZm5ObctxO
;ITLuT9FPah9P1cW6dVNSnsUPlUtPfHR9A5KclJ78WQDnd+jOVJTwRJMMmK2ujg+HmYRVSw9gaORfTkH
;IB6zBWfrzr8/RH/dDloId42jLCQYcXwhQk3e0OQPX2ZDe58FZuu+zVo3DKh8P0oW6dU9OB5nUCBfWN7
;C9QtYaUN78XEIm+G+L0VqyR9aZRbo1U1KexQjVS09raORfUl1SXDaYBW03aI0UVPNBEslY42wP3skd0
;8wTE/gzfIYZmVBfcVaCI3Yvj9DDKl8P1cW6dVNSns9I1UtTfPK/wlcdX99wWsBtNu1LkV5zBlNZkmKu
;SgrCXVNNkhi5NvlD0xjRWyuBGfrvs1aNwyofBJXFumlPyMVYEYncl7uzfciXH9UbNthApmPkjlbackO
;Xjl1jIorOBR6VwpCW+fQ9Ak5BiAergVn677NWhsMqHxPJX+HoSg4JHdMO0ti5NvlD0xjRWyfWgSH26w
;oVmLLGWA7c4+hEiUdclAwWT2Ao5F9OQcgHq4FSuu+zSpFZcYIWiVJirojLCRxWyFfSOXG40xmZEx7z3
;cGhd2oBUVlzxRLCHmPsz4vDxQiVS09gaORfTkHEB6uBReZ16MuUn73H1A5cLawNT4JYUcwXwzewOQOT
;WhNQd53DoXKrDhbafcOWjB/hrsSMnsVI1UtPYGjkX05MyAernUVgtC5P0VTyxNRMUmMrTk4DnBGJxxi
;4tbiCVZqf27cbAmf3682UlPaGVg+eYeKNTkSbkZVLD2Bo5F9uWxgHp4FZ+vOvzNZeM0OYDR5h7MSLwN
;gUSBJWPOSzh5MdFRxw1oXmdejLlZuxBlgJXOOvCIkJG0jVC09gaORfTkHICquBWebzKQ0Q2naI1w4eI
;+KKDIPZlYxSE+w/PIISnNPc/F1FYLQuTtVYM0jTTJxgLojFQJnSi9IPYCjkX05B6B17gVL677NKkVlx
;ghaJUmKuiMsJHFbIV9I5cbjT2ZkTHvPdwaF3agFVW3LF2A4cI+mKD57FSNVLT2Bo5F9OS4gHq51FYLQ
;uT9FU8sTUTFJjK05OA5wRicfYuLP9BxLZk59y1oCk8q/L1Np2nw+Vxbp1U1KiysjeC09gdPjFFdzRWz
;xZgiF2JI/T3jaCVsyZNuKLiYedVE0Q17k/PcPVmlUQcFjAZjbuVo2DKh8P1cW6dVNZnsUIyVfVO/X9A
;9mZE9wyFoCk8q/L1Np2k5gNHqMtD8rFXdGCkFY59fOEl9hU3vaBWbrvs1aNwyofD96FunVPTgSelcwX
;2LizP8bZmJYatxwA47M/wVUYM0dTTZ4irASOBJzSyFyUufF4hhNByEergVn677NWjc8qHw/J2SAuzkv
;CUtAOkNb3sbpCUtyRHvcNziIy74uWGH3DE0+eJ20LyYeS1EwSlTuzc4FOQYgHq4FZ+u+zVoDDKh8TyV
;/h6EoOCR3TDtLYuTb5Q9MY0VsnFoEns25NVpT2A5WOWKItyEvJGZGMkRS7/zpDlB9RR6vBWfrvs1aNw
;yoTD9XFpmnJCQPcVEKTlLvxc4YQXNSa8pgFdnhri9EeMcRYCdkgLs5Kxl4RgpfWObK/hNmfiAfrgVn6
;77NWjcMnHw/V2abvCM+HmZ8NkJT5/z0BU11VXrLd1W03bgpQ2PFI08lf4ehLCgXcXwnSFrozP8iQHRJ
;ZMsFZuu+zVo3DKh8P00W6dU9OBJ6VzBfYuLM/xtmYEFw2ncetNaoM1Bk3Hw+Vxbp1U1KexQjSC09gdP
;jFFdzRWzxZgiF2JI3Vm/AFVEySYu0OC4JdVcwLTyBo5F9OScsX64bZ+u+vSheYtwZTQh1hrsrFRZ1QD
;1EU+T88xhdWFN2z3UC67/NWjcMqHw/VxbI1U1KC2ZKO1lY8/zyEldhf3PPZg+C0KgFVWnMI0sye5mKI
;CsDFCJVLT2BoxEmeQcGHq4FF5nXoy5SfvcfUDlwtrgsKRN9TTByX+TP5SJeZk5q3Hw4itCqNlIMqXw/
;VxbpVQsKezcjVS1N88r/CVx1f33BawG006w5X2XGGWA0eYSlKCQIdVc8QlPe25F8OQcgHq4FPqu+7lo
;3DNgOVjlijKcSKRR6RQpAXOLL+BNcWENxw3UChc2sLl5jxiNGVxfp1U1KexR6FS0SgaORDUtuTmrLdz
;iI0aM8aGHJH1c+eIyKKSsPdXwzRFHk/OUVTGpCcM9sC7TWqDNQZNx8PlcW6dVNSv9UI3stPYHT4xRXc
;0Vs8WYIhdiSN1ZvwBVRMkmNtDkrJHJKOUhi9cvkEFtpQXfCWhCC2rkyNw2ofD9XFulRDUphFCNVXU/o
;zeUYS1hDccBjOIbfrjJeYs0jWz57tq1NS3sUI1Utfe7jkWc5ByBu3GwJn9u/BVRjxhpgOneKvSQkHkt
;HPEBi+KOQfTkHIB7uaifrpM1aN3zaFVEjc5uKLiUVcnw4TF7pyv8YZmNJc/F/Z+q+zVo3DOgTf1c/6d
;VNOgl9TSFIT97A/hNfWE1/zW0OhduSPl5/3B1RNHO2sz8lFktBOl9Z5NGRfDkHIB6uBWOrvuxaNwzYD
;lY5YoynEikUekUKQFziy/gTXFhFZtp3Eo/bvwVZecV8PlcW6dVNSosrI3ItPYHT4xRXc0Vs8WYIhdiS
;N1ZvwBVRMkmMrTk4DnBGJ3JS58XiGE1YWCyuBGfrvs1aNzXofBhXFumlPyMVYEYncl7uzfciVGZDdsd
;rArTbtS5FecwZTQh5j7M+Lw9LWmctPIGjkX05ByAerhpn6769KF5i3BlNCHWGuysVFnVAPURT5Pz3FF
;VmTXvAcTjavsxaNwyofD9XVunKTUp7ZFE8Q0nk0c4eVmlGQcNkBIPXoz9oasEQXjpzh6ESeHsVI1UtP
;YGjkT05NyAernUVgtC5P0VTyxNRMUmEtC4iEnpGCktU887mHEtif3/NZgKH2787Q2XHEmAySYS0NUp6
;FCNVLT0JYNF9CgcgHt53DoXKqChob8cSWQh7iLYlIxVxfDNET+zU8A9cWEF9zWALjsysLl5jxiNPJX+
;HoSQkHBQiVS09gaPR8nkHEh6uBReZ16MuUn73H1A5cLa4LCkTfU0wclvo0fwKWHVFQc9mBI7SqChWeM
;ETUQhkjKE/KxhgI1QtPYGjkQ2eRyAvrgVnm8ykNENp2iNcOHiPiiArGHxKO0hi58rjEE5mUnvxZASI2
;6E/RW3cFVA5SZ2nLDweeCNULT2Bo5E9tkcgLq4FZ5vMpDRDadojXDh4j4ogKxh8SjtIYufK4xBOZlJ7
;8WQEiNuhP0Vt3BVQOUmRiiArAxQiVS09gaMFvHkHEB6uBReZ16MuUn73H1A5cLa4LCkTfU0wclvo0fw
;KWHVFQc9mBI7SqChWeMETUQhvtrgsMnsVI1UtPYE3UD05NyAernUVgtC5P0VTyxNRMUmEtC4iEnpGCk
;tU887mHEtif3/NZgKH2787Q2XHEmAtSYS0NUp6FCNVLT2B+tF9FQcgHt53DoXKqChob8cSWQh7iLYlI
;xVxfDNET+zU8A9cWEZ7y2EVisqoBVJTxR1HVxfp1U1KexQaFS0RgaORDUtuTmrLdziI0aM8aGHJH1c+
;eIyKKyMJeVQ0X1jexfQYXXVBastaH7TTrCI3Dah8P1cWKacNSlcUI1VdT+jN5RhLWENxwGM4ht+uMl5
;izSNZPmSEoiw4HktFMEhZ88LlGGZ+f3PPfWfqvs1aNwxoDn9XOunVTToJfU0hSE/ewP4TX1hNf81tDo
;XbkjxefsULXiVztrMoLx9mQiFIYvv8/BxBByEergVn677ZGjcoqHw/J2SAuzkvCUtAOkNb3s7wHlFuT
;nvxYw6Z07o7RWn3FlolfbawTUt7FCNVLT2V45FZOQcgbtxsCZ/bvwVUY8YaYDp3ir0kJB5LRTxfUPbC
;4xhmbUVsxVof67/NWjcMqHwXFxbN1U1KC2ZKO1lY8/zyEldhf3PPZg+C0KgFUWXaEUg2ZIyKJy8Jf3w
;sLTyBo5F9OQcIXq4hZ+u+vSheYtwZTQh1hrsrFRZ1QD1EU+T89xRLald/3GA4gdu/MWh2qH2lzo9wTN
;STRBQCVS098dH4E01iUkHNagmN4aA7VGTBEloIcYq6KS8kdUAhRFLvo5B9OQcgHq4FZ+uVzVo3fNoVU
;SNzm4ouJRVyfDhMXunK/xhmYENxymA4n9a4N1ViyRVTCH6MvCoiDxQiVS09gaORFHkHCh6uBReZ16Mu
;Un73H1A5cLa4LCkTfU0wclrizPUYZnNIa8NnCYrXoQVAZcwIV1cX6dVNSnsUShUtEYGjkQ1Lbk5qy3c
;4iNGjPGhhyR9XPniMiiErCGB8IF1R7sL1IkpiUmjLdzifx70/Nw2ofD9XFunVTUpfFCNVXU/ozeUYS1
;hDccBjOIbfrjJeYs0jUThsk7koFR99QjhISeTRkXw5ByC+N5y+1L7rWjcM2A5WOWKMpxIpFHpFCkBc4
;sv4E1xYTnHUfwuO4akzVmHNCFolSdvVTEp7FIPMtOS+o7d9OQdQbMdrE47MkjlYYs4jUjZ1gbwjLyR6
;TC9XUeT85RhUd39zz3042r7MWjcMqHxfJFbp801Ke2RRPENJ5NHOHlZpRkHDZASD16M/aGLHBkU7c7a
;hKCcLS040VWKzo5B9OQcgHs52J+uhzVo3fNoVUSNzm4ouJRVyfDhMXunK/xhmd1J3wHE4htGpPzcNqH
;w/Vxbp1U1KVRQjVV1P6M3lGEtYQ3HAYziG364yXmLNI08leYSlORUOZ0YKX1zn184JUXVFbcZqC4++z
;Fo3DKh8/zVW6c9NSntkUTxDSeTRzh5WaUZBw2QEg9ejP2h/3BlPMhbo1U1KexQjVS09rqORfUl1SXDa
;YBW03aI0UVPFHVw/f4ewEjwSZlcgTFHexukJS3JEe9xaCI3Yvj9DU9BOP1YW6dVNSnstY1UCPYGj4Q9
;QaVR73FoEhNCrBVptyxRWOXO2oyQ4D2FCOXJY+dfjCF1iUkHBYwGY27kFTj6ofT9XFunVTUp7FChVLT
;3zwvcJZmZJbMlkF+u//mkEP5tP/GgW+tVNSgl1RSFyX+DQ9CJVbk572WwDn9bNW62VMeWmzv/W1VJKe
;xRRNEtJ3sHwDlxYRWbadxKY16I0aHvBGEs/SZu0OSMUFCJVLT2Bo5EUeQc2Hq4FFYrYuQVVbdsZYD54
;j7whJiR1TTJBWIGikX05ByAergVn/b7NWkVtzghgNXeasBIjFXJKOUFi88LlFFYHIR6uBWfrPo0aNx+
;ofD8ld4+hEigaZ0YKWVXowPoTXHRTHq8FZ+u+zVrXM6hsP1cWm7QrPiR2QiZIYu3C6BhLdCAfrgVn67
;7NWncMuXw/V2SIszkVF31NMHJO8cLyFFdgIB+uBWfrvs1SdwynfD9XZIizORUZdVAwck7xxvQZOQYgH
;q4FZ+uejVovDKh8TTZwnYokJA9xUTNMXuT8/RRXYld3ynEP67/+aQQ/m0/caBbN1U1KCXVFIXJU79f0
;D19mQ3vxYB+fzLgpXmPGI0g+cp29EjgaYEo6LTyBo5F9OcdCXq4eZ+u+vztRePcVUSNzm7MsKR5LSjt
;LVO3PzhxXYEx7rgRn677NWrda6HwkVxbppywsD0tKO1lY88XwHlxYSXDIbAuH4b87Q2XHfD5XFunVTU
;oyVCNNLT2B0fAbTVhJcNpgFY3frj9oeMAVXDx4jKY+SnpGm0uo1tB7rn0sByAe3GQBn+GkNENp2hpeN
;HO2uSwzHmZQVSw9gaORfTn3Hx64BWfrzKw8Q1PBEksyZI+0Li8kZ1M0TlTvxJF8OQcgHq4Fl9S+2Vo3
;DNodWSNJgLs5LwlyQjZIYvLT9BhdByEergVn677zGjcHqHw/JXePoRInGmZEPEM9gKORfTkHIAruBXH
;rvs0oVmrcI0wiZI+0Li8keEo7SErox+UVOQa6hzec/nJn8loVDKh8TTZwnYo+PwlyQjZIYuTb5Q9MdE
;lxwFoQgtq5Mmh+yQhWOBbo1U1KexQjDG09lKORfUtmRmrxdhKZ2Kw5UlPOEFAgZIihKEp6FCNVLT0hx
;tF9IAcgHtxkAZ/hvi9FaskfWgh/h7MkJhdLQjtKUeSjkH05ByAerjsn66jNWjd+yRpLCGWcpysrGHF8
;M0RR7fzjHE1iIB+uBWfrvo0Pdwy+fD9XZIizORUIYVEzTF7k/OUVUGRLcMt2FOu/5Aa4zl1U82gW+tV
;NSgl1RSFyTvTR9xxaYn9yz3wCmc3NWzcMqHw/Vxap1VlKexRRNEtJ3tDkD19mQ3vxdheK3aQ0UAypdu
;j0ZtTfmnV7BiNVLU/gxeUiSnJSeM9mArTNvT9SaKh9P1cW6dVNBDsUN1UtPfPC9wlmc1J/2GALtMa0B
;UR8zRlbVxfp1U1Ke1RzFS0pgaORD1x0VH/ccTiOxrkoVlPJEVAieJ3VTEp7FCNVLT2Bo4d9OQdSe91x
;BpnKkj9PeNodYDZ7hqAjPiQmI1QtPYGjkX05ByATrgVnmdu+LlZ+3CNMJ3OMsU1LexQjVS09uOORcjk
;HIGzLdhOKzLkFRHzNGVsIJOnUTUp7FCNVFH2BspF9OXVFatxkBJ/XojRobcUTSjli6dRNSnsUI1XdAo
;GwkX05dUVq3GQEn9eiNGhtxRNKOWK2501LexQjVS09cZyRajkHIGzLcRWK3bkzWGL3GEolf4eyEj0SZ
;EZnLTyBo5F9OQcgHq4iZ+u+vz9DfskfSz55h4ooJBp2TzByUvTX4hRdYn98wXEThNOSNlZ1zQ5MVxfp
;1U1KexTTai0ZgaORD1xzUn/NcQ6E0JI/WW3KEFoIeZyhPiMfcXwhQk3ez/AEXHVTHq8FZ+u+zVo3TKh
;gP1cWm7A5OBp3VzxCU97O+BNQakFy8WAfn8y4KV5jxnw+LAJHkqww7ysjSy09gdH0CUtmQ2rHagm006
;Q0XmHJEGAybp2nODkSe00KHz2A2IXTfuZaipEFcuu+zShSeNodXCN/hrsSJxJ6fCFfXPfG/X04ByAer
;gVnG4HNTTcMqA5aI2SItjkjFHp8OERT3tfjHE9iTEGcBWbrvs1aNwxYQz9HFunVPy8PZkI2WVTuzc4O
;SWJFeq4EZ+u+zVo3SOh8LVcW6acoPgl1QCFEUu/84g1cYkRBnAVm677NWjcM7Dw/WRbp1T8vD2ZCNll
;U7s3OFVZ3IB80nP5yJ1STCAy4fD9XZIyhPysYYEo6Q2LpzOEiCwchhDec/nInBGU3Fqh8PyVznacsKQ
;99TDtyR+nM4SJaaE56x3EOhND8WjYMqHw/Vxbp1U1QexQjJ0hJ88LyCVBoTkHUbQib4a41WWjBCFY4e
;NvVTEp7FCNVLT2Bo4J9OQdTe81qCY/hoTtOadojRQh6gLM5SnoUI1UtPYGjkX0rByAe3W0Ch9KSM1lq
;wRBTCHmbsSg4exUjVS09gaOZPTkLIB6udgyCzLkFW23RGU0kFujVTUp7FCOlEj2Ro5F9SmxJbNpaC47
;Qqi5fU8UVUVcX6dVNSnsUI1UtLYGjkQ5SblJq8WkOhduSOVh5xgg/Vhbp1U1KezpjVTk9gaPiFlB1VE
;HDbAmC06w2aGDNElgjfunUTUp7FCOVT32BqpF9OXRLd9xxOIzfvVo2d7zSeLZsbepNQXsUIyZGVPPXz
;g5JYkV6rgRn677NWjci6HwlVxbppiElDEtHOlpT3sX4D0pzf3jLcjiH37Q/RX+ofT9XFunVTUI7FD5V
;LT3yz+IiWG5SQcNqA47hqCJfbd0PSwhmm7A+OQ5mRlUsPYGjkX05M2AesgVn682hKWhtwQ5gOnmNsBI
;6F3FNIEBi8dH0DkpyUnuuBGfrvs1aNyjofBhXFummITkkdkwhWVLs/OIIS2FBfctaBITQuTVCfvcfUC
;V4jKcSLh54QiwtPIGjkX05B3leri5n676+NkRTyhNLI3mEij4/CXJCNkhi4sz/CVZyUkHLawO03aI3R
;2nGD14jf4a7TUt7FCNVLT2Bo5FZOQcgbcJ2OInRuS5YYfcPSiVwiLYoFRh7TSFCSPP89BNdWER7wmQe
;67/NWjcMqHw/VxbD1U1KCHhQCk9S9df+EGZ0VWzIZASO4a41WXjHCU0IeoimKDgke0Uzclnkz/AEOQY
;gHq4FZ+vnjVoeDKh8TDtltrciPg97TgpeSPPF8B5cWENxwHEInsySNlZ/zQ5gOHi2sSgmGm0jVC09ga
;ORfTkHIDiuBWeY0r4FVWPcCFA6SZqgPywad0YKTlLv1/4IS1hMf91gFbTOoi1Sfqh9P1cW6dVNAzsUC
;1UtPfLP4iJbaFRqwWg4mMu/PFZvzSNcOHidujg4JHhKO0hi5criCVhpQ3uuBP1yJ1TDrrWXfB9XFumm
;ITkkdkwhWVLs/OIIS2FBfctaBITQuTVCfvcQUDhmmtVMSnsUI1Utzb6jsH05B1Ny3VoFhMq5NVpT2wl
;NMXeKsBIpFHpXOlhP3sz3G0piVB6vfnNF+Swgg7OoVT9XFpq5PhUZe1chQlDe0OQPX2ZDe/FmCIXKoi
;9FU9sfXjl4gLsqFRh7VjtZPYCjkX05ByDukQVO677NKVt/9x5QI2KGuBI5DmZFNE5Y3sD+E01oVWzxd
;gSK0KMzWWv3D08yc43VTEp7FCNVYeDBo7x9OQdTct1aBYTKuTVaU9sJTTF3irASKRR6VzpYT97X/iJQ
;aUZ3wmk4j9e+LlZiyxk/Vm39ewqrAbAcVQs9gaPiEUpYQnHacQiG4b4vRWrJH1oIf4ezJCYXS0A6X1P
;k0c4ZXGtBZ64EZ+u+zVo3Veh8FVcW6aYhOSR2TCFZUuz84ghLYUF9y1oOhdikNltTzRJbCHWGuD0vFW
;dCIURS76OQfTkHIB6uBWfrnc1aN3/ED2A1eZ2hIickZ1YnS1zixs4UV2FJcsJaAoXakj5SYMkFP1YW6
;dVNSnsUI1UEPYGj4hFKWEJx2nEIhuG+L0VqyR9aCH+HsyQmF0tPNF5Y8/z+G19YRHvCZB7rv81aNwyo
;fGYXFsHVTUoIeFAKT1L11/4QZnRVbMhkBI7hpDRRZcQQYDt3mrA/FRR6fDFIUeDakXw5ByAergVn677
;oWjcM2xBMCHSGoTklFktQIF9b4MD0IlBpRnfCaTiH374/RVPYE0gyZOnUTUp7FCNVZH2BhJF9OXRMbf
;FnCJ/Kojdof90OWTZ1jIokJB19TzlyUejN9CJdblNqz2sEjr7MwK6VMeWm7inp9E1Ke2dPJnJf7tflE
;lRYU2vcYwaI25IzWWrBEFMIeZ+wPyYaZCNULT2Bo5F9OQcgNq4FZ5jSvgVVY9wIUDpJmqA/LBp3RgpE
;U+fK/RFmdEN/wGsOhdmSOVh5xgg/Vhbp1U1Ke+QcVR09gaPiEUpYQnHacQiG4b4vRWrJH1oIf4ezJCY
;XS1A2TFPvyv8aZmRPa8BxOInHkjZeYs18PlcW6dVNSosrI30tPYHQ/Q5mZU9q2moKtM24KFFtyxlgPn
;iPvCEmJGdANENT6M32Ikp3RXvKBWbrvs1aN0B1PD9OFunVPiYIS0E6WUnuzs4OTHVGf81gOIfftD9Ff
;6h9P1cW6dVNSnsUP1UtPfLP4iJbaFRqwWg4mMu/PFZvzSNLP2SMpiUlF3AjVJUjBEjAxYc4IDquBWeY
;0r4FVWPcCFA6SZqgPywad0YKWVLezf4PVGZMQcFzApnSrCo3Dah8P1cW6dVNSlIUI1VeUfL88xJNc09
;z8XYSmdisOVJT3BNgI3mZij4/CXJCNkhi7tX0D1VmUB6vBWfrvs1aNwyoZD9XFpq5PhUYe00hQkjz/P
;ISS2lFbPFhAofftFo2DKh8P1cWsJVNVnsUIyZBTt7A/hNNaFVs8WAJj+GuNVp8zRJMNmKAuiNKehQjV
;S09gaORfSwHIB7daRS03aI0Q2PdDmAyeI2KKS8XdVpVLD2Bo5F9OQcgHrUFZ+vNoSlob8cSSzhjm4oh
;KwhxUQpCW+f89RhVZlkerwVn677NWm5MqGY/VxaauT4VGHtNIUJI8/z9HEpiUkHBaziP26E7TgypfD9
;XFunVTUp7AyNVLU7t0M4eVmlUcdt3OIffvj9FU9gTSDJk6dRNSnsUI1VkfYG/kX05dExt8WYIhcqiL0
;VTxBlRMGKBijkiCXFQPUJR5aOQxSeCy08Wy1jrp81aN3/ED2A0eYehIj8JS088Q1jex/gOTWZOfcsFZ
;nEnVMOulRFDP0YW6dU+JghLQDpDSe7W4yJVaE9u3QVm677NWjcMWEM/RRbp1T4mCEtAOkNJ7tbjIlZh
;Rm3LcWfqxdn0cO3SyIBXDOnVTTkXZ3w2QlP1zOQPZnRDf8BrDoXZkjlYecYIP1YW6dVNSnvkHFU3PYG
;j4hFKWENxwHEInsySKVRtxhJWOXG2pj0vHnAjVC09gaORMeRHIACuBWeY0r4FVGPGCFAiZLahIhUSek
;U8QVHex/gOTWZOfcsFZpCqYx3WdgxDP3sW6dU+JghLQDpCUejN9iJafkx3wGECmeGhNUBp2iNXMneds
;D8VFnVbCkJI9dPkCTkGIB6uBWdr6I1aGwyofEw7Zba2IiUXfU0ycl74z/gTXWJSQdt1F47MkjJSbdwZ
;TQh7iK0SJQ5gUyBZPYCjkX05B6BI7gVB677NKVt/9x9QOHqAuyoVHWZMO1li6NHOFVxmVHvcWgqKxpI
;1QnjYCUtXF+nVTUp7lHUVLS+Bo5EOVXR/fcFqC4LQqgVfacEbVyMW6NVNSnsUI3FtPZmjkX1Ka1NBzW
;oIh9ejPWhgyQVaJUmBsCQtE2AjVC09gaORfek4IDmuBWeY0r4FVGPHEFY5cba5KCwPS0UwSFney/QcT
;WJSQcNkH7TRuC5Hedx8PlcW6dVNyi1UI3AtPYHQ/Q5mZE9xwmwJjOGhP1F49xVNCH6MtDkvCUtONFVi
;7tblDUxzIB+uBWfrvk0MdwyMfD9XZYWmEikUe088Q1re0/gOTWhOQcZgBp/bvwVabdAjUCJimaA5Sno
;UI1UtPQH10X0dByAe3WkUtN2iNVtlxhtgJ3mesSg4JHJGMElU78TOCVBqRUHLcwKFvsxaNwyofD9XFu
;n2TUp7Z08mcl7uzP0UV2B/bsFyA47MkjxSacwVUTBJnbwgLyR7RzEtPIGjkX05ByAeriBn676+NkRTy
;xNQO3+HshI4HnVRCkRP3sv0HE1iUkHDZB+00bguR3ncfD5XFunVTcotVCNPLT2B0P0OZmRPccJsCYzh
;vz9UY8kIWiVJmqUoLx8UIlUtPYGjERZ5BwgergUUh82SOVhjxBVRMEmbvCoiD0tFMEhZ3sv0HE1iUkH
;DZB+00bguR3ncfD5XFunVTcotVCNzLT2B0P0OZmRPccJsCYzhvzNQZNwjViVJgbAsPh5mfDhMRd7M5A
;lJclQerwVn677N2mFMqGU/VxaauT4VHHVTCktU7c/OHlZ1TnvcWgOO0qwjNw2ofD9XFumMDUpmFCNVX
;lHy/PYcSVhGd8JpOI7QqQVUY8UMWjlliKEkJRUUIlUtPYGjkX05BzYergUUh82SPVZ89xpWO3q2sCMu
;JHBGOUxEgaKRfTkHIB6uBWf3vs1aRGDbI1g2ZrazJCYXS080Xljz/P4bX1hEe8JkHuu/zVo3DKh8Zhc
;W8tVNSgh4UApKXPH89xRVa39yz3YCmeGiNGhozRBeLhbo1U1KexQjVS09maORfUprU0HJZBe02KQ2W1
;PEHUwyZLalIj0eZiNULT2Bo5F9cEcgA64FZ5jSvgVQbdgjWT56hYohLxVzVz1ySenR9A5RaEx6rgQc/
;xCKu02Il3wkVxbppiE5JHNCJXJb6M/9IkpkQXDAbAmM4a41QmLcfD5XFunVTUqLKyNOLT2B0P0OZmBB
;bvFjDofSkilUbcYSVjlxtqY9Lx5wI1QtPYGjkTHkRyAJrgVnmNK+BV5izhVTO0mKuj8kHmZ8MUhR4Nq
;RfDkHIB6uBT6rvtZaNwzbEEwIf4ezJCYXS0Y7SWLizPwNXGlTf9psCIW+zFo3DKh8P1cW6cFNSntnTy
;ZyVO/F+BFVWEVwyloDjtKsIzcNqHw/Vxbp1U1KWxQjVV5R8vz4E19uTHLxYgab4aszW2D3H1AleIynE
;i4eeEIsLTyBo5F9OQd5Xq4hZ+u+vjZEU8ESWT56hYoqKwtLRTxBUd7G/xlmZE9z3mAJmN+5M1hiqH0/
;Vxbp1U1KexQ+VS098s/iIlBpRnfCaTiM370FUWXEEGAyeI2KKS8XdVpVLD2Bo5F9OQcgHocFZ+vNoSl
;oZcYaVjt6trIsOiRySjlBYunC5R5RWER33XEGhd2oBVFtywhQJRbo1U1KexQjpRI9oqORfUprU0HHaw
;GC0qEFUG3YI1k+eoWKISsIcVEKQlvn/PUYVWZZHq8FZ+u+zVpuTKheP1cWmrk+FRJ6RTxBUd7E8A1mY
;UlywloLis2oKGhjxiNbMnqIrE1LexQjVS09gaORYjkHIG3CdjiC0KszW2D3G14nSY+8ISYkeEImSE/e
;0/4KXHUgH64FZ+u+zRN3DIx8P1dlhaYSIxVySjlBYubC4SJfbkxy8WkChdm5Mmh4wA5aJH6GuSlKem8
;3+2rc+yeufRsHIB7daRS016M8XmDEI1g2ZrazJCYXS1A2TFPvyv8aZmRPa8BxZ+q+zVo3DKiMAFc06d
;VNORdnfDxDW+jP/SJeZlBByGwLh+G+OVZixhVRMEmapSgvHxQiVS09gaPdoHkHOh6uBRSHzZIzWWrBE
;FMIeoimKDgke0Uzclnkz/AEOQYgHq4FZ+vnjVouDKh8TDtltrwjLBJ4TwpBXPLG4yJWaX96y2kGkr7M
;WjcMqHw/Vxbpw01Ke2dPJnJU78X4EVVYTH/dYBW0zqItUn6ofT9XFunVTQM7FDtVLT3yz+IiUGlGd8J
;pOIfXoz9oaMEPSzZ4irBNS+GNusy0pDickWQ5ByBtwnY4gtCrM1tg9w9cNniHvCMtJHdMIENJgaKRfT
;kHIB5eOmfKvs1aRGDbI1Y5cIC5IRUId0I7Q1TvxM4eVnJOavFnHrTSpDRSDKl8P1cW6dW9dXsNI1UtT
;u3QzhRXYUlywloUiN+jNF5izyNMJ3OMsU1LexQjVS1xXOORaDkHIG3CdjiBy6AqaGDNElgjfra5JCcS
;YCNULT2Bo5F9HUcgDK4FZ5jSvgVdecUMYDp3kYopLxd1WlUsPYGjkX15UmAevAVn682hKWhm3RFPCHu
;AuxIuHnhCLC08gaORfTkHBF6uC2frvr42RFPCCVInSZqlKC8fFCJVLT2Bo92geQc3Hq4FFIfNkjZWdc
;0OYDV5m7EoOCR7RTNeWPWjkH05ByAergVn66XNWjd/xA9gO3eQsD8VFnFRMkhi4s/+DlxYRn/NYBTrv
;81aNwyofD9XFvLVTUoIeFAKQFz1xuMUWGt/bc1kC47hqztUeMcOYC8W6NVNSnsUIwxtPZqjkX1Ka1NB
;w2QTjsykO1tT2x9eO3O2sywpD3tRClQ9gKORfTkHIEfuBXzrvs0pW3/3EV4jc5u8LCYkZ0A0QVjexfA
;eTWhSQdQFZuu+zVo3DPE8P3UW6dU+JghLTTxZT+7E9BNmak96y1oCk9asL0R49wxNMmWaoD8vexUjVS
;09gaOlPTkmIB6udguY4aMzQ37HG1o5SYS6KS8kZE8wQ0js/OEPXHRTa9xgZ+q+zVo3DKhYf1cP6dVNO
;RdnfDtCT+zC/SJQaUZ3wmk4hMioKFtt2Hw+Vxbp1U1KexQjdC09gdD9DmZpT2zDZAu0yqIFQ2PYI0wi
;ZI+0Li8ke1UwX1Hg05F8OQcgHq4FZ+u+31o3DNsQTAh5kawqLxVLQDpDSeTN5X04ByAergVn//7Nezc
;MqA9TJEmZujouHmZ8M0hY5cr/GmZ1T2rPcQ6E0JIoVnjBEz9WFunVTUp75BxVGz2Bo+IRSlhQcdlhAp
;nhqz9SaMESWAhkhqEsPhJ7TQpfXPXK/iJfck592mwIheGsKFJt9xpeNGKGp01LexQjVS09gaORUjkHI
;G3Cdjib0bo+Un73GloycoC7KhUJe1c0WVTuzc4PWHNJcfFjEoXduTNYYvceXiRz6dRNSnsUI1UtPYGU
;kX05dExt8XUInNqoKGhqzRlbPniOij8lD3VXPEJT3tHwCVBof3jbawSf16I0aG/HEU8yeJq0OSMUeiN
;ULT2Bo5F9yTggOq4FZ5jSvgVHY98YWiVJgbAsPhJ6RApOUuzT9BNKZlR3wWs4n9egPzcNzhpZMXCPyQ
;1KVBQjVV5R8vzhD1xvRX/abAmM4a4jW2XGGFolSYW6Oi8JS0swTEnk0c4QWH9/cdtxF57KzVs3DKh8P
;9dAqdViSnsUUDleYvHR9BVcZlR3wGI4iMehM1lozQ5gImaZsD8VE3FCIUhP3s7wBWZoVWrecBPrv81a
;Nwyo/GkXFsDVTUoIeFAKXU/ky/QcTW5OefFjFYTQuQVefvcUWjZijKcSJxpsfDpYSfHW5X04ByAergX
;nvf7NTzcMqA9TJEmZpygiHnVXPENa3sv0FF5vVB6vBWfrvs1aH0yoZz9XFpq5PhULZkY9SFz1yv8aZm
;tBZ8t3OIPbpD1feKh9P1cW6dVNmkQUCVUtPfLP4iJJdUV2y2QTgtCqBVtpzghgMXOMsRIiHnVXMF9i7
;MLpIlZyVG7bcWfqvs1aNwwoKn9XPunVTTkXZ3wlX1jpxvAJUGlHQcJgAZ/hpChoZM0dSzJktrgsMiR7
;ViFdSPWjkH05ByAeLlMn65nNWjd/xA9gJ2SMvSgrD31NMnJN6NDlEldYSHvPcQKZ4aA7T1PHCUsnY53
;VTEp7FCNVrWvBo7Z9OQdTct1aF5nbpT9WeMESWAhmhqIpLwlLRTBIWejN9iJNbk178WARjtDNWzcMqH
;w/Vxbp1WtKexRQOV5i8dH0FVxmVHfAYjib0bo+Un73GloycoC7KhUPfU4wclLlx5F8OQcgHq4FZ+u+5
;Vo3DNsQTAhmm7AlLxpgSjtKYvPG8A9mblJBxmAGn9u/BVpt0CNQImKZoDlKehQjVS09AfXRfSQHIB7d
;aRS0zr8/X2nJCFY5cbanKCkUdVcwX2Ly0/QYXQchHq4FZ+s+pho3J6h8PyR6moo9OB58RjRZVO/Ezg9
;QYEhq8WMCjtqSMlJt3BlNCHuIrRIlDmBTIFk9gKORfTkHoEjuBU7rvs0pW3/3DE0yfoy0OSMVc3wnRF
;rp184US1hIe89xApnhoDtPU8cJSydjndVMSnsUI1Wta8GjvH05B1Ny3VoXmdejLl5izyNcLnqAuykvC
;UtPOlpY8/z5GFhzRWzxaAaT4aIvQ3zdCD9WFunVTUr7QmNVAD2Bo+IRSlhQbMdrE4LQqgVUdcQVUTNz
;m4o4OgtxUQpFWODX9A9makFm8WoSn864LjcNqHw/VxZpgw1KXBQjVV5R8vzhD1BpVHfAYjiNzKI0Q1P
;BDmA/c4ihKDgkeUItclL01+EITQchHq4FZ+s+mxo3JKh8PyR6moo9OBJ6VzxDWt7P9BtNWEZ7y2E4g9
;usLlJ+9xFeL0mGoDk6DmAjVC09gaOR/W9HIDiuBWeY0r4FR37BEks+eI6KIS8dYHw8X2LpxvAJXHV/c
;899OITLuSpCeKh9P1cW6dXNHDsUBlUtPfLP4iJJdUlw2mwJjOG9M0R4xxJgP3OIoSg4JHlCLXJS9Nfh
;CE0HIR6uBWfrPpsaNymofD8kepqKPTgSelc8Q1re0/4KXWJSQchgAo/Xoz1oeMERWghzn7AjSnoUI1U
;tPYGjkX0dByAe3WkUtM6/M1l4wRJYCGaGoikvCUtFMEhZ6M32Ik1uTXvxagOPvsxaNwyofD9XFunzTU
;p7Z08mck3zyv8JUGlHQdxgBpnhpChoZM0dSzJktrgsMiR7ViFdSPWjkH05ByAeLlMn66XNWjd/xA9gJ
;2SAuzkjFXN8J0he7sLlGEtYU27LYAPrv81aNwyo/FQXFsDVTUoIeFAKXU/ozeUUV2B/bMdiD5/hqz9S
;aPcUWjZijKcSJxpsfDpYSfHW5X04ByAergXnvf7NfTcMqA9TJEmZpyQkD31NMnJP6MT5CWZuUkHGYAa
;f278FWm3QI1AiYpmgOUp6FCNVLT0B9dF9LgcgHt1pFLTMojNofs0bVjh4trYoJA9xUQpVPYADi1LkI4
;YgbgVw677NKVt/9w5QPkmbsCojFHp8NkhT9cbjIkAHIZfvZYI7XPOaNxmofD8kepqKPyUSS1EwSlTuz
;c4PWGNJa90FZuu+zVo3DJY8P0oW6dU+JghLUTpEYvPG9hRWaX9qxncCmNaiNlNTyQ5aNhbo1U1KexQj
;cW09l6ORfUprU0HdYACG26MuaGDNElgjfra4JCR7FdkrR4H1MBlCOSAgHq52C5jhvjJeacQYYDV5naE
;iJyR3TDtZUvTRzhFQaUVBymwUn9+jOVIMqeamzo9wTPR1ewsjVS1O7dDODlFuRXLKWgWEyrk1WlPLE1
;EjeZynEiYUe1MmLTyBo5F9OQc0Xq4pZ+u+vjZEU9sUVjJ6jYovJQ9gTDhyXu7N5RJMdX9qwVoOhdikN
;ltTzBVMI3eHtihKem83+2rc+weufSIHIB7daRS0zaUzUmDMI104Yp26IBUebFM0Q07ozP99OAcgHq4F
;Z//+zXw3DKgPUyRJmr0kLxdwfDdCSfXM/CJQaUZ3wmk4h9ejP2howQ9LNniKsE1L4Y26zLSkOJyRZTk
;HIG3CdjiY1qQ/W2j3HlAjYoa4EiYabUYnXj2Ao5F9OQcgOu4FReu+zSlbf/cPVz5zhbESKBRgVzpAYv
;HR/hdcZFR7yloLiseoKEQMqXw/Vxbp1RQKezQjVS1O7dDODlFuRXLKWgSE0Lk1Qn73EFY5c7axJDkPd
;U02SD2AOQjkoJ65p5EFf+u+zSlbf/cPVz5zhbESKRR6VzpYT97P/hJJdCAfrgVn677NTncMv3w/V2WF
;phI5E31GOUli4szjE1x1f3rLaQaSvsxaNwyofD8OVunOTUp7Z08mck7pyvQRXVhFcMpaBITTvT9Zf8k
;IVjh46dRNSnsUI1UtPYG3kX05dExt8XYPgtuhPmhpxhhgM3OFtDRKehQjVS09gaORfS0HIB7daRS0za
;UzUmDMI1ovZoi7PiMUeiNULT2Bo5F9yTggAa4FZ5jSvgVEZMEZUzNJj7whPh5mfDtMT/PM5iJLYkd3w
;Wtn6r7NWjcMqHR/Vwnp1U05F2d8JkVU5M/1IlBpRnfCaTiH16M/aGjBD0s2eIqwTUtIJxBmHg5SnJFn
;OQcgbcJ2OJjWpD9baPcQXiRzm4oiLB1LRzBBXPijkH05ByAerlwn66fNWjd/xA9gJH6AsCEuJHhCJkh
;P3sz/Il1iTH/XBWbrvs1aNwyofD9BFunVPiYIS1A9RFjtx84RWHRFbPF1CJzbv1o2DKh8P1cW/ZVNW3
;sUIyZBTt7Q+RRca0RBwWMBmNu5WjYMqHw/Vxbp1U1TexQjJkFO3tD5FFxrREHdZgaF0KQ0UFPbDFoyc
;unUTUp7FCMZ8H2BgJF9OXRMbfF2EpnYrDlSU9sVWzJJnbA1Pg5mRgpfWPLM/QhNbk9wrgT9cidUw661
;l3wdVxbppiE5JGdWJ0tc4sbODlBjRUHaYB+fy78/aHTRI1AxcJqwOUp6FCNVLT2BQ659CwcgHt1pFLT
;KpT9FYckQYDJ4irkiOQ5mRgpPXPLGzhlQdFR/wGYCtMqiBVFl2g9LCHqIrCg4exUjVS09gaNhQjkgIB
;6udguY4bkyXmL3C147eraxIj8ZeEYKQVTvxuIiWmhScMt3OI/boTtODKl8P1cW6dUUCns/I1UtTu3Qz
;glRbk5B2WQLh+GpNUJuxBlgO3+HsD4VHnpHCk5S7NP0E0pmVHfBa2fqvs1aNwyofD9XMunVTTkXZ3wh
;RVTv/OYcVWt/esFwBYfbkjZeYs0PYDJ4jYopLxd1WlUsPYGjkX05ByAehAVn682hKWh4wBVRCGGIuSE
;VH3tWN0FY3s/4E1x0f3LPdgKZ4aI8UVPMGVM2b+nUTUp7FCNVdH2BipF9OXRMbfFxD4LQki1WYMQjWz
;hji7koFRd9TTBeYu3C4hhLWE9w8WECh9+0WjYMqHw/Vxbp1U1sexQjJkFO3tf5FFdYV3/CaTiP0bg4W
;2n3EFY5c5qKISsIcVEKXVL2xuN9OAcgHq4FZ6L+zXM3DKgPUyRJnb0kJCRjQjlBYuXM5B9VYn9yx2sC
;mOG+OVZixhVRMEmKujgkDxQiVS09gaORjQYHCR6uBRSHzZIuX2XGI0g2eoWKKSUOdk8wclHozfQOZnR
;Df8BrDoXZkilHac0YP1YW6dVNSjfJY1ULPYGj4hFKWFR2x2s4nN+hNmh/wRJYO3O2uSQkHktAOl9T5N
;HOGVxrQWeuBGfrvs1aN1XofBVXFummITkkYEs8Q2L2wv0RZnRJcMlpArTSpDRSU80SWwh1hrg9LxVnQ
;iFEUu+jkH05ByAergVn653NWjd/xA9gI36AuxI9GnhPCl5U78T9GGZrSXDLWgKF2pI+UmDJBT9WFunV
;TUp7FCNVBD2Bo+IRSlhUdsdrOJzfoTZof8ESWDtztrkkJB5LTzReWPP8/htfWER7wmQe67/NWjcMqHx
;mFxbB1U1KCHhQCllV6M3OClhrTEHdbAmM0qgFW2XGGWA7d5qwPxUUenwxSFHg2pF8OQcgHq4FZ+u+6F
;o3DNsQTAhigbwjFQx1TzlyTujN9hFcWEx3wGA4h9++P0VT2BNIMmTp1E1KexQjVWR9gYuRfTl0TG3xc
;Q+C0JItVmDEI0w+eI65KBUXfU0wck7iwv8TUGlHQc1qEoXKzVs3DKh8P1fm1tVlSnsUUDleYvXL+BNm
;cEFywloUgtCqNlJTxBVRMkmatiwkFX1NMnJO8cb0GTkGIB6uBWenY41aEwyofEw7ZbahIjokZ1YnS1z
;ixs4eVmlUcdt3OIjRvzRSfvcYWjt3kNVMSnsUI1UtZMGjuX05B1Ny3VoThM6SKUJ+zh1cMkmKuiM+FG
;FRCkhT5fzyElR3RXDdZBOC0aNaNgyofD9XFunVTWt7FCMmQU7e1/4NZnRVbMhkBI7hrjVZeMcJTQhzh
;7ESLh54QiwtPIGjkX05ByAeriJn676+NkRT3BNPCGWcpysrGHF8NkJT9czkD2ZrQW3LdziE2KsFU2nE
;HUZXF+nVTUp7FHoVLRuBo5EOVXR/asF1OJjLvzxWb80jXDh4nbo4OCR4QiZIT97M/yJdYkx/1wVm677
;NWjcMqHw/dBbp1T4mCEtXOl1i8tbjG1hkRUHNagmf0bgoaGDJD1olSZm6Oi8JFCJVLT2Bo5E0eQcFHq
;4FFIfNki5YfPcPSiVwiLYoFRh7TSFCSPP8/RRXYn96x3YTitCuPzcNMuWmzo9wbHJKZhQjVV5R8vzlE
;klYU2vcYwaI25I5WGLcE0olSYW6IjoIFCJVLT2Bo5GNBgc+Hq4FFIfNki5YfPcPSiVwiLYoFRh7TSFC
;SPP8/htfdEVqrgQc/xCKu024F3wZVxbppiE5JGBMJXJO9NH3HFpif33BaxOEy78FRG/JElE+eI6KLiU
;OeldVLD2Bo5F9OfcfHogFZ+vNoSloeMcMYCRjm7MsKR5LQDpDSe7W4yJKZEFwwGwJjOG+KlJpzHw+Vx
;bp1U0GplQjfy09gdD9DmZzT27xdhKZ2Kw5UlPLE1EjeZynEj4US0o7S1Ttz84ZUHRUf8BmAuu/tk6ZS
;0kGm2gWytVNSgh4UApZUvH84ghLYUF9y1oOhdikNltTyxNNOXObiikvF3VaVSw9gaORfTleYB6JBWfr
;zaEpaHjHDGAkY5uzLCkeS0o7S1Ttz84YV2N/fcFoF47QvjtDZccSP1YW6dVNSnsUI1UNPYGj4hFKWFR
;x3loUnsyrO1Rp9xVRMX+FuRIvFXB8MUhR4NqRfDkHIB6uBWfrvutaNwzbEEwIYoalEjkOZkU0Tljeyv
;8bUGtMQcJkFI7MkjVRavcYWjt3kNVMSnsUI1UtZMGjtH05B1Ny3VoThM6SKUJ+zh1cMkmAuysjF3h8O
;UxO5NHOEldYRHvCZB7rv81aNwyofD9XFsvVTUoIeFAKWVLx/OIIS2FBfctaDoXYpDZbU8QdTDJktqUi
;PR5mI1QtPYGjkX1wRyA6rgVnmNK+BUNj2CNMImSPtC4vJH1NM0RR7fz9FFdif3rHdhOK0K4/Nw0y5ab
;Oj3BsckpeFCNVXlHy/OUSSVhTa9xjBojbkjNZasEQUwhlirQjJBJ6RApOUvTN5X04ByAergVnG4HNdz
;cMqA9TJEmduj0VCGFRM0xe5Pz4E19uTHLxdgSK0KMzWWv3H1AieJ2KLzMkeEo7SD2Ao5F9OQcg7pEFQ
;uu+zSlbf/cIUCdJmqA/LBp3RgpEU+fK/RFmdEN/wGsOhdmSKUdpzRg/Vhbp1U1KN8ljVTs9gaPiEUpY
;VHHeWhSezKs7VGn3EF4uc5umTUt7FCNVLT2Bo5FkOQcgbcJ2OJ/RvQVEedoaXjRztqElOB5nSzpBWYG
;iKWO87HGmEDpn+b7NWkRg2yNHLkmatCsvJGZCMURI8qOQfTkHIB6u5Vjrqc1aN3/FHVM7SY+wLD4OZk
;YmclnowvwYTWJSHq8FZ+u+zVoTTKhgP1cWmrgsJhdLRTBMSfTR9A5mb09yy1oDgt+gP0Np2nw+Vxbp1
;U1KZ1QjTi09gdD8HFVrf3jLZBOezKgpaGXGGlY7eranLD4SeyNULT2Bo5F9YEcgBK4FZ5jTrDZbU84Z
;XiNjm7A+FQhkRjBJYvPC5RRWByEergVn676EGjcuqHw/JHmFvCkVGXtXIUJQ3sbpCUtyU3fBazic16k
;uX1PaHUs+eenUTUp7FCNVdH2BuZF9OXRPcsdhOInRuS5YYfcaVjt3hLAjPiRyTzpaPYCjkX05B2BL7g
;V1677NKVhgwRhgNXmdoSInJHhCLEhPgaKRfTkHIB66RWf5vs1aRGPEFVsIdIahOSUWS1AlSFjlo5B9O
;QcgHq5LJ+ukzVo3f8cQVjNJj7whJiR6QidfUvb89xFWcFJ/2mBn6r7NWjcM6Cl/VwDp1U05FHhKMXJU
;78X4EVVYRWbeZAmY16I0Nw2ofD9XFunVTUpZFCNVXlLtyvUiUGlGd8JpOI7GvTtZf8ETUQhkjLgiPB5
;LSzpBWIGikX05ByAergVn+L7NWkRjxBVbCH+HsyQmF0tQPUhR7dCRfDkHIB6uBWfrvttaNwzbE1M+cr
;a8IywSeE8KWlTl1/kiVG5OHq8FZ+u+zVo3DKhjP1cWmrohIx9LVzpdYuTb5Q9MdElxwFoQgtq5Mmh+y
;QhWOBbo1U1KexQjDG09lqORfUpoTHfKWhOEzpI8XmDJEVo5YrazISUMFCJVLT2Bo9EoeQcvHq4FFITS
;pD5oeMcMYDt3kLA/SnoUI1UtPYG30X02ByAe3WoLgtqSLlh89w9PMnON1UxKexQjVS1zwaOwfTkHU2v
;edQiZypI7U23YCFYhc7a8IywSeE8KX1z1yv4iVGZYHq8FZ+u+zVpzTKhdP1cWmqA9OhRmVwpMWeDT5R
;RPYn93wGMOh9KSKFZ4wRNgOn+H1UxKexQjVS0ZwaOxfTkHU2vedQiZypI7U23YCFYhc7a8IyQeZnwwV
;U3gzeIUVmkgHzSc/nInVIMIDL98P1dlnKU9JQlgfDRJXPHX+AtcWEx/12AVmL7MWjcMqHw/Q1bpzk1K
;e2dWJV1S89fOHF1mUGrHcwK0zKg+Qm/cFVA5ZenUTUp7FCNVLX2BuZF9OXRVbt5qFZ/hrD5WfNwVSTJ
;JnrwpPhNLTjxDPYCjkX05ByAW7gV0677NKUJ82BNNI0mLtD4vJHhCLEhP8qOQfTkHIB6uBWfrp81aN3
;/dDE84ZJ2KLysIcXw5TETk0eIiSndFe8oFZuu+zVo3DOE8P0IW6dU+PwtkTCdZYuPR+BleYn9yz3wCm
;c3NWzcMqHw/Vxbp1V9KexRQIF1N7tHlIlt1SXPxcg6PyqVaNgyofD9XFumVTVR7FCMmWE3xzOMJZmRP
;cMBgBJ/XojRodNEjWz5lnbQjKR4UIs+0pBg6CMQGBz0ergUUns69NUV49xlHI2ScpiQlFUtUPElJ6fz
;jHE1uTx6vBWfrvs1abkyoaT9XFpqgPToUZlcKS1TtwvwYV3N/eMJqEOu/zVo3DKh8ZhcW8NVNSghhUy
;VCT/X8+BNfbkxy8WkChdm5MmhhwRI/Vhbp1U1KexQjVTo9gaPiCEl3T2zaWg6F2KQ2W1PHCUs7f4ewP
;kp6FCNVLT2Bo5F9KAcgHt1wF5vRvy5oasEQUwhkiKEoSnoUI1UtPYGd0X00ByAe3XAXm9G/LmhtxhtT
;Mhbo1U1KexSjE209kqORfUpyUG7BdxO0zqQ2W23aI0w+bIzVTEp7FCNVLS3Bo7p9OQdTa951CJnKkil
;abcQQYDF6hrQ5Lx9LRTBMSfTR9A5mf1lBy30XitC+M1hiqH0/Vxbp1U26RBQuVS098tbhDVZ1VEHddQ
;KO2s1bNwyofD9XX6nVUEp7FFAgXU3u0eUiTXVFe/FnFYrQrjJobcYbUzJJhLQ1SnoUI1UtPQHl0X0iB
;yAe3XAXm9G/Lmh42hlaCHSbtCMpE0tHMENO6NfofTgHIB6uBWfV/s1GNwyoD0onZoanORUPZkYwcl/z
;wv8eUVhEd89oAp/bv1o2DKh8P1cW6ZVNZnsUIyZYTfHM4wlmc1J7y1oFmd+jOV9TzBVeOnOdsD8VH3t
;WN0FY3szkCVVuTnvdBWbrvs1aNwygPD93FunVPj8LZEwnWWL10fQYZmVSf8BmD7TapDtaadwZTQh7iK
;1NS3sUI1UtPa/jkWk5ByBt23UXhMy5BU919xlHJ3eHpiQlFRQiVS09gaORfTkHMx6uBRSezr01RXj3B
;EYIcoCmOSsVd0ZVLFvnxfcbX+EfHrIFZ+vNuCpHY9oIYC1JhrMrOR5gfDFCSu/8/RxAYlJtrgRn677N
;Wjf8l3wlVxbppjg6C3tRIXJH3sz3G0piVEHbdTiH37Q/RX+ofT9XFunVTbpEFDxVLT3y1uMbWGRFQd1
;sA47huT9PeN0OWghkjKYiJg5gSjpDPYA5COSgnrnXkQV5677NKUJ+zh1cMkmavCkvJGBGLVlI88bOBU
;BYT3jIdgKfvsxaNwyofD+nKenLTUp7Z1YnS1zixs4OVmtJevFnCJ/KojdoadAMXjllgLojSnoUI1UtP
;YGjkX0TByAe3XAVjd+uP2h/xxBWM0mLujk+FHl8MFVJ89biFFZpf2nHYROD4b87Q2XHfD5XFunVTUoi
;VCNILT2B0OQPX2ZDe/F2CIfXqQVVY9wIUDpJj7kiPQl1VzAtPIGjkX05h3terh5n676+L0VqyR9aCGW
;GuSQuJHZMIVlS7Pz9HEBiUm2uBGfrvs1aNwyofCVXFummODgddUAwck7uz/gZZmVPatpqCrTNvT9SaK
;h9P1cW6dVNBDsUOFUtPfLW4xtYZEVB3WoLgtqSLlh89xlHJ3eHpiQlFRQiVS09gaORfTkHBx6uBRSez
;Ks7VGn3D1A7f42KOSULS0YtWU/00PgSV1hXd8pxD7TMrC5eY6h9P1cW6dVNEzsUOVUtPfLW4xtYZEVB
;3WoLgtqSLlh89xpTOGGbtDkvexUjVS09gSPKPTkfIB6udhKZ2Kw5UlPbE1M+crahIjokeEIsSE/yo5B
;9OQcgHq4FZ+ufzVo3f90OWTZ1jIo+JRd9RwpZUvH8/xxLdU9p8WMLhMm/O0NpqH0/Vxbp1c0ROxQ0VS
;098tbjG1hkRUHdaguC2pIuWHz3D08yc43VTEp7FCNVLXnBo4t9OQdUe8N1ApnfuS9FafceUCNihrgSO
;Q5mRTROWIGikX05ByAex0Vnwr7NWkNpxQxaJXedoD8vJHZMIVlS7PziCEthQX3LWgaZ26wFQ2TaGUw/
;eYWxTUt7FCNVLT3o45FJOQcgastoF47MrC5Cfs0jWzJ1m7AsOR5wfCdMW/X84ghLYUF9y1oKhNqoNmh
;qwQ5MI0mFtDQvCRQiVS09gaORfTkHMR6uBReZ16MuaHjNEU8yZIihODgeFCJVLT2Bo5EUeQcyHq4FF5
;nXoy5oeM0RTzJkiKE4OB4mI1QtPYGjkd1QRyAMrgVnm8ykNENT3BlSJ3ObtDk/CXEQVSw9gaORfTkHI
;B68BWfrzr8zWXj3CFo6ZoynLD4OZkZhLTyBo5F9OQcgHq4QZ+u+vSheYtwjXTJytqEoJwtxUTRZSPPG
;kXw5ByAergUpq77CWjcM3BRWOUmetCEmJGdTMEhZgaKRfTkHIB7nRWflvs1aRHzdDkwIe4itOiMfYEt
;VLD2Bo5F9OecfHrcFZ+vKpTNZU98dUztJnrwpPhNLUTRZVO78/BxBByEergVn676kGjcVqHw/I36Aux
;I9GnhPClpU5df5IktmVHfBWgqC0M1bNwyofD9XL6nVQUp7FFcnTEvkz84OSWJFeq4EZ+u+zVp3XOh8I
;VcW6aE/Kw1xTwpXYubA/hlcWER33XEGhd2oBVFlxhVMPxbo1U1KexQjQW09j6ORfUNYVGzPcwKH4b4q
;UmnMfD5XFunVTUpvVCNELT2B1fQPSm5PcPFpBpjKkj9TZdx8PlcW6dVNf7pUI3MtPYHV/hFMakVq3Gw
;EtM29P1Jo9w9SOHmdvRI5HnNOMENJ3s/0E15zSB6vBWfrvs1aP0yoXT9XFp+6IT8WcVcnRF7e0OEYXG
;N/bcNqCJ/Wki5ffs0PVzh6jdVMSnsUI1Utzb6jvn05B1ZxwnAKjsq/M1RT2wxaMnK2piAlFGBLCllP4
;NX0EWZrRXDJcQ+0yqUoUn/AE1MzFujVTUp7FCNBbT2Uo5F9Tm5Qe/FsCY3XoTZoaMEPSzZ4irB8SnoU
;I1UtPYGjkX0sByAe2WwXjuGkNFFlxBBgM3+aoSwkGHERVSw9gaORfTkHIB60BWfryaQqUlPHCUsyZLa
;8IzkeYHwxRE71wv8eXDYgH64FZ+u+zVo3DLJ8P1dhgKUoFRRhVzBfYujN4hhNWER33XEGhd2oaDcNqH
;w/Vxbp1U1KbBQjVVpU8cbOEkxzRWzxbAmY27kFRHzNGVtmFujVTUp7FCMcbT2Wo5F9Tm5Qe/FqEp/bv
;wVeYtsZSwhlmbAoLkkUIlUtPYGjkTR5BwMergUQgs6oBUVp3A5eNGKAuiMVGXFFOl9Y3tT4DVxYRn/N
;cQiZj81bNwyofD9XFunVbkp7FFQ8XVje0fQJS2ZDasdqCbTcqDxYfs0jSD5mjIorKxhgTCcfPYCjkX0
;5ByAergV8677NLV58zSNMOHqAsRIjFXJKOUFi5criCVhpQ3ufBWbrvs1aNwyofD9MFunVOiMLcXwmQl
;Hox84UV2FJcsJaA4LNuTtZb81OP1YW6dVNSnsUI1U7PYGj5hRJYn9t23UXhMy5BVNl2wheOXWM5E1Le
;xQjVS09gaORazkHIGnHdQK0zbgqR2PaCGAzf5qhLCQYcRFVLD2Bo5F9OQcgHrYFZ+vJpCpSU9wUVjlJ
;nrQhJiRwSiZZXO/A9Ew5BiAergVn677NWi8MqHxIPmaMijkiEnp8IkxR7fz1FEpzQXDNYFXrv81aNwy
;ofD9XFvzVTUoMfVMwcknu1PQPZmVSd8NaEILauTI3Dah8P1cW6dUNSm4UI1VaVPHGzglWcEVs8WMOk9
;upBUdj2wQ/Vhbp1U1Key1jVTg9gaPmFElif2rBcgKZ4aszT2nMI084ZZDVTEp7FCNVjWPBo4V9OQdXd
;95gOJ/Ruj9FU84QUCBkiKEoe3sVI1UtPYGjyD05EyAernIOm9uSLlh7zQ5gMXqGoj8rD3ERVSw9gaOR
;fTleYB64BWfryaQqUlPcE0gyZLa8IywSeE8KX1z1xpF8OQcgHq4FPqu+01o3DN8VTzJJnbo6LwlLTzp
;CTfL89Bxab3971nEVntqoKDcNqHw/Vxbp3Q1KUBQjVVpU8cbOCVZwRWzxagSf36o1WW3EI08+eoW0Px
;UZe1chQlDex/gcVGJUe9wFZuu+zVo3DOE8P38W6dU6IwtxfCFCSuTRzhJac0F5wWsGh+G9M1tgyQ5gI
;3mZiikjGnlGIUhPgaKRfTkHIB6XRWf5vs1aQGXYGWAjeZ6wPxUUckUmSEn5o5B9OQcgHq4Fp+uszVo3
;e8EMWghihqIoOCR7RTNeWPXakXw5ByAergVnq77dWjcM3xVPMkmdujovCUtQJUhY5aOQfTkHIB6uOyf
;rq81aN3vBDFoIYoaiKDgkYkw5WFDk/PwUVwchHq4FZ+u+7Ro3HKh8PyB/mbASPhRjRidySujH5RU5Bi
;AergVn65aNWiYMqHxQOGyMij4iEnFPMXJc78T9GDkGIB6uBWfrgI1aJAyofEg+ZoyKOisXeHwzQVL20
;fAJXDYgH64FZ+u+zQN3DLt8P1dhgKUoFQx1TzlyW+3M5g9Yc0UsrgRn677NWjdV6HwpVxbpuiIwHktQ
;PURY7cfOEVBpRUHNahKFys1bNwyofD9X5tbVX0p7FEw6V1je0PkUXGtEQcFjAZjbuVo2DKh8P1cW6ZV
;NRXsUIyJETeT85hxVa39t3mACj77MWjcMqHw/Hlbpxk1Ke3VANkhR5NHwCVBoTkHLawaJ0qhaNQ2oYz
;9XFoi2Li8XcVE0WVTuzc4bUHVTavFpBpLbvwVSYskeUzIW69VNVnsUIzRbUujHzhRXdEVs2loAiNGpP
;2h49x9QOnuIuylKeRQjRy09gdH0CUtmQ2rHagm03aI3VWXGGz9VF+nlTUp7dVU6RFne1+McT2JMQcZq
;C47NkipWeMAjUjZutrkoJBxgSwpLXOLX/g9mYk5/zGkC67zNWicMqHxdMnqdij8rHWB8MENc48/0fTs
;HIA6uBWeJ26EuaHvJEFMIc4e0LyYeFCFVLTKBo5EfS25EecdrALTboztVYM18PVYW8NVNShlmSjFKVO
;/EzhtYaX9t3mACj+GoNFZuxBk/VRbpzk1Ke3ZRPEla6M32Il9uWHvKWgaF2aE/aGnGHV07c+nXTUptF
;CNVT0/ox/YUV2B/bcZgC4fNkj9ZbcoQWlcU6dVXSnsUQSdEUN7G6QlcdU5/wloUg9uhNkRTzhVNJGLp
;101KaRQjVU9P6M7OFFd0SXrLWgKF3682UgyqfD90FunVLiUaZ1c8Q1rexv8cW2tFQcdrAYLSoQVEZcY
;bUzJJhbwjL0oUIVUtHoGjkR5WZlNqx2sAtNujO1VgzSNWOXCAuSEVCH1NMkFY3s/4E1w1IByuBXPrvs
;05WGPEFVEwSY+0IxUSekAnSFzyxpF/OAc7Hq4FBITRoTNZa/cMTT54naY9Lx5wfCZBUvbH/gpXByIfr
;ihn676uNVhgwRJYCGabvCM+CGRGMEli8s/+Cl1oV3DxZBGE16kFWHncGU0IZYGwISZ7FiNVDD2Bo/IS
;VmtJcMlaEIrXuQVFackfVwh7gLsSJhptRidySejO9H07ByA6rgVnj9ujKVJT2wlPJ3mboRIrF2BGJ0N
;c9cbOHFdgTHvxYAmK3KE/Nw6ofCJXFumxKCQIcXwmWE3xzOMJZmFMcdl3Bp/bkj9ZbcoQWlcU6dV+Sn
;sURzBDTuT84ghJd09s2loOhdikNltT3Q9aCHqAuyg5JH1NCkVU5svOGVxpU3fafDiMzKQ+Nw6pfB1XF
;umxKCQIcXwmWE3xzOMJZmtBZ8t3FLTcoi5DY8UjWjl3i7koSnkUI3ItPYHH/Q1mZEh/w2cCmeG9KF5i
;3BVRMEmdsCA6HmZCIVhP5Pz0E1hlTHuuB2frlc1aN2jEDGA0foi4Ly8JS1cwQE3k0fAJTHVFQcdrFI7
;MuQVQb8cYWghzh7QvJh4UIVUtHYGjkRlVd395zWoDjuGrM1tpxh1SMkmPuj8nGmB8MENc48/0fTsHIA
;muBWeP0r0FWmnaG1oIeZmwIxUIcUQ4SFP10JF/OAc3Hq4FA4fOkjdSfs8ZYDhgjKchKwtLUzRfSfKjk
;3w5GyAermELm+G/P1BlxxJeO0mMrT0lCGFRMHJY78LzEVwHIh+uHWfrvqk2R1PaGVI4YIyKLz8Zdk8w
;cljvwvMRXAciHq4sZ+u+qTZHU9sJTTF3irASORJwRgpZWPnX5A9cWENxwmoVtNCiKFptxBVFMnLp101
;KVxQjVUlR8fziCEthQX3LWhSC2qgFQ2nQCEolc7axJDkadk8wclLv/P4LXHVIf8BiZ+m/zUU3DKgYUy
;dJmqA/LBp3RgpeVOXGzglcf1Rr3GA4jtCsOFtpqH4+VzXp1U0uF2R8JlhP58LyGGZ0SXrLWhOOxrkvR
;Wn3EFYwfp2wPxUOZCNXLD2ko5F9XWtQQd1wFY3frj9of8EYWghijK05PwlxfDpYSfLK9RhmaE5y1wVl
;677TWjcMzBBPCGKMuD0vCXVXIF9Y3sD5HFRlRWzxYAmK3KE/Nw6pfCpXFumwNT4eZk00QWLyy/QRVXR
;/eMd3FJ++z1s3Fah8PyRznaEkJBxLRi1ZT/TH9A9mNX97wGQFh9vNWDcMjXw/V3ORoT8/H3FRCl5K6N
;fyFWZkT3HCbAmM4a8/UWPaGWAkYYChLiJ7FiNVCz2Bo/QFTXVVest3OJjJpC5UZPcfUDh6gLsqFRNxQ
;iFYTd7C9QtYaUN7rgdn657NWjdp0AhNInKMpxI5DH1XNkVi4sz+EVBpR0HHawaIyqQsUgyqfD9/FunV
;KDIPZlYxSE/e0OYUTWRIQc1qCIfXoz1ofMkOVAh7hqMoFR56QjdBWIGhkH0dByAey30TmcupP0VT2wt
;WI3WBij4+FGR8IkRN5PzmHFVrf2rBcgKZvs9aNzuofD8ybp2nOC4eZnwmWlT1wPkiSnNPbvFyDpvbki
;1WYMQjSzhhjKcSKRR7TwpJUvbNzhhBc1JrymAV67zMWjgMqHxZNni2tyEjC0tGO0xf7caRfzkHMh6uB
;QGK0JI5WGPEFVEwSYy7LCgXcSNXLD2no5F9X2ZOQc1qCIfXoz1oe8kVSwhwhqcSJxRiRjhIU/X89xRX
;blN2y2Fn6b7NUTcMqBpeOUmMuywoF3FHVS88gbCRfTlhQXDBYwG02a41U2n3GVE2dIWwTUh6FA9VLT3
;nyuMOTVhMf9dgFbTapDdSYtsVUDlJkawSKRR5UzBDTuDX+BJXWEVwz2cLjr7PWjcVqHw/MX+bpjkVF3
;VaMF9i8sv0EVV0f3vAZAWH281YNwydfD9XcICnPj4keEIsSE/e0P4RUGN/d8BjDofSkj9PeNoJTD55h
;4o6Ix9gSwpfXPXK/iJcaUF8wmBn6b7NcjcMqBpWJWWdiiErAnFRCl5S7cr1IlBpRnfCaTiN0qItRW3c
;GWAyeIi3IS97FiNVCD2Bo/cUS3RUQcJkHo7MkilYYMEYYD54j7whJiRnUzBIWd7G/xxba0UerAVn8L7
;NWlFgxwtNNmKMij8vCHFXCkpe7sf0IlxpQXzCYGfpv817NwyoG14nSY+8ISYke005VGL1zOEiW2hUas
;FoOJjLvzxWb80PP1UW6dpNSntzQiVyW+jP/SJKb0VywnZn6b/NQzcMqBteJ0mPvCEmJGdKO0pR5Pz0B
;U11VW3HagnrvMxaGgyofFg2ZrazJCYXS1A8Q1rtxs4YQXNSa91sCIXhrjVafM0STDZigLojFR56QjdB
;WIGhkX0YByAeyWYIj9uSP1lo9whKJXiGsysVFXtZL0JR5Pz5GFhzSXDJBWXqvtFaNwzPH1Azc7azJCY
;eekI4SGLnzOMQWHN/e8BkBYfbzVg3DLB8P1d+jLQ5IxVzfCFEUOT88hxVZH97wGQFh9vNWDcMsnw/V3
;+Hpig4D0tLMExJ9NPOGlpoRHvxYAmK3KE/Nw6pfCpXFum9KCsPYVMKSl7ux/QiT2ZMd8pkE46+z1s3F
;6h8Pz54j7whJiQlE2VySPLGzg5Wa0l68WwJjdehNjcOqHwpVxbpvCMsEnhPCkxZ4NPlFE9if3vAZAWH
;281YNwyMfD9Xf4ezJCYXS0A6Q17kzeUPUGR/bcFpDo/huClSU88dTwhwgLkhSnkUI00tPYHK/xtQa0x
;BzWoJhduuLmhpxhhPOH+HoT5KeRQjWS09gcr/G1BrTEHIbBWYys1YNgyyfD9Xf4ezJCYXS1A9SFHt0M
;4ISmJ/ec91OI3XoTY3Dqh8GlcW6bwjLBJ4TwpYTuT8/RRXYlNBx2s4g9eqMmhozRJMPmKQiio4EnAjV
;yw9kqORfVBpVHvcaQiI1aQ0UFPNEl41eozVT0p7GiNVLVTzzP8UV2B/e8BkBYfbzVg3DLl8P1d/m7oj
;IxVzfDhCU+7X/hNQZCAcrgV1677NMFJ+wyNbMnqdtBI6CX1NIUhPgaGRfTIHIB7EYBWA4ag0Vm7EGT9
;VF+nCTUp7fkYnRmLnyuMOTVhMf9dgFbTboztVYM18PVcW89VNSh19WwpFUvPR+B9VYn9r3WA4hM6oNG
;huwQhMVxTp1VFKexRPNFRY8/z5GFBgSGrxZAOKzrkzQWn3GVE2dIWwTUh7FDhVLT3twugYS1hTdstpC
;5jhoihTadojUCdigLgkMB4UIVUtEoGjkRFYfkVs8XYTisy5BUdjwRJLCGWKtD8sJH5MPENJ3sL9EVZw
;f3fAawKZ4b4yUmDEfD1WFtjVTUoXdVowX2Ly1/APTVhQccdrE7TNrjtFavcWUD54nYosOBRhTTFyWO/
;X+A9cWFN2y2kL67zNWh4MqHxTNm+MpxI5D3VRIXJN7sr/CWZ0Q3/cYziB0aQ0Q1PLE1Ezf528IiQaeC
;NXLD2jo5F9VWZZe9xaFJ/fvy5ofMcVUSNJmrAsJyRxRzJIYuLG/wlcdSAcrgVF677NNlZ1zQ5gJGKIp
;zkVC3tKO1li8sbwEGZqT2jLWg6FyawoUwyqfD90FunVISsCcVEKXkng0eUiSWhJcNpaFI7foAVZY/cT
;STJkgbQjLQgUIVQtFIGjkRFYfkVs8XYTisy5BUdjwRJLCGWMtCAVFXtNCl1S7dr2EldYVnvccQKTvs9
;aNySofD87d5CwPxUIYEInWWLxzPgTTVhTe89oOJnboTtDZd4ZYCd5mrw5IxR6I1ctPbKjkX1UZlRBzW
;oJjY+SPF5gyRFaOWK2pig+D31NMl5i7tX0D0tuRHvxdguC3agFRGncCFY5cZrVT0p7JyNVLVDg184eV
;mlGLPFjDoffoD9ZePcPWiNigLsqOSR7VTBfT+jH9CJKa0l9y1oUjsq5M1lr23w9VxbJ1U1KHX1bCkVS
;89H4H1Vif3vWcQKFzaQsUlPbCFYjdYG8Iy17FiNVMD2Bo/cUQVhIcdx3DonSqAVCYsETUQh5n7A/Jhp
;kUzBJPYOjkWs5ByBzwWECh+G9KFJvwQ9aCGy2vSgjHHxXVS89gb+RfTlqT3rHYw6OzJIpX2nEEEwIe4
;ynKi8kZEInSFP1o5N9OQkgHq5rCJ/hvjtBafcPSzZijNVPSnsJI1UtW+jbzhVWdVJ3zGkCtMujM1hi9
;x1TO0mdrD0vJHUjVyw9k6ORfUpsSWzaWgGEzK4/aGnGHV07c+nXTUp3FCNVXlLtyvUiW2hUasFoZ+m/
;zVM3DKgPUDt/jYo5JQsUIVQtN4GjkQpQd0VB2moQjszNWDcMtnw/V3mHuTQVFHpGCl5V5M/9IlZpf2r
;BdTiYy788Vm/NDz9VFunDTUp7e1UwX1XgzfYiSm9FcsJ2OI7QrDhbaah+P1c26dVNJQ1xUT1MU+b84h
;Vca0xt8WMGheG+KlJpzCNaOXeLuShKeRQjTS09gcznGEt1SXrLWgGC0qw3UmLcI1o5d4u5KEp5FCNML
;T2BzOcYS3VJestaAYLSrDdSYtwjWjl3i7koeHsWIlU1PYGj4Q9cdFNr3GA4itq7O1lvzSNaOXeLuSh7
;exYiVTU9gaPhD1x0U2vcYDiK2rs7WW/NI1o5d4u5KHh7FiNVPj2Bo+EPUGlUQcF1AoXhvj9QYc0SSyQ
;W69VNUHsUIyVfVO/Xzg1YdVRt8XYCmsuoNFRp9xNNM3Ob1U9KezojVS1N88r/CVx1f33BawG027UuRX
;nMGU1mSYqgPj4UeXwlX1Tv1/AfVWJ/bMtiDoTQzVg3DIZ8P1dmm7wjPh5mfDZCU+f89AVNdVV6y3dVt
;N24KUNjxSNPJX+HoSwoF3F8J0ha6Mz/fTsHIAeuBWebzKQ0Q2naI1w4eI+KICsYfEo7SGLjxv0JOQUg
;HoMFZ+vOvzNZeM0OYDR5h7MSJxp3SzxDWN7A5A5NaE1B3ncOhcqkNFBT2A5WOGSAoTRKeRQjei09gdP
;jFFdzRWzxZgiF2JI3Vm/AFVEySYqgPj4UeUovSGL1zP4RUWJBevFgCYrcoT8GDKp8P3gW6dU9OBJ6Vz
;BfYuLM/xtmakF9xmwJjuGuL0R4xxFWLXO2oSIlF3xGNEli5M3wH1ViEh6sBWfOvs1aR37BEksyZLa2I
;iQdS040TlXozfQiXWZUf/FmCIXKqDRDU8kYW1cU6NVvSnsUUydEU/XG4yJaaE548WgGiNakNFJTzB1L
;NkmPvCEvJHVHMS0/gKOgfTkHUGzHaxOOzJI5WGLOI1I2dYG8Iy8kcVshX0jlxuMiSnBJas1tOJzfpC5
;oZM0dSz54jtVPSns0I1UtTfPK/wlcdX99wWsBtNOsOV9lxhlgMXeHii4lFWBROkE9g6KRVTkHIG7cbA
;mf278FVGPGGmA6d4q9JCQeS0U8X1D2wuMYZnVFatxkBJ/XojQ3Dqh8ElcW6aU/IxVgRidyXu7N9yJUZ
;kN2x2sCtNikKFp7yQ5aCGKAuCgVHmdXPEBc9cr+EzkFIB6EBWfrzr8zWXjNDmA0eYezEicad0s8Q1je
;xPISXWJ/e/FoEofKpCpbdfcaUzhh6ddNSlMUI1VdT+jN5RhLWENxwGM4ht+uMl5izSNYNHmNsBI+E2F
;ON0Nc6M/OHF1jIByuBXrrvs0qRWXGCFolSYq6IywkeUI2RVTvxs4VXGZUQcxgA+u8zFoXDKh8TyV/h6
;EoOCR3TDtLYuzC8hVQaUVBx2ECk+G+I0R4zRE/VRbp/E1Ke2RRPENJ5NHOHlZpRkHDZASD16M/aGPFF
;UsIZIi8Pi8Pe1Y2RWLizPUYOQUgHowFZ+vOvzNZeM0OYDR5h7MSJxp3SzxDWN7M4xRebk5BzWAJn9u/
;WjUMqFg/VxaZpyQkD3FRCk5S78XOEFhkSHfAYDibzKI3R3j3CUwySZu0Kz57FiNVGj2Bo+EPUGlUe9x
;aBITQqwVabcsUVjlztqU/JRZkVwpYTuT84xxfc39623ULgt2sLl5jxiNSPmSbuj9KeRQjci09gdPjFF
;dzRWzxZgiF2JI3Vm/AFVEySZuwISsPfVUwclj51+MISm5PcK4HZ+uOzVo3fNoVUSNzm4ouJRVyfDhMX
;unK/xhmdUVty3E4juGhP1lr3BRgO3eQsD8VGHxCO0pYgaGRfRYHIB7edw6FyqgoaG/HElkIe4i2JSMV
;cXwjTFHox/AJXFhQbMdrE4LQqgVHfsETTT5ikNVPS3sbI1UtT+DF5SJSYkVu8W0Ih9u+WjUMqGg/Vxa
;btCs+JHtVMF9P6Mf0IlxpQXzCYGfpvs1MNwyoDl4xYramODgddUAwclDuzf4JVmlJfa4HZ+ujzVo3as
;EEYD95m6ckKBdxfCBDVO7NzhxVa39q13UCtNzNWDcMgHw/V2SMoT8rGGBKOkNi4NX+FF1YVXDAYASOz
;b47RXX3FVEIZZylPSUJYBJVLz2Bi5F9OXVFatxkBJ/XojRobd4TVjNJnLsjLxhxUCZMT/j8+BNmdFVu
;3moVn4zNWDcMs3w/V2SMoT8rGGBKOkNi5criHFtrRUHPcTiYyqwoQwyqfD9CFunVPy8PZkI2WVTuzc4
;TVnN/d8B2Do/bzVg3DL98P1dkjKE/KxhgSjpDYuXW4xRXYH9px3UC2r7PWjcbqHw/JXOdpywpD31MO3
;JZ9NH4E15YV3feYFXrvM1aJgyofE0yYpu0Lj4Se00KSFPgwf0YOQUhHr0FZ+vMqC5FbcsIVjh4trAjK
;xl4RgofPYOikVk5ByBsy3EVit25M1hi9xlRNnSFsBIoHnJMJ0hi7tblGEtYU3bLaQvrvMxaIQyofE0y
;Ypu0Lj4Se00KQVz4xuMeUWZOecsFZeq+1Fo3DNoZSyV3iqEkJRVLRjtMX+3GzhJMc1N3ymBn6b7NQTc
;MqA5aI2SItjkjFHp8L0VS8fz+E1V+f23BaQ6Pj81YNwyzfD9XZIyhPysYYEo6Q2L7y/4NZmhOctdaFI
;TSpD4FDKp8P0wW6dU+IRJmVwpIRfXG4xNYa39txmALh82SPF5+2wg/VRbpwU1Ke2dPJnJc7830HFVuT
;nnxYAmK3KE/Nw6pfB5XFummITkkd0w7WVL00c4cVXNFbMBkE4LIqAVTZdoZXCN/hrtNSHsUA1UtPfLP
;4iJaaE9yx2sAtNyoPmh4zRFPMmSIoTg4HktUNERJgaGRfQsHIB7daRS03aI1W2XGG2A0b4W8Iy4eZnw
;5Qkrk0c4VXGZUe9xaE47TvT9FbdwJTTJJnrQkPnsWI1UfPYGj4hFKWENxwWkOhdmSOU5gwRJbMmS2oD
;06HmZ8PUhc9cbjIk1iTW7Ldwafy78/aHvJFUtXFOnVYEp7FFA5XmLizP4RUGlHQcJgAZ/hqz9SaPcUW
;jZijKcSPh55UzBfXPXW4xhmcEF32gVl677nWjcM2xBMCHWGuiEjFXN8JURO9cz/IlFiQWrLdzif26Aq
;Un7JCEolc7aiLCMPFCFVLROBo5EOVXR/fcFqC4LQqgVFZc8USwhwjLApFRNxQiFIT97X9BBJYlJ/2nA
;VjuG6O154qH4/VwXp1U05F2d8MkxN3sX4EVVYRXDPZwuOvs9aNyyofD8kepqKKikUcEYKS1Ttxv8cVG
;J/eMF3CorKkj9ZbcoQWlcU6dVXSnsUUDleYujN9xRVa395z3U4jdehNmhpxh1dO3Pp101KTxQjVV5R8
;vz4E19uTHLxaBKHyqQqW2n3D1w2eIe8Iy0kd0wgQ0newv0JXHVOf9psEY7hrDRQYM18PVYW/tVNSgh4
;UApAWPPE9CJWd0Vw8XYCjNOoNEN/qH4+VwHp1U05F2d8OEhP5sbOEk9iUnLPdTib378uRAyqfT9zFun
;VPiYIS008WU/uxPQTZndScdpgBJ/XojRofMcPSwh1hrohIxVzI1ctPZ+jkX1Ka1NBwXMCmc2kNENp2h
;VRMEmKuiA6HnpQNFlU7s2RfzkHAx6uBRSHzZIqRWnAGV4jf4eyEigecHwhSFDxxuMcTXJSe/FyBoLKz
;Vg2DJ18P1dlhaYSOglxSzBMSejN9iJafkx3wGECmeGhNUBp2iNXMnedsD8VD3FOJUhP4NfkD1xYV3/H
;cWfpvs1vNwyoD1MkSZmnKCIedVc8Q1rewOgRUGlEe9xaEpvOqChoZM0dSzJktqEoJwtxUTRZSPPGzgp
;YblQerAVn277NWkRg2yNPJXOBsCw+EnpECkFY59fOG1xiREHGYAaf278FQ2nFDFold52gPy8kY0I8WT
;2Do5FQOQcgbcJ2OJvMqDJSbdwVUTBJmbw+PhR6fD1IXPXG4yJNYk1uy3cGn8u/P2h7yRVLVxTp1XxKe
;xRQOV5i8dH0FVxmVHfAYjiZ16oyQ1POGVozSYGwLD4eZnwhSFDxxuMcTXJSe/FyBoLKzVg3DLN8P1dl
;haYSOgl9TSFySeDQ+iJVZkJ7wloChd+vNlIMqn0/dhbp1T4mCEtTJ0RT9cr/GmZlRXrxcQKGzqgoVnj
;dDloIYYi8OUp5FSNmLT2B0P0OZndSd8BxDoXZkjlOYMESWzJktrkiPR5mfD1IXPXG4yJNYk1uy3cGn8
;u/P2h7yRVLVxTp1X5KexRQOV5i8dH4E01uTnnxZh6H16M+Un73CU8nc5uKJS8aYEYncknkzuEYS2ZUa
;9xgOJzfpC43Dqh8EVcW6aYhOSRkUTxDSejN9iJVYkZq8WMCjtqSMlJt3BlNCGKMuD0vCXVXIF9Y3tTw
;FE0HIh6uLmfrvr42RFPYDlY5YoC7KhULfVAhQlPey/QcTWJSQdpgCpvbvztDedoZYCB3gKFNSHsUDFU
;tPfLP4iJJdUlw2mwJjOG/M1Bk3CNZMnONiiUvGmBGJ3JJ5M7hGEtmVGvcYDic36QuNw6ofCdXFummIT
;kkZkw8ck/kxPgSV1hTfc9rOIffvi43Dqh8LlcW6aYhOSRnSzxIUeX89BNYZUx7rgdm65fNWjd/xA9gJ
;GObsywpHktQPElY3tf0BU1yUnvxZgiH0b8FWWPaEV47f5OwKUp5FCNKLT2B0P0OZnRVbMhkBI7hvjNT
;afcIWi9inKcoFR56QjdBWIGhkH0aByAe3WkUtM24KFFtyxlgJH+NsBI+HmxXIF9Y3s/4GlFzRWzxcBf
;rvMxaEgyofEw7ZbamODgddUAwck7ox/QiTWJYatt3ArTRuC5EZcwZYDh4haxNSHsUAlUtPfLP4iJNb0
;Vsw2QLtNujOVtj2wlNMkmLtD4vJHFNNE9R5KOTfTkmIB6udguY4bkyXmL3C147eraxIj8ZeEYKQVTvx
;uIiXGlBfMJgZ+m+zWo3DKgPUjZ6hYosOB51fCZCUejHzhRXYUlywloBh9G6BVRjxQxaOWWIoSQlFUtG
;O0xf7caRfzkHNR6uBRSG36E2aGrNHUsiZIymEi8VdUE5SD2Do5FfOQcgbcNkC4fhqz9WeN0OWiRJgLs
;rIxd4fCdMSejMzhhXZkJyywVl677rWjcM2xNTPnK2syQmF0tKO0NY8/zzD1BjR3fAYjiK3KIsUlPbDF
;4lZYzVT0p7CSNVLU7uz/gZZm5OeMdpC7Tcoi5DY8UjUjh4hqEiJBJ3I1ctPaijkX1KaEx3yloOhdikN
;ltTxh1NJXmeij8vHH1MO3JI8sbOHlZpQ3vAcRWC3c1YNwyyfD9XZYa5JC4kfU0zRFHt/OUSSVhNccBq
;E4TQpDk3Dqh8JlcW6aYiJhJwfDxDW+jP/SJMdEVByWQXtNikNlsMqn0/Xhbp1T46EmZCOURH5KOTfTk
;ZIB6udheCzKw2aGHHGFoIZoihJRUSelcwX03uz/AJUGhOHqwEZ/y+zVpEedgMUCVitrQpKwtgSiNIYu
;TN8B9VYiAcrgVp677NKUJ82BNNI0mMuywoF3EjVyw9lKORfUpyUG7BdxO026M8WH7LGU0IeYe5NEp5F
;CN4LT2B0OQNSWhSavFsCY3XoTZoedsZYDt/h7A+FRJ6fD1EWun89RhXdElq11oAmdepWjUNqGU/Vxaa
;oD06FGZXCkBS5cr3FFx1f3nLawKZ37k/Nw6ofBhXFummODoLe1Ehck/kwOMYWHNFQc9jE47MkjdYaME
;aVjJktrciJRdxQjstP4Gjj305B1Nr3nUImcqSKVptxBBgMXqGtDkvH0tFMExJ9NH0DjkFIB62BWfrzb
;gqR2PaCGA7c4i+NBUYe007SF71yv4TOQUgHr0FZ+vNuChRbcsZYDp5jbASLxV1QTlIPYOjkVg5ByBt2
;3cBit2oBURlzBlgI3ORoTg4HktAOkFS8/z/EktqQXLHfwKPvs9aNxeofD8kY5uzLCkeS1A8SVje1/QF
;TXJSe/FgCYrcoT83Dql8IFcW6aY4OB11QDByTujH9CJNYlhq23cCtNKkPV94zQ5gImbp10xKWhQjVV5
;I88XwHlxYU3fKYDif27UuQn7NI1AiYpq8KS8ke005VD2Do5FmOQcgbdt3AYrdqAVEY8QVWwhihqUSJx
;R6TCFCU+jAkX85BwEergUTjtO9P0Vt3AlNMkmLujk+FHl8JlhP58LyGGZiTn/MaQLrvM1aIAyofEsye
;5mwPysPYVEwclHo0OUiXGlBfMJgZ+m+zVY3DKgPTyJkmoooJBp2TzAtP4Gjj305B1ZxwnAKjsq/M1RT
;2wxaMnK2piAlFGBLCkhT4MH9GDkFIB6/BWfr26M7VWDNI0g+ZoyKOSUMcVFVLz2Bg5F9OXBJbstaE4T
;JqChoasEEWjNJmbo+Iw99TDtyWO/C8xFcByIeriBn6766M0dp9whQIHObiiElFGRQCkhc4svOGEFzUm
;vKYBW026M7VWDNfD1XFuLVTUoUe1kwck7pyvQRXQciH64mZ+u+ujNHafcLXjt6trMiOBhxRwpPRN7Q+
;BNea0VBy30TmcupP0UMqnw/Xhbp1S84Enl8IVRN5KOSeDkHIFHbcQKZvsBaNwzLHUsycYanNBUVdU4w
;LT6wo5F9aXVJcNpgFdnhjBRyWPc9BwhGhaA+FSlEamFybsrxoiJwY0V/w2QMjsySCkVjzhVTMhb41U1
;KGHVXMEpS89rOE1hqRUHGYB/rvQlaNwyYTApnJtnif3pLIhplHQvEk6FKDTcQKJs1V9yM/WoEPphMCh
;Em2eF8eksgZmUdCbSToUgNNxAr6DVX34/9agQ0mEwKESbZ4H16SyJgZR0KtJOhSgo3ECvoNVfejP1qA
;jyYTAtuJtnmeXpLIWVlHQiyk6FJezcQK5w1V9iN/WoCSphMC24m2eN5eksiFmUdC7CToUt9NxAonzVX
;3fz9agE5mEwIZSbZ4At6SyETZR0Ks5OhS383ECiYNVfdh/1qAU+YTAliFvXVTUoIYVMlQk/1/PUYV3R
;FQcpwBofhqCJDft0PVjh46dZBSnsUYjlBHeTb5Q9MY0VsriNn676pP1l/zSNMImaZuj8+JH1NM0RR7f
;z+CE1rSXDLdjiOxrkoQmjNDj9UGunVTQsXeAMwVUnz1vUYSwcyHq4FFJ7OvTVFePcYWjlljIo5MwtxI
;1YoPYGj3RRXYlMegAVn69qhKmhuyQ9aCHqIrCg4JHVFIUhP3sbpDVZ0VWzLWhSOzqwoVnjBE1EIcYq6
;KS97FyNVLT2BkZF9OWNMbvFnBpjbkjZWdc0OYDZwnbA/FR5sUzpeSPPGzg5cd0Fsz3EOhNCSPVRjzBl
;gJ2SM1U5KexQjVQI9gaP1EUlYQn/dYDiH37Q/RVPKGVk4ZIyKKDILe1AgX1je0PQNWHVBasdqCbTZrj
;VTaah/P1cW6dV+SnsURzldYuPC4hhma0Fny3c4idurNUVp9xlHJ3maoD8vJGdGJUxP4Nf4EldYR33BY
;QK0zr8/Nw+ofD9XFsLVTUofeFMKT1zyxs4RWH5FbPFwF5vbvwVHY8ESSwhljKUsOBpgSjpDYubA/hlc
;ByMergVn65HNWjdoxAxgNXeasBImGm1GJ3JI8dP0D2Z3T3fAcTiY2707RW3cFVA5SY62Ii4eS1MnSD2
;Co5F9OQctHq4FA4fOkj1UY8wZYDJ4jdVOSnsUI1U3PYGj9RFJWEd9wWECtNu1LlJ+xh1TCHWGuCArFX
;AjVi09gaORZDkHIHrCdTiM3aI+UlPOFVMyeIi4KBUde1E4TEmBoPd9OQdbec1qA47hqzNbacYdUjJJn
;rw5IhRhVwpIRfXezgZUZkN2x2sCtMq0KlJTyR5dJXOfvCw+EntNKHJG7MLlGEtuQXLxawaG25I7VW7a
;GUk+d528IiQGS1g5TETk0c4VXG5Hdtp4Coa+21o3DMwQTwhxiropLyR4QixIT97A+RxXYEUerQVn677
;NTzcMqBhTJ0mOtiIuHktTOl5J8dH+Hlx0Ux6tBWfrvs1VNwyoGFMnSY62Ii4eS1AhTE/1o5J9OQcgHr
;cFZ+vaoSpoZM0dSwh1nKckJBxLVzxAWN7P+A5NByMergVn66PNWjdoxAxgPniHsD8VGHtNIUJI8/z+G
;190RWrxaQ6Yys1ZNwyofD9nFunVKSYLS048SVntxs4RWH5FbPFkAZ/bvwVSdNgTTCJkjIo+Lwt1UTRZ
;VO7NzhpaaER7rgZn677NWgMMqHxbO2a2uCQuH3hGCkFc+MbjIlhhVHvcWgKTzqIpQn7NI0wyZoinLD4
;Se00KSl7ux/QiSXVFHq0FZ+u+zWs3DKgYUydJhLwpLhdxfDlMROTRzh9cYU9sy1oCk86iKUJ+zSNMMm
;aIpyw+EntNCkpe7sf0fToHIB6uBVLrvs0+W3z3EVYzcoWwEiYabUYncl/kxf4PXFhFZt5qFJ7MqAVEa
;dgdTTZigLojFRx3TDFIYvHR9H06ByAergVK677NPlt89xFWM3KFsBImGm1GJ3JI8dP0D2Z3T3fAcTiY
;2707RW3cFVA5SY62Ii4eFCBVLT2Bo6B9OQdEct5aCoLaqTZSU8QdRjJktqA9Oh5mfCVCVO/Xzg5cd0F
;sz3EOhNCSPVRjzBlgJ2SM1U5KexQjVR09gaP1EUlYTnHcaAaH4aE7TmnaI14xYoynEi8DZEwmWE/k/O
;IYSWZSf9psCIXhqjlYaM18PFcW6dVNfnsUIzFBTd7N/g9UZkxBwmQejsySO1F4zQ5gMm6Zuj4/CXF8J
;khN4NHwCVBoTkHJZgiP25IqRWmofz9XFunVfEp7FEc5XWLvzOMQWGt/cs98Apnhrz9RY9oZYDJumbo+
;PwlxfCZITeDR8AlQaE5ByWYIj9vNWTcMqHw/Yhbp1SkmC0tNOl9Q4M/OEVh+RWzxZwKN0b8/aGnQDFA
;kY5uwEjkeZEInTEnozP8iXmRPestaF5nbzVk3DKh8P3oW6dUpJgtLTTpfUODPzhFYfkVs8XAXm9u/BU
;djwRJLCGWMpSw4GmBKOkNi5sD+GVwHIx6uBWfrj81aN2jEDGA5eZu4LCYkeEIsSE/e1uENXHV/bsFsC
;Z/hvj9HbdodSz55h4oqKRRwRgpdT+Sjkn05ByAeuQVn69qhKmh53iNcImSAuyoVD31OMHJR6NDlfToH
;IB6uBXvrvs0+W3z3C14kfoC7KhUfZlo8Q1re1/gQXFhMd91xZ+i+zVo3DL18P1dyhaUSPRpnSzxDWt7
;X+BBcWEx33XFn6L7NWjcMt3w/V3ORoSg4FXVPCk5S7s/4E15YRn/AWhSb26g+aGDBD0tXFenVTUp7Gi
;NVLVvgzc4OSWJFevFpDpjKzVklDKh8Dmwm0ud2eEsvFm4eCLqbqkgJBzEergUBgtKsN1Ji3CNLLmaMi
;j4+CRQgXy09gfPdPBk2DimbaArrrM1aN2rBEF46c4ehEj4CZEYKXknzkZF+MwcgHv5JJsuP420CYcV8
;H1cW6bMkOAhgfDlMROTRzg5Wa0l68WwJjdehNmh8yQhLMmSH1U5PexQjGURT5NCRdDkHIHvAYUmM3aI
;+UgyrZD5XFqTkfX5bRxN1Flj51+MIXWJSPsZgBp/bv3pYas52cmYi2fUeelsvSzBMSeTHsR9cYwB2y2
;QTjsztNVFqiFRWMTaQujhqE3VVMA1U9YqbOgA2ACXcYAuKyqQsUizYE0w+YoC6IyMUeikSHB3EjqBdf
;zQQLo4lXJnbuShWb9xcSz9zybMkJhp5RjtZHeCD8xRNJ0J7yGoVjp6hM1F4wRJYd2KBsG0kFG5ZOUgR
;odf+XUtiTHvPdgLLzaI3UizHGh8jfoz1PTgeZ1AgX1iL5KBdYywRLo5ASt6ei2MHPJhcBDp5n7BtEFt
;hU3VMU+WD4xhNdUF92iUBgtKsN1Ji3FxaIXOH9SAlCXEpGBUJoZjiCVx3UHvcdkeE2KtaPQyofFo5ct
;v7KikUcEZVLriBo5EwCzURPvo1R7iP/Wo9QZpODndC2PUee0skKRgcDbWDxU0ZVBAU4zRX356Zaxdfm
;HZyZiLZ9R56cVkSZRo3xpqgd342AFuDNEetjf1qPUuZXGV8JsfgbQ9WIQMNAA+xg8hQCzcAWNVxFYrI
;qDZof9gZWjNr45J/cltME3V0DYvuqUkzQBkurhNn676qOVhozSNaL2KMpyMrF0tAOkBQ4M31fToHIB6
;uBXLrvs0/T3jaCVsyZLamOiMPd0t7Sl7ux/R9OgcgHq4Fcuu+zT1UY8wZYDF/hbAjKxZxfDNCT+zC5X
;06YCAern4AiNGpP2hqwRBaOXeEsBI9EmBLOlhJ3sbpCURYW3PPZg+C0KgFQ3XYGWA2dIunKDwSdVc8Q
;lP8/OobUGtBc8trE7TQrDdSU8keXSVzn7wsPhJ7TWRQYvrP8ARcdX92y2wAg8qwN1oMunw/V3qIrCg4
;JHdLNENa5I32HlZjRR6tBWfrvs1LNwyoG1w4coyKPSUIYFMnQl7k0OJ9OgcgHq4Fd+u+zT1UY8wZYCV
;zmbA5Iw99TDstPqujkX0CdUVuy3EOn9eiNBdryxNbMhyu7H9qPiQpbl9Y8cblFE1uT3COYgSE2qhaJw
;yofE0yYpu0Lj4Se017Sl7ux/R9OgcgHq4FbOu+zSlDbdoIETB1hrEoSnjiIlUterOSsUZUYlRsx2ZHn
;d+hL1J/ojsGZzbStC85FHhWIUgd8cziFE1uT3DHawDh8/VoFzfbGUt3c5GhPz8fcVF1WVKhwvMOVmtV
;asslCoTaqFB6PZhLH2xlnbQ/PltjSiFFHfXL9F1fZk4+wWMB4fn/YhdUmFxmZzbSuCI8HjR7enQd9cy
;xEFBpAHvAYRSf0b0pPUuaRB8NJsnuICUNcQMPDUnug/wUVydFcMp2E4TOvlBwPYgmDmI42fULc0skE3
;UWUO7V9F1Nb0U+3mkGn9iiKFoszBNIOTbY4CAncR5kbB8dxJOxRkNiUnGOcQ+OnqgiQ37dGFozNoWwI
;y0PfClfag2h+6VOGV4SKY5DVduO/XoXN88THyN5yaElL1txRzJIHe7FsQlRYgB8y2FH4fn0aBdUmFxm
;Zzas5W1xCHFXdVdY88yxCVYnRXrJYEeE2O0uX2mIHlozHK7lbQxCJBNlDWewg6onGXJQPtlsE4Oe/Dd
;aBu9NHxEk2eVtEEs0GA8NVe7O9F1Ka09pwnxt4fn8em09nVIPd1DQ5X16Wy9OOltYodf5GBl3TH/aYw
;iZ0+0+WHvGXA5ie4TfRw1KNGVsHQ2xg6oOSWJFeo52Ap/KpDRQBu9FDXdTxOZtcQlxVydMXvXK/hMzS
;hEvmSU3mdejLl5iz1IReRbl1U1KCGBCJ1kPr8TyEl1iIB0eBWfr+f9rPUuRTDUaLtvfAHtLIykSHwWh
;+6FdYDcqWZw9R7GOxx0GLPJNCnkmyZN+eksed2QneriRsTgJDWcvjkNV247tHwY8ojsGZTas5UcNSjR
;lZx0Noea8BktiVGzPZhOC0aMFU3nJEGA2e4agIz4GHndlJ3q4kbE4CQ1nL45DVduO7R8GPKI7BmU2rO
;VHDUo0ZS5ZT+DV9BFmdFB7y2Ea4fP8awAs+A5WOWKAuypkVTojXy09gcTyEl1if2rXdQLrvctaNwz6G
;U8Fd5nVXEp7FEo7S1Ttz84cV2BMe/FpDpjKzVk3DKh8P0IW6dUkJB19TzlyWfTC/SJcf1Rs23YOhNDN
;WTsMqHx+O3rJsDU+CWFHMF89j6ORfVBpRnfCaTib37kuUn7GfDxRFunVCjMJe0oxLTKBo5EUS2hOd8B
;iOJvfuS5SfsZ8PFwW6dUfLxhgSjlEU+TC430kByAewmQejsySKUNt2ghgJ3mAuzkVCHdCJ0ti68z4E0
;0HIx2uBWeq0qFaKgyofFM2b4ynEjkPdVEhck3uyv8JZnRFf8NaBITMoz9FDKtyP1cWu7ArJh5sbCduU
;u/V9AU5HyAermgGn+GuNVlqmSNZPnqIuCgkD0tBJ0xT5aOSejkHIEzPbBSOjYlaKAyofFI2Yra2IiQd
;JXwzRFHgzvQTTVhEd911C4rHkjRWYc18PEsW6dUWGBp9UDAeedyDwQ9caklrwyU3p//taxk7nRFSVwr
;p1U0nGmB8NkJT55LOG1BrQXPLaxO02a41U2n3GVEzFurVTUp7FD1VLT3swuUiWmhOeJ9aAYLSrDdSYt
;wjWDR5jbASOQ91USEtPoGjkX05ECAermgGn+GuNVlqmSNZPnqIuCgkD0tNNEBYgaCbfTkHcFLvJVbFi
;fg3WgyMfD9Xe4ihEikUekVkclvoz/AQXGlUQcBkCo7hrDhVfs0KVjZigLojSngXI1Utbc3ikWU5ByBz
;z3E4iNGjPAZTzhVTNnuMuzkVFXtXMF49gqORfTkHPR6uBQqKypI5WGLOTWAxf4W0IC8VYHwlX1Tixs4
;IV25UHq0HZ+u+hj03Eah8Pzp3nYouJRVyEgpLVO3C/BhXc39ty3ETgtCqBV5oqH8bVxbp5i94SCxAMR
;kQ5ZuhHBQzE3zNKF+Oh6t3BTTJRF1ndIrtKytIFAlVLT3swuUiWmhOeJ9aAYLSrDdSYtwjTDJinbwjL
;QhLRTxBXOzG/wlmZVJ/wGFn6LnNWjdeyRVMMiWt1XxKexRONFli4sz/GwhYRnfCZAqO0LkFRGncCFY5
;cZqKKyMXdU4wQ0nex/gOSWtBZ/FrBobbzVkrDKh8ZAV3gKYoeT9JAwVfWOzK5BAZV2xfjjRJ3IugNzc
;iqHw/Onedii4lFXISCktU7cL8GFdzf23LcROC0KopaGrBEF46c4ehEiwSeEYKQ1zsxpF+MwcgHv5JJs
;uP420CYcV8EVcW6bgsPiR3TDtLDN7F+BFYakVw2loUjsq5M1lr2yNZPnqIuCgkD0tENkJZ5Pz0E10HI
;x6uBWfrjs1aN2HJCGA0eYezfBUdfU80QFjv184OXHNUd8BiFLTYpDZWYc0SSwhxiropLyRnVzRfSYGg
;kX05ByA5rgVnht+5BVRjxhoOCHCAuSwnHnpXCl5Y9df4E150f3jHaQaG26MuaGXMfDxzFunVfihJJxs
;2SQmsx6lNWCoULcxmStPb9DwaPpAdBzUmi7Z1LBonI3wtPYHO8AlmZE9wyDQ4jdehO1ppxghgJHOdoS
;QkHGd8M0RR4M70E01YTn/DYGfotM1aN1zkPR9mON7gICd7IiNVLVDg184eVmlGL/FjDoffoD9ZePcPW
;iNigLsqOSRySjlMUOTN5SJXZk178WQFicyoLF5t3BVQORbq1k1Ke0RvFC0XgaOREFhzf33BawHa4asz
;W23FGVEjSZqwOT4SekQmclvoz/AQXGlUQcBqE47NzVk3DKh8P0oW6dUgKw9LQDpDW7D89xRVZk17wHE
;4n9uuMlljxBNYLhbq3U1Ke1JKOUxQ5M3lfSEHIB7DZBO03aI0UT73GlY7d4SwIz4kdlE0Q1mBoJZ9OQ
;dyf8d2Atj6zUU3DKgRXiNJirojLElLRTxBXOzG/wlmY0lt3mkGkuGjO1ppqH8jVxbpjh8rEmdGZmlgo
;fPjGFRuVXOOVSuqnvx0ADnFET9LFunVICsPS0A6Q1uz/PcUVWZNe8BxOIzdoj5SU80SW1cV6dVNSnsK
;I1UtUODXzh5WaUYs8WMOh9+gP1l49xtcOHKMij4+GmZXVS49gaORfS4HIB7DZBO03aI0UT73GlY7d4S
;wIz4kekI4SD2CqZF9OVdsX440SdyLoDc3KKh8Pzp3nYouJRVyEQpLVO3C/BhXc39wz2gCtN+vOEVp3h
;VeI3+Gu01JeBQjVX1xwKOJfTkHTX/aWgSE0KtoaGrBEF46c4ehEiQUYEYmLT6Bo5F9ORogHq5oBp/hr
;jVZapojWT56iLgoJA9LUydEXuT85BNQcyAdrAVn6/WqWioMqHxSNmK2tiIkHSZ8M0RR4M70E01YU3va
;cQ6F2ZIzUwyrWD9XFtq3f3lDd0dhAFm5k/BQDTRCfYM9AtLY4GgPbZAeDzV10bMseXs+I1UtUODXzh5
;WaUYs8WMOh9+gP1l49w9aI2KAuyo5JHJKOUxQ5M3lIlt1QXDKBWTsvs1aZW3BD1pkUunkTUp7eUIhcl
;7uzfdPZmFJcs9oAoXKkilSeNwVUTBltrMkJhp5RjtZYuXK4g1VZllBwGQKjr7ORjcMqCdtNn+asH4OJ
;jRzJ0hQ6Nb8XWlLYT6fK1De06BaGQyofFI2Yra2IiQdJnwzRFHgzvQTTVhTe9pxDoXZvgVRZcQdUjJ4
;nYorIxdxfDtMUOSjknc5ByBO4kRH2pD6b1phqFI/VxaEtDkVGHtNMx9i58r9HFRiTmrxdgKfyqQ0UH/
;3GlY7d4SwIz4kc0A6SVjexv8ZOQQgHq4FZ9u+zVpabdwjXDh4j+cSLBJ4QjhIU/X84hhNc0lwyXY4jd
;ehO1ppxghgMHWGsSgVCGBCJ1k9gqORfTkHBx6uBQqKypI5WGLOTmAxf4W0IC8VYHwmSEn1yv8aSlhGd
;8JkCo7QuQVeaKh/G1cW6eYveEgsQDEZEOWboRwUMxN8zShfjoerdwU0yURdZ3SK7SsrSBQKVS097MLl
;IlpoTnicWgGC0qw3UmLcI0wyYp28Iy0IS0U8QVzsxv8JZmlBc8sFZOG+zVpnQOlcDnkh3LggSk0UI1V
;AXPX88hJXYRJByGwLitOoNENT2xlLI3+Hsj4VHX1PNEBY79fOE1hqRUHPZwWZ27szVnjBE1FXFerVTU
;orWGJVBz2Bo/wcTVhDccBjVbTYpDZWYc0SSwhljKE5IxVzUApLVO3C/BhXc39wwXECmL7OWjcMqHwiV
;xbpuCw+JHdMO0sP3sX4EVhqRXDaWhOO3aU0WGDHG0ZXFeHVTUo9fU80QFjv15FsOQcgbsJkE43Rvzdo
;bcwUWiR/hrtNSX8UI1V/XOfXkWc5ByBx2GAVg9+jPWh/wBlTO2W2pj0vHnB8OURO9aOSfTkHIB6/BWf
;rzqwvRGn3FFo+cYGhEiYSZ1dVLj2Bo5F9KAcgHt5pBp/YoihaU8kYWz5igLojSngQI1Utc+7N9H0vBy
;Ae3ncCmM24KFJTyRhJNniKsBI+AmRGZC0+hKORfX9uWHvKBXHrvs0qRWnbD0olc7a0KTwaekAwckn40
;/RPOQQlHq4FIYLGqD43Lqh8PydkgLs5LwlLQDpDW97O8B5Rbk578WQKtMqoOV9ixxBQMG/p1k5KexRl
;E2s9rKORfUl1SXDaYBW03aI0UVPFHVw/f4ewEikOZ1c6QFT7xs4JVmhMdstkA7TQrDdSPah/PVcW6YF
;9SlYUI1VdT+jN5RhLWENxwGM4ht+uMl5izSNcImWduiAjAXF8IUJS7cv0HF1YTn/DYFXrvc9aNwz8TT
;9zFunVPTgSelcwX2LizP8bZmpBfcZsCY7hqzNbbcUZUSNJh7QgLyQlI1YnPYGjwTF4JxEwmTAKhr7pW
;jcM2A5WOWKMpxIpFHpFCkBc4sv4E1xYRnfCZAqO0LkFWW3FGWBlFurfTUp7RG8UDQyvlKQQVAcCHq4F
;F5nXoy5SfvcfUDlwtrgsKRN9TTByW+jR/ApYdUVB2nwXjr7OXTcMqDdTPmaZsD9KZBQjVV1P6M3lGEt
;YQ3HAYziG364yXmLNI1JmJtnkEikUcEZVLj2Bo5F9JgcgHt53DoXKqChob8cSWQh7iLYlIxVxfDgcDb
;GRzh5WY0UerQVn677NRTcMqAxNPnidsD8VGHtNM3JQ4MD5FFdif3OcNVfb4a41U2mofz9XFunVbEp7F
;FMnRFP1xuMiWmhOePFoBojWpDRSU8cfSzhJiLEpOB5nUFUuPYGjkX0ZByAe3ncOhcqoKGhvxxJZCHuI
;tiUjFXF8Ok5J7vzwDVBsRWeuBmfrvs1aGwyofE8lf4ehKDgkd0w7S2LswvIVUGlFQcFmE4ThoTtEePc
;JTzt5iLESLBR4RzBfPYKjkX05BwUergUXmdejLlJ+9x9QOXC2uCwpE31NMHJP5NP0CVBiUkHPYQOZ27
;4pNw+ofD9XFs3VTUoLZko7WVjz/PISV2F/c89mD4LQqAVFadgZSz5zm4osOhJ/RiwtPoGjkX05LyAer
;nUVgtC5P0VTyxNRMUmEtC4iEnpGCl9Y8cblFFx1f3LPdhO02b81Qnyofz9XFunVZ0p7FFMnRFP1xuMi
;WmhOePFoBojWpDRSU9oZTzJigLA/FQtmSjtZWPP8/xxUYiAdrgVn677SWjcM2A5WOWKMpxIpFHpFCkB
;c4sv4E1xYU3vacQ6F2ZIzUwyrWD9XFozgLn8YJkBsAASylKNQDWUZJ4M9X96J4GsBP5pLCW8viLEpen
;sNI1UtTfPK/wlcdX99wWsBtNOsOV9lxhlgI2+ZsE1JfRQjVUtR7tPhBDkhIB6udRWC0Lk/RVPLE1ExS
;YS0LiISekYKWUTxxs4cW2VSe9hsBp/XojQ3D6h8P1cW5dVNSgtmSjtZWPP85QRJYiAdqAVn69ihNUd8
;0XwzVxbppT8lHX1PMHJT4M70fToHIB6uBXTrvs0oVmrcI1sid4WKKDIPZlYmRFLvo5JxOQcgX8JpR47
;GuShCaM0OP0QW6dU/Kx1gfDxDW+jP/SJJZlRqy3cJ673IWjcM5BVRMmXpwE1Ke2ZGIV9c4tf4EldYWn
;bBdTifx70/Bgyrej9XFqe6PycaeCNALT2B0fQJS2ZDasdqCbTEpTVHU9wFTzIk6dZLSnsUbTpfUODPk
;Wk5ByBtxmALh+GpM0VpywhWOHi2uSQ5DxQgVS09gaOFfTkHU3XHdxO02rg7W1PNBEslY5q8IiR7Fy9V
;LT3Az/1dXH9UbNthApm+5Vo3DNsQTAh3jbEkPhJ7TTRBYuLM/hFQaUdBxmAOjNa5BUNlxRlgMGSIpSV
;KeDIjVS0Nr5OqTAE3EC6ANVzYjuNqDD2QTA9nONnufnpLOhNuGw2xk6FTCQc3Hq4FFIfNkjtZYs0dUz
;54joovLx9LRCdMTemjkn05ByAejAVn682hKWhtxhJaNnqAuyoVGG1PPENZ5NHOEVZwRWzxYhWKzqVaN
;AyofD9XNOnVTTkXZ3w0Q1Pkwv0UV2B/fddpDoXaqChoedgMWiVJjqcsOhMUIFUtPYGji305B1Ny3VoG
;hdCoO1tlxhtgJ3+aoSIkJHNRNF1VgaCRfTkHIA2uBWeY0r4FVnjFE0wnfoynKBUWe0cwLT6Co5F9WG5
;SHooFZ+vNoSlobscISzh7tqY4OB11QDByVO/F+BFVWEFwyWkCtNKkKUMMq3g/VxbZ7nR6ewMjVS1O7d
;DOHlZpVHHbdziZ270/Vnj3EVAzc+nWS0p7FGIXbnzD4JFPOQcgbcJ2OIjRojZeYs8jXjFijKcSOB53T
;DRZVO/EzglcalB73GQTnsyoBUNlxRlgMGSIpSVKeAIjVS0MuJO/TQI3Di6VNFfbkP1hBTiYTBFnFsnV
;TUoIeFAKTlLuz/gTXlhCe8paE47TvT9FbdwJTTJJhbw+PnsXJFUtPbGNoUYIMBAenAVn682hKWhvxxN
;TPniOii4zF31NMUhP3s/+Clx1f3bLZBOOzJIuUmHYGU02YpynKBUXfVAhLT6Go5F9CSkQJZ80V+uMzV
;o3f8QPYDR5hrkkJBxLQCxBVO/H9A9mclBuy3c4g9usLlJ+9whaOmaMpyw+DmZGCkFU8teRfj4HIB6eK
;1fQj/tqNyGofD8kepqKLiUUeEo7SmLtxvcJZmFFe8paD47fuT9FU9wZUidzm7Q5PwlxfDlETvWjkno5
;ByAugDVc2or9WigMqHxMO2W2tiIlF31NMnJQ6M3OEVh+RWzxcQ6G25I2Xn/cfDxXFunVTWB7FCMmQU7
;ewP4SVW5OefF1DpjKojRoZM0dSzJktqEoJwtxUTRZSPPGzhFQdFQerQJn6779dAc3mUoPVzLp1U05F2
;d8NkJS7cr/GmZ3T23aWhSI36M0XmLPI1syeoisEiYSZ1dVLjqBo5FNFzcbLYA1Z8i+zVpEYNsjXDh5h
;bwjLSRkUTByTuLC/xNQaUdBymALiseSNl5/3Hw8UBbp1X1kSy8Qex09r6ORfUprU0HNagiH16M9aH7B
;G1cjSY+wKC4kfEY0WVjz/OUYVHdFbM9xEpnbkjZef9x8PFAW6dV9ZEsvEmEdPaOjkX1Ka1NBzWoIh9e
;jPWh4wRFaCGKMuD0vCXVXIF9Y3sTjHElvIB24BWfrjuNqDD2fTBFnLdvhfXpVJBhkHQ2vk5FlOQcgbc
;J2OIzfvQVRZcQQYCVzmbAsPiR5TDFIPYKlkX05RmFc7EYk66fNWjd/xA9gMHWGsSgVHX1PMENc7MbOG
;1Z1TX/aBWSNvs1aTGvLE1sySY+8IS8VdU4wckro1/kSTHN/e9ZxGrTFoDtUZMESWghikKUoFRp2QSdI
;S+jC5RRWaV1B1WgGn9u/M1Zg9xJeOnO2tC8oCXFVPExJ6Mz/AGZ8TH/XYBW01qgzUGTcAVI6FtrVTUo
;IeFAKRVjg1/gTXlhCe8hqFY7hvz9UY8kIVjlxtqEoJwtxUTRZSPPGzglQakVByXcGm9bNWSIMqHwMZz
;jZ7n1kSy8SYh0TsZigTwk3Di6uEGfrvr42RFPBElk+eoWKLCQceEYKQVTy15F+PQcgHp4+Xtu+0lo3D
;NsQTAh/h7MkJhdLRDRdYufK/RFmdUVuy2QTtNOiPlIMq3o/VxaolA8IOFcjQy09gdD9DmZuTnjHaQu0
;zKgqUm3cI1I4cozVTkx7FCMUbH/D4NJ9IQcgHt1pFLTXozxeYMQjTDR3h7skJBxLTjpJWIGglH05B01
;xymAL66PNWjd/xA9gPniHsD8VGHtNIUJI8/z+G190RWrxaQ6Yys1ZNwyofD9xFunVPiYIS1M6Wlnk0c
;4bXGJEd8BiOJnRuTtDZccSYCV3nbwiFRZ7RzAtPoSjkX1fblh7ygVE677NKVt/9wxNMn6MtDkjFXN8N
;0hZ3tf0EEliUn/acBWO4aEzRHiofx9XFunlY3pAJRFlAw26lqFTCTwRKZ4rV9CP/WoZPJNNCGc42dV4
;SnsUUDleYvHR9BVcZlR3wGI4iMehM1lozQ5gO3mesD8VE3FCIUhP3tf0EEliUn/acBWO4aEzRHiofzh
;XFunlY3pAJRJlLQiBo5EOVXR/btxgD47fuTNZa/cfRjt/h7EoOCRhUyVIT97L9BxNYlJB2mAKm9u/O0
;N52hlgO3+aoU1JfBQjVR0TsZigSwkHEB6uBRSHzZIqRWnAGV4jf4eyEiYeclcKS1jkx84VXGZUe9xaE
;47TvT9FbdwJTTJJhbw+PnsXJFUtPbGNoUYIMxAejAVn682hKWh82hlXMnedvCMtJHlKO3JR4Nr0D2Zz
;SXPLWguCzblaNAyofD9XO+nVTTkXZ3wlX1jpxvAJUGlHQd5sFJ/RowVfackIWiVJnbAgOh5mQiFYT+T
;8/RRKcyAdqQVn647jagw9nkw/cBbp1T4mCEtTJ0hV5MLlFFdgf27BdhO0za47WWLBElgIcoy5LDMkeE
;omWT2CpJF9OTcOLpU2Sdu+61o3DNsQTAhmm7AlLxpgSjtKYvHR9CJKZEFwwGwJjOGpP1tt0SNTPmWd1
;U5NexQjZQMNupC/TTk2IB6udguY4b0oUmTNHUs+eI6KPyMcfFcKS1jkx84VXGZUe9xaE47TvT9FbdwJ
;TTJJhbw+PnsXJFUtPbGNoUYIMxAeiwVn682hKWh82hlXMnedvCMtJGBKOEhi9cb8DVx1QWrbdwK02b8
;7R2Sofx1XFunlY3pAIRN7HQawkaFNFzcbL541SduF/mwHPIZMBGYh2ft9SloUI1VeUfL84Q9QaVR3wG
;I4idupBUNpxQxaJXedoD8vJHhKJlk9gqqRfTk3Di6VNFDbkP1aBAyofEw7ZbalPyMVYEo7SmLi2v0UV
;2NFbPFpCJzbvwVfackIWiVJnbAgOh5mQiFYT+T8/RRKcyAdqQVn647jagw9mUw/ZBbp1T4mCEtTJ0RT
;9cr/GmZkWXLHawOOzJIvR3zNDmA/c4ihKDgkYEY4XVjzwuUIS2J/csd2E+u9ylo3DJhSD2wn3+VNZHs
;UIyZBTt7T4xRXc0lwyVoLjti5BVFpzRhgP3OIoSg4JGBGOF1Y88LlCEtif3LHdhPrvcpaNwyYUg9sJ9
;3lTWp7FCMmQU7e0+MUV3NJcMlaCoLQkjZWdc0OYCN/hLASJhJnV1UuPYGjkX0SByAe3WkUtM6/M1l4w
;RJYCGaApjklFUtLMExJ5NHOCVxqUHvcZBOezKgFW2XbCD9UEenVTXpVJBhkGw2BhpF9OXRMbfF1FYLQ
;uTNZa/cMUCRitqYuKxV6SjtKYuXG/RxAWEx33XFn6LnNWjc8hkwEZDjZ1WlKexRQOV5i8dH4E01uTnn
;xdRWO4b45VmLGFVEwSY2wISsCS088XkmBoJZ9OQcQMJ4+VMWOzXU3DKgPUyRJmackJA99TTJyT+jE+Q
;lmYUV7yloPjt+5P0VT3BlSJ3ObtDk/CXF8OURO9aOSejkHIC6ANVzaiv1aFAyofEw7ZbalPyMVYEo7S
;mL1yvwYZnNFc95gFYrKuChSU88OXid+6dZESnsUE3sdBrCUoVMJBzgergUUh82SKFhl9w5aMH+GuxI5
;GHVNCkBS5caRfj8HIB7HdguK0KlaIgyofEw7ZbamLisVeko7SmLyxuAIXGlDe64Gaeu+zTNZasEQU2l
;1hrs5JQ5mI1gtPYHQ/Q5mdEV/w1oTks6oWjQIqHw/OXmHsE1TexQjJkFO3tD5FFxrREHPaQCEzKQuX2
;H3CEYnc+nWT0p7FHVkLSGBo5EOVXR/bcZsAofakjNZasEQUwh3h7IhLyR4SiZZPYKkkX05NRIrlTZW3
;r7rWjcM2xBMCGKBvCMVDHVPOXJZ7tbzEVxYTHfAYBS0zKgqUm3cI1I4cozVTkx7FCMUbH/D4NJ9HAcg
;Ht1pFLTKpTNZU98dUztJmrwjLRdxfDlEU+T84xhJYkFq8WgIj9vNWTEMqHx+FlSrlg5KWhQjVV5R8vz
;lEklYU2vcYwaI25IzWWrBEFMId4eyIS8keEomWT2Cp5F9OTcbJ54FTuu+zSlabcQQYDZkjLQSORR4Sj
;FyVO/F+BFVWEZywXI4iNGgKlJi2x1LPnmH1U4RexQjZRYNupO/TwI3DiqaMVPQjuNuDDyGSg5jI9LlY
;3xAJA1iHQi4mKFTATwQMJkzVtKF/HQCN5hSB2Ih2O5/cUs6G20VBLqQqk0XPhItnz5S0I7jYwI+mEcO
;Zy3Y7k1dexQjJkJR6MfOFFdhSXLCWgaF2aE/aGDBD0tXFe/VTUpPIRhkHgiBt5F9OXRPcsdhOILQqzN
;bYPcMXiNijKcjSngRI1UtcejN9A45HCAernYIh9epBV5izhVTO0mZtDk+HmZNCk9S9df+EDkEJR6uBS
;uC0KgpNxqofD8kY5mlIjgPS0cgTFHexukJS3JTd8FrZ+iyzVo3TcQQHzJunac4Lh5mI0wtPYHQ5A1Ja
;FJq8WwJjdehNmhtxhtTMkmFvD4+excgVS09rJekfRkHIB7dcBeb0b8uaGXGGlY7era6OD4XfU0wXmLk
;2+UPTGNFbK4Ga+u+zRtbYIgZRyNknLEoOHsYI1UtTvTT4RJLc39q13UC673IWjcM5BVRMmXpxU1Ke2d
;WJV1S89fODk11QWrLYh7rvclaNwz8DloyFu7VTUoIYVMlQk/1o5J3OQcgW9hgFZLJpT9FaahfP1cWmq
;A/LBp3RgpeUu3K9SJbaFRqwWg4gtCrM1tg9wxeI2KMpyNKeBEjVS1x6M30DjknIB6udhKZ2Kw5UlPbE
;1M+crahIjokfU0zRFHt/OEcTXNFbMAFZO6+zVp7ZcYZTFcC6dVNPh55UzBfXPXW4xhmZUV68WkOmMrN
;WTcMqHw/Qhbp1TkvFmRGJ0xJ9NH0IlViRmrxaQ6Yys1ZNwyofD9BFunVOS8WZEYnTEn00fQiS25Hdtp
;aC4LNuVo0DKh8P1cY6dVNPh55UzlMSeT8/xJNYlMerQVn677NVTcMqAtWJ3O2oSI9HmZ8OEJZ5KOSdz
;kHIFfAcQKZ0qw5UmiobD9XFp68PS8kYEwiSE/e0PkcSWIgHacFZ+vsqDlDbcYbUzIW59VNSgx9UzByS
;uDP/SJUaER7rgZt677NE1l4zQ5TNnWMsU1aexQjOkJH5PziFVBiTHrxcR6b281ZPgyofGg2YoynCysX
;eCN6LT2BoZF9OQYgHq5DZ+u+zFo3DKd8P1dF6bBNPntgIzwtU4HEkV05QCBsrmpnnr69WhcMmXw+Vxb
;p1U1KewQjVS09gaORfTkHIB6uBWfrvs1aNwyofD9XFunVTUp7FiNVLTmBo5F5OQcgY6AFZ+2+zVpRYM
;cMTy4W6dU3CXsUWRYtPfvgkX05B+3SYjtm674FGDcMYD4+Vxbp1U2COhQjVS0/gaORfzkHIB4qBmfqv
;s2SdgyofD9XFsmVgIa3KiNVLT2Bowo+OQe7Xa4Fu6mKzVo3DKh8P1UW6dVZSnsUI1UtPYGjkX05ByAe
;rgVn677NWjcNqHw/Vxbp1U1KexQjVS09gaORffsKIB6uBWfr5s1aNy+ofD8ybp2nOC4eZhIKTkjy1/4
;QZndSd8BxBonSqAVFac8VUDlJkdVMSnsUI1UtPYGjtn05B0Vm2ncSj9u/a2hv3Q9LOHu2pT8jFWBCN0
;FY3tH0GlBoTkHWdg6R281bNwyofD/XfanVbkp7FEYtWU/0x/QPCFhDa91xCIbhvSheYtwdXTtztqcoL
;RJ7TQpUPYCjkX05ByAergVA677NP0942glbMmTYii4/CGBMOHJN88r/CVhlTHvxdwKM16I0aHXbFUUy
;FujVTUp7FKM+bT2io5F9XH9UbNthApmMkjlCf9wTUghmm7wjPhp2TzByT+TE+BJXWFgerwVn677NWjc
;MqFs/VxaMrTk4DnBGJx9i4tbiCVZqf27cbAmf3682UlPaGVg+eYeKNTkSbkZVLD2Bo5F9OQcgHo0FZ+
;vbtS5FecwZTWVJiqA+PhR5fCVfVO/X8B9VYn9sy2IOhNCSIzcNqHw/Vxbp1U1KXBQjVUhF9dHkGVx1E
;kHNcBSf0aAFR37BEks2dIWwEjgec0o6Q2L40PgHXAchHq4FZ+u+zVo3Gah8Pzp3ir0kJB5LQjhySeTA
;+RNWa0951wVm677NWjcMqHw/Rxbp1SArGHxKO0hi48LkGUtmVHuuBGfrvs1aFwDpfC5XFum4LCkTfU0
;wcl/kx84OUWZQe64EZ+u+zVo3DKh8K1cW6bgsKRN9TTByX+THzglcalBBw2Qf67/NWjcMqPxkFxbw1U
;1KFnVAPURT5PzzGFVzf3nPaxOZx5I7WWvEGT9WFunVTUr7UmNVOz2Bo/wcWm9JcMtaBITTvT9Zf8kIV
;jh4tq1NS3sUI1UtPdjjkWs5ByBzz2YPgtCoBVRjxQxaOWWIoSQlFUtaVSw9gaORfTleYB6MBWfr06w5
;X2XGGWAzd520EiwSeEYKWVX0zvMTWG5MQcZgDozWuVo2DKh8P1cWbZVNa3sUIzhMXunK/xhmY0Fqz1o
;BgtKoBUNk3RFdOXeAuRI9EnBXPS08gaORfTkHpF6uCGfrvqA7VGTBEloIcoC4EjJ7FSNVLT2B4/49OQ
;ogHq5oBojWpDRSU8wVUghv6dRNSnsUIxVCfYGukX05akF9xmwJjuGpM1pT0nw+Vxbp1U0KFFQjSS09g
;c7wHlFuTnvxYQ6Yyqw0VGn3Gk04e7a3IjgfcVFVLD2Bo5F9OQNgHroFZ+vTrDlfZcYZYDJunac4Lh5m
;fDtYUIGikX05ByAeXjpn8b7NWlptyxRWOXO2sDU+CWFHMF9i7sX3Dlxzf2acBWbrvs1aNwyRPD9NFun
;VICsYfEo7SGLk2+UPTGNFbPFqAY3NqC5odZp8PlcW6dVNSnsUI0ctPYHO8B5Rbk578WMOh9+gP1l490
;0/Vhbp1U1KexRjVT89gaP8HFpvSXDLWgGC0qw3UmLcIw1XF+nVTUp7FCMVLR6Bo5EQWGRId8BgOI3Xv
;zdAbdoZYDZ1irAhLwl1VzxCU97GzhBYfyAfrgVn675FmXcMjnw/V3uItiUjFXF8M0RP7NTwD1xYQX3N
;YAuOzKwuXmPGI08lf4ehJCQcFCJVLT2Bo9HyeQcFHq4FCordpTNZafcaViV7nrQ/LyR1QDZIUeTR8Al
;QaE5B3GATmd+uLjcNqHw/VxaZcg1KXxQjVUBc4sv4E1xYRnfcaBCKzKgFVm/LGVMyZIihJCUVS1cnTE
;vkz5F8OQcgHq5F6Ku+7lo3DMUdXD9/h7ASLBJmTiJMT+T88B5aYkx73GQTgtGjBU9TxR1HVxfp1U1Ke
;4DiFS0egaOREFhkSHfAYDiN1783QG3aGWA2dYqwIS8JdVc8QlPe2s4QWH8gH64FZ+u+WZt3DIt8P1d7
;iLYlIxVxfDNET+zU8A9cWEF9zWALjsysLl5jxiNFCHuIrU1LexQjVS092OORYjkHIHPPZg+C0KgFUWX
;aEUg2ZIyKKy8ecFE0WVjexs4QWH8gH64FZ+u+zWN3DLd8P1d7iLYlIxVxfDNET+zU8A9cWEZ7y2EVis
;qoBU9TxR1HVxfp1U1Ke9RRFS0igaOREFhkSHfAYDiN1783QG3aGWAxc4yxPysPcXwsclDg25F8OQcgH
;q7FFau+0lo3DMUdXD9/h7ASLBJmTiJMT+T89xhcY1J/2mA4keGgO08MqXw/Vxbp1VkKewMjVS1Q4MD5
;FFdif3jHdwqc378/aGbNDlQIc+nUTUp7FCNVOX2BtJF9OWpBfcZsCY7hqzNFYd8dTTJJg7A/ISRsI1Q
;tPYGjkX0RRyAJrgVnht+uMl5izSNZPmSEoiw4HktJMF9W3tqRfDkHIB6uBU+rvtpaNwzFHVw/f4ewEi
;wSZk4iTE/k/PsYS2x/ZK4E/XInVMOu1Zd8KlcW6bgsKRN9TTByWuDN5Q9AWEh7x2IPn77MWjcMqHw/V
;xbpwU1Ke3lCNkVU78bOGlpoRHvxZASf16I0Nw2ofD9XFunVTUplFCNVQFziy/gTXFhHfcFhArTKpS9a
;bsYdVjtJgbAkLRNgI1QtPYGjkX1QRyADrgVnht+uMl5izSNYNHmNsBI+E2FON0Nc6M/OClBjVHauBGf
;rvs1aN2XofCBXFum4LCkTfU0wclHg0OUiTHdMcc9hOJjbvyxSfvcIRidz6dRNSnsUI1UtPYG0kX05ak
;F9xmwJjuGjNU12xBlgM3+IuCg+HmYjVC09gQMI5OA4IAeuBWeG364yXmLNI1E4bJO5KBUffUI4SEnk0
;c5POQYgHq6l/nJn8louDKh8UjZ1gbwjLyR6TC9XUeT85RhUd39zz3042r7MWjcMqHxfJFbpzE1Ke3lC
;NkVU78bOE1Z9WnLLWhOO070FWm3QIw1XF+nVTUp7dFAVLS+Bo5EQWGRId8BgOJvMpDRDU8UTWzIW6NV
;NSnsUI1UtPaCjkX1UZkN2x2sCtM6/NVp83CNKJHO2pywsD0tXPV9Y8sv+EV0HIR6uBWfrfq8aNwGofD
;86d4q9JCQeS1AhSE3ko5B9OQcgHq4FZ+uczVo3YckfVz54jIo7IwlgVjRBYuTb5Q9MY0Vs8WoBjc2oL
;mh0mnw+Vxbp1U1KQlQjdy09gc7wHlFuTnvxcw6Zyrg7W1PNBEslY42wPxUUckUmSEne2qN9OAcgHq4F
;Z+u+zXs3DKgZRyNknLEoOEpLQCBeSe7Ozg1Lbk5qz2cLjuG/P1BlxxI/VRbp9E1Ke3FbIV9I5cbjT2Z
;kVW3aagq0zr8zWXjJHlMySZuwKiMUeiNXLT2No5F9VGZDdsdrArTcqDZDDKp8P3cW6dUgKxh8SjtIYu
;LW4glWan9u3GwJn9ejPWh82hVQJX+drE1IexQ7VS097MLyFVBpRUHKZBOK4a41WXjNEksId42xTUh6F
;DZVLT3swvIVUGlFQcpkE4rhqzNbafcdWzMW69RNbnsUIzhMXunK/xhmYlhq3HADjsySKUBl3B9XCGGI
;vDkVE3FCIURT5qOTfTkUIB6uaAaI1qQ0UlPOHVEIdYa7OTgUeCNXLD2ao5F9VGZDdsdrArTYpChae8k
;OWghkjKE/KxhgSjpDPYOjkV05ByBzz2YPgtCoBVFl2hFINmSMijkjFnF8MF5J6M7wCVBoTh6sBWf2vs
;1aWm3LFFY5c7ayLiUfcXwwclD0z+UUSWtZQchpCJy+z1o3F6h8Pzp3ir0kJB5LRDZCWeT85RVMakJwz
;2wLtN+pPjcOqHwvVxbpuCwpE31NMHJV5MLlIltiRB6sBGf4vs1aWm3LFFY5c7a8KS8DS1AsXknkzpF/
;OQc8Hq4FCordpTNZafcTUj5itqcsIwhxVzpYXun88hJdYiAcrgVy677NN1ZvwBVRMkmGpyQtEnp8Nkh
;T9cbjfTsHIAmuBWeG364yXmLNI08leYSlORUOZ0YKX1zn15F/OQcKHq4FCordpTNZafcMTTh7maESPw
;hxfCdMW/X89QhJa0l9z3EOhNCSN15+2hNNVxTp1VdKexRONE5V6M30IktiTH/abBGO4agiQ37dD1Y4e
;OnXTUpYFCNVQFziy/gTXFhSe91gE7TbkjZSYs8IVwh6iKwoOCR3SzRDWuSjk305JSAermgGiNakNFJT
;3h1TPnKIoSgVC2ZKO1lU78TODUtuT2zHcR7rvMxaIAyofFAhc5unJC4eS1A5RF7k/OIYTXNJcMl2Z+m
;+zU03DKgUWjZigLsqFQh9TiBBXPXK/hNmY0FqzwVk677NWjcbqHw/OneKvSQkHktFPEFc7Mb/CWZpQX
;PLWlbrvcdaNwz4MH53J8fieCcWFDRVLT3swvIVUGlFQchsC4rTqDRDU8YdUjJJ29VOQHsUIwVhfKGSv
;0oMak0evwVn69OsOV9lxhlgMX+FsBIkGnlGVS47gaORG1VoUG7XBXLrvs03Vm/AFVEySY+8PycMdVEw
;ckn40/R9OgAgHq5OC4LOvT9FDKJ8P1d7iLYlIxVxfDxJPYKHkX05YhV9m2ZViIfgYwQ7mlELNS/Q+HV
;yTiMOZBsOs5SnRQBmRHqeBXXrvs03Vm/AFVEySYTkfXpKS0A6SViBoJF9OQcgDK4FZ4bfrjJeYs0jUm
;Ym2ecSKRRwRlUuPYGjkX0rByAew2QEg9ejP2hhmkwPZ0mKuikvexcjVS09ga+RfTlqQX3GbAmO4bkjR
;2mofzlXFumzISULZFpVND2Bo/wcWm9JcMtaE5LOqAVWbsoOWiF/iKEkJRUUIFUtPYGjkX05ByAergV3
;677NWjcMqHw/Vxbp1U1KexQjVS89gaPqAEAFIB6vBWfry89aNwaofD8HWqj1fGRMIU44LT2BQ659OZx
;kHq5CJG5VChs3TDQ5P1fsr9VNgjk8IVUtPYGjkXI5ByAOrgVnjdehO1ppxghgM3OHpiQ+AhQiVS09ga
;Px7nkHMR6uBQGC0qw3UmLcI1s+d4SwOS8JFCJVLT2Bo5GBBgcxHq4FAYLSrDdSYtwjWTt5nqcsPh4UI
;lUtPYGjkSR5By4ergUBgtKsN1Ji3CNPJX+KsE1LexQj9V3AueORbzkHIHjHaQaG26MuaHrNDlYxb7a8
;KUp6FCNVLb0RYNF9LgcgHsFzApnMpD5SU9sQVjRztqYoPg99TTJePYOjkXM5ByB4x2kGhtujLmhu2h1
;RMxbq0k1Ke0ZCPF5YsueRaDkHIHjHaQaG26MuaGjBD087d5CKIysWcSNWMT2Bo8ovWG5Te51BOsvuvz
;9aZd0RHwdaqPV8ZEwhTjgtL4GjkRtQa0Fzy2sTtNikNlJTxh1SMhbq301Ke0RvFA0Mr5SkEFQHMh6uB
;QGC0qw3UmLcI1g0eY2wEi8VcCNWLT2Bo5FpOQcgeMdpBobboy5oa8sTWzJJmqEsOA8UIFUtPYGjmn05
;B0Z3wmQKjtC5BV5oqH8bVxbp5i94SCxAMRkQ5ZuhHBQzE3zNKF+Oh6t3BTTJRF1ndIrtKytIFC5VLT3
;nyv0cVGJOavFrBobbzVk9DKh8bxtXyeRjfU55TlU3PYGj9xRVZk17wHE4hd+gP2htyh5NMmCAtDkjFH
;ojVi49gaPBMXgHLh6uBQGC0qw3UmLcI1E4YoymTUl7FCNVLT2Bo5F9OQcgDq4FZ+u+zVo3DKh8P1cW6
;dVNSnsWI1UtRvyjkX05ByAergVn677NWjcMqHw/Vxbp1U1KexQjVS09gQ==
;Data end
;Recover start:29
;G21
;G90
;G28 X0 Y0
;G92 X0 Y0 Z{z}
;M221 T0 S100.00
;M140 S60.00
;M104 T0 S200.00
;M109 T0 S200.00
;T0
;M190 S60.00
;G21
;G90
;M82
;M106 S0
;T0
;G92 E0
;G1 F140 E29
;G1 X20 Y0 F140 E30
;G92 E0
;T{current_extruder}
;M106 S{current_fan_speed}
;G92 E{current_extrusion}
;G0 F6000 X{x} Y{y} Z{z}
;G0 F{current_travel_speed}
;G1 F{current_extrude_speed} E{current_extrusion}
;{current_unit}
;{current_pos_abs}
;{current_extrude_abs}
;M117 Printing...
;Recover end
;Print Time: 916
;Material#1 Used: 584.6
;Material#1 Cost: 0.04
