;Sliced by ideaMaker 5.5.0.8810, 2026-09-28 19:58:54 UTC+0200
;Slicer Version: 5.5.0.8810
;Dimension: 250.000 250.000 250.000 0.400
;Plate Shape: 0
;Origin Center: 0
;Extruder Offset #1: 25.000 0.000
;Filament Diameter #1: 1.750
;Filament Diameter #2: 1.750
;Filament Compensation #1: 100.000
;Filament Compensation #2: 90.000
;Filament Density #1: 1240.000
;Filament Density #2: 1240.000
;Filament Type #1: PLA
;Filament Type #2: PLA
;Filament Name #1: [Raise3D] Premium PLA 1.75mm
;Filament Name #2: [Raise3D] Premium PLA 1.75mm
;Filament #1: PLA 1.75mm
;Filament #2: PLA 1.75mm
;Printer Type: floppy
;Firmware: Klipper
;Bounding Box: 100.000 150.000 100.000 150.000 0.000 50.000
;Model Gap: 0.000
M221 T0 S100.00
M140 S60.00
M104 T0 S200.00
M109 T0 S200.00
T0
M190 S60.00
G21 ;metric values
G90 ;absolute positioning
M82 ;set extruder to absolute mode
M107 ;start with the fan off
G28 X0 Y0 ;move X/Y to min endstops
G28 Z0 ;move Z to min endstops
G1 Z15.0 F9000 ;move the platform down 15mm

G92 E0 ;zero the extruded length

G0 X43 Y27 F2000  ;go to the edge of the bed
G92 X0 Y0 E0 ;set zero to edge of the bed
G0 F9000 Z1 ;Z up with 1mm
G1 F200 Z0 ;Z home slowly

G1 Z15.0 F9000 ;move the platform down 15mm

G1 F9000 ;speed setting
G92 E-3 ;retraction
M117 Printing...
M1001
;TOTAL_NUM: 1
;PRINTING_TIME: 0
;REMAINING_TIME: 6235
;LAYER:0
;Z:0.250
;HEIGHT:0.250
M106 S0
;PRINTING: Flow_Calibration_Cube_0.4_mm.stl
;PRINTING_ID: 0
G1 F2400 E-1.0000
SET_VELOCITY_LIMIT ACCEL=500.00
SET_VELOCITY_LIMIT SQUARE_CORNER_VELOCITY=5.00
G0 F3900 X100.200 Y100.200
G0 F300 Z0.250
;TYPE:WALL-OUTER
;WIDTH:0.400
G1 F1500 E0.0000
G1 F2400 X149.800 Y100.200 E2.0621
G1 X149.800 Y149.800 E4.1243
G1 X100.200 Y149.800 E6.1864
G1 X100.200 Y100.200 E8.2485
G0 F3900 X100.600 Y100.600
;TYPE:WALL-INNER
;WIDTH:0.400
G1 F2400 X149.400 Y100.600 E10.2774
G1 X149.400 Y149.400 E12.3062
G1 X100.600 Y149.400 E14.3351
G1 X100.600 Y100.600 E16.3640
G0 F3900 X101.000 Y101.000
G1 F2400 X149.000 Y101.000 E18.3596
G1 X149.000 Y149.000 E20.3552
G1 X101.000 Y149.000 E22.3508
G1 X101.000 Y101.000 E24.3464
G0 F3900 X101.400 Y101.400
G1 F2400 X148.600 Y101.400 E26.3088
G1 X148.600 Y148.600 E28.2711
G1 X101.400 Y148.600 E30.2335
G1 X101.400 Y101.400 E32.1958
G1 F2400 E31.1958
G1 F300 Z0.450
G0 F3900 X101.579 Y148.248
;TYPE:SOLID-FILL
;WIDTH:0.400
G1 F300 Z0.250
G1 F1500 E32.1958
G1 F2400 X101.749 Y148.418 E32.2058
G0 F2400 X102.315 Y148.418
G1 F2400 X101.579 Y147.682 E32.2491
G0 F2400 X101.579 Y147.117
G1 F2400 X102.881 Y148.418 E32.3256
G0 F2400 X103.446 Y148.418
G1 F2400 X101.579 Y146.551 E32.4354
G0 F2400 X101.579 Y145.985
G1 F2400 X104.012 Y148.418 E32.5784
G0 F2400 X104.578 Y148.418
G1 F2400 X101.579 Y145.420 E32.7547
G0 F2400 X101.579 Y144.854
G1 F2400 X105.143 Y148.418 E32.9643
G0 F2400 X105.709 Y148.418
G1 F2400 X101.579 Y144.288 E33.2071
G0 F2400 X101.579 Y143.722
G1 F2400 X106.275 Y148.418 E33.4832
G0 F2400 X106.841 Y148.418
G1 F2400 X101.579 Y143.157 E33.7926
G0 F2400 X101.579 Y142.591
G1 F2400 X107.406 Y148.418 E34.1352
G0 F2400 X107.972 Y148.418
G1 F2400 X101.579 Y142.025 E34.5111
G0 F2400 X101.579 Y141.460
G1 F2400 X108.538 Y148.418 E34.9202
G0 F2400 X109.103 Y148.418
G1 F2400 X101.579 Y140.894 E35.3626
G0 F2400 X101.579 Y140.328
G1 F2400 X109.669 Y148.418 E35.8382
G0 F2400 X110.235 Y148.418
G1 F2400 X101.579 Y139.763 E36.3471
G0 F2400 X101.579 Y139.197
G1 F2400 X110.800 Y148.418 E36.8893
G0 F2400 X111.366 Y148.418
G1 F2400 X101.579 Y138.631 E37.4647
G0 F2400 X101.579 Y138.066
G1 F2400 X111.932 Y148.418 E38.0734
G0 F2400 X112.497 Y148.418
G1 F2400 X101.579 Y137.500 E38.7154
G0 F2400 X101.579 Y136.934
G1 F2400 X113.063 Y148.418 E39.3906
G0 F2400 X113.629 Y148.418
G1 F2400 X101.579 Y136.369 E40.0990
G0 F2400 X101.579 Y135.803
G1 F2400 X114.194 Y148.418 E40.8408
G0 F2400 X114.760 Y148.418
G1 F2400 X101.579 Y135.237 E41.6158
G0 F2400 X101.579 Y134.672
G1 F2400 X115.326 Y148.418 E42.4240
G0 F2400 X115.891 Y148.418
G1 F2400 X101.579 Y134.106 E43.2655
G0 F2400 X101.579 Y133.540
G1 F2400 X116.457 Y148.418 E44.1403
G0 F2400 X117.023 Y148.418
G1 F2400 X101.579 Y132.974 E45.0483
G0 F2400 X101.579 Y132.409
G1 F2400 X117.589 Y148.418 E45.9896
G0 F2400 X118.154 Y148.418
G1 F2400 X101.579 Y131.843 E46.9641
G0 F2400 X101.579 Y131.277
G1 F2400 X118.720 Y148.418 E47.9720
G0 F2400 X119.286 Y148.418
G1 F2400 X101.579 Y130.712 E49.0130
G0 F2400 X101.579 Y130.146
G1 F2400 X119.851 Y148.418 E50.0874
G0 F2400 X120.417 Y148.418
G1 F2400 X101.579 Y129.580 E51.1950
G0 F2400 X101.579 Y129.015
G1 F2400 X120.983 Y148.418 E52.3358
G0 F2400 X121.548 Y148.418
G1 F2400 X101.579 Y128.449 E53.5099
G0 F2400 X101.579 Y127.883
G1 F2400 X122.114 Y148.418 E54.7173
G0 F2400 X122.680 Y148.418
G1 F2400 X101.579 Y127.318 E55.9579
G0 F2400 X101.579 Y126.752
G1 F2400 X123.245 Y148.418 E57.2318
G0 F2400 X123.811 Y148.418
G1 F2400 X101.579 Y126.186 E58.5390
G0 F2400 X101.579 Y125.621
G1 F2400 X124.377 Y148.418 E59.8794
G0 F2400 X124.942 Y148.418
G1 F2400 X101.579 Y125.055 E61.2530
G0 F2400 X101.579 Y124.489
G1 F2400 X125.508 Y148.418 E62.6600
G0 F2400 X126.074 Y148.418
G1 F2400 X101.579 Y123.923 E64.1002
G0 F2400 X101.579 Y123.358
G1 F2400 X126.639 Y148.418 E65.5736
G0 F2400 X127.205 Y148.418
G1 F2400 X101.579 Y122.792 E67.0803
G0 F2400 X101.579 Y122.226
G1 F2400 X127.771 Y148.418 E68.6203
G0 F2400 X128.337 Y148.418
G1 F2400 X101.579 Y121.661 E70.1935
G0 F2400 X101.579 Y121.095
G1 F2400 X128.902 Y148.418 E71.8000
G0 F2400 X129.468 Y148.418
G1 F2400 X101.579 Y120.529 E73.4398
G0 F2400 X101.579 Y119.964
G1 F2400 X130.034 Y148.418 E75.1128
G0 F2400 X130.599 Y148.418
G1 F2400 X101.579 Y119.398 E76.8191
G0 F2400 X101.579 Y118.832
G1 F2400 X131.165 Y148.418 E78.5586
G0 F2400 X131.731 Y148.418
G1 F2400 X101.579 Y118.267 E80.3314
G0 F2400 X101.579 Y117.701
G1 F2400 X132.296 Y148.418 E82.1375
G0 F2400 X132.862 Y148.418
G1 F2400 X101.579 Y117.135 E83.9768
G0 F2400 X101.579 Y116.570
G1 F2400 X133.428 Y148.418 E85.8493
G0 F2400 X133.993 Y148.418
G1 F2400 X101.579 Y116.004 E87.7552
G0 F2400 X101.579 Y115.438
G1 F2400 X134.559 Y148.418 E89.6943
G0 F2400 X135.125 Y148.418
G1 F2400 X101.579 Y114.873 E91.6666
G0 F2400 X101.579 Y114.307
G1 F2400 X135.690 Y148.418 E93.6722
G0 F2400 X136.256 Y148.418
G1 F2400 X101.579 Y113.741 E95.7111
G0 F2400 X101.579 Y113.175
G1 F2400 X136.822 Y148.418 E97.7832
G0 F2400 X137.388 Y148.418
G1 F2400 X101.579 Y112.610 E99.8886
G0 F2400 X101.579 Y112.044
G1 F2400 X137.953 Y148.418 E102.0273
G0 F2400 X138.519 Y148.418
G1 F2400 X101.579 Y111.478 E104.1992
G0 F2400 X101.579 Y110.913
G1 F2400 X139.085 Y148.418 E106.4044
G0 F2400 X139.650 Y148.418
G1 F2400 X101.579 Y110.347 E108.6428
G0 F2400 X101.579 Y109.781
G1 F2400 X140.216 Y148.418 E110.9145
G0 F2400 X140.782 Y148.418
G1 F2400 X101.579 Y109.216 E113.2195
G0 F2400 X101.579 Y108.650
G1 F2400 X141.347 Y148.418 E115.5577
G0 F2400 X141.913 Y148.418
G1 F2400 X101.579 Y108.084 E117.9292
G0 F2400 X101.579 Y107.519
G1 F2400 X142.479 Y148.418 E120.3339
G0 F2400 X143.044 Y148.418
G1 F2400 X101.579 Y106.953 E122.7719
G0 F2400 X101.579 Y106.387
G1 F2400 X143.610 Y148.418 E125.2432
G0 F2400 X144.176 Y148.418
G1 F2400 X101.579 Y105.822 E127.7477
G0 F2400 X101.579 Y105.256
G1 F2400 X144.741 Y148.418 E130.2854
G0 F2400 X145.307 Y148.418
G1 F2400 X101.579 Y104.690 E132.8565
G0 F2400 X101.579 Y104.125
G1 F2400 X145.873 Y148.418 E135.4608
G0 F2400 X146.438 Y148.418
G1 F2400 X101.579 Y103.559 E138.0983
G0 F2400 X101.579 Y102.993
G1 F2400 X147.004 Y148.418 E140.7691
G0 F2400 X147.570 Y148.418
G1 F2400 X101.579 Y102.427 E143.4732
G0 F2400 X101.579 Y101.862
G1 F2400 X148.136 Y148.418 E146.2105
G0 F2400 X148.419 Y148.136
G1 F2400 X101.862 Y101.580 E148.9479
G0 F2400 X102.428 Y101.580
G1 F2400 X148.419 Y147.571 E151.6520
G0 F2400 X148.419 Y147.005
G1 F2400 X102.994 Y101.580 E154.3228
G0 F2400 X103.560 Y101.580
G1 F2400 X148.419 Y146.439 E156.9603
G0 F2400 X148.419 Y145.874
G1 F2400 X104.125 Y101.580 E159.5647
G0 F2400 X104.691 Y101.580
G1 F2400 X148.419 Y145.308 E162.1357
G0 F2400 X148.419 Y144.742
G1 F2400 X105.257 Y101.580 E164.6735
G0 F2400 X105.822 Y101.580
G1 F2400 X148.419 Y144.176 E167.1780
G0 F2400 X148.419 Y143.611
G1 F2400 X106.388 Y101.580 E169.6492
G0 F2400 X106.954 Y101.580
G1 F2400 X148.419 Y143.045 E172.0872
G0 F2400 X148.419 Y142.479
G1 F2400 X107.519 Y101.580 E174.4919
G0 F2400 X108.085 Y101.580
G1 F2400 X148.419 Y141.914 E176.8634
G0 F2400 X148.419 Y141.348
G1 F2400 X108.651 Y101.580 E179.2016
G0 F2400 X109.216 Y101.580
G1 F2400 X148.419 Y140.782 E181.5066
G0 F2400 X148.419 Y140.217
G1 F2400 X109.782 Y101.580 E183.7783
G0 F2400 X110.348 Y101.580
G1 F2400 X148.419 Y139.651 E186.0167
G0 F2400 X148.419 Y139.085
G1 F2400 X110.913 Y101.580 E188.2219
G0 F2400 X111.479 Y101.580
G1 F2400 X148.419 Y138.520 E190.3938
G0 F2400 X148.419 Y137.954
G1 F2400 X112.045 Y101.580 E192.5325
G0 F2400 X112.610 Y101.580
G1 F2400 X148.419 Y137.388 E194.6379
G0 F2400 X148.419 Y136.823
G1 F2400 X113.176 Y101.580 E196.7100
G0 F2400 X113.742 Y101.580
G1 F2400 X148.419 Y136.257 E198.7489
G0 F2400 X148.419 Y135.691
G1 F2400 X114.308 Y101.580 E200.7545
G0 F2400 X114.873 Y101.580
G1 F2400 X148.419 Y135.125 E202.7269
G0 F2400 X148.419 Y134.560
G1 F2400 X115.439 Y101.580 E204.6660
G0 F2400 X116.005 Y101.580
G1 F2400 X148.419 Y133.994 E206.5718
G0 F2400 X148.419 Y133.428
G1 F2400 X116.570 Y101.580 E208.4443
G0 F2400 X117.136 Y101.580
G1 F2400 X148.419 Y132.863 E210.2837
G0 F2400 X148.419 Y132.297
G1 F2400 X117.702 Y101.580 E212.0897
G0 F2400 X118.267 Y101.580
G1 F2400 X148.419 Y131.731 E213.8625
G0 F2400 X148.419 Y131.166
G1 F2400 X118.833 Y101.580 E215.6020
G0 F2400 X119.399 Y101.580
G1 F2400 X148.419 Y130.600 E217.3083
G0 F2400 X148.419 Y130.034
G1 F2400 X119.964 Y101.580 E218.9813
G0 F2400 X120.530 Y101.580
G1 F2400 X148.419 Y129.469 E220.6211
G0 F2400 X148.419 Y128.903
G1 F2400 X121.096 Y101.580 E222.2276
G0 F2400 X121.661 Y101.580
G1 F2400 X148.419 Y128.337 E223.8008
G0 F2400 X148.419 Y127.772
G1 F2400 X122.227 Y101.580 E225.3408
G0 F2400 X122.793 Y101.580
G1 F2400 X148.419 Y127.206 E226.8475
G0 F2400 X148.419 Y126.640
G1 F2400 X123.359 Y101.580 E228.3210
G0 F2400 X123.924 Y101.580
G1 F2400 X148.419 Y126.075 E229.7612
G0 F2400 X148.419 Y125.509
G1 F2400 X124.490 Y101.580 E231.1681
G0 F2400 X125.056 Y101.580
G1 F2400 X148.419 Y124.943 E232.5418
G0 F2400 X148.419 Y124.377
G1 F2400 X125.621 Y101.580 E233.8822
G0 F2400 X126.187 Y101.580
G1 F2400 X148.419 Y123.812 E235.1893
G0 F2400 X148.419 Y123.246
G1 F2400 X126.753 Y101.580 E236.4632
G0 F2400 X127.318 Y101.580
G1 F2400 X148.419 Y122.680 E237.7038
G0 F2400 X148.419 Y122.115
G1 F2400 X127.884 Y101.580 E238.9112
G0 F2400 X128.450 Y101.580
G1 F2400 X148.419 Y121.549 E240.0853
G0 F2400 X148.419 Y120.983
G1 F2400 X129.015 Y101.580 E241.2262
G0 F2400 X129.581 Y101.580
G1 F2400 X148.419 Y120.418 E242.3338
G0 F2400 X148.419 Y119.852
G1 F2400 X130.147 Y101.580 E243.4081
G0 F2400 X130.712 Y101.580
G1 F2400 X148.419 Y119.286 E244.4492
G0 F2400 X148.419 Y118.721
G1 F2400 X131.278 Y101.580 E245.4570
G0 F2400 X131.844 Y101.580
G1 F2400 X148.419 Y118.155 E246.4315
G0 F2400 X148.419 Y117.589
G1 F2400 X132.409 Y101.580 E247.3728
G0 F2400 X132.975 Y101.580
G1 F2400 X148.419 Y117.024 E248.2809
G0 F2400 X148.419 Y116.458
G1 F2400 X133.541 Y101.580 E249.1556
G0 F2400 X134.107 Y101.580
G1 F2400 X148.419 Y115.892 E249.9971
G0 F2400 X148.419 Y115.326
G1 F2400 X134.672 Y101.580 E250.8054
G0 F2400 X135.238 Y101.580
G1 F2400 X148.419 Y114.761 E251.5804
G0 F2400 X148.419 Y114.195
G1 F2400 X135.804 Y101.580 E252.3221
G0 F2400 X136.369 Y101.580
G1 F2400 X148.419 Y113.629 E253.0305
G0 F2400 X148.419 Y113.064
G1 F2400 X136.935 Y101.580 E253.7058
G0 F2400 X137.501 Y101.580
G1 F2400 X148.419 Y112.498 E254.3477
G0 F2400 X148.419 Y111.932
G1 F2400 X138.066 Y101.580 E254.9564
G0 F2400 X138.632 Y101.580
G1 F2400 X148.419 Y111.367 E255.5318
G0 F2400 X148.419 Y110.801
G1 F2400 X139.198 Y101.580 E256.0740
G0 F2400 X139.763 Y101.580
G1 F2400 X148.419 Y110.235 E256.5829
G0 F2400 X148.419 Y109.670
G1 F2400 X140.329 Y101.580 E257.0585
G0 F2400 X140.895 Y101.580
G1 F2400 X148.419 Y109.104 E257.5009
G0 F2400 X148.419 Y108.538
G1 F2400 X141.460 Y101.580 E257.9101
G0 F2400 X142.026 Y101.580
G1 F2400 X148.419 Y107.973 E258.2859
G0 F2400 X148.419 Y107.407
G1 F2400 X142.592 Y101.580 E258.6286
G0 F2400 X143.158 Y101.580
G1 F2400 X148.419 Y106.841 E258.9379
G0 F2400 X148.419 Y106.276
G1 F2400 X143.723 Y101.580 E259.2140
G0 F2400 X144.289 Y101.580
G1 F2400 X148.419 Y105.710 E259.4568
G0 F2400 X148.419 Y105.144
G1 F2400 X144.855 Y101.580 E259.6664
G0 F2400 X145.420 Y101.580
G1 F2400 X148.419 Y104.578 E259.8427
G0 F2400 X148.419 Y104.013
G1 F2400 X145.986 Y101.580 E259.9857
G0 F2400 X146.552 Y101.580
G1 F2400 X148.419 Y103.447 E260.0955
G0 F2400 X148.419 Y102.881
G1 F2400 X147.117 Y101.580 E260.1720
G0 F2400 X147.683 Y101.580
G1 F2400 X148.419 Y102.316 E260.2153
G0 F2400 X148.419 Y101.750
G1 F2400 X148.249 Y101.580 E260.2253
;PRINTING_TIME: 180
;REMAINING_TIME: 6055
;LAYER:1
;Z:0.500
;HEIGHT:0.250
M106 S51
;PRINTING: Flow_Calibration_Cube_0.4_mm.stl
;PRINTING_ID: 0
G1 F2400 E259.2253
G1 F300 Z0.700
G0 F3900 X100.200 Y100.200
G0 F300 Z0.500
;TYPE:WALL-OUTER
;WIDTH:0.400
;FLOW:95.0
G1 F300 Z0.500
G1 F1500 E260.2253
G1 F2400 X149.800 Y100.200 E262.1843
G1 X149.800 Y149.800 E264.1433
G1 X100.200 Y149.800 E266.1023
G1 X100.200 Y100.200 E268.0614
G0 F3900 X100.600 Y100.600
;TYPE:WALL-INNER
;WIDTH:0.400
;FLOW:85.0
G1 F2400 X149.400 Y100.600 E269.7859
G1 X149.400 Y149.400 E271.5104
G1 X100.600 Y149.400 E273.2350
G1 X100.600 Y100.600 E274.9595
G0 F3900 X101.000 Y101.000
G1 F2400 X149.000 Y101.000 E276.6558
G1 X149.000 Y149.000 E278.3521
G1 X101.000 Y149.000 E280.0483
G1 X101.000 Y101.000 E281.7446
G0 F3900 X101.400 Y101.400
G1 F2400 X148.600 Y101.400 E283.4126
G1 X148.600 Y148.600 E285.0806
G1 X101.400 Y148.600 E286.7486
G1 X101.400 Y101.400 E288.4166
G0 F3900 X101.580 Y101.783
;TYPE:SOLID-FILL
;WIDTH:0.400
G1 F2700 X101.784 Y101.579 E288.4268
G0 F2700 X102.350 Y101.579
G1 F2700 X101.580 Y102.349 E288.4652
G0 F2700 X101.580 Y102.915
G1 F2700 X102.915 Y101.579 E288.5320
G0 F2700 X103.481 Y101.579
G1 F2700 X101.580 Y103.480 E288.6270
G0 F2700 X101.580 Y104.046
G1 F2700 X104.047 Y101.579 E288.7503
G0 F2700 X104.612 Y101.579
G1 F2700 X101.580 Y104.612 E288.9018
G0 F2700 X101.580 Y105.177
G1 F2700 X105.178 Y101.579 E289.0817
G0 F2700 X105.744 Y101.579
G1 F2700 X101.580 Y105.743 E289.2898
G0 F2700 X101.580 Y106.309
G1 F2700 X106.309 Y101.579 E289.5261
G0 F2700 X106.875 Y101.579
G1 F2700 X101.580 Y106.874 E289.7908
G0 F2700 X101.580 Y107.440
G1 F2700 X107.441 Y101.579 E290.0837
G0 F2700 X108.007 Y101.579
G1 F2700 X101.580 Y108.006 E290.4049
G0 F2700 X101.580 Y108.572
G1 F2700 X108.572 Y101.579 E290.7543
G0 F2700 X109.138 Y101.579
G1 F2700 X101.580 Y109.137 E291.1321
G0 F2700 X101.580 Y109.703
G1 F2700 X109.704 Y101.579 E291.5381
G0 F2700 X110.269 Y101.579
G1 F2700 X101.580 Y110.269 E291.9723
G0 F2700 X101.580 Y110.834
G1 F2700 X110.835 Y101.579 E292.4349
G0 F2700 X111.401 Y101.579
G1 F2700 X101.580 Y111.400 E292.9257
G0 F2700 X101.580 Y111.966
G1 F2700 X111.966 Y101.579 E293.4448
G0 F2700 X112.532 Y101.579
G1 F2700 X101.580 Y112.531 E293.9921
G0 F2700 X101.580 Y113.097
G1 F2700 X113.098 Y101.579 E294.5678
G0 F2700 X113.663 Y101.579
G1 F2700 X101.580 Y113.663 E295.1717
G0 F2700 X101.580 Y114.228
G1 F2700 X114.229 Y101.579 E295.8038
G0 F2700 X114.795 Y101.579
G1 F2700 X101.580 Y114.794 E296.4643
G0 F2700 X101.580 Y115.360
G1 F2700 X115.360 Y101.579 E297.1530
G0 F2700 X115.926 Y101.579
G1 F2700 X101.580 Y115.925 E297.8699
G0 F2700 X101.580 Y116.491
G1 F2700 X116.492 Y101.579 E298.6152
G0 F2700 X117.057 Y101.579
G1 F2700 X101.580 Y117.057 E299.3887
G0 F2700 X101.580 Y117.622
G1 F2700 X117.623 Y101.579 E300.1905
G0 F2700 X118.189 Y101.579
G1 F2700 X101.580 Y118.188 E301.0205
G0 F2700 X101.580 Y118.754
G1 F2700 X118.755 Y101.579 E301.8789
G0 F2700 X119.320 Y101.579
G1 F2700 X101.580 Y119.320 E302.7655
G0 F2700 X101.580 Y119.885
G1 F2700 X119.886 Y101.579 E303.6804
G0 F2700 X120.452 Y101.579
G1 F2700 X101.580 Y120.451 E304.6235
G0 F2700 X101.580 Y121.017
G1 F2700 X121.017 Y101.579 E305.5950
G0 F2700 X121.583 Y101.579
G1 F2700 X101.580 Y121.582 E306.5946
G0 F2700 X101.580 Y122.148
G1 F2700 X122.149 Y101.579 E307.6226
G0 F2700 X122.714 Y101.579
G1 F2700 X101.580 Y122.714 E308.6788
G0 F2700 X101.580 Y123.279
G1 F2700 X123.280 Y101.579 E309.7633
G0 F2700 X123.846 Y101.579
G1 F2700 X101.580 Y123.845 E310.8761
G0 F2700 X101.580 Y124.411
G1 F2700 X124.411 Y101.579 E312.0172
G0 F2700 X124.977 Y101.579
G1 F2700 X101.580 Y124.976 E313.1865
G0 F2700 X101.580 Y125.542
G1 F2700 X125.543 Y101.579 E314.3841
G0 F2700 X126.108 Y101.579
G1 F2700 X101.580 Y126.108 E315.6099
G0 F2700 X101.580 Y126.673
G1 F2700 X126.674 Y101.579 E316.8640
G0 F2700 X127.240 Y101.579
G1 F2700 X101.580 Y127.239 E318.1464
G0 F2700 X101.580 Y127.805
G1 F2700 X127.806 Y101.579 E319.4571
G0 F2700 X128.371 Y101.579
G1 F2700 X101.580 Y128.370 E320.7961
G0 F2700 X101.580 Y128.936
G1 F2700 X128.937 Y101.579 E322.1633
G0 F2700 X129.503 Y101.579
G1 F2700 X101.580 Y129.502 E323.5588
G0 F2700 X101.580 Y130.068
G1 F2700 X130.068 Y101.579 E324.9825
G0 F2700 X130.634 Y101.579
G1 F2700 X101.580 Y130.633 E326.4346
G0 F2700 X101.580 Y131.199
G1 F2700 X131.200 Y101.579 E327.9149
G0 F2700 X131.765 Y101.579
G1 F2700 X101.580 Y131.765 E329.4234
G0 F2700 X101.580 Y132.330
G1 F2700 X132.331 Y101.579 E330.9603
G0 F2700 X132.897 Y101.579
G1 F2700 X101.580 Y132.896 E332.5254
G0 F2700 X101.580 Y133.462
G1 F2700 X133.462 Y101.579 E334.1188
G0 F2700 X134.028 Y101.579
G1 F2700 X101.580 Y134.027 E335.7404
G0 F2700 X101.580 Y134.593
G1 F2700 X134.594 Y101.579 E337.3904
G0 F2700 X135.159 Y101.579
G1 F2700 X101.580 Y135.159 E339.0686
G0 F2700 X101.580 Y135.724
G1 F2700 X135.725 Y101.579 E340.7750
G0 F2700 X136.291 Y101.579
G1 F2700 X101.580 Y136.290 E342.5097
G0 F2700 X101.580 Y136.856
G1 F2700 X136.856 Y101.579 E344.2728
G0 F2700 X137.422 Y101.579
G1 F2700 X101.580 Y137.421 E346.0640
G0 F2700 X101.580 Y137.987
G1 F2700 X137.988 Y101.579 E347.8836
G0 F2700 X138.554 Y101.579
G1 F2700 X101.580 Y138.553 E349.7314
G0 F2700 X101.580 Y139.119
G1 F2700 X139.119 Y101.579 E351.6075
G0 F2700 X139.685 Y101.579
G1 F2700 X101.580 Y139.684 E353.5119
G0 F2700 X101.580 Y140.250
G1 F2700 X140.251 Y101.579 E355.4445
G0 F2700 X140.816 Y101.579
G1 F2700 X101.580 Y140.816 E357.4054
G0 F2700 X101.580 Y141.381
G1 F2700 X141.382 Y101.579 E359.3946
G0 F2700 X141.948 Y101.579
G1 F2700 X101.580 Y141.947 E361.4121
G0 F2700 X101.580 Y142.513
G1 F2700 X142.513 Y101.579 E363.4578
G0 F2700 X143.079 Y101.579
G1 F2700 X101.580 Y143.078 E365.5318
G0 F2700 X101.580 Y143.644
G1 F2700 X143.645 Y101.579 E367.6341
G0 F2700 X144.210 Y101.579
G1 F2700 X101.580 Y144.210 E369.7646
G0 F2700 X101.580 Y144.775
G1 F2700 X144.776 Y101.579 E371.9234
G0 F2700 X145.342 Y101.579
G1 F2700 X101.580 Y145.341 E374.1105
G0 F2700 X101.580 Y145.907
G1 F2700 X145.907 Y101.579 E376.3258
G0 F2700 X146.473 Y101.579
G1 F2700 X101.580 Y146.472 E378.5694
G0 F2700 X101.580 Y147.038
G1 F2700 X147.039 Y101.579 E380.8413
G0 F2700 X147.605 Y101.579
G1 F2700 X101.580 Y147.604 E383.1415
G0 F2700 X101.580 Y148.169
G1 F2700 X148.170 Y101.579 E385.4699
G0 F2700 X148.418 Y101.896
G1 F2700 X101.896 Y148.419 E387.7949
G0 F2700 X102.461 Y148.419
G1 F2700 X148.418 Y102.462 E390.0917
G0 F2700 X148.418 Y103.028
G1 F2700 X103.027 Y148.419 E392.3602
G0 F2700 X103.593 Y148.419
G1 F2700 X148.418 Y103.593 E394.6005
G0 F2700 X148.418 Y104.159
G1 F2700 X104.158 Y148.419 E396.8124
G0 F2700 X104.724 Y148.419
G1 F2700 X148.418 Y104.725 E398.9961
G0 F2700 X148.418 Y105.291
G1 F2700 X105.290 Y148.419 E401.1515
G0 F2700 X105.856 Y148.419
G1 F2700 X148.418 Y105.856 E403.2786
G0 F2700 X148.418 Y106.422
G1 F2700 X106.421 Y148.419 E405.3775
G0 F2700 X106.987 Y148.419
G1 F2700 X148.418 Y106.988 E407.4481
G0 F2700 X148.418 Y107.553
G1 F2700 X107.553 Y148.419 E409.4904
G0 F2700 X108.118 Y148.419
G1 F2700 X148.418 Y108.119 E411.5045
G0 F2700 X148.418 Y108.685
G1 F2700 X108.684 Y148.419 E413.4903
G0 F2700 X109.250 Y148.419
G1 F2700 X148.418 Y109.250 E415.4478
G0 F2700 X148.418 Y109.816
G1 F2700 X109.815 Y148.419 E417.3770
G0 F2700 X110.381 Y148.419
G1 F2700 X148.418 Y110.382 E419.2780
G0 F2700 X148.418 Y110.947
G1 F2700 X110.947 Y148.419 E421.1507
G0 F2700 X111.512 Y148.419
G1 F2700 X148.418 Y111.513 E422.9951
G0 F2700 X148.418 Y112.079
G1 F2700 X112.078 Y148.419 E424.8113
G0 F2700 X112.644 Y148.419
G1 F2700 X148.418 Y112.644 E426.5992
G0 F2700 X148.418 Y113.210
G1 F2700 X113.209 Y148.419 E428.3588
G0 F2700 X113.775 Y148.419
G1 F2700 X148.418 Y113.776 E430.0902
G0 F2700 X148.418 Y114.341
G1 F2700 X114.341 Y148.419 E431.7932
G0 F2700 X114.906 Y148.419
G1 F2700 X148.418 Y114.907 E433.4681
G0 F2700 X148.418 Y115.473
G1 F2700 X115.472 Y148.419 E435.1146
G0 F2700 X116.038 Y148.419
G1 F2700 X148.418 Y116.039 E436.7329
G0 F2700 X148.418 Y116.604
G1 F2700 X116.604 Y148.419 E438.3228
G0 F2700 X117.169 Y148.419
G1 F2700 X148.418 Y117.170 E439.8846
G0 F2700 X148.418 Y117.736
G1 F2700 X117.735 Y148.419 E441.4180
G0 F2700 X118.301 Y148.419
G1 F2700 X148.418 Y118.301 E442.9232
G0 F2700 X148.418 Y118.867
G1 F2700 X118.866 Y148.419 E444.4001
G0 F2700 X119.432 Y148.419
G1 F2700 X148.418 Y119.433 E445.8487
G0 F2700 X148.418 Y119.998
G1 F2700 X119.998 Y148.419 E447.2691
G0 F2700 X120.563 Y148.419
G1 F2700 X148.418 Y120.564 E448.6612
G0 F2700 X148.418 Y121.130
G1 F2700 X121.129 Y148.419 E450.0250
G0 F2700 X121.695 Y148.419
G1 F2700 X148.418 Y121.695 E451.3605
G0 F2700 X148.418 Y122.261
G1 F2700 X122.260 Y148.419 E452.6678
G0 F2700 X122.826 Y148.419
G1 F2700 X148.418 Y122.827 E453.9468
G0 F2700 X148.418 Y123.392
G1 F2700 X123.392 Y148.419 E455.1976
G0 F2700 X123.957 Y148.419
G1 F2700 X148.418 Y123.958 E456.4201
G0 F2700 X148.418 Y124.524
G1 F2700 X124.523 Y148.419 E457.6143
G0 F2700 X125.089 Y148.419
G1 F2700 X148.418 Y125.090 E458.7802
G0 F2700 X148.418 Y125.655
G1 F2700 X125.654 Y148.419 E459.9178
G0 F2700 X126.220 Y148.419
G1 F2700 X148.418 Y126.221 E461.0272
G0 F2700 X148.418 Y126.787
G1 F2700 X126.786 Y148.419 E462.1083
G0 F2700 X127.352 Y148.419
G1 F2700 X148.418 Y127.352 E463.1612
G0 F2700 X148.418 Y127.918
G1 F2700 X127.917 Y148.419 E464.1857
G0 F2700 X128.483 Y148.419
G1 F2700 X148.418 Y128.484 E465.1820
G0 F2700 X148.418 Y129.049
G1 F2700 X129.049 Y148.419 E466.1500
G0 F2700 X129.614 Y148.419
G1 F2700 X148.418 Y129.615 E467.0898
G0 F2700 X148.418 Y130.181
G1 F2700 X130.180 Y148.419 E468.0013
G0 F2700 X130.746 Y148.419
G1 F2700 X148.418 Y130.746 E468.8845
G0 F2700 X148.418 Y131.312
G1 F2700 X131.311 Y148.419 E469.7394
G0 F2700 X131.877 Y148.419
G1 F2700 X148.418 Y131.878 E470.5661
G0 F2700 X148.418 Y132.443
G1 F2700 X132.443 Y148.419 E471.3645
G0 F2700 X133.008 Y148.419
G1 F2700 X148.418 Y133.009 E472.1347
G0 F2700 X148.418 Y133.575
G1 F2700 X133.574 Y148.419 E472.8765
G0 F2700 X134.140 Y148.419
G1 F2700 X148.418 Y134.140 E473.5901
G0 F2700 X148.418 Y134.706
G1 F2700 X134.705 Y148.419 E474.2754
G0 F2700 X135.271 Y148.419
G1 F2700 X148.418 Y135.272 E474.9325
G0 F2700 X148.418 Y135.838
G1 F2700 X135.837 Y148.419 E475.5612
G0 F2700 X136.403 Y148.419
G1 F2700 X148.418 Y136.403 E476.1617
G0 F2700 X148.418 Y136.969
G1 F2700 X136.968 Y148.419 E476.7340
G0 F2700 X137.534 Y148.419
G1 F2700 X148.418 Y137.535 E477.2779
G0 F2700 X148.418 Y138.100
G1 F2700 X138.100 Y148.419 E477.7936
G0 F2700 X138.665 Y148.419
G1 F2700 X148.418 Y138.666 E478.2810
G0 F2700 X148.418 Y139.232
G1 F2700 X139.231 Y148.419 E478.7402
G0 F2700 X139.797 Y148.419
G1 F2700 X148.418 Y139.797 E479.1710
G0 F2700 X148.418 Y140.363
G1 F2700 X140.362 Y148.419 E479.5736
G0 F2700 X140.928 Y148.419
G1 F2700 X148.418 Y140.929 E479.9480
G0 F2700 X148.418 Y141.494
G1 F2700 X141.494 Y148.419 E480.2940
G0 F2700 X142.059 Y148.419
G1 F2700 X148.418 Y142.060 E480.6118
G0 F2700 X148.418 Y142.626
G1 F2700 X142.625 Y148.419 E480.9013
G0 F2700 X143.191 Y148.419
G1 F2700 X148.418 Y143.191 E481.1626
G0 F2700 X148.418 Y143.757
G1 F2700 X143.756 Y148.419 E481.3956
G0 F2700 X144.322 Y148.419
G1 F2700 X148.418 Y144.323 E481.6003
G0 F2700 X148.418 Y144.889
G1 F2700 X144.888 Y148.419 E481.7767
G0 F2700 X145.453 Y148.419
G1 F2700 X148.418 Y145.454 E481.9249
G0 F2700 X148.418 Y146.020
G1 F2700 X146.019 Y148.419 E482.0448
G0 F2700 X146.585 Y148.419
G1 F2700 X148.418 Y146.586 E482.1364
G0 F2700 X148.418 Y147.151
G1 F2700 X147.151 Y148.419 E482.1997
G0 F2700 X147.716 Y148.419
G1 F2700 X148.418 Y147.717 E482.2348
G0 F2700 X148.418 Y148.283
G1 F2700 X148.282 Y148.419 E482.2416
;PRINTING_TIME: 344
;REMAINING_TIME: 5891
;LAYER:2
;Z:0.750
;HEIGHT:0.250
;FLOW:100.0
;PRINTING: Flow_Calibration_Cube_0.4_mm.stl
;PRINTING_ID: 0
G1 F2400 E481.2416
G1 F300 Z0.950
G0 F3900 X100.200 Y100.200
G0 F300 Z0.750
;TYPE:WALL-OUTER
;WIDTH:0.400
;FLOW:95.0
G1 F300 Z0.750
G1 F1500 E482.2416
G1 F2400 X149.800 Y100.200 E484.2006
G1 X149.800 Y149.800 E486.1597
G1 X100.200 Y149.800 E488.1187
G1 X100.200 Y100.200 E490.0777
G0 F3900 X100.600 Y100.600
;TYPE:WALL-INNER
;WIDTH:0.400
;FLOW:85.0
G1 F2400 X149.400 Y100.600 E491.8022
G1 X149.400 Y149.400 E493.5268
G1 X100.600 Y149.400 E495.2513
G1 X100.600 Y100.600 E496.9759
G0 F3900 X101.000 Y101.000
G1 F2400 X149.000 Y101.000 E498.6721
G1 X149.000 Y149.000 E500.3684
G1 X101.000 Y149.000 E502.0647
G1 X101.000 Y101.000 E503.7609
G0 F3900 X101.400 Y101.400
G1 F2400 X148.600 Y101.400 E505.4289
G1 X148.600 Y148.600 E507.0969
G1 X101.400 Y148.600 E508.7649
G1 X101.400 Y101.400 E510.4329
G1 F2400 E509.4329
G1 F300 Z0.950
G0 F3900 X101.579 Y148.248
;TYPE:SOLID-FILL
;WIDTH:0.400
G1 F300 Z0.750
G1 F1500 E510.4329
G1 F3000 X101.749 Y148.418 E510.4414
G0 F3000 X102.315 Y148.418
G1 F3000 X101.579 Y147.682 E510.4782
G0 F3000 X101.579 Y147.117
G1 F3000 X102.881 Y148.418 E510.5432
G0 F3000 X103.446 Y148.418
G1 F3000 X101.579 Y146.551 E510.6365
G0 F3000 X101.579 Y145.985
G1 F3000 X104.012 Y148.418 E510.7581
G0 F3000 X104.578 Y148.418
G1 F3000 X101.579 Y145.420 E510.9080
G0 F3000 X101.579 Y144.854
G1 F3000 X105.143 Y148.418 E511.0861
G0 F3000 X105.709 Y148.418
G1 F3000 X101.579 Y144.288 E511.2925
G0 F3000 X101.579 Y143.722
G1 F3000 X106.275 Y148.418 E511.5272
G0 F3000 X106.841 Y148.418
G1 F3000 X101.579 Y143.157 E511.7902
G0 F3000 X101.579 Y142.591
G1 F3000 X107.406 Y148.418 E512.0814
G0 F3000 X107.972 Y148.418
G1 F3000 X101.579 Y142.025 E512.4009
G0 F3000 X101.579 Y141.460
G1 F3000 X108.538 Y148.418 E512.7486
G0 F3000 X109.103 Y148.418
G1 F3000 X101.579 Y140.894 E513.1247
G0 F3000 X101.579 Y140.328
G1 F3000 X109.669 Y148.418 E513.5290
G0 F3000 X110.235 Y148.418
G1 F3000 X101.579 Y139.763 E513.9615
G0 F3000 X101.579 Y139.197
G1 F3000 X110.800 Y148.418 E514.4224
G0 F3000 X111.366 Y148.418
G1 F3000 X101.579 Y138.631 E514.9115
G0 F3000 X101.579 Y138.066
G1 F3000 X111.932 Y148.418 E515.4289
G0 F3000 X112.497 Y148.418
G1 F3000 X101.579 Y137.500 E515.9745
G0 F3000 X101.579 Y136.934
G1 F3000 X113.063 Y148.418 E516.5485
G0 F3000 X113.629 Y148.418
G1 F3000 X101.579 Y136.369 E517.1507
G0 F3000 X101.579 Y135.803
G1 F3000 X114.194 Y148.418 E517.7811
G0 F3000 X114.760 Y148.418
G1 F3000 X101.579 Y135.237 E518.4399
G0 F3000 X101.579 Y134.672
G1 F3000 X115.326 Y148.418 E519.1269
G0 F3000 X115.891 Y148.418
G1 F3000 X101.579 Y134.106 E519.8421
G0 F3000 X101.579 Y133.540
G1 F3000 X116.457 Y148.418 E520.5857
G0 F3000 X117.023 Y148.418
G1 F3000 X101.579 Y132.974 E521.3575
G0 F3000 X101.579 Y132.409
G1 F3000 X117.589 Y148.418 E522.1576
G0 F3000 X118.154 Y148.418
G1 F3000 X101.579 Y131.843 E522.9860
G0 F3000 X101.579 Y131.277
G1 F3000 X118.720 Y148.418 E523.8426
G0 F3000 X119.286 Y148.418
G1 F3000 X101.579 Y130.712 E524.7276
G0 F3000 X101.579 Y130.146
G1 F3000 X119.851 Y148.418 E525.6407
G0 F3000 X120.417 Y148.418
G1 F3000 X101.579 Y129.580 E526.5822
G0 F3000 X101.579 Y129.015
G1 F3000 X120.983 Y148.418 E527.5519
G0 F3000 X121.548 Y148.418
G1 F3000 X101.579 Y128.449 E528.5499
G0 F3000 X101.579 Y127.883
G1 F3000 X122.114 Y148.418 E529.5762
G0 F3000 X122.680 Y148.418
G1 F3000 X101.579 Y127.318 E530.6307
G0 F3000 X101.579 Y126.752
G1 F3000 X123.245 Y148.418 E531.7135
G0 F3000 X123.811 Y148.418
G1 F3000 X101.579 Y126.186 E532.8246
G0 F3000 X101.579 Y125.621
G1 F3000 X124.377 Y148.418 E533.9639
G0 F3000 X124.942 Y148.418
G1 F3000 X101.579 Y125.055 E535.1315
G0 F3000 X101.579 Y124.489
G1 F3000 X125.508 Y148.418 E536.3274
G0 F3000 X126.074 Y148.418
G1 F3000 X101.579 Y123.923 E537.5516
G0 F3000 X101.579 Y123.358
G1 F3000 X126.639 Y148.418 E538.8040
G0 F3000 X127.205 Y148.418
G1 F3000 X101.579 Y122.792 E540.0847
G0 F3000 X101.579 Y122.226
G1 F3000 X127.771 Y148.418 E541.3937
G0 F3000 X128.337 Y148.418
G1 F3000 X101.579 Y121.661 E542.7310
G0 F3000 X101.579 Y121.095
G1 F3000 X128.902 Y148.418 E544.0965
G0 F3000 X129.468 Y148.418
G1 F3000 X101.579 Y120.529 E545.4903
G0 F3000 X101.579 Y119.964
G1 F3000 X130.034 Y148.418 E546.9124
G0 F3000 X130.599 Y148.418
G1 F3000 X101.579 Y119.398 E548.3627
G0 F3000 X101.579 Y118.832
G1 F3000 X131.165 Y148.418 E549.8413
G0 F3000 X131.731 Y148.418
G1 F3000 X101.579 Y118.267 E551.3482
G0 F3000 X101.579 Y117.701
G1 F3000 X132.296 Y148.418 E552.8833
G0 F3000 X132.862 Y148.418
G1 F3000 X101.579 Y117.135 E554.4467
G0 F3000 X101.579 Y116.570
G1 F3000 X133.428 Y148.418 E556.0384
G0 F3000 X133.993 Y148.418
G1 F3000 X101.579 Y116.004 E557.6584
G0 F3000 X101.579 Y115.438
G1 F3000 X134.559 Y148.418 E559.3066
G0 F3000 X135.125 Y148.418
G1 F3000 X101.579 Y114.873 E560.9831
G0 F3000 X101.579 Y114.307
G1 F3000 X135.690 Y148.418 E562.6878
G0 F3000 X136.256 Y148.418
G1 F3000 X101.579 Y113.741 E564.4209
G0 F3000 X101.579 Y113.175
G1 F3000 X136.822 Y148.418 E566.1822
G0 F3000 X137.388 Y148.418
G1 F3000 X101.579 Y112.610 E567.9718
G0 F3000 X101.579 Y112.044
G1 F3000 X137.953 Y148.418 E569.7897
G0 F3000 X138.519 Y148.418
G1 F3000 X101.579 Y111.478 E571.6358
G0 F3000 X101.579 Y110.913
G1 F3000 X139.085 Y148.418 E573.5102
G0 F3000 X139.650 Y148.418
G1 F3000 X101.579 Y110.347 E575.4129
G0 F3000 X101.579 Y109.781
G1 F3000 X140.216 Y148.418 E577.3438
G0 F3000 X140.782 Y148.418
G1 F3000 X101.579 Y109.216 E579.3030
G0 F3000 X101.579 Y108.650
G1 F3000 X141.347 Y148.418 E581.2905
G0 F3000 X141.913 Y148.418
G1 F3000 X101.579 Y108.084 E583.3063
G0 F3000 X101.579 Y107.519
G1 F3000 X142.479 Y148.418 E585.3503
G0 F3000 X143.044 Y148.418
G1 F3000 X101.579 Y106.953 E587.4226
G0 F3000 X101.579 Y106.387
G1 F3000 X143.610 Y148.418 E589.5232
G0 F3000 X144.176 Y148.418
G1 F3000 X101.579 Y105.822 E591.6520
G0 F3000 X101.579 Y105.256
G1 F3000 X144.741 Y148.418 E593.8091
G0 F3000 X145.307 Y148.418
G1 F3000 X101.579 Y104.690 E595.9945
G0 F3000 X101.579 Y104.125
G1 F3000 X145.873 Y148.418 E598.2081
G0 F3000 X146.438 Y148.418
G1 F3000 X101.579 Y103.559 E600.4500
G0 F3000 X101.579 Y102.993
G1 F3000 X147.004 Y148.418 E602.7202
G0 F3000 X147.570 Y148.418
G1 F3000 X101.579 Y102.427 E605.0187
G0 F3000 X101.579 Y101.862
G1 F3000 X148.136 Y148.418 E607.3454
G0 F3000 X148.419 Y148.136
G1 F3000 X101.862 Y101.580 E609.6722
G0 F3000 X102.428 Y101.580
G1 F3000 X148.419 Y147.571 E611.9707
G0 F3000 X148.419 Y147.005
G1 F3000 X102.994 Y101.580 E614.2409
G0 F3000 X103.560 Y101.580
G1 F3000 X148.419 Y146.439 E616.4828
G0 F3000 X148.419 Y145.874
G1 F3000 X104.125 Y101.580 E618.6964
G0 F3000 X104.691 Y101.580
G1 F3000 X148.419 Y145.308 E620.8818
G0 F3000 X148.419 Y144.742
G1 F3000 X105.257 Y101.580 E623.0389
G0 F3000 X105.822 Y101.580
G1 F3000 X148.419 Y144.176 E625.1677
G0 F3000 X148.419 Y143.611
G1 F3000 X106.388 Y101.580 E627.2683
G0 F3000 X106.954 Y101.580
G1 F3000 X148.419 Y143.045 E629.3406
G0 F3000 X148.419 Y142.479
G1 F3000 X107.519 Y101.580 E631.3846
G0 F3000 X108.085 Y101.580
G1 F3000 X148.419 Y141.914 E633.4004
G0 F3000 X148.419 Y141.348
G1 F3000 X108.651 Y101.580 E635.3879
G0 F3000 X109.216 Y101.580
G1 F3000 X148.419 Y140.782 E637.3471
G0 F3000 X148.419 Y140.217
G1 F3000 X109.782 Y101.580 E639.2780
G0 F3000 X110.348 Y101.580
G1 F3000 X148.419 Y139.651 E641.1807
G0 F3000 X148.419 Y139.085
G1 F3000 X110.913 Y101.580 E643.0551
G0 F3000 X111.479 Y101.580
G1 F3000 X148.419 Y138.520 E644.9012
G0 F3000 X148.419 Y137.954
G1 F3000 X112.045 Y101.580 E646.7191
G0 F3000 X112.610 Y101.580
G1 F3000 X148.419 Y137.388 E648.5087
G0 F3000 X148.419 Y136.823
G1 F3000 X113.176 Y101.580 E650.2700
G0 F3000 X113.742 Y101.580
G1 F3000 X148.419 Y136.257 E652.0031
G0 F3000 X148.419 Y135.691
G1 F3000 X114.308 Y101.580 E653.7078
G0 F3000 X114.873 Y101.580
G1 F3000 X148.419 Y135.125 E655.3843
G0 F3000 X148.419 Y134.560
G1 F3000 X115.439 Y101.580 E657.0325
G0 F3000 X116.005 Y101.580
G1 F3000 X148.419 Y133.994 E658.6525
G0 F3000 X148.419 Y133.428
G1 F3000 X116.570 Y101.580 E660.2442
G0 F3000 X117.136 Y101.580
G1 F3000 X148.419 Y132.863 E661.8076
G0 F3000 X148.419 Y132.297
G1 F3000 X117.702 Y101.580 E663.3427
G0 F3000 X118.267 Y101.580
G1 F3000 X148.419 Y131.731 E664.8496
G0 F3000 X148.419 Y131.166
G1 F3000 X118.833 Y101.580 E666.3282
G0 F3000 X119.399 Y101.580
G1 F3000 X148.419 Y130.600 E667.7785
G0 F3000 X148.419 Y130.034
G1 F3000 X119.964 Y101.580 E669.2006
G0 F3000 X120.530 Y101.580
G1 F3000 X148.419 Y129.469 E670.5944
G0 F3000 X148.419 Y128.903
G1 F3000 X121.096 Y101.580 E671.9599
G0 F3000 X121.661 Y101.580
G1 F3000 X148.419 Y128.337 E673.2972
G0 F3000 X148.419 Y127.772
G1 F3000 X122.227 Y101.580 E674.6062
G0 F3000 X122.793 Y101.580
G1 F3000 X148.419 Y127.206 E675.8869
G0 F3000 X148.419 Y126.640
G1 F3000 X123.359 Y101.580 E677.1393
G0 F3000 X123.924 Y101.580
G1 F3000 X148.419 Y126.075 E678.3635
G0 F3000 X148.419 Y125.509
G1 F3000 X124.490 Y101.580 E679.5594
G0 F3000 X125.056 Y101.580
G1 F3000 X148.419 Y124.943 E680.7270
G0 F3000 X148.419 Y124.377
G1 F3000 X125.621 Y101.580 E681.8663
G0 F3000 X126.187 Y101.580
G1 F3000 X148.419 Y123.812 E682.9774
G0 F3000 X148.419 Y123.246
G1 F3000 X126.753 Y101.580 E684.0602
G0 F3000 X127.318 Y101.580
G1 F3000 X148.419 Y122.680 E685.1147
G0 F3000 X148.419 Y122.115
G1 F3000 X127.884 Y101.580 E686.1410
G0 F3000 X128.450 Y101.580
G1 F3000 X148.419 Y121.549 E687.1390
G0 F3000 X148.419 Y120.983
G1 F3000 X129.015 Y101.580 E688.1087
G0 F3000 X129.581 Y101.580
G1 F3000 X148.419 Y120.418 E689.0502
G0 F3000 X148.419 Y119.852
G1 F3000 X130.147 Y101.580 E689.9633
G0 F3000 X130.712 Y101.580
G1 F3000 X148.419 Y119.286 E690.8483
G0 F3000 X148.419 Y118.721
G1 F3000 X131.278 Y101.580 E691.7049
G0 F3000 X131.844 Y101.580
G1 F3000 X148.419 Y118.155 E692.5333
G0 F3000 X148.419 Y117.589
G1 F3000 X132.409 Y101.580 E693.3334
G0 F3000 X132.975 Y101.580
G1 F3000 X148.419 Y117.024 E694.1052
G0 F3000 X148.419 Y116.458
G1 F3000 X133.541 Y101.580 E694.8488
G0 F3000 X134.107 Y101.580
G1 F3000 X148.419 Y115.892 E695.5640
G0 F3000 X148.419 Y115.326
G1 F3000 X134.672 Y101.580 E696.2510
G0 F3000 X135.238 Y101.580
G1 F3000 X148.419 Y114.761 E696.9098
G0 F3000 X148.419 Y114.195
G1 F3000 X135.804 Y101.580 E697.5402
G0 F3000 X136.369 Y101.580
G1 F3000 X148.419 Y113.629 E698.1424
G0 F3000 X148.419 Y113.064
G1 F3000 X136.935 Y101.580 E698.7164
G0 F3000 X137.501 Y101.580
G1 F3000 X148.419 Y112.498 E699.2620
G0 F3000 X148.419 Y111.932
G1 F3000 X138.066 Y101.580 E699.7794
G0 F3000 X138.632 Y101.580
G1 F3000 X148.419 Y111.367 E700.2685
G0 F3000 X148.419 Y110.801
G1 F3000 X139.198 Y101.580 E700.7294
G0 F3000 X139.763 Y101.580
G1 F3000 X148.419 Y110.235 E701.1619
G0 F3000 X148.419 Y109.670
G1 F3000 X140.329 Y101.580 E701.5662
G0 F3000 X140.895 Y101.580
G1 F3000 X148.419 Y109.104 E701.9423
G0 F3000 X148.419 Y108.538
G1 F3000 X141.460 Y101.580 E702.2900
G0 F3000 X142.026 Y101.580
G1 F3000 X148.419 Y107.973 E702.6095
G0 F3000 X148.419 Y107.407
G1 F3000 X142.592 Y101.580 E702.9007
G0 F3000 X143.158 Y101.580
G1 F3000 X148.419 Y106.841 E703.1637
G0 F3000 X148.419 Y106.276
G1 F3000 X143.723 Y101.580 E703.3984
G0 F3000 X144.289 Y101.580
G1 F3000 X148.419 Y105.710 E703.6048
G0 F3000 X148.419 Y105.144
G1 F3000 X144.855 Y101.580 E703.7829
G0 F3000 X145.420 Y101.580
G1 F3000 X148.419 Y104.578 E703.9327
G0 F3000 X148.419 Y104.013
G1 F3000 X145.986 Y101.580 E704.0543
G0 F3000 X146.552 Y101.580
G1 F3000 X148.419 Y103.447 E704.1476
G0 F3000 X148.419 Y102.881
G1 F3000 X147.117 Y101.580 E704.2127
G0 F3000 X147.683 Y101.580
G1 F3000 X148.419 Y102.316 E704.2495
G0 F3000 X148.419 Y101.750
G1 F3000 X148.249 Y101.580 E704.2580
;PRINTING_TIME: 499
;REMAINING_TIME: 5737
;LAYER:3
;Z:1.000
;HEIGHT:0.250
;FLOW:100.0
;PRINTING: Flow_Calibration_Cube_0.4_mm.stl
;PRINTING_ID: 0
G1 F2400 E703.2580
G1 F300 Z1.200
G0 F3900 X100.200 Y100.200
G0 F300 Z1.000
;TYPE:WALL-OUTER
;WIDTH:0.400
;FLOW:95.0
G1 F300 Z1.000
G1 F1500 E704.2580
G1 F2400 X149.800 Y100.200 E706.2170
G1 X149.800 Y149.800 E708.1760
G1 X100.200 Y149.800 E710.1350
G1 X100.200 Y100.200 E712.0941
G0 F3900 X100.600 Y100.600
;TYPE:WALL-INNER
;WIDTH:0.400
;FLOW:85.0
G1 F2400 X149.400 Y100.600 E713.8186
G1 X149.400 Y149.400 E715.5431
G1 X100.600 Y149.400 E717.2677
G1 X100.600 Y100.600 E718.9922
G0 F3900 X101.000 Y101.000
G1 F2400 X149.000 Y101.000 E720.6885
G1 X149.000 Y149.000 E722.3847
G1 X101.000 Y149.000 E724.0810
G1 X101.000 Y101.000 E725.7773
G0 F3900 X101.400 Y101.400
G1 F2400 X148.600 Y101.400 E727.4453
G1 X148.600 Y148.600 E729.1133
G1 X101.400 Y148.600 E730.7813
G1 X101.400 Y101.400 E732.4493
G0 F3900 X101.580 Y101.783
;TYPE:SOLID-FILL
;WIDTH:0.400
G1 F3300 X101.784 Y101.579 E732.4594
G0 F3300 X102.350 Y101.579
G1 F3300 X101.580 Y102.349 E732.4979
G0 F3300 X101.580 Y102.915
G1 F3300 X102.915 Y101.579 E732.5647
G0 F3300 X103.481 Y101.579
G1 F3300 X101.580 Y103.480 E732.6597
G0 F3300 X101.580 Y104.046
G1 F3300 X104.047 Y101.579 E732.7830
G0 F3300 X104.612 Y101.579
G1 F3300 X101.580 Y104.612 E732.9345
G0 F3300 X101.580 Y105.177
G1 F3300 X105.178 Y101.579 E733.1143
G0 F3300 X105.744 Y101.579
G1 F3300 X101.580 Y105.743 E733.3224
G0 F3300 X101.580 Y106.309
G1 F3300 X106.309 Y101.579 E733.5588
G0 F3300 X106.875 Y101.579
G1 F3300 X101.580 Y106.874 E733.8234
G0 F3300 X101.580 Y107.440
G1 F3300 X107.441 Y101.579 E734.1164
G0 F3300 X108.007 Y101.579
G1 F3300 X101.580 Y108.006 E734.4376
G0 F3300 X101.580 Y108.572
G1 F3300 X108.572 Y101.579 E734.7870
G0 F3300 X109.138 Y101.579
G1 F3300 X101.580 Y109.137 E735.1647
G0 F3300 X101.580 Y109.703
G1 F3300 X109.704 Y101.579 E735.5708
G0 F3300 X110.269 Y101.579
G1 F3300 X101.580 Y110.269 E736.0050
G0 F3300 X101.580 Y110.834
G1 F3300 X110.835 Y101.579 E736.4676
G0 F3300 X111.401 Y101.579
G1 F3300 X101.580 Y111.400 E736.9584
G0 F3300 X101.580 Y111.966
G1 F3300 X111.966 Y101.579 E737.4775
G0 F3300 X112.532 Y101.579
G1 F3300 X101.580 Y112.531 E738.0248
G0 F3300 X101.580 Y113.097
G1 F3300 X113.098 Y101.579 E738.6004
G0 F3300 X113.663 Y101.579
G1 F3300 X101.580 Y113.663 E739.2043
G0 F3300 X101.580 Y114.228
G1 F3300 X114.229 Y101.579 E739.8365
G0 F3300 X114.795 Y101.579
G1 F3300 X101.580 Y114.794 E740.4969
G0 F3300 X101.580 Y115.360
G1 F3300 X115.360 Y101.579 E741.1856
G0 F3300 X115.926 Y101.579
G1 F3300 X101.580 Y115.925 E741.9026
G0 F3300 X101.580 Y116.491
G1 F3300 X116.492 Y101.579 E742.6479
G0 F3300 X117.057 Y101.579
G1 F3300 X101.580 Y117.057 E743.4214
G0 F3300 X101.580 Y117.622
G1 F3300 X117.623 Y101.579 E744.2231
G0 F3300 X118.189 Y101.579
G1 F3300 X101.580 Y118.188 E745.0532
G0 F3300 X101.580 Y118.754
G1 F3300 X118.755 Y101.579 E745.9116
G0 F3300 X119.320 Y101.579
G1 F3300 X101.580 Y119.320 E746.7982
G0 F3300 X101.580 Y119.885
G1 F3300 X119.886 Y101.579 E747.7130
G0 F3300 X120.452 Y101.579
G1 F3300 X101.580 Y120.451 E748.6562
G0 F3300 X101.580 Y121.017
G1 F3300 X121.017 Y101.579 E749.6276
G0 F3300 X121.583 Y101.579
G1 F3300 X101.580 Y121.582 E750.6273
G0 F3300 X101.580 Y122.148
G1 F3300 X122.149 Y101.579 E751.6553
G0 F3300 X122.714 Y101.579
G1 F3300 X101.580 Y122.714 E752.7115
G0 F3300 X101.580 Y123.279
G1 F3300 X123.280 Y101.579 E753.7960
G0 F3300 X123.846 Y101.579
G1 F3300 X101.580 Y123.845 E754.9088
G0 F3300 X101.580 Y124.411
G1 F3300 X124.411 Y101.579 E756.0498
G0 F3300 X124.977 Y101.579
G1 F3300 X101.580 Y124.976 E757.2192
G0 F3300 X101.580 Y125.542
G1 F3300 X125.543 Y101.579 E758.4167
G0 F3300 X126.108 Y101.579
G1 F3300 X101.580 Y126.108 E759.6426
G0 F3300 X101.580 Y126.673
G1 F3300 X126.674 Y101.579 E760.8967
G0 F3300 X127.240 Y101.579
G1 F3300 X101.580 Y127.239 E762.1791
G0 F3300 X101.580 Y127.805
G1 F3300 X127.806 Y101.579 E763.4898
G0 F3300 X128.371 Y101.579
G1 F3300 X101.580 Y128.370 E764.8287
G0 F3300 X101.580 Y128.936
G1 F3300 X128.937 Y101.579 E766.1959
G0 F3300 X129.503 Y101.579
G1 F3300 X101.580 Y129.502 E767.5914
G0 F3300 X101.580 Y130.068
G1 F3300 X130.068 Y101.579 E769.0152
G0 F3300 X130.634 Y101.579
G1 F3300 X101.580 Y130.633 E770.4672
G0 F3300 X101.580 Y131.199
G1 F3300 X131.200 Y101.579 E771.9475
G0 F3300 X131.765 Y101.579
G1 F3300 X101.580 Y131.765 E773.4561
G0 F3300 X101.580 Y132.330
G1 F3300 X132.331 Y101.579 E774.9930
G0 F3300 X132.897 Y101.579
G1 F3300 X101.580 Y132.896 E776.5581
G0 F3300 X101.580 Y133.462
G1 F3300 X133.462 Y101.579 E778.1515
G0 F3300 X134.028 Y101.579
G1 F3300 X101.580 Y134.027 E779.7731
G0 F3300 X101.580 Y134.593
G1 F3300 X134.594 Y101.579 E781.4230
G0 F3300 X135.159 Y101.579
G1 F3300 X101.580 Y135.159 E783.1012
G0 F3300 X101.580 Y135.724
G1 F3300 X135.725 Y101.579 E784.8077
G0 F3300 X136.291 Y101.579
G1 F3300 X101.580 Y136.290 E786.5424
G0 F3300 X101.580 Y136.856
G1 F3300 X136.856 Y101.579 E788.3054
G0 F3300 X137.422 Y101.579
G1 F3300 X101.580 Y137.421 E790.0967
G0 F3300 X101.580 Y137.987
G1 F3300 X137.988 Y101.579 E791.9163
G0 F3300 X138.554 Y101.579
G1 F3300 X101.580 Y138.553 E793.7641
G0 F3300 X101.580 Y139.119
G1 F3300 X139.119 Y101.579 E795.6402
G0 F3300 X139.685 Y101.579
G1 F3300 X101.580 Y139.684 E797.5446
G0 F3300 X101.580 Y140.250
G1 F3300 X140.251 Y101.579 E799.4772
G0 F3300 X140.816 Y101.579
G1 F3300 X101.580 Y140.816 E801.4381
G0 F3300 X101.580 Y141.381
G1 F3300 X141.382 Y101.579 E803.4273
G0 F3300 X141.948 Y101.579
G1 F3300 X101.580 Y141.947 E805.4448
G0 F3300 X101.580 Y142.513
G1 F3300 X142.513 Y101.579 E807.4905
G0 F3300 X143.079 Y101.579
G1 F3300 X101.580 Y143.078 E809.5645
G0 F3300 X101.580 Y143.644
G1 F3300 X143.645 Y101.579 E811.6667
G0 F3300 X144.210 Y101.579
G1 F3300 X101.580 Y144.210 E813.7973
G0 F3300 X101.580 Y144.775
G1 F3300 X144.776 Y101.579 E815.9561
G0 F3300 X145.342 Y101.579
G1 F3300 X101.580 Y145.341 E818.1431
G0 F3300 X101.580 Y145.907
G1 F3300 X145.907 Y101.579 E820.3585
G0 F3300 X146.473 Y101.579
G1 F3300 X101.580 Y146.472 E822.6021
G0 F3300 X101.580 Y147.038
G1 F3300 X147.039 Y101.579 E824.8740
G0 F3300 X147.605 Y101.579
G1 F3300 X101.580 Y147.604 E827.1742
G0 F3300 X101.580 Y148.169
G1 F3300 X148.170 Y101.579 E829.5026
G0 F3300 X148.418 Y101.896
G1 F3300 X101.896 Y148.419 E831.8276
G0 F3300 X102.461 Y148.419
G1 F3300 X148.418 Y102.462 E834.1244
G0 F3300 X148.418 Y103.028
G1 F3300 X103.027 Y148.419 E836.3929
G0 F3300 X103.593 Y148.419
G1 F3300 X148.418 Y103.593 E838.6331
G0 F3300 X148.418 Y104.159
G1 F3300 X104.158 Y148.419 E840.8451
G0 F3300 X104.724 Y148.419
G1 F3300 X148.418 Y104.725 E843.0288
G0 F3300 X148.418 Y105.291
G1 F3300 X105.290 Y148.419 E845.1842
G0 F3300 X105.856 Y148.419
G1 F3300 X148.418 Y105.856 E847.3113
G0 F3300 X148.418 Y106.422
G1 F3300 X106.421 Y148.419 E849.4102
G0 F3300 X106.987 Y148.419
G1 F3300 X148.418 Y106.988 E851.4808
G0 F3300 X148.418 Y107.553
G1 F3300 X107.553 Y148.419 E853.5231
G0 F3300 X108.118 Y148.419
G1 F3300 X148.418 Y108.119 E855.5372
G0 F3300 X148.418 Y108.685
G1 F3300 X108.684 Y148.419 E857.5229
G0 F3300 X109.250 Y148.419
G1 F3300 X148.418 Y109.250 E859.4805
G0 F3300 X148.418 Y109.816
G1 F3300 X109.815 Y148.419 E861.4097
G0 F3300 X110.381 Y148.419
G1 F3300 X148.418 Y110.382 E863.3107
G0 F3300 X148.418 Y110.947
G1 F3300 X110.947 Y148.419 E865.1834
G0 F3300 X111.512 Y148.419
G1 F3300 X148.418 Y111.513 E867.0278
G0 F3300 X148.418 Y112.079
G1 F3300 X112.078 Y148.419 E868.8440
G0 F3300 X112.644 Y148.419
G1 F3300 X148.418 Y112.644 E870.6319
G0 F3300 X148.418 Y113.210
G1 F3300 X113.209 Y148.419 E872.3915
G0 F3300 X113.775 Y148.419
G1 F3300 X148.418 Y113.776 E874.1228
G0 F3300 X148.418 Y114.341
G1 F3300 X114.341 Y148.419 E875.8259
G0 F3300 X114.906 Y148.419
G1 F3300 X148.418 Y114.907 E877.5008
G0 F3300 X148.418 Y115.473
G1 F3300 X115.472 Y148.419 E879.1473
G0 F3300 X116.038 Y148.419
G1 F3300 X148.418 Y116.039 E880.7655
G0 F3300 X148.418 Y116.604
G1 F3300 X116.604 Y148.419 E882.3555
G0 F3300 X117.169 Y148.419
G1 F3300 X148.418 Y117.170 E883.9172
G0 F3300 X148.418 Y117.736
G1 F3300 X117.735 Y148.419 E885.4507
G0 F3300 X118.301 Y148.419
G1 F3300 X148.418 Y118.301 E886.9559
G0 F3300 X148.418 Y118.867
G1 F3300 X118.866 Y148.419 E888.4328
G0 F3300 X119.432 Y148.419
G1 F3300 X148.418 Y119.433 E889.8814
G0 F3300 X148.418 Y119.998
G1 F3300 X119.998 Y148.419 E891.3018
G0 F3300 X120.563 Y148.419
G1 F3300 X148.418 Y120.564 E892.6939
G0 F3300 X148.418 Y121.130
G1 F3300 X121.129 Y148.419 E894.0577
G0 F3300 X121.695 Y148.419
G1 F3300 X148.418 Y121.695 E895.3932
G0 F3300 X148.418 Y122.261
G1 F3300 X122.260 Y148.419 E896.7005
G0 F3300 X122.826 Y148.419
G1 F3300 X148.418 Y122.827 E897.9795
G0 F3300 X148.418 Y123.392
G1 F3300 X123.392 Y148.419 E899.2303
G0 F3300 X123.957 Y148.419
G1 F3300 X148.418 Y123.958 E900.4527
G0 F3300 X148.418 Y124.524
G1 F3300 X124.523 Y148.419 E901.6469
G0 F3300 X125.089 Y148.419
G1 F3300 X148.418 Y125.090 E902.8128
G0 F3300 X148.418 Y125.655
G1 F3300 X125.654 Y148.419 E903.9505
G0 F3300 X126.220 Y148.419
G1 F3300 X148.418 Y126.221 E905.0599
G0 F3300 X148.418 Y126.787
G1 F3300 X126.786 Y148.419 E906.1410
G0 F3300 X127.352 Y148.419
G1 F3300 X148.418 Y127.352 E907.1938
G0 F3300 X148.418 Y127.918
G1 F3300 X127.917 Y148.419 E908.2184
G0 F3300 X128.483 Y148.419
G1 F3300 X148.418 Y128.484 E909.2147
G0 F3300 X148.418 Y129.049
G1 F3300 X129.049 Y148.419 E910.1827
G0 F3300 X129.614 Y148.419
G1 F3300 X148.418 Y129.615 E911.1225
G0 F3300 X148.418 Y130.181
G1 F3300 X130.180 Y148.419 E912.0340
G0 F3300 X130.746 Y148.419
G1 F3300 X148.418 Y130.746 E912.9172
G0 F3300 X148.418 Y131.312
G1 F3300 X131.311 Y148.419 E913.7721
G0 F3300 X131.877 Y148.419
G1 F3300 X148.418 Y131.878 E914.5988
G0 F3300 X148.418 Y132.443
G1 F3300 X132.443 Y148.419 E915.3972
G0 F3300 X133.008 Y148.419
G1 F3300 X148.418 Y133.009 E916.1673
G0 F3300 X148.418 Y133.575
G1 F3300 X133.574 Y148.419 E916.9092
G0 F3300 X134.140 Y148.419
G1 F3300 X148.418 Y134.140 E917.6228
G0 F3300 X148.418 Y134.706
G1 F3300 X134.705 Y148.419 E918.3081
G0 F3300 X135.271 Y148.419
G1 F3300 X148.418 Y135.272 E918.9652
G0 F3300 X148.418 Y135.838
G1 F3300 X135.837 Y148.419 E919.5939
G0 F3300 X136.403 Y148.419
G1 F3300 X148.418 Y136.403 E920.1944
G0 F3300 X148.418 Y136.969
G1 F3300 X136.968 Y148.419 E920.7666
G0 F3300 X137.534 Y148.419
G1 F3300 X148.418 Y137.535 E921.3106
G0 F3300 X148.418 Y138.100
G1 F3300 X138.100 Y148.419 E921.8263
G0 F3300 X138.665 Y148.419
G1 F3300 X148.418 Y138.666 E922.3137
G0 F3300 X148.418 Y139.232
G1 F3300 X139.231 Y148.419 E922.7728
G0 F3300 X139.797 Y148.419
G1 F3300 X148.418 Y139.797 E923.2037
G0 F3300 X148.418 Y140.363
G1 F3300 X140.362 Y148.419 E923.6063
G0 F3300 X140.928 Y148.419
G1 F3300 X148.418 Y140.929 E923.9806
G0 F3300 X148.418 Y141.494
G1 F3300 X141.494 Y148.419 E924.3267
G0 F3300 X142.059 Y148.419
G1 F3300 X148.418 Y142.060 E924.6445
G0 F3300 X148.418 Y142.626
G1 F3300 X142.625 Y148.419 E924.9340
G0 F3300 X143.191 Y148.419
G1 F3300 X148.418 Y143.191 E925.1953
G0 F3300 X148.418 Y143.757
G1 F3300 X143.756 Y148.419 E925.4283
G0 F3300 X144.322 Y148.419
G1 F3300 X148.418 Y144.323 E925.6330
G0 F3300 X148.418 Y144.889
G1 F3300 X144.888 Y148.419 E925.8094
G0 F3300 X145.453 Y148.419
G1 F3300 X148.418 Y145.454 E925.9576
G0 F3300 X148.418 Y146.020
G1 F3300 X146.019 Y148.419 E926.0775
G0 F3300 X146.585 Y148.419
G1 F3300 X148.418 Y146.586 E926.1691
G0 F3300 X148.418 Y147.151
G1 F3300 X147.151 Y148.419 E926.2324
G0 F3300 X147.716 Y148.419
G1 F3300 X148.418 Y147.717 E926.2675
G0 F3300 X148.418 Y148.283
G1 F3300 X148.282 Y148.419 E926.2743
;PRINTING_TIME: 643
;REMAINING_TIME: 5592
;LAYER:4
;Z:1.250
;HEIGHT:0.250
;FLOW:100.0
M106 S89
;PRINTING: Flow_Calibration_Cube_0.4_mm.stl
;PRINTING_ID: 0
G1 F2400 E925.2743
G1 F300 Z1.450
G0 F3900 X100.200 Y100.200
G0 F300 Z1.250
;TYPE:WALL-OUTER
;WIDTH:0.400
;FLOW:95.0
G1 F300 Z1.250
G1 F1500 E926.2743
G1 F2400 X149.800 Y100.200 E928.2333
G1 X149.800 Y149.800 E930.1923
G1 X100.200 Y149.800 E932.1514
G1 X100.200 Y100.200 E934.1104
G0 F3900 X100.600 Y100.600
;TYPE:WALL-INNER
;WIDTH:0.400
;FLOW:85.0
G1 F2400 X149.400 Y100.600 E935.8349
G1 X149.400 Y149.400 E937.5595
G1 X100.600 Y149.400 E939.2840
G1 X100.600 Y100.600 E941.0085
G0 F3900 X101.000 Y101.000
G1 F2400 X149.000 Y101.000 E942.7048
G1 X149.000 Y149.000 E944.4011
G1 X101.000 Y149.000 E946.0973
G1 X101.000 Y101.000 E947.7936
G0 F3900 X101.400 Y101.400
G1 F2400 X148.600 Y101.400 E949.4616
G1 X148.600 Y148.600 E951.1296
G1 X101.400 Y148.600 E952.7976
G1 X101.400 Y101.400 E954.4656
G1 F2400 E953.4656
G1 F300 Z1.450
G0 F3900 X101.579 Y148.248
;TYPE:SOLID-FILL
;WIDTH:0.400
G1 F300 Z1.250
G1 F1500 E954.4656
G1 F3600 X101.749 Y148.418 E954.4741
G0 F3600 X102.315 Y148.418
G1 F3600 X101.579 Y147.682 E954.5109
G0 F3600 X101.579 Y147.117
G1 F3600 X102.881 Y148.418 E954.5759
G0 F3600 X103.446 Y148.418
G1 F3600 X101.579 Y146.551 E954.6692
G0 F3600 X101.579 Y145.985
G1 F3600 X104.012 Y148.418 E954.7908
G0 F3600 X104.578 Y148.418
G1 F3600 X101.579 Y145.420 E954.9407
G0 F3600 X101.579 Y144.854
G1 F3600 X105.143 Y148.418 E955.1188
G0 F3600 X105.709 Y148.418
G1 F3600 X101.579 Y144.288 E955.3252
G0 F3600 X101.579 Y143.722
G1 F3600 X106.275 Y148.418 E955.5599
G0 F3600 X106.841 Y148.418
G1 F3600 X101.579 Y143.157 E955.8228
G0 F3600 X101.579 Y142.591
G1 F3600 X107.406 Y148.418 E956.1141
G0 F3600 X107.972 Y148.418
G1 F3600 X101.579 Y142.025 E956.4336
G0 F3600 X101.579 Y141.460
G1 F3600 X108.538 Y148.418 E956.7813
G0 F3600 X109.103 Y148.418
G1 F3600 X101.579 Y140.894 E957.1573
G0 F3600 X101.579 Y140.328
G1 F3600 X109.669 Y148.418 E957.5617
G0 F3600 X110.235 Y148.418
G1 F3600 X101.579 Y139.763 E957.9942
G0 F3600 X101.579 Y139.197
G1 F3600 X110.800 Y148.418 E958.4551
G0 F3600 X111.366 Y148.418
G1 F3600 X101.579 Y138.631 E958.9442
G0 F3600 X101.579 Y138.066
G1 F3600 X111.932 Y148.418 E959.4616
G0 F3600 X112.497 Y148.418
G1 F3600 X101.579 Y137.500 E960.0072
G0 F3600 X101.579 Y136.934
G1 F3600 X113.063 Y148.418 E960.5811
G0 F3600 X113.629 Y148.418
G1 F3600 X101.579 Y136.369 E961.1833
G0 F3600 X101.579 Y135.803
G1 F3600 X114.194 Y148.418 E961.8138
G0 F3600 X114.760 Y148.418
G1 F3600 X101.579 Y135.237 E962.4725
G0 F3600 X101.579 Y134.672
G1 F3600 X115.326 Y148.418 E963.1595
G0 F3600 X115.891 Y148.418
G1 F3600 X101.579 Y134.106 E963.8748
G0 F3600 X101.579 Y133.540
G1 F3600 X116.457 Y148.418 E964.6184
G0 F3600 X117.023 Y148.418
G1 F3600 X101.579 Y132.974 E965.3902
G0 F3600 X101.579 Y132.409
G1 F3600 X117.589 Y148.418 E966.1903
G0 F3600 X118.154 Y148.418
G1 F3600 X101.579 Y131.843 E967.0187
G0 F3600 X101.579 Y131.277
G1 F3600 X118.720 Y148.418 E967.8753
G0 F3600 X119.286 Y148.418
G1 F3600 X101.579 Y130.712 E968.7602
G0 F3600 X101.579 Y130.146
G1 F3600 X119.851 Y148.418 E969.6734
G0 F3600 X120.417 Y148.418
G1 F3600 X101.579 Y129.580 E970.6149
G0 F3600 X101.579 Y129.015
G1 F3600 X120.983 Y148.418 E971.5846
G0 F3600 X121.548 Y148.418
G1 F3600 X101.579 Y128.449 E972.5826
G0 F3600 X101.579 Y127.883
G1 F3600 X122.114 Y148.418 E973.6089
G0 F3600 X122.680 Y148.418
G1 F3600 X101.579 Y127.318 E974.6634
G0 F3600 X101.579 Y126.752
G1 F3600 X123.245 Y148.418 E975.7462
G0 F3600 X123.811 Y148.418
G1 F3600 X101.579 Y126.186 E976.8573
G0 F3600 X101.579 Y125.621
G1 F3600 X124.377 Y148.418 E977.9966
G0 F3600 X124.942 Y148.418
G1 F3600 X101.579 Y125.055 E979.1642
G0 F3600 X101.579 Y124.489
G1 F3600 X125.508 Y148.418 E980.3601
G0 F3600 X126.074 Y148.418
G1 F3600 X101.579 Y123.923 E981.5843
G0 F3600 X101.579 Y123.358
G1 F3600 X126.639 Y148.418 E982.8367
G0 F3600 X127.205 Y148.418
G1 F3600 X101.579 Y122.792 E984.1174
G0 F3600 X101.579 Y122.226
G1 F3600 X127.771 Y148.418 E985.4264
G0 F3600 X128.337 Y148.418
G1 F3600 X101.579 Y121.661 E986.7637
G0 F3600 X101.579 Y121.095
G1 F3600 X128.902 Y148.418 E988.1292
G0 F3600 X129.468 Y148.418
G1 F3600 X101.579 Y120.529 E989.5230
G0 F3600 X101.579 Y119.964
G1 F3600 X130.034 Y148.418 E990.9450
G0 F3600 X130.599 Y148.418
G1 F3600 X101.579 Y119.398 E992.3954
G0 F3600 X101.579 Y118.832
G1 F3600 X131.165 Y148.418 E993.8740
G0 F3600 X131.731 Y148.418
G1 F3600 X101.579 Y118.267 E995.3809
G0 F3600 X101.579 Y117.701
G1 F3600 X132.296 Y148.418 E996.9160
G0 F3600 X132.862 Y148.418
G1 F3600 X101.579 Y117.135 E998.4794
G0 F3600 X101.579 Y116.570
G1 F3600 X133.428 Y148.418 E1000.0711
G0 F3600 X133.993 Y148.418
G1 F3600 X101.579 Y116.004 E1001.6910
G0 F3600 X101.579 Y115.438
G1 F3600 X134.559 Y148.418 E1003.3393
G0 F3600 X135.125 Y148.418
G1 F3600 X101.579 Y114.873 E1005.0158
G0 F3600 X101.579 Y114.307
G1 F3600 X135.690 Y148.418 E1006.7205
G0 F3600 X136.256 Y148.418
G1 F3600 X101.579 Y113.741 E1008.4536
G0 F3600 X101.579 Y113.175
G1 F3600 X136.822 Y148.418 E1010.2149
G0 F3600 X137.388 Y148.418
G1 F3600 X101.579 Y112.610 E1012.0045
G0 F3600 X101.579 Y112.044
G1 F3600 X137.953 Y148.418 E1013.8223
G0 F3600 X138.519 Y148.418
G1 F3600 X101.579 Y111.478 E1015.6685
G0 F3600 X101.579 Y110.913
G1 F3600 X139.085 Y148.418 E1017.5429
G0 F3600 X139.650 Y148.418
G1 F3600 X101.579 Y110.347 E1019.4456
G0 F3600 X101.579 Y109.781
G1 F3600 X140.216 Y148.418 E1021.3765
G0 F3600 X140.782 Y148.418
G1 F3600 X101.579 Y109.216 E1023.3357
G0 F3600 X101.579 Y108.650
G1 F3600 X141.347 Y148.418 E1025.3232
G0 F3600 X141.913 Y148.418
G1 F3600 X101.579 Y108.084 E1027.3390
G0 F3600 X101.579 Y107.519
G1 F3600 X142.479 Y148.418 E1029.3830
G0 F3600 X143.044 Y148.418
G1 F3600 X101.579 Y106.953 E1031.4553
G0 F3600 X101.579 Y106.387
G1 F3600 X143.610 Y148.418 E1033.5558
G0 F3600 X144.176 Y148.418
G1 F3600 X101.579 Y105.822 E1035.6847
G0 F3600 X101.579 Y105.256
G1 F3600 X144.741 Y148.418 E1037.8418
G0 F3600 X145.307 Y148.418
G1 F3600 X101.579 Y104.690 E1040.0272
G0 F3600 X101.579 Y104.125
G1 F3600 X145.873 Y148.418 E1042.2408
G0 F3600 X146.438 Y148.418
G1 F3600 X101.579 Y103.559 E1044.4827
G0 F3600 X101.579 Y102.993
G1 F3600 X147.004 Y148.418 E1046.7529
G0 F3600 X147.570 Y148.418
G1 F3600 X101.579 Y102.427 E1049.0514
G0 F3600 X101.579 Y101.862
G1 F3600 X148.136 Y148.418 E1051.3781
G0 F3600 X148.419 Y148.136
G1 F3600 X101.862 Y101.580 E1053.7049
G0 F3600 X102.428 Y101.580
G1 F3600 X148.419 Y147.571 E1056.0033
G0 F3600 X148.419 Y147.005
G1 F3600 X102.994 Y101.580 E1058.2735
G0 F3600 X103.560 Y101.580
G1 F3600 X148.419 Y146.439 E1060.5154
G0 F3600 X148.419 Y145.874
G1 F3600 X104.125 Y101.580 E1062.7291
G0 F3600 X104.691 Y101.580
G1 F3600 X148.419 Y145.308 E1064.9145
G0 F3600 X148.419 Y144.742
G1 F3600 X105.257 Y101.580 E1067.0716
G0 F3600 X105.822 Y101.580
G1 F3600 X148.419 Y144.176 E1069.2004
G0 F3600 X148.419 Y143.611
G1 F3600 X106.388 Y101.580 E1071.3010
G0 F3600 X106.954 Y101.580
G1 F3600 X148.419 Y143.045 E1073.3733
G0 F3600 X148.419 Y142.479
G1 F3600 X107.519 Y101.580 E1075.4173
G0 F3600 X108.085 Y101.580
G1 F3600 X148.419 Y141.914 E1077.4331
G0 F3600 X148.419 Y141.348
G1 F3600 X108.651 Y101.580 E1079.4205
G0 F3600 X109.216 Y101.580
G1 F3600 X148.419 Y140.782 E1081.3798
G0 F3600 X148.419 Y140.217
G1 F3600 X109.782 Y101.580 E1083.3107
G0 F3600 X110.348 Y101.580
G1 F3600 X148.419 Y139.651 E1085.2134
G0 F3600 X148.419 Y139.085
G1 F3600 X110.913 Y101.580 E1087.0878
G0 F3600 X111.479 Y101.580
G1 F3600 X148.419 Y138.520 E1088.9339
G0 F3600 X148.419 Y137.954
G1 F3600 X112.045 Y101.580 E1090.7518
G0 F3600 X112.610 Y101.580
G1 F3600 X148.419 Y137.388 E1092.5414
G0 F3600 X148.419 Y136.823
G1 F3600 X113.176 Y101.580 E1094.3027
G0 F3600 X113.742 Y101.580
G1 F3600 X148.419 Y136.257 E1096.0357
G0 F3600 X148.419 Y135.691
G1 F3600 X114.308 Y101.580 E1097.7405
G0 F3600 X114.873 Y101.580
G1 F3600 X148.419 Y135.125 E1099.4170
G0 F3600 X148.419 Y134.560
G1 F3600 X115.439 Y101.580 E1101.0652
G0 F3600 X116.005 Y101.580
G1 F3600 X148.419 Y133.994 E1102.6852
G0 F3600 X148.419 Y133.428
G1 F3600 X116.570 Y101.580 E1104.2769
G0 F3600 X117.136 Y101.580
G1 F3600 X148.419 Y132.863 E1105.8403
G0 F3600 X148.419 Y132.297
G1 F3600 X117.702 Y101.580 E1107.3754
G0 F3600 X118.267 Y101.580
G1 F3600 X148.419 Y131.731 E1108.8823
G0 F3600 X148.419 Y131.166
G1 F3600 X118.833 Y101.580 E1110.3609
G0 F3600 X119.399 Y101.580
G1 F3600 X148.419 Y130.600 E1111.8112
G0 F3600 X148.419 Y130.034
G1 F3600 X119.964 Y101.580 E1113.2333
G0 F3600 X120.530 Y101.580
G1 F3600 X148.419 Y129.469 E1114.6271
G0 F3600 X148.419 Y128.903
G1 F3600 X121.096 Y101.580 E1115.9926
G0 F3600 X121.661 Y101.580
G1 F3600 X148.419 Y128.337 E1117.3299
G0 F3600 X148.419 Y127.772
G1 F3600 X122.227 Y101.580 E1118.6388
G0 F3600 X122.793 Y101.580
G1 F3600 X148.419 Y127.206 E1119.9195
G0 F3600 X148.419 Y126.640
G1 F3600 X123.359 Y101.580 E1121.1720
G0 F3600 X123.924 Y101.580
G1 F3600 X148.419 Y126.075 E1122.3961
G0 F3600 X148.419 Y125.509
G1 F3600 X124.490 Y101.580 E1123.5920
G0 F3600 X125.056 Y101.580
G1 F3600 X148.419 Y124.943 E1124.7596
G0 F3600 X148.419 Y124.377
G1 F3600 X125.621 Y101.580 E1125.8990
G0 F3600 X126.187 Y101.580
G1 F3600 X148.419 Y123.812 E1127.0101
G0 F3600 X148.419 Y123.246
G1 F3600 X126.753 Y101.580 E1128.0929
G0 F3600 X127.318 Y101.580
G1 F3600 X148.419 Y122.680 E1129.1474
G0 F3600 X148.419 Y122.115
G1 F3600 X127.884 Y101.580 E1130.1737
G0 F3600 X128.450 Y101.580
G1 F3600 X148.419 Y121.549 E1131.1717
G0 F3600 X148.419 Y120.983
G1 F3600 X129.015 Y101.580 E1132.1414
G0 F3600 X129.581 Y101.580
G1 F3600 X148.419 Y120.418 E1133.0828
G0 F3600 X148.419 Y119.852
G1 F3600 X130.147 Y101.580 E1133.9960
G0 F3600 X130.712 Y101.580
G1 F3600 X148.419 Y119.286 E1134.8809
G0 F3600 X148.419 Y118.721
G1 F3600 X131.278 Y101.580 E1135.7376
G0 F3600 X131.844 Y101.580
G1 F3600 X148.419 Y118.155 E1136.5660
G0 F3600 X148.419 Y117.589
G1 F3600 X132.409 Y101.580 E1137.3661
G0 F3600 X132.975 Y101.580
G1 F3600 X148.419 Y117.024 E1138.1379
G0 F3600 X148.419 Y116.458
G1 F3600 X133.541 Y101.580 E1138.8814
G0 F3600 X134.107 Y101.580
G1 F3600 X148.419 Y115.892 E1139.5967
G0 F3600 X148.419 Y115.326
G1 F3600 X134.672 Y101.580 E1140.2837
G0 F3600 X135.238 Y101.580
G1 F3600 X148.419 Y114.761 E1140.9425
G0 F3600 X148.419 Y114.195
G1 F3600 X135.804 Y101.580 E1141.5729
G0 F3600 X136.369 Y101.580
G1 F3600 X148.419 Y113.629 E1142.1751
G0 F3600 X148.419 Y113.064
G1 F3600 X136.935 Y101.580 E1142.7490
G0 F3600 X137.501 Y101.580
G1 F3600 X148.419 Y112.498 E1143.2947
G0 F3600 X148.419 Y111.932
G1 F3600 X138.066 Y101.580 E1143.8121
G0 F3600 X138.632 Y101.580
G1 F3600 X148.419 Y111.367 E1144.3012
G0 F3600 X148.419 Y110.801
G1 F3600 X139.198 Y101.580 E1144.7620
G0 F3600 X139.763 Y101.580
G1 F3600 X148.419 Y110.235 E1145.1946
G0 F3600 X148.419 Y109.670
G1 F3600 X140.329 Y101.580 E1145.5989
G0 F3600 X140.895 Y101.580
G1 F3600 X148.419 Y109.104 E1145.9749
G0 F3600 X148.419 Y108.538
G1 F3600 X141.460 Y101.580 E1146.3227
G0 F3600 X142.026 Y101.580
G1 F3600 X148.419 Y107.973 E1146.6422
G0 F3600 X148.419 Y107.407
G1 F3600 X142.592 Y101.580 E1146.9334
G0 F3600 X143.158 Y101.580
G1 F3600 X148.419 Y106.841 E1147.1964
G0 F3600 X148.419 Y106.276
G1 F3600 X143.723 Y101.580 E1147.4310
G0 F3600 X144.289 Y101.580
G1 F3600 X148.419 Y105.710 E1147.6374
G0 F3600 X148.419 Y105.144
G1 F3600 X144.855 Y101.580 E1147.8156
G0 F3600 X145.420 Y101.580
G1 F3600 X148.419 Y104.578 E1147.9654
G0 F3600 X148.419 Y104.013
G1 F3600 X145.986 Y101.580 E1148.0870
G0 F3600 X146.552 Y101.580
G1 F3600 X148.419 Y103.447 E1148.1803
G0 F3600 X148.419 Y102.881
G1 F3600 X147.117 Y101.580 E1148.2454
G0 F3600 X147.683 Y101.580
G1 F3600 X148.419 Y102.316 E1148.2821
G0 F3600 X148.419 Y101.750
G1 F3600 X148.249 Y101.580 E1148.2906
;PRINTING_TIME: 783
;REMAINING_TIME: 5452
;LAYER:5
;Z:1.500
;HEIGHT:0.250
;FLOW:100.0
;PRINTING: Flow_Calibration_Cube_0.4_mm.stl
;PRINTING_ID: 0
G1 F2400 E1147.2906
G1 F300 Z1.700
G0 F3900 X100.200 Y100.200
G0 F300 Z1.500
;TYPE:WALL-OUTER
;WIDTH:0.400
;FLOW:95.0
G1 F300 Z1.500
G1 F1500 E1148.2906
G1 F2400 X149.800 Y100.200 E1150.2497
G1 X149.800 Y149.800 E1152.2087
G1 X100.200 Y149.800 E1154.1677
G1 X100.200 Y100.200 E1156.1267
G0 F3900 X100.600 Y100.600
;TYPE:WALL-INNER
;WIDTH:0.400
;FLOW:85.0
G1 F2400 X149.400 Y100.600 E1157.8513
G1 X149.400 Y149.400 E1159.5758
G1 X100.600 Y149.400 E1161.3003
G1 X100.600 Y100.600 E1163.0249
G0 F3900 X101.000 Y101.000
G1 F2400 X149.000 Y101.000 E1164.7212
G1 X149.000 Y149.000 E1166.4174
G1 X101.000 Y149.000 E1168.1137
G1 X101.000 Y101.000 E1169.8100
G0 F3900 X101.400 Y101.400
G1 F2400 X148.600 Y101.400 E1171.4779
G1 X148.600 Y148.600 E1173.1459
G1 X101.400 Y148.600 E1174.8139
G1 X101.400 Y101.400 E1176.4819
G0 F3900 X101.580 Y101.783
;TYPE:SOLID-FILL
;WIDTH:0.400
G1 F3600 X101.784 Y101.579 E1176.4921
G0 F3600 X102.350 Y101.579
G1 F3600 X101.580 Y102.349 E1176.5306
G0 F3600 X101.580 Y102.915
G1 F3600 X102.915 Y101.579 E1176.5974
G0 F3600 X103.481 Y101.579
G1 F3600 X101.580 Y103.480 E1176.6924
G0 F3600 X101.580 Y104.046
G1 F3600 X104.047 Y101.579 E1176.8157
G0 F3600 X104.612 Y101.579
G1 F3600 X101.580 Y104.612 E1176.9672
G0 F3600 X101.580 Y105.177
G1 F3600 X105.178 Y101.579 E1177.1470
G0 F3600 X105.744 Y101.579
G1 F3600 X101.580 Y105.743 E1177.3551
G0 F3600 X101.580 Y106.309
G1 F3600 X106.309 Y101.579 E1177.5915
G0 F3600 X106.875 Y101.579
G1 F3600 X101.580 Y106.874 E1177.8561
G0 F3600 X101.580 Y107.440
G1 F3600 X107.441 Y101.579 E1178.1490
G0 F3600 X108.007 Y101.579
G1 F3600 X101.580 Y108.006 E1178.4702
G0 F3600 X101.580 Y108.572
G1 F3600 X108.572 Y101.579 E1178.8197
G0 F3600 X109.138 Y101.579
G1 F3600 X101.580 Y109.137 E1179.1974
G0 F3600 X101.580 Y109.703
G1 F3600 X109.704 Y101.579 E1179.6034
G0 F3600 X110.269 Y101.579
G1 F3600 X101.580 Y110.269 E1180.0377
G0 F3600 X101.580 Y110.834
G1 F3600 X110.835 Y101.579 E1180.5002
G0 F3600 X111.401 Y101.579
G1 F3600 X101.580 Y111.400 E1180.9911
G0 F3600 X101.580 Y111.966
G1 F3600 X111.966 Y101.579 E1181.5101
G0 F3600 X112.532 Y101.579
G1 F3600 X101.580 Y112.531 E1182.0575
G0 F3600 X101.580 Y113.097
G1 F3600 X113.098 Y101.579 E1182.6331
G0 F3600 X113.663 Y101.579
G1 F3600 X101.580 Y113.663 E1183.2370
G0 F3600 X101.580 Y114.228
G1 F3600 X114.229 Y101.579 E1183.8692
G0 F3600 X114.795 Y101.579
G1 F3600 X101.580 Y114.794 E1184.5296
G0 F3600 X101.580 Y115.360
G1 F3600 X115.360 Y101.579 E1185.2183
G0 F3600 X115.926 Y101.579
G1 F3600 X101.580 Y115.925 E1185.9353
G0 F3600 X101.580 Y116.491
G1 F3600 X116.492 Y101.579 E1186.6805
G0 F3600 X117.057 Y101.579
G1 F3600 X101.580 Y117.057 E1187.4541
G0 F3600 X101.580 Y117.622
G1 F3600 X117.623 Y101.579 E1188.2558
G0 F3600 X118.189 Y101.579
G1 F3600 X101.580 Y118.188 E1189.0859
G0 F3600 X101.580 Y118.754
G1 F3600 X118.755 Y101.579 E1189.9442
G0 F3600 X119.320 Y101.579
G1 F3600 X101.580 Y119.320 E1190.8309
G0 F3600 X101.580 Y119.885
G1 F3600 X119.886 Y101.579 E1191.7457
G0 F3600 X120.452 Y101.579
G1 F3600 X101.580 Y120.451 E1192.6889
G0 F3600 X101.580 Y121.017
G1 F3600 X121.017 Y101.579 E1193.6603
G0 F3600 X121.583 Y101.579
G1 F3600 X101.580 Y121.582 E1194.6600
G0 F3600 X101.580 Y122.148
G1 F3600 X122.149 Y101.579 E1195.6880
G0 F3600 X122.714 Y101.579
G1 F3600 X101.580 Y122.714 E1196.7442
G0 F3600 X101.580 Y123.279
G1 F3600 X123.280 Y101.579 E1197.8287
G0 F3600 X123.846 Y101.579
G1 F3600 X101.580 Y123.845 E1198.9415
G0 F3600 X101.580 Y124.411
G1 F3600 X124.411 Y101.579 E1200.0825
G0 F3600 X124.977 Y101.579
G1 F3600 X101.580 Y124.976 E1201.2518
G0 F3600 X101.580 Y125.542
G1 F3600 X125.543 Y101.579 E1202.4494
G0 F3600 X126.108 Y101.579
G1 F3600 X101.580 Y126.108 E1203.6753
G0 F3600 X101.580 Y126.673
G1 F3600 X126.674 Y101.579 E1204.9294
G0 F3600 X127.240 Y101.579
G1 F3600 X101.580 Y127.239 E1206.2118
G0 F3600 X101.580 Y127.805
G1 F3600 X127.806 Y101.579 E1207.5225
G0 F3600 X128.371 Y101.579
G1 F3600 X101.580 Y128.370 E1208.8614
G0 F3600 X101.580 Y128.936
G1 F3600 X128.937 Y101.579 E1210.2286
G0 F3600 X129.503 Y101.579
G1 F3600 X101.580 Y129.502 E1211.6241
G0 F3600 X101.580 Y130.068
G1 F3600 X130.068 Y101.579 E1213.0479
G0 F3600 X130.634 Y101.579
G1 F3600 X101.580 Y130.633 E1214.4999
G0 F3600 X101.580 Y131.199
G1 F3600 X131.200 Y101.579 E1215.9802
G0 F3600 X131.765 Y101.579
G1 F3600 X101.580 Y131.765 E1217.4888
G0 F3600 X101.580 Y132.330
G1 F3600 X132.331 Y101.579 E1219.0256
G0 F3600 X132.897 Y101.579
G1 F3600 X101.580 Y132.896 E1220.5908
G0 F3600 X101.580 Y133.462
G1 F3600 X133.462 Y101.579 E1222.1841
G0 F3600 X134.028 Y101.579
G1 F3600 X101.580 Y134.027 E1223.8058
G0 F3600 X101.580 Y134.593
G1 F3600 X134.594 Y101.579 E1225.4557
G0 F3600 X135.159 Y101.579
G1 F3600 X101.580 Y135.159 E1227.1339
G0 F3600 X101.580 Y135.724
G1 F3600 X135.725 Y101.579 E1228.8404
G0 F3600 X136.291 Y101.579
G1 F3600 X101.580 Y136.290 E1230.5751
G0 F3600 X101.580 Y136.856
G1 F3600 X136.856 Y101.579 E1232.3381
G0 F3600 X137.422 Y101.579
G1 F3600 X101.580 Y137.421 E1234.1294
G0 F3600 X101.580 Y137.987
G1 F3600 X137.988 Y101.579 E1235.9489
G0 F3600 X138.554 Y101.579
G1 F3600 X101.580 Y138.553 E1237.7968
G0 F3600 X101.580 Y139.119
G1 F3600 X139.119 Y101.579 E1239.6729
G0 F3600 X139.685 Y101.579
G1 F3600 X101.580 Y139.684 E1241.5772
G0 F3600 X101.580 Y140.250
G1 F3600 X140.251 Y101.579 E1243.5099
G0 F3600 X140.816 Y101.579
G1 F3600 X101.580 Y140.816 E1245.4708
G0 F3600 X101.580 Y141.381
G1 F3600 X141.382 Y101.579 E1247.4600
G0 F3600 X141.948 Y101.579
G1 F3600 X101.580 Y141.947 E1249.4774
G0 F3600 X101.580 Y142.513
G1 F3600 X142.513 Y101.579 E1251.5232
G0 F3600 X143.079 Y101.579
G1 F3600 X101.580 Y143.078 E1253.5971
G0 F3600 X101.580 Y143.644
G1 F3600 X143.645 Y101.579 E1255.6994
G0 F3600 X144.210 Y101.579
G1 F3600 X101.580 Y144.210 E1257.8300
G0 F3600 X101.580 Y144.775
G1 F3600 X144.776 Y101.579 E1259.9887
G0 F3600 X145.342 Y101.579
G1 F3600 X101.580 Y145.341 E1262.1758
G0 F3600 X101.580 Y145.907
G1 F3600 X145.907 Y101.579 E1264.3912
G0 F3600 X146.473 Y101.579
G1 F3600 X101.580 Y146.472 E1266.6348
G0 F3600 X101.580 Y147.038
G1 F3600 X147.039 Y101.579 E1268.9067
G0 F3600 X147.605 Y101.579
G1 F3600 X101.580 Y147.604 E1271.2069
G0 F3600 X101.580 Y148.169
G1 F3600 X148.170 Y101.579 E1273.5353
G0 F3600 X148.418 Y101.896
G1 F3600 X101.896 Y148.419 E1275.8603
G0 F3600 X102.461 Y148.419
G1 F3600 X148.418 Y102.462 E1278.1571
G0 F3600 X148.418 Y103.028
G1 F3600 X103.027 Y148.419 E1280.4256
G0 F3600 X103.593 Y148.419
G1 F3600 X148.418 Y103.593 E1282.6658
G0 F3600 X148.418 Y104.159
G1 F3600 X104.158 Y148.419 E1284.8778
G0 F3600 X104.724 Y148.419
G1 F3600 X148.418 Y104.725 E1287.0615
G0 F3600 X148.418 Y105.291
G1 F3600 X105.290 Y148.419 E1289.2169
G0 F3600 X105.856 Y148.419
G1 F3600 X148.418 Y105.856 E1291.3440
G0 F3600 X148.418 Y106.422
G1 F3600 X106.421 Y148.419 E1293.4429
G0 F3600 X106.987 Y148.419
G1 F3600 X148.418 Y106.988 E1295.5135
G0 F3600 X148.418 Y107.553
G1 F3600 X107.553 Y148.419 E1297.5558
G0 F3600 X108.118 Y148.419
G1 F3600 X148.418 Y108.119 E1299.5699
G0 F3600 X148.418 Y108.685
G1 F3600 X108.684 Y148.419 E1301.5556
G0 F3600 X109.250 Y148.419
G1 F3600 X148.418 Y109.250 E1303.5131
G0 F3600 X148.418 Y109.816
G1 F3600 X109.815 Y148.419 E1305.4424
G0 F3600 X110.381 Y148.419
G1 F3600 X148.418 Y110.382 E1307.3434
G0 F3600 X148.418 Y110.947
G1 F3600 X110.947 Y148.419 E1309.2161
G0 F3600 X111.512 Y148.419
G1 F3600 X148.418 Y111.513 E1311.0605
G0 F3600 X148.418 Y112.079
G1 F3600 X112.078 Y148.419 E1312.8767
G0 F3600 X112.644 Y148.419
G1 F3600 X148.418 Y112.644 E1314.6646
G0 F3600 X148.418 Y113.210
G1 F3600 X113.209 Y148.419 E1316.4242
G0 F3600 X113.775 Y148.419
G1 F3600 X148.418 Y113.776 E1318.1555
G0 F3600 X148.418 Y114.341
G1 F3600 X114.341 Y148.419 E1319.8586
G0 F3600 X114.906 Y148.419
G1 F3600 X148.418 Y114.907 E1321.5334
G0 F3600 X148.418 Y115.473
G1 F3600 X115.472 Y148.419 E1323.1800
G0 F3600 X116.038 Y148.419
G1 F3600 X148.418 Y116.039 E1324.7982
G0 F3600 X148.418 Y116.604
G1 F3600 X116.604 Y148.419 E1326.3882
G0 F3600 X117.169 Y148.419
G1 F3600 X148.418 Y117.170 E1327.9499
G0 F3600 X148.418 Y117.736
G1 F3600 X117.735 Y148.419 E1329.4834
G0 F3600 X118.301 Y148.419
G1 F3600 X148.418 Y118.301 E1330.9885
G0 F3600 X148.418 Y118.867
G1 F3600 X118.866 Y148.419 E1332.4654
G0 F3600 X119.432 Y148.419
G1 F3600 X148.418 Y119.433 E1333.9141
G0 F3600 X148.418 Y119.998
G1 F3600 X119.998 Y148.419 E1335.3344
G0 F3600 X120.563 Y148.419
G1 F3600 X148.418 Y120.564 E1336.7265
G0 F3600 X148.418 Y121.130
G1 F3600 X121.129 Y148.419 E1338.0904
G0 F3600 X121.695 Y148.419
G1 F3600 X148.418 Y121.695 E1339.4259
G0 F3600 X148.418 Y122.261
G1 F3600 X122.260 Y148.419 E1340.7332
G0 F3600 X122.826 Y148.419
G1 F3600 X148.418 Y122.827 E1342.0122
G0 F3600 X148.418 Y123.392
G1 F3600 X123.392 Y148.419 E1343.2629
G0 F3600 X123.957 Y148.419
G1 F3600 X148.418 Y123.958 E1344.4854
G0 F3600 X148.418 Y124.524
G1 F3600 X124.523 Y148.419 E1345.6796
G0 F3600 X125.089 Y148.419
G1 F3600 X148.418 Y125.090 E1346.8455
G0 F3600 X148.418 Y125.655
G1 F3600 X125.654 Y148.419 E1347.9832
G0 F3600 X126.220 Y148.419
G1 F3600 X148.418 Y126.221 E1349.0926
G0 F3600 X148.418 Y126.787
G1 F3600 X126.786 Y148.419 E1350.1737
G0 F3600 X127.352 Y148.419
G1 F3600 X148.418 Y127.352 E1351.2265
G0 F3600 X148.418 Y127.918
G1 F3600 X127.917 Y148.419 E1352.2511
G0 F3600 X128.483 Y148.419
G1 F3600 X148.418 Y128.484 E1353.2474
G0 F3600 X148.418 Y129.049
G1 F3600 X129.049 Y148.419 E1354.2154
G0 F3600 X129.614 Y148.419
G1 F3600 X148.418 Y129.615 E1355.1552
G0 F3600 X148.418 Y130.181
G1 F3600 X130.180 Y148.419 E1356.0666
G0 F3600 X130.746 Y148.419
G1 F3600 X148.418 Y130.746 E1356.9499
G0 F3600 X148.418 Y131.312
G1 F3600 X131.311 Y148.419 E1357.8048
G0 F3600 X131.877 Y148.419
G1 F3600 X148.418 Y131.878 E1358.6315
G0 F3600 X148.418 Y132.443
G1 F3600 X132.443 Y148.419 E1359.4299
G0 F3600 X133.008 Y148.419
G1 F3600 X148.418 Y133.009 E1360.2000
G0 F3600 X148.418 Y133.575
G1 F3600 X133.574 Y148.419 E1360.9419
G0 F3600 X134.140 Y148.419
G1 F3600 X148.418 Y134.140 E1361.6555
G0 F3600 X148.418 Y134.706
G1 F3600 X134.705 Y148.419 E1362.3408
G0 F3600 X135.271 Y148.419
G1 F3600 X148.418 Y135.272 E1362.9978
G0 F3600 X148.418 Y135.838
G1 F3600 X135.837 Y148.419 E1363.6266
G0 F3600 X136.403 Y148.419
G1 F3600 X148.418 Y136.403 E1364.2271
G0 F3600 X148.418 Y136.969
G1 F3600 X136.968 Y148.419 E1364.7993
G0 F3600 X137.534 Y148.419
G1 F3600 X148.418 Y137.535 E1365.3433
G0 F3600 X148.418 Y138.100
G1 F3600 X138.100 Y148.419 E1365.8590
G0 F3600 X138.665 Y148.419
G1 F3600 X148.418 Y138.666 E1366.3464
G0 F3600 X148.418 Y139.232
G1 F3600 X139.231 Y148.419 E1366.8055
G0 F3600 X139.797 Y148.419
G1 F3600 X148.418 Y139.797 E1367.2364
G0 F3600 X148.418 Y140.363
G1 F3600 X140.362 Y148.419 E1367.6390
G0 F3600 X140.928 Y148.419
G1 F3600 X148.418 Y140.929 E1368.0133
G0 F3600 X148.418 Y141.494
G1 F3600 X141.494 Y148.419 E1368.3594
G0 F3600 X142.059 Y148.419
G1 F3600 X148.418 Y142.060 E1368.6772
G0 F3600 X148.418 Y142.626
G1 F3600 X142.625 Y148.419 E1368.9667
G0 F3600 X143.191 Y148.419
G1 F3600 X148.418 Y143.191 E1369.2280
G0 F3600 X148.418 Y143.757
G1 F3600 X143.756 Y148.419 E1369.4610
G0 F3600 X144.322 Y148.419
G1 F3600 X148.418 Y144.323 E1369.6657
G0 F3600 X148.418 Y144.889
G1 F3600 X144.888 Y148.419 E1369.8421
G0 F3600 X145.453 Y148.419
G1 F3600 X148.418 Y145.454 E1369.9903
G0 F3600 X148.418 Y146.020
G1 F3600 X146.019 Y148.419 E1370.1102
G0 F3600 X146.585 Y148.419
G1 F3600 X148.418 Y146.586 E1370.2018
G0 F3600 X148.418 Y147.151
G1 F3600 X147.151 Y148.419 E1370.2651
G0 F3600 X147.716 Y148.419
G1 F3600 X148.418 Y147.717 E1370.3002
G0 F3600 X148.418 Y148.283
G1 F3600 X148.282 Y148.419 E1370.3070
;PRINTING_TIME: 921
;REMAINING_TIME: 5314
;LAYER:6
;Z:1.750
;HEIGHT:0.250
;FLOW:100.0
;PRINTING: Flow_Calibration_Cube_0.4_mm.stl
;PRINTING_ID: 0
G1 F2400 E1369.3070
G1 F300 Z1.950
G0 F3900 X100.200 Y100.200
G0 F300 Z1.750
;TYPE:WALL-OUTER
;WIDTH:0.400
;FLOW:95.0
G1 F300 Z1.750
G1 F1500 E1370.3070
G1 F2400 X149.800 Y100.200 E1372.2660
G1 X149.800 Y149.800 E1374.2250
G1 X100.200 Y149.800 E1376.1841
G1 X100.200 Y100.200 E1378.1431
G0 F3900 X100.600 Y100.600
;TYPE:WALL-INNER
;WIDTH:0.400
;FLOW:85.0
G1 F2400 X149.400 Y100.600 E1379.8676
G1 X149.400 Y149.400 E1381.5921
G1 X100.600 Y149.400 E1383.3167
G1 X100.600 Y100.600 E1385.0412
G0 F3900 X101.000 Y101.000
G1 F2400 X149.000 Y101.000 E1386.7375
G1 X149.000 Y149.000 E1388.4338
G1 X101.000 Y149.000 E1390.1300
G1 X101.000 Y101.000 E1391.8263
G0 F3900 X101.400 Y101.400
G1 F2400 X148.600 Y101.400 E1393.4943
G1 X148.600 Y148.600 E1395.1623
G1 X101.400 Y148.600 E1396.8303
G1 X101.400 Y101.400 E1398.4983
G1 F2400 E1397.4983
G1 F300 Z1.950
G0 F3900 X101.579 Y148.248
;TYPE:SOLID-FILL
;WIDTH:0.400
G1 F300 Z1.750
G1 F1500 E1398.4983
G1 F3600 X101.749 Y148.418 E1398.5068
G0 F3600 X102.315 Y148.418
G1 F3600 X101.579 Y147.682 E1398.5436
G0 F3600 X101.579 Y147.117
G1 F3600 X102.881 Y148.418 E1398.6086
G0 F3600 X103.446 Y148.418
G1 F3600 X101.579 Y146.551 E1398.7019
G0 F3600 X101.579 Y145.985
G1 F3600 X104.012 Y148.418 E1398.8235
G0 F3600 X104.578 Y148.418
G1 F3600 X101.579 Y145.420 E1398.9734
G0 F3600 X101.579 Y144.854
G1 F3600 X105.143 Y148.418 E1399.1515
G0 F3600 X105.709 Y148.418
G1 F3600 X101.579 Y144.288 E1399.3579
G0 F3600 X101.579 Y143.722
G1 F3600 X106.275 Y148.418 E1399.5926
G0 F3600 X106.841 Y148.418
G1 F3600 X101.579 Y143.157 E1399.8555
G0 F3600 X101.579 Y142.591
G1 F3600 X107.406 Y148.418 E1400.1467
G0 F3600 X107.972 Y148.418
G1 F3600 X101.579 Y142.025 E1400.4662
G0 F3600 X101.579 Y141.460
G1 F3600 X108.538 Y148.418 E1400.8140
G0 F3600 X109.103 Y148.418
G1 F3600 X101.579 Y140.894 E1401.1900
G0 F3600 X101.579 Y140.328
G1 F3600 X109.669 Y148.418 E1401.5943
G0 F3600 X110.235 Y148.418
G1 F3600 X101.579 Y139.763 E1402.0269
G0 F3600 X101.579 Y139.197
G1 F3600 X110.800 Y148.418 E1402.4877
G0 F3600 X111.366 Y148.418
G1 F3600 X101.579 Y138.631 E1402.9769
G0 F3600 X101.579 Y138.066
G1 F3600 X111.932 Y148.418 E1403.4943
G0 F3600 X112.497 Y148.418
G1 F3600 X101.579 Y137.500 E1404.0399
G0 F3600 X101.579 Y136.934
G1 F3600 X113.063 Y148.418 E1404.6138
G0 F3600 X113.629 Y148.418
G1 F3600 X101.579 Y136.369 E1405.2160
G0 F3600 X101.579 Y135.803
G1 F3600 X114.194 Y148.418 E1405.8465
G0 F3600 X114.760 Y148.418
G1 F3600 X101.579 Y135.237 E1406.5052
G0 F3600 X101.579 Y134.672
G1 F3600 X115.326 Y148.418 E1407.1922
G0 F3600 X115.891 Y148.418
G1 F3600 X101.579 Y134.106 E1407.9075
G0 F3600 X101.579 Y133.540
G1 F3600 X116.457 Y148.418 E1408.6511
G0 F3600 X117.023 Y148.418
G1 F3600 X101.579 Y132.974 E1409.4229
G0 F3600 X101.579 Y132.409
G1 F3600 X117.589 Y148.418 E1410.2230
G0 F3600 X118.154 Y148.418
G1 F3600 X101.579 Y131.843 E1411.0514
G0 F3600 X101.579 Y131.277
G1 F3600 X118.720 Y148.418 E1411.9080
G0 F3600 X119.286 Y148.418
G1 F3600 X101.579 Y130.712 E1412.7929
G0 F3600 X101.579 Y130.146
G1 F3600 X119.851 Y148.418 E1413.7061
G0 F3600 X120.417 Y148.418
G1 F3600 X101.579 Y129.580 E1414.6476
G0 F3600 X101.579 Y129.015
G1 F3600 X120.983 Y148.418 E1415.6173
G0 F3600 X121.548 Y148.418
G1 F3600 X101.579 Y128.449 E1416.6153
G0 F3600 X101.579 Y127.883
G1 F3600 X122.114 Y148.418 E1417.6415
G0 F3600 X122.680 Y148.418
G1 F3600 X101.579 Y127.318 E1418.6961
G0 F3600 X101.579 Y126.752
G1 F3600 X123.245 Y148.418 E1419.7789
G0 F3600 X123.811 Y148.418
G1 F3600 X101.579 Y126.186 E1420.8900
G0 F3600 X101.579 Y125.621
G1 F3600 X124.377 Y148.418 E1422.0293
G0 F3600 X124.942 Y148.418
G1 F3600 X101.579 Y125.055 E1423.1969
G0 F3600 X101.579 Y124.489
G1 F3600 X125.508 Y148.418 E1424.3928
G0 F3600 X126.074 Y148.418
G1 F3600 X101.579 Y123.923 E1425.6170
G0 F3600 X101.579 Y123.358
G1 F3600 X126.639 Y148.418 E1426.8694
G0 F3600 X127.205 Y148.418
G1 F3600 X101.579 Y122.792 E1428.1501
G0 F3600 X101.579 Y122.226
G1 F3600 X127.771 Y148.418 E1429.4591
G0 F3600 X128.337 Y148.418
G1 F3600 X101.579 Y121.661 E1430.7963
G0 F3600 X101.579 Y121.095
G1 F3600 X128.902 Y148.418 E1432.1619
G0 F3600 X129.468 Y148.418
G1 F3600 X101.579 Y120.529 E1433.5557
G0 F3600 X101.579 Y119.964
G1 F3600 X130.034 Y148.418 E1434.9777
G0 F3600 X130.599 Y148.418
G1 F3600 X101.579 Y119.398 E1436.4280
G0 F3600 X101.579 Y118.832
G1 F3600 X131.165 Y148.418 E1437.9067
G0 F3600 X131.731 Y148.418
G1 F3600 X101.579 Y118.267 E1439.4135
G0 F3600 X101.579 Y117.701
G1 F3600 X132.296 Y148.418 E1440.9487
G0 F3600 X132.862 Y148.418
G1 F3600 X101.579 Y117.135 E1442.5121
G0 F3600 X101.579 Y116.570
G1 F3600 X133.428 Y148.418 E1444.1038
G0 F3600 X133.993 Y148.418
G1 F3600 X101.579 Y116.004 E1445.7237
G0 F3600 X101.579 Y115.438
G1 F3600 X134.559 Y148.418 E1447.3720
G0 F3600 X135.125 Y148.418
G1 F3600 X101.579 Y114.873 E1449.0485
G0 F3600 X101.579 Y114.307
G1 F3600 X135.690 Y148.418 E1450.7532
G0 F3600 X136.256 Y148.418
G1 F3600 X101.579 Y113.741 E1452.4863
G0 F3600 X101.579 Y113.175
G1 F3600 X136.822 Y148.418 E1454.2476
G0 F3600 X137.388 Y148.418
G1 F3600 X101.579 Y112.610 E1456.0372
G0 F3600 X101.579 Y112.044
G1 F3600 X137.953 Y148.418 E1457.8550
G0 F3600 X138.519 Y148.418
G1 F3600 X101.579 Y111.478 E1459.7012
G0 F3600 X101.579 Y110.913
G1 F3600 X139.085 Y148.418 E1461.5756
G0 F3600 X139.650 Y148.418
G1 F3600 X101.579 Y110.347 E1463.4782
G0 F3600 X101.579 Y109.781
G1 F3600 X140.216 Y148.418 E1465.4092
G0 F3600 X140.782 Y148.418
G1 F3600 X101.579 Y109.216 E1467.3684
G0 F3600 X101.579 Y108.650
G1 F3600 X141.347 Y148.418 E1469.3559
G0 F3600 X141.913 Y148.418
G1 F3600 X101.579 Y108.084 E1471.3716
G0 F3600 X101.579 Y107.519
G1 F3600 X142.479 Y148.418 E1473.4157
G0 F3600 X143.044 Y148.418
G1 F3600 X101.579 Y106.953 E1475.4879
G0 F3600 X101.579 Y106.387
G1 F3600 X143.610 Y148.418 E1477.5885
G0 F3600 X144.176 Y148.418
G1 F3600 X101.579 Y105.822 E1479.7174
G0 F3600 X101.579 Y105.256
G1 F3600 X144.741 Y148.418 E1481.8744
G0 F3600 X145.307 Y148.418
G1 F3600 X101.579 Y104.690 E1484.0598
G0 F3600 X101.579 Y104.125
G1 F3600 X145.873 Y148.418 E1486.2735
G0 F3600 X146.438 Y148.418
G1 F3600 X101.579 Y103.559 E1488.5154
G0 F3600 X101.579 Y102.993
G1 F3600 X147.004 Y148.418 E1490.7856
G0 F3600 X147.570 Y148.418
G1 F3600 X101.579 Y102.427 E1493.0841
G0 F3600 X101.579 Y101.862
G1 F3600 X148.136 Y148.418 E1495.4108
G0 F3600 X148.419 Y148.136
G1 F3600 X101.862 Y101.580 E1497.7375
G0 F3600 X102.428 Y101.580
G1 F3600 X148.419 Y147.571 E1500.0360
G0 F3600 X148.419 Y147.005
G1 F3600 X102.994 Y101.580 E1502.3062
G0 F3600 X103.560 Y101.580
G1 F3600 X148.419 Y146.439 E1504.5481
G0 F3600 X148.419 Y145.874
G1 F3600 X104.125 Y101.580 E1506.7618
G0 F3600 X104.691 Y101.580
G1 F3600 X148.419 Y145.308 E1508.9472
G0 F3600 X148.419 Y144.742
G1 F3600 X105.257 Y101.580 E1511.1043
G0 F3600 X105.822 Y101.580
G1 F3600 X148.419 Y144.176 E1513.2331
G0 F3600 X148.419 Y143.611
G1 F3600 X106.388 Y101.580 E1515.3337
G0 F3600 X106.954 Y101.580
G1 F3600 X148.419 Y143.045 E1517.4060
G0 F3600 X148.419 Y142.479
G1 F3600 X107.519 Y101.580 E1519.4500
G0 F3600 X108.085 Y101.580
G1 F3600 X148.419 Y141.914 E1521.4657
G0 F3600 X148.419 Y141.348
G1 F3600 X108.651 Y101.580 E1523.4532
G0 F3600 X109.216 Y101.580
G1 F3600 X148.419 Y140.782 E1525.4124
G0 F3600 X148.419 Y140.217
G1 F3600 X109.782 Y101.580 E1527.3434
G0 F3600 X110.348 Y101.580
G1 F3600 X148.419 Y139.651 E1529.2461
G0 F3600 X148.419 Y139.085
G1 F3600 X110.913 Y101.580 E1531.1205
G0 F3600 X111.479 Y101.580
G1 F3600 X148.419 Y138.520 E1532.9666
G0 F3600 X148.419 Y137.954
G1 F3600 X112.045 Y101.580 E1534.7845
G0 F3600 X112.610 Y101.580
G1 F3600 X148.419 Y137.388 E1536.5740
G0 F3600 X148.419 Y136.823
G1 F3600 X113.176 Y101.580 E1538.3354
G0 F3600 X113.742 Y101.580
G1 F3600 X148.419 Y136.257 E1540.0684
G0 F3600 X148.419 Y135.691
G1 F3600 X114.308 Y101.580 E1541.7732
G0 F3600 X114.873 Y101.580
G1 F3600 X148.419 Y135.125 E1543.4497
G0 F3600 X148.419 Y134.560
G1 F3600 X115.439 Y101.580 E1545.0979
G0 F3600 X116.005 Y101.580
G1 F3600 X148.419 Y133.994 E1546.7178
G0 F3600 X148.419 Y133.428
G1 F3600 X116.570 Y101.580 E1548.3095
G0 F3600 X117.136 Y101.580
G1 F3600 X148.419 Y132.863 E1549.8730
G0 F3600 X148.419 Y132.297
G1 F3600 X117.702 Y101.580 E1551.4081
G0 F3600 X118.267 Y101.580
G1 F3600 X148.419 Y131.731 E1552.9150
G0 F3600 X148.419 Y131.166
G1 F3600 X118.833 Y101.580 E1554.3936
G0 F3600 X119.399 Y101.580
G1 F3600 X148.419 Y130.600 E1555.8439
G0 F3600 X148.419 Y130.034
G1 F3600 X119.964 Y101.580 E1557.2660
G0 F3600 X120.530 Y101.580
G1 F3600 X148.419 Y129.469 E1558.6598
G0 F3600 X148.419 Y128.903
G1 F3600 X121.096 Y101.580 E1560.0253
G0 F3600 X121.661 Y101.580
G1 F3600 X148.419 Y128.337 E1561.3625
G0 F3600 X148.419 Y127.772
G1 F3600 X122.227 Y101.580 E1562.6715
G0 F3600 X122.793 Y101.580
G1 F3600 X148.419 Y127.206 E1563.9522
G0 F3600 X148.419 Y126.640
G1 F3600 X123.359 Y101.580 E1565.2046
G0 F3600 X123.924 Y101.580
G1 F3600 X148.419 Y126.075 E1566.4288
G0 F3600 X148.419 Y125.509
G1 F3600 X124.490 Y101.580 E1567.6247
G0 F3600 X125.056 Y101.580
G1 F3600 X148.419 Y124.943 E1568.7923
G0 F3600 X148.419 Y124.377
G1 F3600 X125.621 Y101.580 E1569.9317
G0 F3600 X126.187 Y101.580
G1 F3600 X148.419 Y123.812 E1571.0428
G0 F3600 X148.419 Y123.246
G1 F3600 X126.753 Y101.580 E1572.1255
G0 F3600 X127.318 Y101.580
G1 F3600 X148.419 Y122.680 E1573.1801
G0 F3600 X148.419 Y122.115
G1 F3600 X127.884 Y101.580 E1574.2064
G0 F3600 X128.450 Y101.580
G1 F3600 X148.419 Y121.549 E1575.2043
G0 F3600 X148.419 Y120.983
G1 F3600 X129.015 Y101.580 E1576.1741
G0 F3600 X129.581 Y101.580
G1 F3600 X148.419 Y120.418 E1577.1155
G0 F3600 X148.419 Y119.852
G1 F3600 X130.147 Y101.580 E1578.0287
G0 F3600 X130.712 Y101.580
G1 F3600 X148.419 Y119.286 E1578.9136
G0 F3600 X148.419 Y118.721
G1 F3600 X131.278 Y101.580 E1579.7703
G0 F3600 X131.844 Y101.580
G1 F3600 X148.419 Y118.155 E1580.5986
G0 F3600 X148.419 Y117.589
G1 F3600 X132.409 Y101.580 E1581.3987
G0 F3600 X132.975 Y101.580
G1 F3600 X148.419 Y117.024 E1582.1706
G0 F3600 X148.419 Y116.458
G1 F3600 X133.541 Y101.580 E1582.9141
G0 F3600 X134.107 Y101.580
G1 F3600 X148.419 Y115.892 E1583.6294
G0 F3600 X148.419 Y115.326
G1 F3600 X134.672 Y101.580 E1584.3164
G0 F3600 X135.238 Y101.580
G1 F3600 X148.419 Y114.761 E1584.9751
G0 F3600 X148.419 Y114.195
G1 F3600 X135.804 Y101.580 E1585.6056
G0 F3600 X136.369 Y101.580
G1 F3600 X148.419 Y113.629 E1586.2078
G0 F3600 X148.419 Y113.064
G1 F3600 X136.935 Y101.580 E1586.7817
G0 F3600 X137.501 Y101.580
G1 F3600 X148.419 Y112.498 E1587.3274
G0 F3600 X148.419 Y111.932
G1 F3600 X138.066 Y101.580 E1587.8448
G0 F3600 X138.632 Y101.580
G1 F3600 X148.419 Y111.367 E1588.3339
G0 F3600 X148.419 Y110.801
G1 F3600 X139.198 Y101.580 E1588.7947
G0 F3600 X139.763 Y101.580
G1 F3600 X148.419 Y110.235 E1589.2273
G0 F3600 X148.419 Y109.670
G1 F3600 X140.329 Y101.580 E1589.6316
G0 F3600 X140.895 Y101.580
G1 F3600 X148.419 Y109.104 E1590.0076
G0 F3600 X148.419 Y108.538
G1 F3600 X141.460 Y101.580 E1590.3554
G0 F3600 X142.026 Y101.580
G1 F3600 X148.419 Y107.973 E1590.6749
G0 F3600 X148.419 Y107.407
G1 F3600 X142.592 Y101.580 E1590.9661
G0 F3600 X143.158 Y101.580
G1 F3600 X148.419 Y106.841 E1591.2290
G0 F3600 X148.419 Y106.276
G1 F3600 X143.723 Y101.580 E1591.4637
G0 F3600 X144.289 Y101.580
G1 F3600 X148.419 Y105.710 E1591.6701
G0 F3600 X148.419 Y105.144
G1 F3600 X144.855 Y101.580 E1591.8482
G0 F3600 X145.420 Y101.580
G1 F3600 X148.419 Y104.578 E1591.9981
G0 F3600 X148.419 Y104.013
G1 F3600 X145.986 Y101.580 E1592.1197
G0 F3600 X146.552 Y101.580
G1 F3600 X148.419 Y103.447 E1592.2130
G0 F3600 X148.419 Y102.881
G1 F3600 X147.117 Y101.580 E1592.2780
G0 F3600 X147.683 Y101.580
G1 F3600 X148.419 Y102.316 E1592.3148
G0 F3600 X148.419 Y101.750
G1 F3600 X148.249 Y101.580 E1592.3233
;PRINTING_TIME: 1061
;REMAINING_TIME: 5174
;LAYER:7
;Z:2.000
;HEIGHT:0.250
;FLOW:100.0
M106 S128
;PRINTING: Flow_Calibration_Cube_0.4_mm.stl
;PRINTING_ID: 0
G1 F2400 E1591.3233
G1 F300 Z2.200
G0 F3900 X100.200 Y100.200
G0 F300 Z2.000
;TYPE:WALL-OUTER
;WIDTH:0.400
;FLOW:95.0
G1 F300 Z2.000
G1 F1500 E1592.3233
G1 F2400 X149.800 Y100.200 E1594.2823
G1 X149.800 Y149.800 E1596.2414
G1 X100.200 Y149.800 E1598.2004
G1 X100.200 Y100.200 E1600.1594
G0 F3900 X100.600 Y100.600
;TYPE:WALL-INNER
;WIDTH:0.400
;FLOW:85.0
G1 F2400 X149.400 Y100.600 E1601.8840
G1 X149.400 Y149.400 E1603.6085
G1 X100.600 Y149.400 E1605.3330
G1 X100.600 Y100.600 E1607.0576
G0 F3900 X101.000 Y101.000
G1 F2400 X149.000 Y101.000 E1608.7538
G1 X149.000 Y149.000 E1610.4501
G1 X101.000 Y149.000 E1612.1464
G1 X101.000 Y101.000 E1613.8426
G0 F3900 X101.400 Y101.400
G1 F2400 X148.600 Y101.400 E1615.5106
G1 X148.600 Y148.600 E1617.1786
G1 X101.400 Y148.600 E1618.8466
G1 X101.400 Y101.400 E1620.5146
G0 F3900 X101.580 Y101.783
;TYPE:SOLID-FILL
;WIDTH:0.400
G1 F3600 X101.784 Y101.579 E1620.5248
G0 F3600 X102.350 Y101.579
G1 F3600 X101.580 Y102.349 E1620.5633
G0 F3600 X101.580 Y102.915
G1 F3600 X102.915 Y101.579 E1620.6300
G0 F3600 X103.481 Y101.579
G1 F3600 X101.580 Y103.480 E1620.7250
G0 F3600 X101.580 Y104.046
G1 F3600 X104.047 Y101.579 E1620.8483
G0 F3600 X104.612 Y101.579
G1 F3600 X101.580 Y104.612 E1620.9999
G0 F3600 X101.580 Y105.177
G1 F3600 X105.178 Y101.579 E1621.1797
G0 F3600 X105.744 Y101.579
G1 F3600 X101.580 Y105.743 E1621.3878
G0 F3600 X101.580 Y106.309
G1 F3600 X106.309 Y101.579 E1621.6242
G0 F3600 X106.875 Y101.579
G1 F3600 X101.580 Y106.874 E1621.8888
G0 F3600 X101.580 Y107.440
G1 F3600 X107.441 Y101.579 E1622.1817
G0 F3600 X108.007 Y101.579
G1 F3600 X101.580 Y108.006 E1622.5029
G0 F3600 X101.580 Y108.572
G1 F3600 X108.572 Y101.579 E1622.8524
G0 F3600 X109.138 Y101.579
G1 F3600 X101.580 Y109.137 E1623.2301
G0 F3600 X101.580 Y109.703
G1 F3600 X109.704 Y101.579 E1623.6361
G0 F3600 X110.269 Y101.579
G1 F3600 X101.580 Y110.269 E1624.0704
G0 F3600 X101.580 Y110.834
G1 F3600 X110.835 Y101.579 E1624.5329
G0 F3600 X111.401 Y101.579
G1 F3600 X101.580 Y111.400 E1625.0237
G0 F3600 X101.580 Y111.966
G1 F3600 X111.966 Y101.579 E1625.5428
G0 F3600 X112.532 Y101.579
G1 F3600 X101.580 Y112.531 E1626.0902
G0 F3600 X101.580 Y113.097
G1 F3600 X113.098 Y101.579 E1626.6658
G0 F3600 X113.663 Y101.579
G1 F3600 X101.580 Y113.663 E1627.2697
G0 F3600 X101.580 Y114.228
G1 F3600 X114.229 Y101.579 E1627.9019
G0 F3600 X114.795 Y101.579
G1 F3600 X101.580 Y114.794 E1628.5623
G0 F3600 X101.580 Y115.360
G1 F3600 X115.360 Y101.579 E1629.2510
G0 F3600 X115.926 Y101.579
G1 F3600 X101.580 Y115.925 E1629.9680
G0 F3600 X101.580 Y116.491
G1 F3600 X116.492 Y101.579 E1630.7132
G0 F3600 X117.057 Y101.579
G1 F3600 X101.580 Y117.057 E1631.4867
G0 F3600 X101.580 Y117.622
G1 F3600 X117.623 Y101.579 E1632.2885
G0 F3600 X118.189 Y101.579
G1 F3600 X101.580 Y118.188 E1633.1186
G0 F3600 X101.580 Y118.754
G1 F3600 X118.755 Y101.579 E1633.9769
G0 F3600 X119.320 Y101.579
G1 F3600 X101.580 Y119.320 E1634.8635
G0 F3600 X101.580 Y119.885
G1 F3600 X119.886 Y101.579 E1635.7784
G0 F3600 X120.452 Y101.579
G1 F3600 X101.580 Y120.451 E1636.7216
G0 F3600 X101.580 Y121.017
G1 F3600 X121.017 Y101.579 E1637.6930
G0 F3600 X121.583 Y101.579
G1 F3600 X101.580 Y121.582 E1638.6927
G0 F3600 X101.580 Y122.148
G1 F3600 X122.149 Y101.579 E1639.7207
G0 F3600 X122.714 Y101.579
G1 F3600 X101.580 Y122.714 E1640.7769
G0 F3600 X101.580 Y123.279
G1 F3600 X123.280 Y101.579 E1641.8614
G0 F3600 X123.846 Y101.579
G1 F3600 X101.580 Y123.845 E1642.9742
G0 F3600 X101.580 Y124.411
G1 F3600 X124.411 Y101.579 E1644.1152
G0 F3600 X124.977 Y101.579
G1 F3600 X101.580 Y124.976 E1645.2845
G0 F3600 X101.580 Y125.542
G1 F3600 X125.543 Y101.579 E1646.4821
G0 F3600 X126.108 Y101.579
G1 F3600 X101.580 Y126.108 E1647.7080
G0 F3600 X101.580 Y126.673
G1 F3600 X126.674 Y101.579 E1648.9621
G0 F3600 X127.240 Y101.579
G1 F3600 X101.580 Y127.239 E1650.2445
G0 F3600 X101.580 Y127.805
G1 F3600 X127.806 Y101.579 E1651.5552
G0 F3600 X128.371 Y101.579
G1 F3600 X101.580 Y128.370 E1652.8941
G0 F3600 X101.580 Y128.936
G1 F3600 X128.937 Y101.579 E1654.2613
G0 F3600 X129.503 Y101.579
G1 F3600 X101.580 Y129.502 E1655.6568
G0 F3600 X101.580 Y130.068
G1 F3600 X130.068 Y101.579 E1657.0806
G0 F3600 X130.634 Y101.579
G1 F3600 X101.580 Y130.633 E1658.5326
G0 F3600 X101.580 Y131.199
G1 F3600 X131.200 Y101.579 E1660.0129
G0 F3600 X131.765 Y101.579
G1 F3600 X101.580 Y131.765 E1661.5215
G0 F3600 X101.580 Y132.330
G1 F3600 X132.331 Y101.579 E1663.0583
G0 F3600 X132.897 Y101.579
G1 F3600 X101.580 Y132.896 E1664.6234
G0 F3600 X101.580 Y133.462
G1 F3600 X133.462 Y101.579 E1666.2168
G0 F3600 X134.028 Y101.579
G1 F3600 X101.580 Y134.027 E1667.8385
G0 F3600 X101.580 Y134.593
G1 F3600 X134.594 Y101.579 E1669.4884
G0 F3600 X135.159 Y101.579
G1 F3600 X101.580 Y135.159 E1671.1666
G0 F3600 X101.580 Y135.724
G1 F3600 X135.725 Y101.579 E1672.8730
G0 F3600 X136.291 Y101.579
G1 F3600 X101.580 Y136.290 E1674.6078
G0 F3600 X101.580 Y136.856
G1 F3600 X136.856 Y101.579 E1676.3708
G0 F3600 X137.422 Y101.579
G1 F3600 X101.580 Y137.421 E1678.1621
G0 F3600 X101.580 Y137.987
G1 F3600 X137.988 Y101.579 E1679.9816
G0 F3600 X138.554 Y101.579
G1 F3600 X101.580 Y138.553 E1681.8295
G0 F3600 X101.580 Y139.119
G1 F3600 X139.119 Y101.579 E1683.7056
G0 F3600 X139.685 Y101.579
G1 F3600 X101.580 Y139.684 E1685.6099
G0 F3600 X101.580 Y140.250
G1 F3600 X140.251 Y101.579 E1687.5426
G0 F3600 X140.816 Y101.579
G1 F3600 X101.580 Y140.816 E1689.5035
G0 F3600 X101.580 Y141.381
G1 F3600 X141.382 Y101.579 E1691.4927
G0 F3600 X141.948 Y101.579
G1 F3600 X101.580 Y141.947 E1693.5101
G0 F3600 X101.580 Y142.513
G1 F3600 X142.513 Y101.579 E1695.5558
G0 F3600 X143.079 Y101.579
G1 F3600 X101.580 Y143.078 E1697.6298
G0 F3600 X101.580 Y143.644
G1 F3600 X143.645 Y101.579 E1699.7321
G0 F3600 X144.210 Y101.579
G1 F3600 X101.580 Y144.210 E1701.8626
G0 F3600 X101.580 Y144.775
G1 F3600 X144.776 Y101.579 E1704.0214
G0 F3600 X145.342 Y101.579
G1 F3600 X101.580 Y145.341 E1706.2085
G0 F3600 X101.580 Y145.907
G1 F3600 X145.907 Y101.579 E1708.4239
G0 F3600 X146.473 Y101.579
G1 F3600 X101.580 Y146.472 E1710.6675
G0 F3600 X101.580 Y147.038
G1 F3600 X147.039 Y101.579 E1712.9394
G0 F3600 X147.605 Y101.579
G1 F3600 X101.580 Y147.604 E1715.2395
G0 F3600 X101.580 Y148.169
G1 F3600 X148.170 Y101.579 E1717.5680
G0 F3600 X148.418 Y101.896
G1 F3600 X101.896 Y148.419 E1719.8930
G0 F3600 X102.461 Y148.419
G1 F3600 X148.418 Y102.462 E1722.1898
G0 F3600 X148.418 Y103.028
G1 F3600 X103.027 Y148.419 E1724.4583
G0 F3600 X103.593 Y148.419
G1 F3600 X148.418 Y103.593 E1726.6985
G0 F3600 X148.418 Y104.159
G1 F3600 X104.158 Y148.419 E1728.9105
G0 F3600 X104.724 Y148.419
G1 F3600 X148.418 Y104.725 E1731.0942
G0 F3600 X148.418 Y105.291
G1 F3600 X105.290 Y148.419 E1733.2496
G0 F3600 X105.856 Y148.419
G1 F3600 X148.418 Y105.856 E1735.3767
G0 F3600 X148.418 Y106.422
G1 F3600 X106.421 Y148.419 E1737.4756
G0 F3600 X106.987 Y148.419
G1 F3600 X148.418 Y106.988 E1739.5461
G0 F3600 X148.418 Y107.553
G1 F3600 X107.553 Y148.419 E1741.5885
G0 F3600 X108.118 Y148.419
G1 F3600 X148.418 Y108.119 E1743.6025
G0 F3600 X148.418 Y108.685
G1 F3600 X108.684 Y148.419 E1745.5883
G0 F3600 X109.250 Y148.419
G1 F3600 X148.418 Y109.250 E1747.5458
G0 F3600 X148.418 Y109.816
G1 F3600 X109.815 Y148.419 E1749.4751
G0 F3600 X110.381 Y148.419
G1 F3600 X148.418 Y110.382 E1751.3760
G0 F3600 X148.418 Y110.947
G1 F3600 X110.947 Y148.419 E1753.2487
G0 F3600 X111.512 Y148.419
G1 F3600 X148.418 Y111.513 E1755.0932
G0 F3600 X148.418 Y112.079
G1 F3600 X112.078 Y148.419 E1756.9093
G0 F3600 X112.644 Y148.419
G1 F3600 X148.418 Y112.644 E1758.6972
G0 F3600 X148.418 Y113.210
G1 F3600 X113.209 Y148.419 E1760.4569
G0 F3600 X113.775 Y148.419
G1 F3600 X148.418 Y113.776 E1762.1882
G0 F3600 X148.418 Y114.341
G1 F3600 X114.341 Y148.419 E1763.8913
G0 F3600 X114.906 Y148.419
G1 F3600 X148.418 Y114.907 E1765.5661
G0 F3600 X148.418 Y115.473
G1 F3600 X115.472 Y148.419 E1767.2126
G0 F3600 X116.038 Y148.419
G1 F3600 X148.418 Y116.039 E1768.8309
G0 F3600 X148.418 Y116.604
G1 F3600 X116.604 Y148.419 E1770.4209
G0 F3600 X117.169 Y148.419
G1 F3600 X148.418 Y117.170 E1771.9826
G0 F3600 X148.418 Y117.736
G1 F3600 X117.735 Y148.419 E1773.5160
G0 F3600 X118.301 Y148.419
G1 F3600 X148.418 Y118.301 E1775.0212
G0 F3600 X148.418 Y118.867
G1 F3600 X118.866 Y148.419 E1776.4981
G0 F3600 X119.432 Y148.419
G1 F3600 X148.418 Y119.433 E1777.9468
G0 F3600 X148.418 Y119.998
G1 F3600 X119.998 Y148.419 E1779.3671
G0 F3600 X120.563 Y148.419
G1 F3600 X148.418 Y120.564 E1780.7592
G0 F3600 X148.418 Y121.130
G1 F3600 X121.129 Y148.419 E1782.1230
G0 F3600 X121.695 Y148.419
G1 F3600 X148.418 Y121.695 E1783.4586
G0 F3600 X148.418 Y122.261
G1 F3600 X122.260 Y148.419 E1784.7659
G0 F3600 X122.826 Y148.419
G1 F3600 X148.418 Y122.827 E1786.0449
G0 F3600 X148.418 Y123.392
G1 F3600 X123.392 Y148.419 E1787.2956
G0 F3600 X123.957 Y148.419
G1 F3600 X148.418 Y123.958 E1788.5181
G0 F3600 X148.418 Y124.524
G1 F3600 X124.523 Y148.419 E1789.7123
G0 F3600 X125.089 Y148.419
G1 F3600 X148.418 Y125.090 E1790.8782
G0 F3600 X148.418 Y125.655
G1 F3600 X125.654 Y148.419 E1792.0159
G0 F3600 X126.220 Y148.419
G1 F3600 X148.418 Y126.221 E1793.1253
G0 F3600 X148.418 Y126.787
G1 F3600 X126.786 Y148.419 E1794.2064
G0 F3600 X127.352 Y148.419
G1 F3600 X148.418 Y127.352 E1795.2592
G0 F3600 X148.418 Y127.918
G1 F3600 X127.917 Y148.419 E1796.2838
G0 F3600 X128.483 Y148.419
G1 F3600 X148.418 Y128.484 E1797.2801
G0 F3600 X148.418 Y129.049
G1 F3600 X129.049 Y148.419 E1798.2481
G0 F3600 X129.614 Y148.419
G1 F3600 X148.418 Y129.615 E1799.1878
G0 F3600 X148.418 Y130.181
G1 F3600 X130.180 Y148.419 E1800.0993
G0 F3600 X130.746 Y148.419
G1 F3600 X148.418 Y130.746 E1800.9825
G0 F3600 X148.418 Y131.312
G1 F3600 X131.311 Y148.419 E1801.8375
G0 F3600 X131.877 Y148.419
G1 F3600 X148.418 Y131.878 E1802.6641
G0 F3600 X148.418 Y132.443
G1 F3600 X132.443 Y148.419 E1803.4626
G0 F3600 X133.008 Y148.419
G1 F3600 X148.418 Y133.009 E1804.2327
G0 F3600 X148.418 Y133.575
G1 F3600 X133.574 Y148.419 E1804.9745
G0 F3600 X134.140 Y148.419
G1 F3600 X148.418 Y134.140 E1805.6881
G0 F3600 X148.418 Y134.706
G1 F3600 X134.705 Y148.419 E1806.3735
G0 F3600 X135.271 Y148.419
G1 F3600 X148.418 Y135.272 E1807.0305
G0 F3600 X148.418 Y135.838
G1 F3600 X135.837 Y148.419 E1807.6593
G0 F3600 X136.403 Y148.419
G1 F3600 X148.418 Y136.403 E1808.2598
G0 F3600 X148.418 Y136.969
G1 F3600 X136.968 Y148.419 E1808.8320
G0 F3600 X137.534 Y148.419
G1 F3600 X148.418 Y137.535 E1809.3760
G0 F3600 X148.418 Y138.100
G1 F3600 X138.100 Y148.419 E1809.8916
G0 F3600 X138.665 Y148.419
G1 F3600 X148.418 Y138.666 E1810.3791
G0 F3600 X148.418 Y139.232
G1 F3600 X139.231 Y148.419 E1810.8382
G0 F3600 X139.797 Y148.419
G1 F3600 X148.418 Y139.797 E1811.2691
G0 F3600 X148.418 Y140.363
G1 F3600 X140.362 Y148.419 E1811.6717
G0 F3600 X140.928 Y148.419
G1 F3600 X148.418 Y140.929 E1812.0460
G0 F3600 X148.418 Y141.494
G1 F3600 X141.494 Y148.419 E1812.3921
G0 F3600 X142.059 Y148.419
G1 F3600 X148.418 Y142.060 E1812.7099
G0 F3600 X148.418 Y142.626
G1 F3600 X142.625 Y148.419 E1812.9994
G0 F3600 X143.191 Y148.419
G1 F3600 X148.418 Y143.191 E1813.2606
G0 F3600 X148.418 Y143.757
G1 F3600 X143.756 Y148.419 E1813.4936
G0 F3600 X144.322 Y148.419
G1 F3600 X148.418 Y144.323 E1813.6983
G0 F3600 X148.418 Y144.889
G1 F3600 X144.888 Y148.419 E1813.8748
G0 F3600 X145.453 Y148.419
G1 F3600 X148.418 Y145.454 E1814.0229
G0 F3600 X148.418 Y146.020
G1 F3600 X146.019 Y148.419 E1814.1428
G0 F3600 X146.585 Y148.419
G1 F3600 X148.418 Y146.586 E1814.2344
G0 F3600 X148.418 Y147.151
G1 F3600 X147.151 Y148.419 E1814.2978
G0 F3600 X147.716 Y148.419
G1 F3600 X148.418 Y147.717 E1814.3329
G0 F3600 X148.418 Y148.283
G1 F3600 X148.282 Y148.419 E1814.3397
;PRINTING_TIME: 1199
;REMAINING_TIME: 5036
;LAYER:8
;Z:2.250
;HEIGHT:0.250
;FLOW:100.0
;PRINTING: Flow_Calibration_Cube_0.4_mm.stl
;PRINTING_ID: 0
G1 F2400 E1813.3397
G1 F300 Z2.450
G0 F3900 X100.200 Y100.200
G0 F300 Z2.250
;TYPE:WALL-OUTER
;WIDTH:0.400
;FLOW:95.0
G1 F300 Z2.250
G1 F1500 E1814.3397
G1 F2400 X149.800 Y100.200 E1816.2987
G1 X149.800 Y149.800 E1818.2577
G1 X100.200 Y149.800 E1820.2167
G1 X100.200 Y100.200 E1822.1758
G0 F3900 X100.600 Y100.600
;TYPE:WALL-INNER
;WIDTH:0.400
;FLOW:85.0
G1 F2400 X149.400 Y100.600 E1823.9003
G1 X149.400 Y149.400 E1825.6248
G1 X100.600 Y149.400 E1827.3494
G1 X100.600 Y100.600 E1829.0739
G0 F3900 X101.000 Y101.000
G1 F2400 X149.000 Y101.000 E1830.7702
G1 X149.000 Y149.000 E1832.4664
G1 X101.000 Y149.000 E1834.1627
G1 X101.000 Y101.000 E1835.8590
G0 F3900 X101.400 Y101.400
G1 F2400 X148.600 Y101.400 E1837.5270
G1 X148.600 Y148.600 E1839.1950
G1 X101.400 Y148.600 E1840.8630
G1 X101.400 Y101.400 E1842.5310
G1 F2400 E1841.5310
G1 F300 Z2.450
G0 F3900 X101.579 Y148.248
;TYPE:SOLID-FILL
;WIDTH:0.400
G1 F300 Z2.250
G1 F1500 E1842.5310
G1 F3600 X101.749 Y148.418 E1842.5395
G0 F3600 X102.315 Y148.418
G1 F3600 X101.579 Y147.682 E1842.5762
G0 F3600 X101.579 Y147.117
G1 F3600 X102.881 Y148.418 E1842.6413
G0 F3600 X103.446 Y148.418
G1 F3600 X101.579 Y146.551 E1842.7346
G0 F3600 X101.579 Y145.985
G1 F3600 X104.012 Y148.418 E1842.8562
G0 F3600 X104.578 Y148.418
G1 F3600 X101.579 Y145.420 E1843.0060
G0 F3600 X101.579 Y144.854
G1 F3600 X105.143 Y148.418 E1843.1842
G0 F3600 X105.709 Y148.418
G1 F3600 X101.579 Y144.288 E1843.3906
G0 F3600 X101.579 Y143.722
G1 F3600 X106.275 Y148.418 E1843.6252
G0 F3600 X106.841 Y148.418
G1 F3600 X101.579 Y143.157 E1843.8882
G0 F3600 X101.579 Y142.591
G1 F3600 X107.406 Y148.418 E1844.1794
G0 F3600 X107.972 Y148.418
G1 F3600 X101.579 Y142.025 E1844.4989
G0 F3600 X101.579 Y141.460
G1 F3600 X108.538 Y148.418 E1844.8467
G0 F3600 X109.103 Y148.418
G1 F3600 X101.579 Y140.894 E1845.2227
G0 F3600 X101.579 Y140.328
G1 F3600 X109.669 Y148.418 E1845.6270
G0 F3600 X110.235 Y148.418
G1 F3600 X101.579 Y139.763 E1846.0596
G0 F3600 X101.579 Y139.197
G1 F3600 X110.800 Y148.418 E1846.5204
G0 F3600 X111.366 Y148.418
G1 F3600 X101.579 Y138.631 E1847.0095
G0 F3600 X101.579 Y138.066
G1 F3600 X111.932 Y148.418 E1847.5269
G0 F3600 X112.497 Y148.418
G1 F3600 X101.579 Y137.500 E1848.0726
G0 F3600 X101.579 Y136.934
G1 F3600 X113.063 Y148.418 E1848.6465
G0 F3600 X113.629 Y148.418
G1 F3600 X101.579 Y136.369 E1849.2487
G0 F3600 X101.579 Y135.803
G1 F3600 X114.194 Y148.418 E1849.8792
G0 F3600 X114.760 Y148.418
G1 F3600 X101.579 Y135.237 E1850.5379
G0 F3600 X101.579 Y134.672
G1 F3600 X115.326 Y148.418 E1851.2249
G0 F3600 X115.891 Y148.418
G1 F3600 X101.579 Y134.106 E1851.9402
G0 F3600 X101.579 Y133.540
G1 F3600 X116.457 Y148.418 E1852.6837
G0 F3600 X117.023 Y148.418
G1 F3600 X101.579 Y132.974 E1853.4556
G0 F3600 X101.579 Y132.409
G1 F3600 X117.589 Y148.418 E1854.2557
G0 F3600 X118.154 Y148.418
G1 F3600 X101.579 Y131.843 E1855.0840
G0 F3600 X101.579 Y131.277
G1 F3600 X118.720 Y148.418 E1855.9407
G0 F3600 X119.286 Y148.418
G1 F3600 X101.579 Y130.712 E1856.8256
G0 F3600 X101.579 Y130.146
G1 F3600 X119.851 Y148.418 E1857.7388
G0 F3600 X120.417 Y148.418
G1 F3600 X101.579 Y129.580 E1858.6802
G0 F3600 X101.579 Y129.015
G1 F3600 X120.983 Y148.418 E1859.6500
G0 F3600 X121.548 Y148.418
G1 F3600 X101.579 Y128.449 E1860.6480
G0 F3600 X101.579 Y127.883
G1 F3600 X122.114 Y148.418 E1861.6742
G0 F3600 X122.680 Y148.418
G1 F3600 X101.579 Y127.318 E1862.7288
G0 F3600 X101.579 Y126.752
G1 F3600 X123.245 Y148.418 E1863.8116
G0 F3600 X123.811 Y148.418
G1 F3600 X101.579 Y126.186 E1864.9226
G0 F3600 X101.579 Y125.621
G1 F3600 X124.377 Y148.418 E1866.0620
G0 F3600 X124.942 Y148.418
G1 F3600 X101.579 Y125.055 E1867.2296
G0 F3600 X101.579 Y124.489
G1 F3600 X125.508 Y148.418 E1868.4255
G0 F3600 X126.074 Y148.418
G1 F3600 X101.579 Y123.923 E1869.6497
G0 F3600 X101.579 Y123.358
G1 F3600 X126.639 Y148.418 E1870.9021
G0 F3600 X127.205 Y148.418
G1 F3600 X101.579 Y122.792 E1872.1828
G0 F3600 X101.579 Y122.226
G1 F3600 X127.771 Y148.418 E1873.4918
G0 F3600 X128.337 Y148.418
G1 F3600 X101.579 Y121.661 E1874.8290
G0 F3600 X101.579 Y121.095
G1 F3600 X128.902 Y148.418 E1876.1945
G0 F3600 X129.468 Y148.418
G1 F3600 X101.579 Y120.529 E1877.5883
G0 F3600 X101.579 Y119.964
G1 F3600 X130.034 Y148.418 E1879.0104
G0 F3600 X130.599 Y148.418
G1 F3600 X101.579 Y119.398 E1880.4607
G0 F3600 X101.579 Y118.832
G1 F3600 X131.165 Y148.418 E1881.9393
G0 F3600 X131.731 Y148.418
G1 F3600 X101.579 Y118.267 E1883.4462
G0 F3600 X101.579 Y117.701
G1 F3600 X132.296 Y148.418 E1884.9814
G0 F3600 X132.862 Y148.418
G1 F3600 X101.579 Y117.135 E1886.5448
G0 F3600 X101.579 Y116.570
G1 F3600 X133.428 Y148.418 E1888.1365
G0 F3600 X133.993 Y148.418
G1 F3600 X101.579 Y116.004 E1889.7564
G0 F3600 X101.579 Y115.438
G1 F3600 X134.559 Y148.418 E1891.4046
G0 F3600 X135.125 Y148.418
G1 F3600 X101.579 Y114.873 E1893.0811
G0 F3600 X101.579 Y114.307
G1 F3600 X135.690 Y148.418 E1894.7859
G0 F3600 X136.256 Y148.418
G1 F3600 X101.579 Y113.741 E1896.5189
G0 F3600 X101.579 Y113.175
G1 F3600 X136.822 Y148.418 E1898.2803
G0 F3600 X137.388 Y148.418
G1 F3600 X101.579 Y112.610 E1900.0699
G0 F3600 X101.579 Y112.044
G1 F3600 X137.953 Y148.418 E1901.8877
G0 F3600 X138.519 Y148.418
G1 F3600 X101.579 Y111.478 E1903.7338
G0 F3600 X101.579 Y110.913
G1 F3600 X139.085 Y148.418 E1905.6083
G0 F3600 X139.650 Y148.418
G1 F3600 X101.579 Y110.347 E1907.5109
G0 F3600 X101.579 Y109.781
G1 F3600 X140.216 Y148.418 E1909.4419
G0 F3600 X140.782 Y148.418
G1 F3600 X101.579 Y109.216 E1911.4011
G0 F3600 X101.579 Y108.650
G1 F3600 X141.347 Y148.418 E1913.3886
G0 F3600 X141.913 Y148.418
G1 F3600 X101.579 Y108.084 E1915.4043
G0 F3600 X101.579 Y107.519
G1 F3600 X142.479 Y148.418 E1917.4483
G0 F3600 X143.044 Y148.418
G1 F3600 X101.579 Y106.953 E1919.5206
G0 F3600 X101.579 Y106.387
G1 F3600 X143.610 Y148.418 E1921.6212
G0 F3600 X144.176 Y148.418
G1 F3600 X101.579 Y105.822 E1923.7500
G0 F3600 X101.579 Y105.256
G1 F3600 X144.741 Y148.418 E1925.9071
G0 F3600 X145.307 Y148.418
G1 F3600 X101.579 Y104.690 E1928.0925
G0 F3600 X101.579 Y104.125
G1 F3600 X145.873 Y148.418 E1930.3062
G0 F3600 X146.438 Y148.418
G1 F3600 X101.579 Y103.559 E1932.5481
G0 F3600 X101.579 Y102.993
G1 F3600 X147.004 Y148.418 E1934.8183
G0 F3600 X147.570 Y148.418
G1 F3600 X101.579 Y102.427 E1937.1167
G0 F3600 X101.579 Y101.862
G1 F3600 X148.136 Y148.418 E1939.4435
G0 F3600 X148.419 Y148.136
G1 F3600 X101.862 Y101.580 E1941.7702
G0 F3600 X102.428 Y101.580
G1 F3600 X148.419 Y147.571 E1944.0687
G0 F3600 X148.419 Y147.005
G1 F3600 X102.994 Y101.580 E1946.3389
G0 F3600 X103.560 Y101.580
G1 F3600 X148.419 Y146.439 E1948.5808
G0 F3600 X148.419 Y145.874
G1 F3600 X104.125 Y101.580 E1950.7945
G0 F3600 X104.691 Y101.580
G1 F3600 X148.419 Y145.308 E1952.9799
G0 F3600 X148.419 Y144.742
G1 F3600 X105.257 Y101.580 E1955.1370
G0 F3600 X105.822 Y101.580
G1 F3600 X148.419 Y144.176 E1957.2658
G0 F3600 X148.419 Y143.611
G1 F3600 X106.388 Y101.580 E1959.3664
G0 F3600 X106.954 Y101.580
G1 F3600 X148.419 Y143.045 E1961.4386
G0 F3600 X148.419 Y142.479
G1 F3600 X107.519 Y101.580 E1963.4827
G0 F3600 X108.085 Y101.580
G1 F3600 X148.419 Y141.914 E1965.4984
G0 F3600 X148.419 Y141.348
G1 F3600 X108.651 Y101.580 E1967.4859
G0 F3600 X109.216 Y101.580
G1 F3600 X148.419 Y140.782 E1969.4451
G0 F3600 X148.419 Y140.217
G1 F3600 X109.782 Y101.580 E1971.3761
G0 F3600 X110.348 Y101.580
G1 F3600 X148.419 Y139.651 E1973.2787
G0 F3600 X148.419 Y139.085
G1 F3600 X110.913 Y101.580 E1975.1531
G0 F3600 X111.479 Y101.580
G1 F3600 X148.419 Y138.520 E1976.9993
G0 F3600 X148.419 Y137.954
G1 F3600 X112.045 Y101.580 E1978.8171
G0 F3600 X112.610 Y101.580
G1 F3600 X148.419 Y137.388 E1980.6067
G0 F3600 X148.419 Y136.823
G1 F3600 X113.176 Y101.580 E1982.3681
G0 F3600 X113.742 Y101.580
G1 F3600 X148.419 Y136.257 E1984.1011
G0 F3600 X148.419 Y135.691
G1 F3600 X114.308 Y101.580 E1985.8059
G0 F3600 X114.873 Y101.580
G1 F3600 X148.419 Y135.125 E1987.4824
G0 F3600 X148.419 Y134.560
G1 F3600 X115.439 Y101.580 E1989.1306
G0 F3600 X116.005 Y101.580
G1 F3600 X148.419 Y133.994 E1990.7505
G0 F3600 X148.419 Y133.428
G1 F3600 X116.570 Y101.580 E1992.3422
G0 F3600 X117.136 Y101.580
G1 F3600 X148.419 Y132.863 E1993.9056
G0 F3600 X148.419 Y132.297
G1 F3600 X117.702 Y101.580 E1995.4408
G0 F3600 X118.267 Y101.580
G1 F3600 X148.419 Y131.731 E1996.9476
G0 F3600 X148.419 Y131.166
G1 F3600 X118.833 Y101.580 E1998.4263
G0 F3600 X119.399 Y101.580
G1 F3600 X148.419 Y130.600 E1999.8766
G0 F3600 X148.419 Y130.034
G1 F3600 X119.964 Y101.580 E2001.2986
G0 F3600 X120.530 Y101.580
G1 F3600 X148.419 Y129.469 E2002.6924
G0 F3600 X148.419 Y128.903
G1 F3600 X121.096 Y101.580 E2004.0580
G0 F3600 X121.661 Y101.580
G1 F3600 X148.419 Y128.337 E2005.3952
G0 F3600 X148.419 Y127.772
G1 F3600 X122.227 Y101.580 E2006.7042
G0 F3600 X122.793 Y101.580
G1 F3600 X148.419 Y127.206 E2007.9849
G0 F3600 X148.419 Y126.640
G1 F3600 X123.359 Y101.580 E2009.2373
G0 F3600 X123.924 Y101.580
G1 F3600 X148.419 Y126.075 E2010.4615
G0 F3600 X148.419 Y125.509
G1 F3600 X124.490 Y101.580 E2011.6574
G0 F3600 X125.056 Y101.580
G1 F3600 X148.419 Y124.943 E2012.8250
G0 F3600 X148.419 Y124.377
G1 F3600 X125.621 Y101.580 E2013.9644
G0 F3600 X126.187 Y101.580
G1 F3600 X148.419 Y123.812 E2015.0754
G0 F3600 X148.419 Y123.246
G1 F3600 X126.753 Y101.580 E2016.1582
G0 F3600 X127.318 Y101.580
G1 F3600 X148.419 Y122.680 E2017.2128
G0 F3600 X148.419 Y122.115
G1 F3600 X127.884 Y101.580 E2018.2390
G0 F3600 X128.450 Y101.580
G1 F3600 X148.419 Y121.549 E2019.2370
G0 F3600 X148.419 Y120.983
G1 F3600 X129.015 Y101.580 E2020.2067
G0 F3600 X129.581 Y101.580
G1 F3600 X148.419 Y120.418 E2021.1482
G0 F3600 X148.419 Y119.852
G1 F3600 X130.147 Y101.580 E2022.0614
G0 F3600 X130.712 Y101.580
G1 F3600 X148.419 Y119.286 E2022.9463
G0 F3600 X148.419 Y118.721
G1 F3600 X131.278 Y101.580 E2023.8029
G0 F3600 X131.844 Y101.580
G1 F3600 X148.419 Y118.155 E2024.6313
G0 F3600 X148.419 Y117.589
G1 F3600 X132.409 Y101.580 E2025.4314
G0 F3600 X132.975 Y101.580
G1 F3600 X148.419 Y117.024 E2026.2033
G0 F3600 X148.419 Y116.458
G1 F3600 X133.541 Y101.580 E2026.9468
G0 F3600 X134.107 Y101.580
G1 F3600 X148.419 Y115.892 E2027.6621
G0 F3600 X148.419 Y115.326
G1 F3600 X134.672 Y101.580 E2028.3491
G0 F3600 X135.238 Y101.580
G1 F3600 X148.419 Y114.761 E2029.0078
G0 F3600 X148.419 Y114.195
G1 F3600 X135.804 Y101.580 E2029.6383
G0 F3600 X136.369 Y101.580
G1 F3600 X148.419 Y113.629 E2030.2405
G0 F3600 X148.419 Y113.064
G1 F3600 X136.935 Y101.580 E2030.8144
G0 F3600 X137.501 Y101.580
G1 F3600 X148.419 Y112.498 E2031.3601
G0 F3600 X148.419 Y111.932
G1 F3600 X138.066 Y101.580 E2031.8774
G0 F3600 X138.632 Y101.580
G1 F3600 X148.419 Y111.367 E2032.3666
G0 F3600 X148.419 Y110.801
G1 F3600 X139.198 Y101.580 E2032.8274
G0 F3600 X139.763 Y101.580
G1 F3600 X148.419 Y110.235 E2033.2600
G0 F3600 X148.419 Y109.670
G1 F3600 X140.329 Y101.580 E2033.6643
G0 F3600 X140.895 Y101.580
G1 F3600 X148.419 Y109.104 E2034.0403
G0 F3600 X148.419 Y108.538
G1 F3600 X141.460 Y101.580 E2034.3881
G0 F3600 X142.026 Y101.580
G1 F3600 X148.419 Y107.973 E2034.7076
G0 F3600 X148.419 Y107.407
G1 F3600 X142.592 Y101.580 E2034.9988
G0 F3600 X143.158 Y101.580
G1 F3600 X148.419 Y106.841 E2035.2617
G0 F3600 X148.419 Y106.276
G1 F3600 X143.723 Y101.580 E2035.4964
G0 F3600 X144.289 Y101.580
G1 F3600 X148.419 Y105.710 E2035.7028
G0 F3600 X148.419 Y105.144
G1 F3600 X144.855 Y101.580 E2035.8809
G0 F3600 X145.420 Y101.580
G1 F3600 X148.419 Y104.578 E2036.0308
G0 F3600 X148.419 Y104.013
G1 F3600 X145.986 Y101.580 E2036.1524
G0 F3600 X146.552 Y101.580
G1 F3600 X148.419 Y103.447 E2036.2457
G0 F3600 X148.419 Y102.881
G1 F3600 X147.117 Y101.580 E2036.3107
G0 F3600 X147.683 Y101.580
G1 F3600 X148.419 Y102.316 E2036.3475
G0 F3600 X148.419 Y101.750
G1 F3600 X148.249 Y101.580 E2036.3560
;PRINTING_TIME: 1338
;REMAINING_TIME: 4897
;LAYER:9
;Z:2.500
;HEIGHT:0.250
;FLOW:100.0
;PRINTING: Flow_Calibration_Cube_0.4_mm.stl
;PRINTING_ID: 0
G1 F2400 E2035.3560
G1 F300 Z2.700
G0 F3900 X100.200 Y100.200
G0 F300 Z2.500
;TYPE:WALL-OUTER
;WIDTH:0.400
;FLOW:95.0
G1 F300 Z2.500
G1 F1500 E2036.3560
G1 F2400 X149.800 Y100.200 E2038.3150
G1 X149.800 Y149.800 E2040.2741
G1 X100.200 Y149.800 E2042.2331
G1 X100.200 Y100.200 E2044.1921
G0 F3900 X100.600 Y100.600
;TYPE:WALL-INNER
;WIDTH:0.400
;FLOW:85.0
G1 F2400 X149.400 Y100.600 E2045.9166
G1 X149.400 Y149.400 E2047.6412
G1 X100.600 Y149.400 E2049.3657
G1 X100.600 Y100.600 E2051.0902
G0 F3900 X101.000 Y101.000
G1 F2400 X149.000 Y101.000 E2052.7865
G1 X149.000 Y149.000 E2054.4828
G1 X101.000 Y149.000 E2056.1790
G1 X101.000 Y101.000 E2057.8753
G0 F3900 X101.400 Y101.400
G1 F2400 X148.600 Y101.400 E2059.5433
G1 X148.600 Y148.600 E2061.2113
G1 X101.400 Y148.600 E2062.8793
G1 X101.400 Y101.400 E2064.5473
G0 F3900 X101.580 Y101.783
;TYPE:SOLID-FILL
;WIDTH:0.400
G1 F3600 X101.784 Y101.579 E2064.5575
G0 F3600 X102.350 Y101.579
G1 F3600 X101.580 Y102.349 E2064.5960
G0 F3600 X101.580 Y102.915
G1 F3600 X102.915 Y101.579 E2064.6627
G0 F3600 X103.481 Y101.579
G1 F3600 X101.580 Y103.480 E2064.7577
G0 F3600 X101.580 Y104.046
G1 F3600 X104.047 Y101.579 E2064.8810
G0 F3600 X104.612 Y101.579
G1 F3600 X101.580 Y104.612 E2065.0326
G0 F3600 X101.580 Y105.177
G1 F3600 X105.178 Y101.579 E2065.2124
G0 F3600 X105.744 Y101.579
G1 F3600 X101.580 Y105.743 E2065.4205
G0 F3600 X101.580 Y106.309
G1 F3600 X106.309 Y101.579 E2065.6569
G0 F3600 X106.875 Y101.579
G1 F3600 X101.580 Y106.874 E2065.9215
G0 F3600 X101.580 Y107.440
G1 F3600 X107.441 Y101.579 E2066.2144
G0 F3600 X108.007 Y101.579
G1 F3600 X101.580 Y108.006 E2066.5356
G0 F3600 X101.580 Y108.572
G1 F3600 X108.572 Y101.579 E2066.8851
G0 F3600 X109.138 Y101.579
G1 F3600 X101.580 Y109.137 E2067.2628
G0 F3600 X101.580 Y109.703
G1 F3600 X109.704 Y101.579 E2067.6688
G0 F3600 X110.269 Y101.579
G1 F3600 X101.580 Y110.269 E2068.1031
G0 F3600 X101.580 Y110.834
G1 F3600 X110.835 Y101.579 E2068.5656
G0 F3600 X111.401 Y101.579
G1 F3600 X101.580 Y111.400 E2069.0564
G0 F3600 X101.580 Y111.966
G1 F3600 X111.966 Y101.579 E2069.5755
G0 F3600 X112.532 Y101.579
G1 F3600 X101.580 Y112.531 E2070.1229
G0 F3600 X101.580 Y113.097
G1 F3600 X113.098 Y101.579 E2070.6985
G0 F3600 X113.663 Y101.579
G1 F3600 X101.580 Y113.663 E2071.3024
G0 F3600 X101.580 Y114.228
G1 F3600 X114.229 Y101.579 E2071.9345
G0 F3600 X114.795 Y101.579
G1 F3600 X101.580 Y114.794 E2072.5950
G0 F3600 X101.580 Y115.360
G1 F3600 X115.360 Y101.579 E2073.2837
G0 F3600 X115.926 Y101.579
G1 F3600 X101.580 Y115.925 E2074.0006
G0 F3600 X101.580 Y116.491
G1 F3600 X116.492 Y101.579 E2074.7459
G0 F3600 X117.057 Y101.579
G1 F3600 X101.580 Y117.057 E2075.5194
G0 F3600 X101.580 Y117.622
G1 F3600 X117.623 Y101.579 E2076.3212
G0 F3600 X118.189 Y101.579
G1 F3600 X101.580 Y118.188 E2077.1513
G0 F3600 X101.580 Y118.754
G1 F3600 X118.755 Y101.579 E2078.0096
G0 F3600 X119.320 Y101.579
G1 F3600 X101.580 Y119.320 E2078.8962
G0 F3600 X101.580 Y119.885
G1 F3600 X119.886 Y101.579 E2079.8111
G0 F3600 X120.452 Y101.579
G1 F3600 X101.580 Y120.451 E2080.7543
G0 F3600 X101.580 Y121.017
G1 F3600 X121.017 Y101.579 E2081.7257
G0 F3600 X121.583 Y101.579
G1 F3600 X101.580 Y121.582 E2082.7254
G0 F3600 X101.580 Y122.148
G1 F3600 X122.149 Y101.579 E2083.7533
G0 F3600 X122.714 Y101.579
G1 F3600 X101.580 Y122.714 E2084.8096
G0 F3600 X101.580 Y123.279
G1 F3600 X123.280 Y101.579 E2085.8941
G0 F3600 X123.846 Y101.579
G1 F3600 X101.580 Y123.845 E2087.0068
G0 F3600 X101.580 Y124.411
G1 F3600 X124.411 Y101.579 E2088.1479
G0 F3600 X124.977 Y101.579
G1 F3600 X101.580 Y124.976 E2089.3172
G0 F3600 X101.580 Y125.542
G1 F3600 X125.543 Y101.579 E2090.5148
G0 F3600 X126.108 Y101.579
G1 F3600 X101.580 Y126.108 E2091.7406
G0 F3600 X101.580 Y126.673
G1 F3600 X126.674 Y101.579 E2092.9948
G0 F3600 X127.240 Y101.579
G1 F3600 X101.580 Y127.239 E2094.2772
G0 F3600 X101.580 Y127.805
G1 F3600 X127.806 Y101.579 E2095.5879
G0 F3600 X128.371 Y101.579
G1 F3600 X101.580 Y128.370 E2096.9268
G0 F3600 X101.580 Y128.936
G1 F3600 X128.937 Y101.579 E2098.2940
G0 F3600 X129.503 Y101.579
G1 F3600 X101.580 Y129.502 E2099.6895
G0 F3600 X101.580 Y130.068
G1 F3600 X130.068 Y101.579 E2101.1133
G0 F3600 X130.634 Y101.579
G1 F3600 X101.580 Y130.633 E2102.5653
G0 F3600 X101.580 Y131.199
G1 F3600 X131.200 Y101.579 E2104.0456
G0 F3600 X131.765 Y101.579
G1 F3600 X101.580 Y131.765 E2105.5542
G0 F3600 X101.580 Y132.330
G1 F3600 X132.331 Y101.579 E2107.0910
G0 F3600 X132.897 Y101.579
G1 F3600 X101.580 Y132.896 E2108.6561
G0 F3600 X101.580 Y133.462
G1 F3600 X133.462 Y101.579 E2110.2495
G0 F3600 X134.028 Y101.579
G1 F3600 X101.580 Y134.027 E2111.8711
G0 F3600 X101.580 Y134.593
G1 F3600 X134.594 Y101.579 E2113.5211
G0 F3600 X135.159 Y101.579
G1 F3600 X101.580 Y135.159 E2115.1993
G0 F3600 X101.580 Y135.724
G1 F3600 X135.725 Y101.579 E2116.9057
G0 F3600 X136.291 Y101.579
G1 F3600 X101.580 Y136.290 E2118.6405
G0 F3600 X101.580 Y136.856
G1 F3600 X136.856 Y101.579 E2120.4035
G0 F3600 X137.422 Y101.579
G1 F3600 X101.580 Y137.421 E2122.1947
G0 F3600 X101.580 Y137.987
G1 F3600 X137.988 Y101.579 E2124.0143
G0 F3600 X138.554 Y101.579
G1 F3600 X101.580 Y138.553 E2125.8621
G0 F3600 X101.580 Y139.119
G1 F3600 X139.119 Y101.579 E2127.7382
G0 F3600 X139.685 Y101.579
G1 F3600 X101.580 Y139.684 E2129.6426
G0 F3600 X101.580 Y140.250
G1 F3600 X140.251 Y101.579 E2131.5753
G0 F3600 X140.816 Y101.579
G1 F3600 X101.580 Y140.816 E2133.5362
G0 F3600 X101.580 Y141.381
G1 F3600 X141.382 Y101.579 E2135.5253
G0 F3600 X141.948 Y101.579
G1 F3600 X101.580 Y141.947 E2137.5428
G0 F3600 X101.580 Y142.513
G1 F3600 X142.513 Y101.579 E2139.5885
G0 F3600 X143.079 Y101.579
G1 F3600 X101.580 Y143.078 E2141.6625
G0 F3600 X101.580 Y143.644
G1 F3600 X143.645 Y101.579 E2143.7648
G0 F3600 X144.210 Y101.579
G1 F3600 X101.580 Y144.210 E2145.8953
G0 F3600 X101.580 Y144.775
G1 F3600 X144.776 Y101.579 E2148.0541
G0 F3600 X145.342 Y101.579
G1 F3600 X101.580 Y145.341 E2150.2412
G0 F3600 X101.580 Y145.907
G1 F3600 X145.907 Y101.579 E2152.4565
G0 F3600 X146.473 Y101.579
G1 F3600 X101.580 Y146.472 E2154.7001
G0 F3600 X101.580 Y147.038
G1 F3600 X147.039 Y101.579 E2156.9720
G0 F3600 X147.605 Y101.579
G1 F3600 X101.580 Y147.604 E2159.2722
G0 F3600 X101.580 Y148.169
G1 F3600 X148.170 Y101.579 E2161.6006
G0 F3600 X148.418 Y101.896
G1 F3600 X101.896 Y148.419 E2163.9257
G0 F3600 X102.461 Y148.419
G1 F3600 X148.418 Y102.462 E2166.2225
G0 F3600 X148.418 Y103.028
G1 F3600 X103.027 Y148.419 E2168.4909
G0 F3600 X103.593 Y148.419
G1 F3600 X148.418 Y103.593 E2170.7312
G0 F3600 X148.418 Y104.159
G1 F3600 X104.158 Y148.419 E2172.9432
G0 F3600 X104.724 Y148.419
G1 F3600 X148.418 Y104.725 E2175.1268
G0 F3600 X148.418 Y105.291
G1 F3600 X105.290 Y148.419 E2177.2822
G0 F3600 X105.856 Y148.419
G1 F3600 X148.418 Y105.856 E2179.4094
G0 F3600 X148.418 Y106.422
G1 F3600 X106.421 Y148.419 E2181.5082
G0 F3600 X106.987 Y148.419
G1 F3600 X148.418 Y106.988 E2183.5788
G0 F3600 X148.418 Y107.553
G1 F3600 X107.553 Y148.419 E2185.6212
G0 F3600 X108.118 Y148.419
G1 F3600 X148.418 Y108.119 E2187.6352
G0 F3600 X148.418 Y108.685
G1 F3600 X108.684 Y148.419 E2189.6210
G0 F3600 X109.250 Y148.419
G1 F3600 X148.418 Y109.250 E2191.5785
G0 F3600 X148.418 Y109.816
G1 F3600 X109.815 Y148.419 E2193.5078
G0 F3600 X110.381 Y148.419
G1 F3600 X148.418 Y110.382 E2195.4087
G0 F3600 X148.418 Y110.947
G1 F3600 X110.947 Y148.419 E2197.2814
G0 F3600 X111.512 Y148.419
G1 F3600 X148.418 Y111.513 E2199.1259
G0 F3600 X148.418 Y112.079
G1 F3600 X112.078 Y148.419 E2200.9420
G0 F3600 X112.644 Y148.419
G1 F3600 X148.418 Y112.644 E2202.7299
G0 F3600 X148.418 Y113.210
G1 F3600 X113.209 Y148.419 E2204.4895
G0 F3600 X113.775 Y148.419
G1 F3600 X148.418 Y113.776 E2206.2209
G0 F3600 X148.418 Y114.341
G1 F3600 X114.341 Y148.419 E2207.9240
G0 F3600 X114.906 Y148.419
G1 F3600 X148.418 Y114.907 E2209.5988
G0 F3600 X148.418 Y115.473
G1 F3600 X115.472 Y148.419 E2211.2453
G0 F3600 X116.038 Y148.419
G1 F3600 X148.418 Y116.039 E2212.8636
G0 F3600 X148.418 Y116.604
G1 F3600 X116.604 Y148.419 E2214.4536
G0 F3600 X117.169 Y148.419
G1 F3600 X148.418 Y117.170 E2216.0153
G0 F3600 X148.418 Y117.736
G1 F3600 X117.735 Y148.419 E2217.5487
G0 F3600 X118.301 Y148.419
G1 F3600 X148.418 Y118.301 E2219.0539
G0 F3600 X148.418 Y118.867
G1 F3600 X118.866 Y148.419 E2220.5308
G0 F3600 X119.432 Y148.419
G1 F3600 X148.418 Y119.433 E2221.9794
G0 F3600 X148.418 Y119.998
G1 F3600 X119.998 Y148.419 E2223.3998
G0 F3600 X120.563 Y148.419
G1 F3600 X148.418 Y120.564 E2224.7919
G0 F3600 X148.418 Y121.130
G1 F3600 X121.129 Y148.419 E2226.1557
G0 F3600 X121.695 Y148.419
G1 F3600 X148.418 Y121.695 E2227.4913
G0 F3600 X148.418 Y122.261
G1 F3600 X122.260 Y148.419 E2228.7986
G0 F3600 X122.826 Y148.419
G1 F3600 X148.418 Y122.827 E2230.0776
G0 F3600 X148.418 Y123.392
G1 F3600 X123.392 Y148.419 E2231.3283
G0 F3600 X123.957 Y148.419
G1 F3600 X148.418 Y123.958 E2232.5508
G0 F3600 X148.418 Y124.524
G1 F3600 X124.523 Y148.419 E2233.7450
G0 F3600 X125.089 Y148.419
G1 F3600 X148.418 Y125.090 E2234.9109
G0 F3600 X148.418 Y125.655
G1 F3600 X125.654 Y148.419 E2236.0486
G0 F3600 X126.220 Y148.419
G1 F3600 X148.418 Y126.221 E2237.1579
G0 F3600 X148.418 Y126.787
G1 F3600 X126.786 Y148.419 E2238.2390
G0 F3600 X127.352 Y148.419
G1 F3600 X148.418 Y127.352 E2239.2919
G0 F3600 X148.418 Y127.918
G1 F3600 X127.917 Y148.419 E2240.3164
G0 F3600 X128.483 Y148.419
G1 F3600 X148.418 Y128.484 E2241.3127
G0 F3600 X148.418 Y129.049
G1 F3600 X129.049 Y148.419 E2242.2808
G0 F3600 X129.614 Y148.419
G1 F3600 X148.418 Y129.615 E2243.2205
G0 F3600 X148.418 Y130.181
G1 F3600 X130.180 Y148.419 E2244.1320
G0 F3600 X130.746 Y148.419
G1 F3600 X148.418 Y130.746 E2245.0152
G0 F3600 X148.418 Y131.312
G1 F3600 X131.311 Y148.419 E2245.8702
G0 F3600 X131.877 Y148.419
G1 F3600 X148.418 Y131.878 E2246.6968
G0 F3600 X148.418 Y132.443
G1 F3600 X132.443 Y148.419 E2247.4952
G0 F3600 X133.008 Y148.419
G1 F3600 X148.418 Y133.009 E2248.2654
G0 F3600 X148.418 Y133.575
G1 F3600 X133.574 Y148.419 E2249.0072
G0 F3600 X134.140 Y148.419
G1 F3600 X148.418 Y134.140 E2249.7208
G0 F3600 X148.418 Y134.706
G1 F3600 X134.705 Y148.419 E2250.4062
G0 F3600 X135.271 Y148.419
G1 F3600 X148.418 Y135.272 E2251.0632
G0 F3600 X148.418 Y135.838
G1 F3600 X135.837 Y148.419 E2251.6920
G0 F3600 X136.403 Y148.419
G1 F3600 X148.418 Y136.403 E2252.2925
G0 F3600 X148.418 Y136.969
G1 F3600 X136.968 Y148.419 E2252.8647
G0 F3600 X137.534 Y148.419
G1 F3600 X148.418 Y137.535 E2253.4086
G0 F3600 X148.418 Y138.100
G1 F3600 X138.100 Y148.419 E2253.9243
G0 F3600 X138.665 Y148.419
G1 F3600 X148.418 Y138.666 E2254.4117
G0 F3600 X148.418 Y139.232
G1 F3600 X139.231 Y148.419 E2254.8709
G0 F3600 X139.797 Y148.419
G1 F3600 X148.418 Y139.797 E2255.3018
G0 F3600 X148.418 Y140.363
G1 F3600 X140.362 Y148.419 E2255.7044
G0 F3600 X140.928 Y148.419
G1 F3600 X148.418 Y140.929 E2256.0787
G0 F3600 X148.418 Y141.494
G1 F3600 X141.494 Y148.419 E2256.4248
G0 F3600 X142.059 Y148.419
G1 F3600 X148.418 Y142.060 E2256.7426
G0 F3600 X148.418 Y142.626
G1 F3600 X142.625 Y148.419 E2257.0321
G0 F3600 X143.191 Y148.419
G1 F3600 X148.418 Y143.191 E2257.2933
G0 F3600 X148.418 Y143.757
G1 F3600 X143.756 Y148.419 E2257.5263
G0 F3600 X144.322 Y148.419
G1 F3600 X148.418 Y144.323 E2257.7310
G0 F3600 X148.418 Y144.889
G1 F3600 X144.888 Y148.419 E2257.9074
G0 F3600 X145.453 Y148.419
G1 F3600 X148.418 Y145.454 E2258.0556
G0 F3600 X148.418 Y146.020
G1 F3600 X146.019 Y148.419 E2258.1755
G0 F3600 X146.585 Y148.419
G1 F3600 X148.418 Y146.586 E2258.2671
G0 F3600 X148.418 Y147.151
G1 F3600 X147.151 Y148.419 E2258.3305
G0 F3600 X147.716 Y148.419
G1 F3600 X148.418 Y147.717 E2258.3656
G0 F3600 X148.418 Y148.283
G1 F3600 X148.282 Y148.419 E2258.3723
;PRINTING_TIME: 1476
;REMAINING_TIME: 4759
;LAYER:10
;Z:2.750
;HEIGHT:0.250
;FLOW:100.0
;PRINTING: Flow_Calibration_Cube_0.4_mm.stl
;PRINTING_ID: 0
G1 F2400 E2257.3723
G1 F300 Z2.950
G0 F3900 X148.282 Y148.700
G0 F300 Z2.750
G0 F3900 X101.259 Y148.741
G0 X100.700 Y100.610
G0 X100.200 Y100.200
;TYPE:WALL-OUTER
;WIDTH:0.400
;FLOW:95.0
G1 F300 Z2.750
G1 F1500 E2258.3723
G1 F2400 X149.800 Y100.200 E2260.3314
G1 X149.800 Y149.800 E2262.2904
G1 X100.200 Y149.800 E2264.2494
G1 X100.200 Y100.200 E2266.2084
G1 F2400 E2265.2084
G1 F300 Z2.950
G0 F3900 X100.700 Y100.610
G0 X101.800 Y101.300
G0 X101.800 Y101.800
G1 F300 Z2.750
G1 F1500 E2266.2084
G1 F2400 X101.800 Y148.200 E2268.0411
G1 X148.200 Y148.200 E2269.8737
G1 X148.200 Y101.800 E2271.7063
G1 X101.800 Y101.800 E2273.5390
G1 F2400 E2272.5390
G1 F300 Z2.950
G0 F3900 X100.600 Y100.600
;TYPE:WALL-INNER
;WIDTH:0.400
;FLOW:85.0
G1 F300 Z2.750
G1 F1500 E2273.5390
G1 F2400 X149.400 Y100.600 E2275.2635
G1 X149.400 Y149.400 E2276.9880
G1 X100.600 Y149.400 E2278.7126
G1 X100.600 Y100.600 E2280.4371
G1 F2400 E2279.4371
G1 F300 Z2.950
G0 F3900 X101.400 Y101.400
G1 F300 Z2.750
G1 F1500 E2280.4371
G1 F2400 X101.400 Y148.600 E2282.1051
G1 X148.600 Y148.600 E2283.7731
G1 X148.600 Y101.400 E2285.4411
G1 X101.400 Y101.400 E2287.1091
G0 F3900 X101.000 Y101.200
;TYPE:GAP-FILL
;WIDTH:0.400
G1 F3600 X101.000 Y148.800 E2288.7912
;WIDTH:0.468
G1 X101.200 Y149.000 E2288.8029
;WIDTH:0.400
G1 X148.800 Y149.000 E2290.4851
;WIDTH:0.468
G1 X149.000 Y148.800 E2290.4968
;WIDTH:0.400
G1 X149.000 Y101.200 E2292.1789
;WIDTH:0.468
G1 X148.800 Y101.000 E2292.1906
;WIDTH:0.400
G1 X101.200 Y101.000 E2293.8727
;WIDTH:0.468
;WIDTH:0.469
G1 X101.034 Y101.034 E2293.8797
G1 X101.000 Y101.200 E2293.8868
;PRINTING_TIME: 1503
;REMAINING_TIME: 4732
;LAYER:11
;Z:3.000
;HEIGHT:0.250
;FLOW:100.0
;PRINTING: Flow_Calibration_Cube_0.4_mm.stl
;PRINTING_ID: 0
G1 F2400 E2292.8868
G1 F300 Z3.200
G0 F3900 X100.200 Y100.200
G0 F300 Z3.000
;TYPE:WALL-OUTER
;WIDTH:0.400
;FLOW:95.0
G1 F300 Z3.000
G1 F1500 E2293.8868
G1 F2400 X149.800 Y100.200 E2295.8458
G1 X149.800 Y149.800 E2297.8048
G1 X100.200 Y149.800 E2299.7638
G1 X100.200 Y100.200 E2301.7228
G1 F2400 E2300.7228
G1 F300 Z3.200
G0 F3900 X100.700 Y100.610
G0 X101.800 Y101.300
G0 X101.800 Y101.800
G1 F300 Z3.000
G1 F1500 E2301.7228
G1 F2400 X101.800 Y148.200 E2303.5555
G1 X148.200 Y148.200 E2305.3881
G1 X148.200 Y101.800 E2307.2207
G1 X101.800 Y101.800 E2309.0534
G1 F2400 E2308.0534
G1 F300 Z3.200
G0 F3900 X100.600 Y100.600
;TYPE:WALL-INNER
;WIDTH:0.400
;FLOW:85.0
G1 F300 Z3.000
G1 F1500 E2309.0534
G1 F2400 X149.400 Y100.600 E2310.7779
G1 X149.400 Y149.400 E2312.5025
G1 X100.600 Y149.400 E2314.2270
G1 X100.600 Y100.600 E2315.9515
G1 F2400 E2314.9515
G1 F300 Z3.200
G0 F3900 X101.400 Y101.400
G1 F300 Z3.000
G1 F1500 E2315.9515
G1 F2400 X101.400 Y148.600 E2317.6195
G1 X148.600 Y148.600 E2319.2875
G1 X148.600 Y101.400 E2320.9555
G1 X101.400 Y101.400 E2322.6235
G0 F3900 X101.000 Y101.200
;TYPE:GAP-FILL
;WIDTH:0.400
G1 F3600 X101.000 Y148.800 E2324.3056
;WIDTH:0.468
G1 X101.200 Y149.000 E2324.3173
;WIDTH:0.400
G1 X148.800 Y149.000 E2325.9995
;WIDTH:0.468
G1 X149.000 Y148.800 E2326.0112
;WIDTH:0.400
G1 X149.000 Y101.200 E2327.6933
;WIDTH:0.468
G1 X148.800 Y101.000 E2327.7050
;WIDTH:0.400
G1 X101.200 Y101.000 E2329.3871
;WIDTH:0.468
;WIDTH:0.469
G1 X101.034 Y101.034 E2329.3941
G1 X101.000 Y101.200 E2329.4012
;PRINTING_TIME: 1528
;REMAINING_TIME: 4707
;LAYER:12
;Z:3.250
;HEIGHT:0.250
;FLOW:100.0
;PRINTING: Flow_Calibration_Cube_0.4_mm.stl
;PRINTING_ID: 0
G1 F2400 E2328.4012
G1 F300 Z3.450
G0 F3900 X100.200 Y100.200
G0 F300 Z3.250
;TYPE:WALL-OUTER
;WIDTH:0.400
;FLOW:95.0
G1 F300 Z3.250
G1 F1500 E2329.4012
G1 F2400 X149.800 Y100.200 E2331.3602
G1 X149.800 Y149.800 E2333.3192
G1 X100.200 Y149.800 E2335.2782
G1 X100.200 Y100.200 E2337.2373
G1 F2400 E2336.2373
G1 F300 Z3.450
G0 F3900 X100.700 Y100.610
G0 X101.800 Y101.300
G0 X101.800 Y101.800
G1 F300 Z3.250
G1 F1500 E2337.2373
G1 F2400 X101.800 Y148.200 E2339.0699
G1 X148.200 Y148.200 E2340.9025
G1 X148.200 Y101.800 E2342.7352
G1 X101.800 Y101.800 E2344.5678
G1 F2400 E2343.5678
G1 F300 Z3.450
G0 F3900 X100.600 Y100.600
;TYPE:WALL-INNER
;WIDTH:0.400
;FLOW:85.0
G1 F300 Z3.250
G1 F1500 E2344.5678
G1 F2400 X149.400 Y100.600 E2346.2923
G1 X149.400 Y149.400 E2348.0169
G1 X100.600 Y149.400 E2349.7414
G1 X100.600 Y100.600 E2351.4659
G1 F2400 E2350.4659
G1 F300 Z3.450
G0 F3900 X101.400 Y101.400
G1 F300 Z3.250
G1 F1500 E2351.4659
G1 F2400 X101.400 Y148.600 E2353.1339
G1 X148.600 Y148.600 E2354.8019
G1 X148.600 Y101.400 E2356.4699
G1 X101.400 Y101.400 E2358.1379
G0 F3900 X101.000 Y101.200
;TYPE:GAP-FILL
;WIDTH:0.400
G1 F3600 X101.000 Y148.800 E2359.8201
;WIDTH:0.468
G1 X101.200 Y149.000 E2359.8317
;WIDTH:0.400
G1 X148.800 Y149.000 E2361.5139
;WIDTH:0.468
G1 X149.000 Y148.800 E2361.5256
;WIDTH:0.400
G1 X149.000 Y101.200 E2363.2077
;WIDTH:0.468
G1 X148.800 Y101.000 E2363.2194
;WIDTH:0.400
G1 X101.200 Y101.000 E2364.9015
;WIDTH:0.468
;WIDTH:0.469
G1 X101.034 Y101.034 E2364.9085
G1 X101.000 Y101.200 E2364.9156
;PRINTING_TIME: 1553
;REMAINING_TIME: 4682
;LAYER:13
;Z:3.500
;HEIGHT:0.250
;FLOW:100.0
;PRINTING: Flow_Calibration_Cube_0.4_mm.stl
;PRINTING_ID: 0
G1 F2400 E2363.9156
G1 F300 Z3.700
G0 F3900 X100.200 Y100.200
G0 F300 Z3.500
;TYPE:WALL-OUTER
;WIDTH:0.400
;FLOW:95.0
G1 F300 Z3.500
G1 F1500 E2364.9156
G1 F2400 X149.800 Y100.200 E2366.8746
G1 X149.800 Y149.800 E2368.8336
G1 X100.200 Y149.800 E2370.7926
G1 X100.200 Y100.200 E2372.7517
G1 F2400 E2371.7517
G1 F300 Z3.700
G0 F3900 X100.700 Y100.610
G0 X101.800 Y101.300
G0 X101.800 Y101.800
G1 F300 Z3.500
G1 F1500 E2372.7517
G1 F2400 X101.800 Y148.200 E2374.5843
G1 X148.200 Y148.200 E2376.4169
G1 X148.200 Y101.800 E2378.2496
G1 X101.800 Y101.800 E2380.0822
G1 F2400 E2379.0822
G1 F300 Z3.700
G0 F3900 X100.600 Y100.600
;TYPE:WALL-INNER
;WIDTH:0.400
;FLOW:85.0
G1 F300 Z3.500
G1 F1500 E2380.0822
G1 F2400 X149.400 Y100.600 E2381.8067
G1 X149.400 Y149.400 E2383.5313
G1 X100.600 Y149.400 E2385.2558
G1 X100.600 Y100.600 E2386.9803
G1 F2400 E2385.9803
G1 F300 Z3.700
G0 F3900 X101.400 Y101.400
G1 F300 Z3.500
G1 F1500 E2386.9803
G1 F2400 X101.400 Y148.600 E2388.6483
G1 X148.600 Y148.600 E2390.3163
G1 X148.600 Y101.400 E2391.9843
G1 X101.400 Y101.400 E2393.6523
G0 F3900 X101.000 Y101.200
;TYPE:GAP-FILL
;WIDTH:0.400
G1 F3600 X101.000 Y148.800 E2395.3345
;WIDTH:0.468
G1 X101.200 Y149.000 E2395.3462
;WIDTH:0.400
G1 X148.800 Y149.000 E2397.0283
;WIDTH:0.468
G1 X149.000 Y148.800 E2397.0400
;WIDTH:0.400
G1 X149.000 Y101.200 E2398.7221
;WIDTH:0.468
G1 X148.800 Y101.000 E2398.7338
;WIDTH:0.400
G1 X101.200 Y101.000 E2400.4159
;WIDTH:0.468
;WIDTH:0.469
G1 X101.034 Y101.034 E2400.4230
G1 X101.000 Y101.200 E2400.4300
;PRINTING_TIME: 1578
;REMAINING_TIME: 4657
;LAYER:14
;Z:3.750
;HEIGHT:0.250
;FLOW:100.0
;PRINTING: Flow_Calibration_Cube_0.4_mm.stl
;PRINTING_ID: 0
G1 F2400 E2399.4300
G1 F300 Z3.950
G0 F3900 X100.200 Y100.200
G0 F300 Z3.750
;TYPE:WALL-OUTER
;WIDTH:0.400
;FLOW:95.0
G1 F300 Z3.750
G1 F1500 E2400.4300
G1 F2400 X149.800 Y100.200 E2402.3890
G1 X149.800 Y149.800 E2404.3480
G1 X100.200 Y149.800 E2406.3070
G1 X100.200 Y100.200 E2408.2661
G1 F2400 E2407.2661
G1 F300 Z3.950
G0 F3900 X100.700 Y100.610
G0 X101.800 Y101.300
G0 X101.800 Y101.800
G1 F300 Z3.750
G1 F1500 E2408.2661
G1 F2400 X101.800 Y148.200 E2410.0987
G1 X148.200 Y148.200 E2411.9313
G1 X148.200 Y101.800 E2413.7640
G1 X101.800 Y101.800 E2415.5966
G1 F2400 E2414.5966
G1 F300 Z3.950
G0 F3900 X100.600 Y100.600
;TYPE:WALL-INNER
;WIDTH:0.400
;FLOW:85.0
G1 F300 Z3.750
G1 F1500 E2415.5966
G1 F2400 X149.400 Y100.600 E2417.3211
G1 X149.400 Y149.400 E2419.0457
G1 X100.600 Y149.400 E2420.7702
G1 X100.600 Y100.600 E2422.4948
G1 F2400 E2421.4948
G1 F300 Z3.950
G0 F3900 X101.400 Y101.400
G1 F300 Z3.750
G1 F1500 E2422.4948
G1 F2400 X101.400 Y148.600 E2424.1627
G1 X148.600 Y148.600 E2425.8307
G1 X148.600 Y101.400 E2427.4987
G1 X101.400 Y101.400 E2429.1667
G0 F3900 X101.000 Y101.200
;TYPE:GAP-FILL
;WIDTH:0.400
G1 F3600 X101.000 Y148.800 E2430.8489
;WIDTH:0.468
G1 X101.200 Y149.000 E2430.8606
;WIDTH:0.400
G1 X148.800 Y149.000 E2432.5427
;WIDTH:0.468
G1 X149.000 Y148.800 E2432.5544
;WIDTH:0.400
G1 X149.000 Y101.200 E2434.2365
;WIDTH:0.468
G1 X148.800 Y101.000 E2434.2482
;WIDTH:0.400
G1 X101.200 Y101.000 E2435.9303
;WIDTH:0.468
;WIDTH:0.469
G1 X101.034 Y101.034 E2435.9374
G1 X101.000 Y101.200 E2435.9444
;PRINTING_TIME: 1603
;REMAINING_TIME: 4632
;LAYER:15
;Z:4.000
;HEIGHT:0.250
;FLOW:100.0
;PRINTING: Flow_Calibration_Cube_0.4_mm.stl
;PRINTING_ID: 0
G1 F2400 E2434.9444
G1 F300 Z4.200
G0 F3900 X100.200 Y100.200
G0 F300 Z4.000
;TYPE:WALL-OUTER
;WIDTH:0.400
;FLOW:95.0
G1 F300 Z4.000
G1 F1500 E2435.9444
G1 F2400 X149.800 Y100.200 E2437.9034
G1 X149.800 Y149.800 E2439.8624
G1 X100.200 Y149.800 E2441.8215
G1 X100.200 Y100.200 E2443.7805
G1 F2400 E2442.7805
G1 F300 Z4.200
G0 F3900 X100.700 Y100.610
G0 X101.800 Y101.300
G0 X101.800 Y101.800
G1 F300 Z4.000
G1 F1500 E2443.7805
G1 F2400 X101.800 Y148.200 E2445.6131
G1 X148.200 Y148.200 E2447.4457
G1 X148.200 Y101.800 E2449.2784
G1 X101.800 Y101.800 E2451.1110
G1 F2400 E2450.1110
G1 F300 Z4.200
G0 F3900 X100.600 Y100.600
;TYPE:WALL-INNER
;WIDTH:0.400
;FLOW:85.0
G1 F300 Z4.000
G1 F1500 E2451.1110
G1 F2400 X149.400 Y100.600 E2452.8355
G1 X149.400 Y149.400 E2454.5601
G1 X100.600 Y149.400 E2456.2846
G1 X100.600 Y100.600 E2458.0092
G1 F2400 E2457.0092
G1 F300 Z4.200
G0 F3900 X101.400 Y101.400
G1 F300 Z4.000
G1 F1500 E2458.0092
G1 F2400 X101.400 Y148.600 E2459.6772
G1 X148.600 Y148.600 E2461.3452
G1 X148.600 Y101.400 E2463.0131
G1 X101.400 Y101.400 E2464.6811
G0 F3900 X101.000 Y101.200
;TYPE:GAP-FILL
;WIDTH:0.400
G1 F3600 X101.000 Y148.800 E2466.3633
;WIDTH:0.468
G1 X101.200 Y149.000 E2466.3750
;WIDTH:0.400
G1 X148.800 Y149.000 E2468.0571
;WIDTH:0.468
G1 X149.000 Y148.800 E2468.0688
;WIDTH:0.400
G1 X149.000 Y101.200 E2469.7509
;WIDTH:0.468
G1 X148.800 Y101.000 E2469.7626
;WIDTH:0.400
G1 X101.200 Y101.000 E2471.4448
;WIDTH:0.468
;WIDTH:0.469
G1 X101.034 Y101.034 E2471.4518
G1 X101.000 Y101.200 E2471.4588
;PRINTING_TIME: 1628
;REMAINING_TIME: 4607
;LAYER:16
;Z:4.250
;HEIGHT:0.250
;FLOW:100.0
;PRINTING: Flow_Calibration_Cube_0.4_mm.stl
;PRINTING_ID: 0
G1 F2400 E2470.4588
G1 F300 Z4.450
G0 F3900 X100.200 Y100.200
G0 F300 Z4.250
;TYPE:WALL-OUTER
;WIDTH:0.400
;FLOW:95.0
G1 F300 Z4.250
G1 F1500 E2471.4588
G1 F2400 X149.800 Y100.200 E2473.4178
G1 X149.800 Y149.800 E2475.3768
G1 X100.200 Y149.800 E2477.3359
G1 X100.200 Y100.200 E2479.2949
G1 F2400 E2478.2949
G1 F300 Z4.450
G0 F3900 X100.700 Y100.610
G0 X101.800 Y101.300
G0 X101.800 Y101.800
G1 F300 Z4.250
G1 F1500 E2479.2949
G1 F2400 X101.800 Y148.200 E2481.1275
G1 X148.200 Y148.200 E2482.9601
G1 X148.200 Y101.800 E2484.7928
G1 X101.800 Y101.800 E2486.6254
G1 F2400 E2485.6254
G1 F300 Z4.450
G0 F3900 X100.600 Y100.600
;TYPE:WALL-INNER
;WIDTH:0.400
;FLOW:85.0
G1 F300 Z4.250
G1 F1500 E2486.6254
G1 F2400 X149.400 Y100.600 E2488.3500
G1 X149.400 Y149.400 E2490.0745
G1 X100.600 Y149.400 E2491.7990
G1 X100.600 Y100.600 E2493.5236
G1 F2400 E2492.5236
G1 F300 Z4.450
G0 F3900 X101.400 Y101.400
G1 F300 Z4.250
G1 F1500 E2493.5236
G1 F2400 X101.400 Y148.600 E2495.1916
G1 X148.600 Y148.600 E2496.8596
G1 X148.600 Y101.400 E2498.5276
G1 X101.400 Y101.400 E2500.1955
G0 F3900 X101.000 Y101.200
;TYPE:GAP-FILL
;WIDTH:0.400
G1 F3600 X101.000 Y148.800 E2501.8777
;WIDTH:0.468
G1 X101.200 Y149.000 E2501.8894
;WIDTH:0.400
G1 X148.800 Y149.000 E2503.5715
;WIDTH:0.468
G1 X149.000 Y148.800 E2503.5832
;WIDTH:0.400
G1 X149.000 Y101.200 E2505.2653
;WIDTH:0.468
G1 X148.800 Y101.000 E2505.2770
;WIDTH:0.400
G1 X101.200 Y101.000 E2506.9592
;WIDTH:0.468
;WIDTH:0.469
G1 X101.034 Y101.034 E2506.9662
G1 X101.000 Y101.200 E2506.9732
;PRINTING_TIME: 1653
;REMAINING_TIME: 4582
;LAYER:17
;Z:4.500
;HEIGHT:0.250
;FLOW:100.0
;PRINTING: Flow_Calibration_Cube_0.4_mm.stl
;PRINTING_ID: 0
G1 F2400 E2505.9732
G1 F300 Z4.700
G0 F3900 X100.200 Y100.200
G0 F300 Z4.500
;TYPE:WALL-OUTER
;WIDTH:0.400
;FLOW:95.0
G1 F300 Z4.500
G1 F1500 E2506.9732
G1 F2400 X149.800 Y100.200 E2508.9322
G1 X149.800 Y149.800 E2510.8912
G1 X100.200 Y149.800 E2512.8503
G1 X100.200 Y100.200 E2514.8093
G1 F2400 E2513.8093
G1 F300 Z4.700
G0 F3900 X100.700 Y100.610
G0 X101.800 Y101.300
G0 X101.800 Y101.800
G1 F300 Z4.500
G1 F1500 E2514.8093
G1 F2400 X101.800 Y148.200 E2516.6419
G1 X148.200 Y148.200 E2518.4746
G1 X148.200 Y101.800 E2520.3072
G1 X101.800 Y101.800 E2522.1398
G1 F2400 E2521.1398
G1 F300 Z4.700
G0 F3900 X100.600 Y100.600
;TYPE:WALL-INNER
;WIDTH:0.400
;FLOW:85.0
G1 F300 Z4.500
G1 F1500 E2522.1398
G1 F2400 X149.400 Y100.600 E2523.8644
G1 X149.400 Y149.400 E2525.5889
G1 X100.600 Y149.400 E2527.3134
G1 X100.600 Y100.600 E2529.0380
G1 F2400 E2528.0380
G1 F300 Z4.700
G0 F3900 X101.400 Y101.400
G1 F300 Z4.500
G1 F1500 E2529.0380
G1 F2400 X101.400 Y148.600 E2530.7060
G1 X148.600 Y148.600 E2532.3740
G1 X148.600 Y101.400 E2534.0420
G1 X101.400 Y101.400 E2535.7100
G0 F3900 X101.000 Y101.200
;TYPE:GAP-FILL
;WIDTH:0.400
G1 F3600 X101.000 Y148.800 E2537.3921
;WIDTH:0.468
G1 X101.200 Y149.000 E2537.4038
;WIDTH:0.400
G1 X148.800 Y149.000 E2539.0859
;WIDTH:0.468
G1 X149.000 Y148.800 E2539.0976
;WIDTH:0.400
G1 X149.000 Y101.200 E2540.7797
;WIDTH:0.468
G1 X148.800 Y101.000 E2540.7914
;WIDTH:0.400
G1 X101.200 Y101.000 E2542.4736
;WIDTH:0.468
;WIDTH:0.469
G1 X101.034 Y101.034 E2542.4806
G1 X101.000 Y101.200 E2542.4876
;PRINTING_TIME: 1678
;REMAINING_TIME: 4557
;LAYER:18
;Z:4.750
;HEIGHT:0.250
;FLOW:100.0
;PRINTING: Flow_Calibration_Cube_0.4_mm.stl
;PRINTING_ID: 0
G1 F2400 E2541.4876
G1 F300 Z4.950
G0 F3900 X100.200 Y100.200
G0 F300 Z4.750
;TYPE:WALL-OUTER
;WIDTH:0.400
;FLOW:95.0
G1 F300 Z4.750
G1 F1500 E2542.4876
G1 F2400 X149.800 Y100.200 E2544.4466
G1 X149.800 Y149.800 E2546.4057
G1 X100.200 Y149.800 E2548.3647
G1 X100.200 Y100.200 E2550.3237
G1 F2400 E2549.3237
G1 F300 Z4.950
G0 F3900 X100.700 Y100.610
G0 X101.800 Y101.300
G0 X101.800 Y101.800
G1 F300 Z4.750
G1 F1500 E2550.3237
G1 F2400 X101.800 Y148.200 E2552.1563
G1 X148.200 Y148.200 E2553.9890
G1 X148.200 Y101.800 E2555.8216
G1 X101.800 Y101.800 E2557.6542
G1 F2400 E2556.6542
G1 F300 Z4.950
G0 F3900 X100.600 Y100.600
;TYPE:WALL-INNER
;WIDTH:0.400
;FLOW:85.0
G1 F300 Z4.750
G1 F1500 E2557.6542
G1 F2400 X149.400 Y100.600 E2559.3788
G1 X149.400 Y149.400 E2561.1033
G1 X100.600 Y149.400 E2562.8278
G1 X100.600 Y100.600 E2564.5524
G1 F2400 E2563.5524
G1 F300 Z4.950
G0 F3900 X101.400 Y101.400
G1 F300 Z4.750
G1 F1500 E2564.5524
G1 F2400 X101.400 Y148.600 E2566.2204
G1 X148.600 Y148.600 E2567.8884
G1 X148.600 Y101.400 E2569.5564
G1 X101.400 Y101.400 E2571.2244
G0 F3900 X101.000 Y101.200
;TYPE:GAP-FILL
;WIDTH:0.400
G1 F3600 X101.000 Y148.800 E2572.9065
;WIDTH:0.468
G1 X101.200 Y149.000 E2572.9182
;WIDTH:0.400
G1 X148.800 Y149.000 E2574.6003
;WIDTH:0.468
G1 X149.000 Y148.800 E2574.6120
;WIDTH:0.400
G1 X149.000 Y101.200 E2576.2941
;WIDTH:0.468
G1 X148.800 Y101.000 E2576.3058
;WIDTH:0.400
G1 X101.200 Y101.000 E2577.9880
;WIDTH:0.468
;WIDTH:0.469
G1 X101.034 Y101.034 E2577.9950
G1 X101.000 Y101.200 E2578.0020
;PRINTING_TIME: 1704
;REMAINING_TIME: 4531
;LAYER:19
;Z:5.000
;HEIGHT:0.250
;FLOW:100.0
;PRINTING: Flow_Calibration_Cube_0.4_mm.stl
;PRINTING_ID: 0
G1 F2400 E2577.0020
G1 F300 Z5.200
G0 F3900 X100.200 Y100.200
G0 F300 Z5.000
;TYPE:WALL-OUTER
;WIDTH:0.400
;FLOW:95.0
G1 F300 Z5.000
G1 F1500 E2578.0020
G1 F2400 X149.800 Y100.200 E2579.9610
G1 X149.800 Y149.800 E2581.9201
G1 X100.200 Y149.800 E2583.8791
G1 X100.200 Y100.200 E2585.8381
G1 F2400 E2584.8381
G1 F300 Z5.200
G0 F3900 X100.700 Y100.610
G0 X101.800 Y101.300
G0 X101.800 Y101.800
G1 F300 Z5.000
G1 F1500 E2585.8381
G1 F2400 X101.800 Y148.200 E2587.6707
G1 X148.200 Y148.200 E2589.5034
G1 X148.200 Y101.800 E2591.3360
G1 X101.800 Y101.800 E2593.1686
G1 F2400 E2592.1686
G1 F300 Z5.200
G0 F3900 X100.600 Y100.600
;TYPE:WALL-INNER
;WIDTH:0.400
;FLOW:85.0
G1 F300 Z5.000
G1 F1500 E2593.1686
G1 F2400 X149.400 Y100.600 E2594.8932
G1 X149.400 Y149.400 E2596.6177
G1 X100.600 Y149.400 E2598.3423
G1 X100.600 Y100.600 E2600.0668
G1 F2400 E2599.0668
G1 F300 Z5.200
G0 F3900 X101.400 Y101.400
G1 F300 Z5.000
G1 F1500 E2600.0668
G1 F2400 X101.400 Y148.600 E2601.7348
G1 X148.600 Y148.600 E2603.4028
G1 X148.600 Y101.400 E2605.0708
G1 X101.400 Y101.400 E2606.7388
G0 F3900 X101.000 Y101.200
;TYPE:GAP-FILL
;WIDTH:0.400
G1 F3600 X101.000 Y148.800 E2608.4209
;WIDTH:0.468
G1 X101.200 Y149.000 E2608.4326
;WIDTH:0.400
G1 X148.800 Y149.000 E2610.1147
;WIDTH:0.468
G1 X149.000 Y148.800 E2610.1264
;WIDTH:0.400
G1 X149.000 Y101.200 E2611.8086
;WIDTH:0.468
G1 X148.800 Y101.000 E2611.8202
;WIDTH:0.400
G1 X101.200 Y101.000 E2613.5024
;WIDTH:0.468
;WIDTH:0.469
G1 X101.034 Y101.034 E2613.5094
G1 X101.000 Y101.200 E2613.5164
;PRINTING_TIME: 1729
;REMAINING_TIME: 4506
;LAYER:20
;Z:5.250
;HEIGHT:0.250
;FLOW:100.0
;PRINTING: Flow_Calibration_Cube_0.4_mm.stl
;PRINTING_ID: 0
G1 F2400 E2612.5164
G1 F300 Z5.450
G0 F3900 X100.200 Y100.200
G0 F300 Z5.250
;TYPE:WALL-OUTER
;WIDTH:0.400
;FLOW:95.0
G1 F300 Z5.250
G1 F1500 E2613.5164
G1 F2400 X149.800 Y100.200 E2615.4754
G1 X149.800 Y149.800 E2617.4345
G1 X100.200 Y149.800 E2619.3935
G1 X100.200 Y100.200 E2621.3525
G1 F2400 E2620.3525
G1 F300 Z5.450
G0 F3900 X100.700 Y100.610
G0 X101.800 Y101.300
G0 X101.800 Y101.800
G1 F300 Z5.250
G1 F1500 E2621.3525
G1 F2400 X101.800 Y148.200 E2623.1851
G1 X148.200 Y148.200 E2625.0178
G1 X148.200 Y101.800 E2626.8504
G1 X101.800 Y101.800 E2628.6830
G1 F2400 E2627.6830
G1 F300 Z5.450
G0 F3900 X100.600 Y100.600
;TYPE:WALL-INNER
;WIDTH:0.400
;FLOW:85.0
G1 F300 Z5.250
G1 F1500 E2628.6830
G1 F2400 X149.400 Y100.600 E2630.4076
G1 X149.400 Y149.400 E2632.1321
G1 X100.600 Y149.400 E2633.8567
G1 X100.600 Y100.600 E2635.5812
G1 F2400 E2634.5812
G1 F300 Z5.450
G0 F3900 X101.400 Y101.400
G1 F300 Z5.250
G1 F1500 E2635.5812
G1 F2400 X101.400 Y148.600 E2637.2492
G1 X148.600 Y148.600 E2638.9172
G1 X148.600 Y101.400 E2640.5852
G1 X101.400 Y101.400 E2642.2532
G0 F3900 X101.000 Y101.200
;TYPE:GAP-FILL
;WIDTH:0.400
G1 F3600 X101.000 Y148.800 E2643.9353
;WIDTH:0.468
G1 X101.200 Y149.000 E2643.9470
;WIDTH:0.400
G1 X148.800 Y149.000 E2645.6291
;WIDTH:0.468
G1 X149.000 Y148.800 E2645.6408
;WIDTH:0.400
G1 X149.000 Y101.200 E2647.3230
;WIDTH:0.468
G1 X148.800 Y101.000 E2647.3347
;WIDTH:0.400
G1 X101.200 Y101.000 E2649.0168
;WIDTH:0.468
;WIDTH:0.469
G1 X101.034 Y101.034 E2649.0238
G1 X101.000 Y101.200 E2649.0308
;PRINTING_TIME: 1754
;REMAINING_TIME: 4481
;LAYER:21
;Z:5.500
;HEIGHT:0.250
;FLOW:100.0
;PRINTING: Flow_Calibration_Cube_0.4_mm.stl
;PRINTING_ID: 0
G1 F2400 E2648.0308
G1 F300 Z5.700
G0 F3900 X100.200 Y100.200
G0 F300 Z5.500
;TYPE:WALL-OUTER
;WIDTH:0.400
;FLOW:95.0
G1 F300 Z5.500
G1 F1500 E2649.0308
G1 F2400 X149.800 Y100.200 E2650.9899
G1 X149.800 Y149.800 E2652.9489
G1 X100.200 Y149.800 E2654.9079
G1 X100.200 Y100.200 E2656.8669
G1 F2400 E2655.8669
G1 F300 Z5.700
G0 F3900 X100.700 Y100.610
G0 X101.800 Y101.300
G0 X101.800 Y101.800
G1 F300 Z5.500
G1 F1500 E2656.8669
G1 F2400 X101.800 Y148.200 E2658.6996
G1 X148.200 Y148.200 E2660.5322
G1 X148.200 Y101.800 E2662.3648
G1 X101.800 Y101.800 E2664.1975
G1 F2400 E2663.1975
G1 F300 Z5.700
G0 F3900 X100.600 Y100.600
;TYPE:WALL-INNER
;WIDTH:0.400
;FLOW:85.0
G1 F300 Z5.500
G1 F1500 E2664.1975
G1 F2400 X149.400 Y100.600 E2665.9220
G1 X149.400 Y149.400 E2667.6465
G1 X100.600 Y149.400 E2669.3711
G1 X100.600 Y100.600 E2671.0956
G1 F2400 E2670.0956
G1 F300 Z5.700
G0 F3900 X101.400 Y101.400
G1 F300 Z5.500
G1 F1500 E2671.0956
G1 F2400 X101.400 Y148.600 E2672.7636
G1 X148.600 Y148.600 E2674.4316
G1 X148.600 Y101.400 E2676.0996
G1 X101.400 Y101.400 E2677.7676
G0 F3900 X101.000 Y101.200
;TYPE:GAP-FILL
;WIDTH:0.400
G1 F3600 X101.000 Y148.800 E2679.4497
;WIDTH:0.468
G1 X101.200 Y149.000 E2679.4614
;WIDTH:0.400
G1 X148.800 Y149.000 E2681.1435
;WIDTH:0.468
G1 X149.000 Y148.800 E2681.1552
;WIDTH:0.400
G1 X149.000 Y101.200 E2682.8374
;WIDTH:0.468
G1 X148.800 Y101.000 E2682.8491
;WIDTH:0.400
G1 X101.200 Y101.000 E2684.5312
;WIDTH:0.468
;WIDTH:0.469
G1 X101.034 Y101.034 E2684.5382
G1 X101.000 Y101.200 E2684.5452
;PRINTING_TIME: 1779
;REMAINING_TIME: 4456
;LAYER:22
;Z:5.750
;HEIGHT:0.250
;FLOW:100.0
;PRINTING: Flow_Calibration_Cube_0.4_mm.stl
;PRINTING_ID: 0
G1 F2400 E2683.5452
G1 F300 Z5.950
G0 F3900 X100.200 Y100.200
G0 F300 Z5.750
;TYPE:WALL-OUTER
;WIDTH:0.400
;FLOW:95.0
G1 F300 Z5.750
G1 F1500 E2684.5452
G1 F2400 X149.800 Y100.200 E2686.5043
G1 X149.800 Y149.800 E2688.4633
G1 X100.200 Y149.800 E2690.4223
G1 X100.200 Y100.200 E2692.3813
G1 F2400 E2691.3813
G1 F300 Z5.950
G0 F3900 X100.700 Y100.610
G0 X101.800 Y101.300
G0 X101.800 Y101.800
G1 F300 Z5.750
G1 F1500 E2692.3813
G1 F2400 X101.800 Y148.200 E2694.2140
G1 X148.200 Y148.200 E2696.0466
G1 X148.200 Y101.800 E2697.8792
G1 X101.800 Y101.800 E2699.7119
G1 F2400 E2698.7119
G1 F300 Z5.950
G0 F3900 X100.600 Y100.600
;TYPE:WALL-INNER
;WIDTH:0.400
;FLOW:85.0
G1 F300 Z5.750
G1 F1500 E2699.7119
G1 F2400 X149.400 Y100.600 E2701.4364
G1 X149.400 Y149.400 E2703.1609
G1 X100.600 Y149.400 E2704.8855
G1 X100.600 Y100.600 E2706.6100
G1 F2400 E2705.6100
G1 F300 Z5.950
G0 F3900 X101.400 Y101.400
G1 F300 Z5.750
G1 F1500 E2706.6100
G1 F2400 X101.400 Y148.600 E2708.2780
G1 X148.600 Y148.600 E2709.9460
G1 X148.600 Y101.400 E2711.6140
G1 X101.400 Y101.400 E2713.2820
G0 F3900 X101.000 Y101.200
;TYPE:GAP-FILL
;WIDTH:0.400
G1 F3600 X101.000 Y148.800 E2714.9641
;WIDTH:0.468
G1 X101.200 Y149.000 E2714.9758
;WIDTH:0.400
G1 X148.800 Y149.000 E2716.6580
;WIDTH:0.468
G1 X149.000 Y148.800 E2716.6696
;WIDTH:0.400
G1 X149.000 Y101.200 E2718.3518
;WIDTH:0.468
G1 X148.800 Y101.000 E2718.3635
;WIDTH:0.400
G1 X101.200 Y101.000 E2720.0456
;WIDTH:0.468
;WIDTH:0.469
G1 X101.034 Y101.034 E2720.0526
G1 X101.000 Y101.200 E2720.0596
;PRINTING_TIME: 1804
;REMAINING_TIME: 4431
;LAYER:23
;Z:6.000
;HEIGHT:0.250
;FLOW:100.0
;PRINTING: Flow_Calibration_Cube_0.4_mm.stl
;PRINTING_ID: 0
G1 F2400 E2719.0596
G1 F300 Z6.200
G0 F3900 X100.200 Y100.200
G0 F300 Z6.000
;TYPE:WALL-OUTER
;WIDTH:0.400
;FLOW:95.0
G1 F300 Z6.000
G1 F1500 E2720.0596
G1 F2400 X149.800 Y100.200 E2722.0187
G1 X149.800 Y149.800 E2723.9777
G1 X100.200 Y149.800 E2725.9367
G1 X100.200 Y100.200 E2727.8957
G1 F2400 E2726.8957
G1 F300 Z6.200
G0 F3900 X100.700 Y100.610
G0 X101.800 Y101.300
G0 X101.800 Y101.800
G1 F300 Z6.000
G1 F1500 E2727.8957
G1 F2400 X101.800 Y148.200 E2729.7284
G1 X148.200 Y148.200 E2731.5610
G1 X148.200 Y101.800 E2733.3936
G1 X101.800 Y101.800 E2735.2263
G1 F2400 E2734.2263
G1 F300 Z6.200
G0 F3900 X100.600 Y100.600
;TYPE:WALL-INNER
;WIDTH:0.400
;FLOW:85.0
G1 F300 Z6.000
G1 F1500 E2735.2263
G1 F2400 X149.400 Y100.600 E2736.9508
G1 X149.400 Y149.400 E2738.6753
G1 X100.600 Y149.400 E2740.3999
G1 X100.600 Y100.600 E2742.1244
G1 F2400 E2741.1244
G1 F300 Z6.200
G0 F3900 X101.400 Y101.400
G1 F300 Z6.000
G1 F1500 E2742.1244
G1 F2400 X101.400 Y148.600 E2743.7924
G1 X148.600 Y148.600 E2745.4604
G1 X148.600 Y101.400 E2747.1284
G1 X101.400 Y101.400 E2748.7964
G0 F3900 X101.000 Y101.200
;TYPE:GAP-FILL
;WIDTH:0.400
G1 F3600 X101.000 Y148.800 E2750.4785
;WIDTH:0.468
G1 X101.200 Y149.000 E2750.4902
;WIDTH:0.400
G1 X148.800 Y149.000 E2752.1724
;WIDTH:0.468
G1 X149.000 Y148.800 E2752.1841
;WIDTH:0.400
G1 X149.000 Y101.200 E2753.8662
;WIDTH:0.468
G1 X148.800 Y101.000 E2753.8779
;WIDTH:0.400
G1 X101.200 Y101.000 E2755.5600
;WIDTH:0.468
;WIDTH:0.469
G1 X101.034 Y101.034 E2755.5670
G1 X101.000 Y101.200 E2755.5741
;PRINTING_TIME: 1829
;REMAINING_TIME: 4406
;LAYER:24
;Z:6.250
;HEIGHT:0.250
;FLOW:100.0
;PRINTING: Flow_Calibration_Cube_0.4_mm.stl
;PRINTING_ID: 0
G1 F2400 E2754.5741
G1 F300 Z6.450
G0 F3900 X100.200 Y100.200
G0 F300 Z6.250
;TYPE:WALL-OUTER
;WIDTH:0.400
;FLOW:95.0
G1 F300 Z6.250
G1 F1500 E2755.5741
G1 F2400 X149.800 Y100.200 E2757.5331
G1 X149.800 Y149.800 E2759.4921
G1 X100.200 Y149.800 E2761.4511
G1 X100.200 Y100.200 E2763.4101
G1 F2400 E2762.4101
G1 F300 Z6.450
G0 F3900 X100.700 Y100.610
G0 X101.800 Y101.300
G0 X101.800 Y101.800
G1 F300 Z6.250
G1 F1500 E2763.4101
G1 F2400 X101.800 Y148.200 E2765.2428
G1 X148.200 Y148.200 E2767.0754
G1 X148.200 Y101.800 E2768.9080
G1 X101.800 Y101.800 E2770.7407
G1 F2400 E2769.7407
G1 F300 Z6.450
G0 F3900 X100.600 Y100.600
;TYPE:WALL-INNER
;WIDTH:0.400
;FLOW:85.0
G1 F300 Z6.250
G1 F1500 E2770.7407
G1 F2400 X149.400 Y100.600 E2772.4652
G1 X149.400 Y149.400 E2774.1898
G1 X100.600 Y149.400 E2775.9143
G1 X100.600 Y100.600 E2777.6388
G1 F2400 E2776.6388
G1 F300 Z6.450
G0 F3900 X101.400 Y101.400
G1 F300 Z6.250
G1 F1500 E2777.6388
G1 F2400 X101.400 Y148.600 E2779.3068
G1 X148.600 Y148.600 E2780.9748
G1 X148.600 Y101.400 E2782.6428
G1 X101.400 Y101.400 E2784.3108
G0 F3900 X101.000 Y101.200
;TYPE:GAP-FILL
;WIDTH:0.400
G1 F3600 X101.000 Y148.800 E2785.9929
;WIDTH:0.468
G1 X101.200 Y149.000 E2786.0046
;WIDTH:0.400
G1 X148.800 Y149.000 E2787.6868
;WIDTH:0.468
G1 X149.000 Y148.800 E2787.6985
;WIDTH:0.400
G1 X149.000 Y101.200 E2789.3806
;WIDTH:0.468
G1 X148.800 Y101.000 E2789.3923
;WIDTH:0.400
G1 X101.200 Y101.000 E2791.0744
;WIDTH:0.468
;WIDTH:0.469
G1 X101.034 Y101.034 E2791.0814
G1 X101.000 Y101.200 E2791.0885
;PRINTING_TIME: 1854
;REMAINING_TIME: 4381
;LAYER:25
;Z:6.500
;HEIGHT:0.250
;FLOW:100.0
;PRINTING: Flow_Calibration_Cube_0.4_mm.stl
;PRINTING_ID: 0
G1 F2400 E2790.0885
G1 F300 Z6.700
G0 F3900 X100.200 Y100.200
G0 F300 Z6.500
;TYPE:WALL-OUTER
;WIDTH:0.400
;FLOW:95.0
G1 F300 Z6.500
G1 F1500 E2791.0885
G1 F2400 X149.800 Y100.200 E2793.0475
G1 X149.800 Y149.800 E2795.0065
G1 X100.200 Y149.800 E2796.9655
G1 X100.200 Y100.200 E2798.9245
G1 F2400 E2797.9245
G1 F300 Z6.700
G0 F3900 X100.700 Y100.610
G0 X101.800 Y101.300
G0 X101.800 Y101.800
G1 F300 Z6.500
G1 F1500 E2798.9245
G1 F2400 X101.800 Y148.200 E2800.7572
G1 X148.200 Y148.200 E2802.5898
G1 X148.200 Y101.800 E2804.4224
G1 X101.800 Y101.800 E2806.2551
G1 F2400 E2805.2551
G1 F300 Z6.700
G0 F3900 X100.600 Y100.600
;TYPE:WALL-INNER
;WIDTH:0.400
;FLOW:85.0
G1 F300 Z6.500
G1 F1500 E2806.2551
G1 F2400 X149.400 Y100.600 E2807.9796
G1 X149.400 Y149.400 E2809.7042
G1 X100.600 Y149.400 E2811.4287
G1 X100.600 Y100.600 E2813.1532
G1 F2400 E2812.1532
G1 F300 Z6.700
G0 F3900 X101.400 Y101.400
G1 F300 Z6.500
G1 F1500 E2813.1532
G1 F2400 X101.400 Y148.600 E2814.8212
G1 X148.600 Y148.600 E2816.4892
G1 X148.600 Y101.400 E2818.1572
G1 X101.400 Y101.400 E2819.8252
G0 F3900 X101.000 Y101.200
;TYPE:GAP-FILL
;WIDTH:0.400
G1 F3600 X101.000 Y148.800 E2821.5073
;WIDTH:0.468
G1 X101.200 Y149.000 E2821.5190
;WIDTH:0.400
G1 X148.800 Y149.000 E2823.2012
;WIDTH:0.468
G1 X149.000 Y148.800 E2823.2129
;WIDTH:0.400
G1 X149.000 Y101.200 E2824.8950
;WIDTH:0.468
G1 X148.800 Y101.000 E2824.9067
;WIDTH:0.400
G1 X101.200 Y101.000 E2826.5888
;WIDTH:0.468
;WIDTH:0.469
G1 X101.034 Y101.034 E2826.5958
G1 X101.000 Y101.200 E2826.6029
;PRINTING_TIME: 1879
;REMAINING_TIME: 4356
;LAYER:26
;Z:6.750
;HEIGHT:0.250
;FLOW:100.0
;PRINTING: Flow_Calibration_Cube_0.4_mm.stl
;PRINTING_ID: 0
G1 F2400 E2825.6029
G1 F300 Z6.950
G0 F3900 X100.200 Y100.200
G0 F300 Z6.750
;TYPE:WALL-OUTER
;WIDTH:0.400
;FLOW:95.0
G1 F300 Z6.750
G1 F1500 E2826.6029
G1 F2400 X149.800 Y100.200 E2828.5619
G1 X149.800 Y149.800 E2830.5209
G1 X100.200 Y149.800 E2832.4799
G1 X100.200 Y100.200 E2834.4390
G1 F2400 E2833.4390
G1 F300 Z6.950
G0 F3900 X100.700 Y100.610
G0 X101.800 Y101.300
G0 X101.800 Y101.800
G1 F300 Z6.750
G1 F1500 E2834.4390
G1 F2400 X101.800 Y148.200 E2836.2716
G1 X148.200 Y148.200 E2838.1042
G1 X148.200 Y101.800 E2839.9369
G1 X101.800 Y101.800 E2841.7695
G1 F2400 E2840.7695
G1 F300 Z6.950
G0 F3900 X100.600 Y100.600
;TYPE:WALL-INNER
;WIDTH:0.400
;FLOW:85.0
G1 F300 Z6.750
G1 F1500 E2841.7695
G1 F2400 X149.400 Y100.600 E2843.4940
G1 X149.400 Y149.400 E2845.2186
G1 X100.600 Y149.400 E2846.9431
G1 X100.600 Y100.600 E2848.6676
G1 F2400 E2847.6676
G1 F300 Z6.950
G0 F3900 X101.400 Y101.400
G1 F300 Z6.750
G1 F1500 E2848.6676
G1 F2400 X101.400 Y148.600 E2850.3356
G1 X148.600 Y148.600 E2852.0036
G1 X148.600 Y101.400 E2853.6716
G1 X101.400 Y101.400 E2855.3396
G0 F3900 X101.000 Y101.200
;TYPE:GAP-FILL
;WIDTH:0.400
G1 F3600 X101.000 Y148.800 E2857.0218
;WIDTH:0.468
G1 X101.200 Y149.000 E2857.0335
;WIDTH:0.400
G1 X148.800 Y149.000 E2858.7156
;WIDTH:0.468
G1 X149.000 Y148.800 E2858.7273
;WIDTH:0.400
G1 X149.000 Y101.200 E2860.4094
;WIDTH:0.468
G1 X148.800 Y101.000 E2860.4211
;WIDTH:0.400
G1 X101.200 Y101.000 E2862.1032
;WIDTH:0.468
;WIDTH:0.469
G1 X101.034 Y101.034 E2862.1103
G1 X101.000 Y101.200 E2862.1173
;PRINTING_TIME: 1904
;REMAINING_TIME: 4331
;LAYER:27
;Z:7.000
;HEIGHT:0.250
;FLOW:100.0
;PRINTING: Flow_Calibration_Cube_0.4_mm.stl
;PRINTING_ID: 0
G1 F2400 E2861.1173
G1 F300 Z7.200
G0 F3900 X100.200 Y100.200
G0 F300 Z7.000
;TYPE:WALL-OUTER
;WIDTH:0.400
;FLOW:95.0
G1 F300 Z7.000
G1 F1500 E2862.1173
G1 F2400 X149.800 Y100.200 E2864.0763
G1 X149.800 Y149.800 E2866.0353
G1 X100.200 Y149.800 E2867.9943
G1 X100.200 Y100.200 E2869.9534
G1 F2400 E2868.9534
G1 F300 Z7.200
G0 F3900 X100.700 Y100.610
G0 X101.800 Y101.300
G0 X101.800 Y101.800
G1 F300 Z7.000
G1 F1500 E2869.9534
G1 F2400 X101.800 Y148.200 E2871.7860
G1 X148.200 Y148.200 E2873.6186
G1 X148.200 Y101.800 E2875.4513
G1 X101.800 Y101.800 E2877.2839
G1 F2400 E2876.2839
G1 F300 Z7.200
G0 F3900 X100.600 Y100.600
;TYPE:WALL-INNER
;WIDTH:0.400
;FLOW:85.0
G1 F300 Z7.000
G1 F1500 E2877.2839
G1 F2400 X149.400 Y100.600 E2879.0084
G1 X149.400 Y149.400 E2880.7330
G1 X100.600 Y149.400 E2882.4575
G1 X100.600 Y100.600 E2884.1821
G1 F2400 E2883.1821
G1 F300 Z7.200
G0 F3900 X101.400 Y101.400
G1 F300 Z7.000
G1 F1500 E2884.1821
G1 F2400 X101.400 Y148.600 E2885.8500
G1 X148.600 Y148.600 E2887.5180
G1 X148.600 Y101.400 E2889.1860
G1 X101.400 Y101.400 E2890.8540
G0 F3900 X101.000 Y101.200
;TYPE:GAP-FILL
;WIDTH:0.400
G1 F3600 X101.000 Y148.800 E2892.5362
;WIDTH:0.468
G1 X101.200 Y149.000 E2892.5479
;WIDTH:0.400
G1 X148.800 Y149.000 E2894.2300
;WIDTH:0.468
G1 X149.000 Y148.800 E2894.2417
;WIDTH:0.400
G1 X149.000 Y101.200 E2895.9238
;WIDTH:0.468
G1 X148.800 Y101.000 E2895.9355
;WIDTH:0.400
G1 X101.200 Y101.000 E2897.6176
;WIDTH:0.468
;WIDTH:0.469
G1 X101.034 Y101.034 E2897.6247
G1 X101.000 Y101.200 E2897.6317
;PRINTING_TIME: 1929
;REMAINING_TIME: 4306
;LAYER:28
;Z:7.250
;HEIGHT:0.250
;FLOW:100.0
;PRINTING: Flow_Calibration_Cube_0.4_mm.stl
;PRINTING_ID: 0
G1 F2400 E2896.6317
G1 F300 Z7.450
G0 F3900 X100.200 Y100.200
G0 F300 Z7.250
;TYPE:WALL-OUTER
;WIDTH:0.400
;FLOW:95.0
G1 F300 Z7.250
G1 F1500 E2897.6317
G1 F2400 X149.800 Y100.200 E2899.5907
G1 X149.800 Y149.800 E2901.5497
G1 X100.200 Y149.800 E2903.5088
G1 X100.200 Y100.200 E2905.4678
G1 F2400 E2904.4678
G1 F300 Z7.450
G0 F3900 X100.700 Y100.610
G0 X101.800 Y101.300
G0 X101.800 Y101.800
G1 F300 Z7.250
G1 F1500 E2905.4678
G1 F2400 X101.800 Y148.200 E2907.3004
G1 X148.200 Y148.200 E2909.1330
G1 X148.200 Y101.800 E2910.9657
G1 X101.800 Y101.800 E2912.7983
G1 F2400 E2911.7983
G1 F300 Z7.450
G0 F3900 X100.600 Y100.600
;TYPE:WALL-INNER
;WIDTH:0.400
;FLOW:85.0
G1 F300 Z7.250
G1 F1500 E2912.7983
G1 F2400 X149.400 Y100.600 E2914.5228
G1 X149.400 Y149.400 E2916.2474
G1 X100.600 Y149.400 E2917.9719
G1 X100.600 Y100.600 E2919.6965
G1 F2400 E2918.6965
G1 F300 Z7.450
G0 F3900 X101.400 Y101.400
G1 F300 Z7.250
G1 F1500 E2919.6965
G1 F2400 X101.400 Y148.600 E2921.3645
G1 X148.600 Y148.600 E2923.0324
G1 X148.600 Y101.400 E2924.7004
G1 X101.400 Y101.400 E2926.3684
G0 F3900 X101.000 Y101.200
;TYPE:GAP-FILL
;WIDTH:0.400
G1 F3600 X101.000 Y148.800 E2928.0506
;WIDTH:0.468
G1 X101.200 Y149.000 E2928.0623
;WIDTH:0.400
G1 X148.800 Y149.000 E2929.7444
;WIDTH:0.468
G1 X149.000 Y148.800 E2929.7561
;WIDTH:0.400
G1 X149.000 Y101.200 E2931.4382
;WIDTH:0.468
G1 X148.800 Y101.000 E2931.4499
;WIDTH:0.400
G1 X101.200 Y101.000 E2933.1320
;WIDTH:0.468
;WIDTH:0.469
G1 X101.034 Y101.034 E2933.1391
G1 X101.000 Y101.200 E2933.1461
;PRINTING_TIME: 1954
;REMAINING_TIME: 4281
;LAYER:29
;Z:7.500
;HEIGHT:0.250
;FLOW:100.0
;PRINTING: Flow_Calibration_Cube_0.4_mm.stl
;PRINTING_ID: 0
G1 F2400 E2932.1461
G1 F300 Z7.700
G0 F3900 X100.200 Y100.200
G0 F300 Z7.500
;TYPE:WALL-OUTER
;WIDTH:0.400
;FLOW:95.0
G1 F300 Z7.500
G1 F1500 E2933.1461
G1 F2400 X149.800 Y100.200 E2935.1051
G1 X149.800 Y149.800 E2937.0641
G1 X100.200 Y149.800 E2939.0232
G1 X100.200 Y100.200 E2940.9822
G1 F2400 E2939.9822
G1 F300 Z7.700
G0 F3900 X100.700 Y100.610
G0 X101.800 Y101.300
G0 X101.800 Y101.800
G1 F300 Z7.500
G1 F1500 E2940.9822
G1 F2400 X101.800 Y148.200 E2942.8148
G1 X148.200 Y148.200 E2944.6474
G1 X148.200 Y101.800 E2946.4801
G1 X101.800 Y101.800 E2948.3127
G1 F2400 E2947.3127
G1 F300 Z7.700
G0 F3900 X100.600 Y100.600
;TYPE:WALL-INNER
;WIDTH:0.400
;FLOW:85.0
G1 F300 Z7.500
G1 F1500 E2948.3127
G1 F2400 X149.400 Y100.600 E2950.0373
G1 X149.400 Y149.400 E2951.7618
G1 X100.600 Y149.400 E2953.4863
G1 X100.600 Y100.600 E2955.2109
G1 F2400 E2954.2109
G1 F300 Z7.700
G0 F3900 X101.400 Y101.400
G1 F300 Z7.500
G1 F1500 E2955.2109
G1 F2400 X101.400 Y148.600 E2956.8789
G1 X148.600 Y148.600 E2958.5469
G1 X148.600 Y101.400 E2960.2149
G1 X101.400 Y101.400 E2961.8828
G0 F3900 X101.000 Y101.200
;TYPE:GAP-FILL
;WIDTH:0.400
G1 F3600 X101.000 Y148.800 E2963.5650
;WIDTH:0.468
G1 X101.200 Y149.000 E2963.5767
;WIDTH:0.400
G1 X148.800 Y149.000 E2965.2588
;WIDTH:0.468
G1 X149.000 Y148.800 E2965.2705
;WIDTH:0.400
G1 X149.000 Y101.200 E2966.9526
;WIDTH:0.468
G1 X148.800 Y101.000 E2966.9643
;WIDTH:0.400
G1 X101.200 Y101.000 E2968.6465
;WIDTH:0.468
;WIDTH:0.469
G1 X101.034 Y101.034 E2968.6535
G1 X101.000 Y101.200 E2968.6605
;PRINTING_TIME: 1979
;REMAINING_TIME: 4256
;LAYER:30
;Z:7.750
;HEIGHT:0.250
;FLOW:100.0
;PRINTING: Flow_Calibration_Cube_0.4_mm.stl
;PRINTING_ID: 0
G1 F2400 E2967.6605
G1 F300 Z7.950
G0 F3900 X100.200 Y100.200
G0 F300 Z7.750
;TYPE:WALL-OUTER
;WIDTH:0.400
;FLOW:95.0
G1 F300 Z7.750
G1 F1500 E2968.6605
G1 F2400 X149.800 Y100.200 E2970.6195
G1 X149.800 Y149.800 E2972.5785
G1 X100.200 Y149.800 E2974.5376
G1 X100.200 Y100.200 E2976.4966
G1 F2400 E2975.4966
G1 F300 Z7.950
G0 F3900 X100.700 Y100.610
G0 X101.800 Y101.300
G0 X101.800 Y101.800
G1 F300 Z7.750
G1 F1500 E2976.4966
G1 F2400 X101.800 Y148.200 E2978.3292
G1 X148.200 Y148.200 E2980.1619
G1 X148.200 Y101.800 E2981.9945
G1 X101.800 Y101.800 E2983.8271
G1 F2400 E2982.8271
G1 F300 Z7.950
G0 F3900 X100.600 Y100.600
;TYPE:WALL-INNER
;WIDTH:0.400
;FLOW:85.0
G1 F300 Z7.750
G1 F1500 E2983.8271
G1 F2400 X149.400 Y100.600 E2985.5517
G1 X149.400 Y149.400 E2987.2762
G1 X100.600 Y149.400 E2989.0007
G1 X100.600 Y100.600 E2990.7253
G1 F2400 E2989.7253
G1 F300 Z7.950
G0 F3900 X101.400 Y101.400
G1 F300 Z7.750
G1 F1500 E2990.7253
G1 F2400 X101.400 Y148.600 E2992.3933
G1 X148.600 Y148.600 E2994.0613
G1 X148.600 Y101.400 E2995.7293
G1 X101.400 Y101.400 E2997.3973
G0 F3900 X101.000 Y101.200
;TYPE:GAP-FILL
;WIDTH:0.400
G1 F3600 X101.000 Y148.800 E2999.0794
;WIDTH:0.468
G1 X101.200 Y149.000 E2999.0911
;WIDTH:0.400
G1 X148.800 Y149.000 E3000.7732
;WIDTH:0.468
G1 X149.000 Y148.800 E3000.7849
;WIDTH:0.400
G1 X149.000 Y101.200 E3002.4670
;WIDTH:0.468
G1 X148.800 Y101.000 E3002.4787
;WIDTH:0.400
G1 X101.200 Y101.000 E3004.1609
;WIDTH:0.468
;WIDTH:0.469
G1 X101.034 Y101.034 E3004.1679
G1 X101.000 Y101.200 E3004.1749
;PRINTING_TIME: 2004
;REMAINING_TIME: 4231
;LAYER:31
;Z:8.000
;HEIGHT:0.250
;FLOW:100.0
;PRINTING: Flow_Calibration_Cube_0.4_mm.stl
;PRINTING_ID: 0
G1 F2400 E3003.1749
G1 F300 Z8.200
G0 F3900 X100.200 Y100.200
G0 F300 Z8.000
;TYPE:WALL-OUTER
;WIDTH:0.400
;FLOW:95.0
G1 F300 Z8.000
G1 F1500 E3004.1749
G1 F2400 X149.800 Y100.200 E3006.1339
G1 X149.800 Y149.800 E3008.0930
G1 X100.200 Y149.800 E3010.0520
G1 X100.200 Y100.200 E3012.0110
G1 F2400 E3011.0110
G1 F300 Z8.200
G0 F3900 X100.700 Y100.610
G0 X101.800 Y101.300
G0 X101.800 Y101.800
G1 F300 Z8.000
G1 F1500 E3012.0110
G1 F2400 X101.800 Y148.200 E3013.8436
G1 X148.200 Y148.200 E3015.6763
G1 X148.200 Y101.800 E3017.5089
G1 X101.800 Y101.800 E3019.3415
G1 F2400 E3018.3415
G1 F300 Z8.200
G0 F3900 X100.600 Y100.600
;TYPE:WALL-INNER
;WIDTH:0.400
;FLOW:85.0
G1 F300 Z8.000
G1 F1500 E3019.3415
G1 F2400 X149.400 Y100.600 E3021.0661
G1 X149.400 Y149.400 E3022.7906
G1 X100.600 Y149.400 E3024.5151
G1 X100.600 Y100.600 E3026.2397
G1 F2400 E3025.2397
G1 F300 Z8.200
G0 F3900 X101.400 Y101.400
G1 F300 Z8.000
G1 F1500 E3026.2397
G1 F2400 X101.400 Y148.600 E3027.9077
G1 X148.600 Y148.600 E3029.5757
G1 X148.600 Y101.400 E3031.2437
G1 X101.400 Y101.400 E3032.9117
G0 F3900 X101.000 Y101.200
;TYPE:GAP-FILL
;WIDTH:0.400
G1 F3600 X101.000 Y148.800 E3034.5938
;WIDTH:0.468
G1 X101.200 Y149.000 E3034.6055
;WIDTH:0.400
G1 X148.800 Y149.000 E3036.2876
;WIDTH:0.468
G1 X149.000 Y148.800 E3036.2993
;WIDTH:0.400
G1 X149.000 Y101.200 E3037.9814
;WIDTH:0.468
G1 X148.800 Y101.000 E3037.9931
;WIDTH:0.400
G1 X101.200 Y101.000 E3039.6753
;WIDTH:0.468
;WIDTH:0.469
G1 X101.034 Y101.034 E3039.6823
G1 X101.000 Y101.200 E3039.6893
;PRINTING_TIME: 2029
;REMAINING_TIME: 4206
;LAYER:32
;Z:8.250
;HEIGHT:0.250
;FLOW:100.0
;PRINTING: Flow_Calibration_Cube_0.4_mm.stl
;PRINTING_ID: 0
G1 F2400 E3038.6893
G1 F300 Z8.450
G0 F3900 X100.200 Y100.200
G0 F300 Z8.250
;TYPE:WALL-OUTER
;WIDTH:0.400
;FLOW:95.0
G1 F300 Z8.250
G1 F1500 E3039.6893
G1 F2400 X149.800 Y100.200 E3041.6483
G1 X149.800 Y149.800 E3043.6074
G1 X100.200 Y149.800 E3045.5664
G1 X100.200 Y100.200 E3047.5254
G1 F2400 E3046.5254
G1 F300 Z8.450
G0 F3900 X100.700 Y100.610
G0 X101.800 Y101.300
G0 X101.800 Y101.800
G1 F300 Z8.250
G1 F1500 E3047.5254
G1 F2400 X101.800 Y148.200 E3049.3580
G1 X148.200 Y148.200 E3051.1907
G1 X148.200 Y101.800 E3053.0233
G1 X101.800 Y101.800 E3054.8559
G1 F2400 E3053.8559
G1 F300 Z8.450
G0 F3900 X100.600 Y100.600
;TYPE:WALL-INNER
;WIDTH:0.400
;FLOW:85.0
G1 F300 Z8.250
G1 F1500 E3054.8559
G1 F2400 X149.400 Y100.600 E3056.5805
G1 X149.400 Y149.400 E3058.3050
G1 X100.600 Y149.400 E3060.0296
G1 X100.600 Y100.600 E3061.7541
G1 F2400 E3060.7541
G1 F300 Z8.450
G0 F3900 X101.400 Y101.400
G1 F300 Z8.250
G1 F1500 E3061.7541
G1 F2400 X101.400 Y148.600 E3063.4221
G1 X148.600 Y148.600 E3065.0901
G1 X148.600 Y101.400 E3066.7581
G1 X101.400 Y101.400 E3068.4261
G0 F3900 X101.000 Y101.200
;TYPE:GAP-FILL
;WIDTH:0.400
G1 F3600 X101.000 Y148.800 E3070.1082
;WIDTH:0.468
G1 X101.200 Y149.000 E3070.1199
;WIDTH:0.400
G1 X148.800 Y149.000 E3071.8020
;WIDTH:0.468
G1 X149.000 Y148.800 E3071.8137
;WIDTH:0.400
G1 X149.000 Y101.200 E3073.4959
;WIDTH:0.468
G1 X148.800 Y101.000 E3073.5075
;WIDTH:0.400
G1 X101.200 Y101.000 E3075.1897
;WIDTH:0.468
;WIDTH:0.469
G1 X101.034 Y101.034 E3075.1967
G1 X101.000 Y101.200 E3075.2037
;PRINTING_TIME: 2054
;REMAINING_TIME: 4181
;LAYER:33
;Z:8.500
;HEIGHT:0.250
;FLOW:100.0
;PRINTING: Flow_Calibration_Cube_0.4_mm.stl
;PRINTING_ID: 0
G1 F2400 E3074.2037
G1 F300 Z8.700
G0 F3900 X100.200 Y100.200
G0 F300 Z8.500
;TYPE:WALL-OUTER
;WIDTH:0.400
;FLOW:95.0
G1 F300 Z8.500
G1 F1500 E3075.2037
G1 F2400 X149.800 Y100.200 E3077.1627
G1 X149.800 Y149.800 E3079.1218
G1 X100.200 Y149.800 E3081.0808
G1 X100.200 Y100.200 E3083.0398
G1 F2400 E3082.0398
G1 F300 Z8.700
G0 F3900 X100.700 Y100.610
G0 X101.800 Y101.300
G0 X101.800 Y101.800
G1 F300 Z8.500
G1 F1500 E3083.0398
G1 F2400 X101.800 Y148.200 E3084.8724
G1 X148.200 Y148.200 E3086.7051
G1 X148.200 Y101.800 E3088.5377
G1 X101.800 Y101.800 E3090.3703
G1 F2400 E3089.3703
G1 F300 Z8.700
G0 F3900 X100.600 Y100.600
;TYPE:WALL-INNER
;WIDTH:0.400
;FLOW:85.0
G1 F300 Z8.500
G1 F1500 E3090.3703
G1 F2400 X149.400 Y100.600 E3092.0949
G1 X149.400 Y149.400 E3093.8194
G1 X100.600 Y149.400 E3095.5440
G1 X100.600 Y100.600 E3097.2685
G1 F2400 E3096.2685
G1 F300 Z8.700
G0 F3900 X101.400 Y101.400
G1 F300 Z8.500
G1 F1500 E3097.2685
G1 F2400 X101.400 Y148.600 E3098.9365
G1 X148.600 Y148.600 E3100.6045
G1 X148.600 Y101.400 E3102.2725
G1 X101.400 Y101.400 E3103.9405
G0 F3900 X101.000 Y101.200
;TYPE:GAP-FILL
;WIDTH:0.400
G1 F3600 X101.000 Y148.800 E3105.6226
;WIDTH:0.468
G1 X101.200 Y149.000 E3105.6343
;WIDTH:0.400
G1 X148.800 Y149.000 E3107.3164
;WIDTH:0.468
G1 X149.000 Y148.800 E3107.3281
;WIDTH:0.400
G1 X149.000 Y101.200 E3109.0103
;WIDTH:0.468
G1 X148.800 Y101.000 E3109.0220
;WIDTH:0.400
G1 X101.200 Y101.000 E3110.7041
;WIDTH:0.468
;WIDTH:0.469
G1 X101.034 Y101.034 E3110.7111
G1 X101.000 Y101.200 E3110.7181
;PRINTING_TIME: 2079
;REMAINING_TIME: 4156
;LAYER:34
;Z:8.750
;HEIGHT:0.250
;FLOW:100.0
;PRINTING: Flow_Calibration_Cube_0.4_mm.stl
;PRINTING_ID: 0
G1 F2400 E3109.7181
G1 F300 Z8.950
G0 F3900 X100.200 Y100.200
G0 F300 Z8.750
;TYPE:WALL-OUTER
;WIDTH:0.400
;FLOW:95.0
G1 F300 Z8.750
G1 F1500 E3110.7181
G1 F2400 X149.800 Y100.200 E3112.6772
G1 X149.800 Y149.800 E3114.6362
G1 X100.200 Y149.800 E3116.5952
G1 X100.200 Y100.200 E3118.5542
G1 F2400 E3117.5542
G1 F300 Z8.950
G0 F3900 X100.700 Y100.610
G0 X101.800 Y101.300
G0 X101.800 Y101.800
G1 F300 Z8.750
G1 F1500 E3118.5542
G1 F2400 X101.800 Y148.200 E3120.3869
G1 X148.200 Y148.200 E3122.2195
G1 X148.200 Y101.800 E3124.0521
G1 X101.800 Y101.800 E3125.8848
G1 F2400 E3124.8848
G1 F300 Z8.950
G0 F3900 X100.600 Y100.600
;TYPE:WALL-INNER
;WIDTH:0.400
;FLOW:85.0
G1 F300 Z8.750
G1 F1500 E3125.8848
G1 F2400 X149.400 Y100.600 E3127.6093
G1 X149.400 Y149.400 E3129.3338
G1 X100.600 Y149.400 E3131.0584
G1 X100.600 Y100.600 E3132.7829
G1 F2400 E3131.7829
G1 F300 Z8.950
G0 F3900 X101.400 Y101.400
G1 F300 Z8.750
G1 F1500 E3132.7829
G1 F2400 X101.400 Y148.600 E3134.4509
G1 X148.600 Y148.600 E3136.1189
G1 X148.600 Y101.400 E3137.7869
G1 X101.400 Y101.400 E3139.4549
G0 F3900 X101.000 Y101.200
;TYPE:GAP-FILL
;WIDTH:0.400
G1 F3600 X101.000 Y148.800 E3141.1370
;WIDTH:0.468
G1 X101.200 Y149.000 E3141.1487
;WIDTH:0.400
G1 X148.800 Y149.000 E3142.8308
;WIDTH:0.468
G1 X149.000 Y148.800 E3142.8425
;WIDTH:0.400
G1 X149.000 Y101.200 E3144.5247
;WIDTH:0.468
G1 X148.800 Y101.000 E3144.5364
;WIDTH:0.400
G1 X101.200 Y101.000 E3146.2185
;WIDTH:0.468
;WIDTH:0.469
G1 X101.034 Y101.034 E3146.2255
G1 X101.000 Y101.200 E3146.2325
;PRINTING_TIME: 2104
;REMAINING_TIME: 4131
;LAYER:35
;Z:9.000
;HEIGHT:0.250
;FLOW:100.0
;PRINTING: Flow_Calibration_Cube_0.4_mm.stl
;PRINTING_ID: 0
G1 F2400 E3145.2325
G1 F300 Z9.200
G0 F3900 X100.200 Y100.200
G0 F300 Z9.000
;TYPE:WALL-OUTER
;WIDTH:0.400
;FLOW:95.0
G1 F300 Z9.000
G1 F1500 E3146.2325
G1 F2400 X149.800 Y100.200 E3148.1916
G1 X149.800 Y149.800 E3150.1506
G1 X100.200 Y149.800 E3152.1096
G1 X100.200 Y100.200 E3154.0686
G1 F2400 E3153.0686
G1 F300 Z9.200
G0 F3900 X100.700 Y100.610
G0 X101.800 Y101.300
G0 X101.800 Y101.800
G1 F300 Z9.000
G1 F1500 E3154.0686
G1 F2400 X101.800 Y148.200 E3155.9013
G1 X148.200 Y148.200 E3157.7339
G1 X148.200 Y101.800 E3159.5665
G1 X101.800 Y101.800 E3161.3992
G1 F2400 E3160.3992
G1 F300 Z9.200
G0 F3900 X100.600 Y100.600
;TYPE:WALL-INNER
;WIDTH:0.400
;FLOW:85.0
G1 F300 Z9.000
G1 F1500 E3161.3992
G1 F2400 X149.400 Y100.600 E3163.1237
G1 X149.400 Y149.400 E3164.8482
G1 X100.600 Y149.400 E3166.5728
G1 X100.600 Y100.600 E3168.2973
G1 F2400 E3167.2973
G1 F300 Z9.200
G0 F3900 X101.400 Y101.400
G1 F300 Z9.000
G1 F1500 E3168.2973
G1 F2400 X101.400 Y148.600 E3169.9653
G1 X148.600 Y148.600 E3171.6333
G1 X148.600 Y101.400 E3173.3013
G1 X101.400 Y101.400 E3174.9693
G0 F3900 X101.000 Y101.200
;TYPE:GAP-FILL
;WIDTH:0.400
G1 F3600 X101.000 Y148.800 E3176.6514
;WIDTH:0.468
G1 X101.200 Y149.000 E3176.6631
;WIDTH:0.400
G1 X148.800 Y149.000 E3178.3453
;WIDTH:0.468
G1 X149.000 Y148.800 E3178.3569
;WIDTH:0.400
G1 X149.000 Y101.200 E3180.0391
;WIDTH:0.468
G1 X148.800 Y101.000 E3180.0508
;WIDTH:0.400
G1 X101.200 Y101.000 E3181.7329
;WIDTH:0.468
;WIDTH:0.469
G1 X101.034 Y101.034 E3181.7399
G1 X101.000 Y101.200 E3181.7469
;PRINTING_TIME: 2129
;REMAINING_TIME: 4106
;LAYER:36
;Z:9.250
;HEIGHT:0.250
;FLOW:100.0
;PRINTING: Flow_Calibration_Cube_0.4_mm.stl
;PRINTING_ID: 0
G1 F2400 E3180.7469
G1 F300 Z9.450
G0 F3900 X100.200 Y100.200
G0 F300 Z9.250
;TYPE:WALL-OUTER
;WIDTH:0.400
;FLOW:95.0
G1 F300 Z9.250
G1 F1500 E3181.7469
G1 F2400 X149.800 Y100.200 E3183.7060
G1 X149.800 Y149.800 E3185.6650
G1 X100.200 Y149.800 E3187.6240
G1 X100.200 Y100.200 E3189.5830
G1 F2400 E3188.5830
G1 F300 Z9.450
G0 F3900 X100.700 Y100.610
G0 X101.800 Y101.300
G0 X101.800 Y101.800
G1 F300 Z9.250
G1 F1500 E3189.5830
G1 F2400 X101.800 Y148.200 E3191.4157
G1 X148.200 Y148.200 E3193.2483
G1 X148.200 Y101.800 E3195.0809
G1 X101.800 Y101.800 E3196.9136
G1 F2400 E3195.9136
G1 F300 Z9.450
G0 F3900 X100.600 Y100.600
;TYPE:WALL-INNER
;WIDTH:0.400
;FLOW:85.0
G1 F300 Z9.250
G1 F1500 E3196.9136
G1 F2400 X149.400 Y100.600 E3198.6381
G1 X149.400 Y149.400 E3200.3626
G1 X100.600 Y149.400 E3202.0872
G1 X100.600 Y100.600 E3203.8117
G1 F2400 E3202.8117
G1 F300 Z9.450
G0 F3900 X101.400 Y101.400
G1 F300 Z9.250
G1 F1500 E3203.8117
G1 F2400 X101.400 Y148.600 E3205.4797
G1 X148.600 Y148.600 E3207.1477
G1 X148.600 Y101.400 E3208.8157
G1 X101.400 Y101.400 E3210.4837
G0 F3900 X101.000 Y101.200
;TYPE:GAP-FILL
;WIDTH:0.400
G1 F3600 X101.000 Y148.800 E3212.1658
;WIDTH:0.468
G1 X101.200 Y149.000 E3212.1775
;WIDTH:0.400
G1 X148.800 Y149.000 E3213.8597
;WIDTH:0.468
G1 X149.000 Y148.800 E3213.8714
;WIDTH:0.400
G1 X149.000 Y101.200 E3215.5535
;WIDTH:0.468
G1 X148.800 Y101.000 E3215.5652
;WIDTH:0.400
G1 X101.200 Y101.000 E3217.2473
;WIDTH:0.468
;WIDTH:0.469
G1 X101.034 Y101.034 E3217.2543
G1 X101.000 Y101.200 E3217.2614
;PRINTING_TIME: 2154
;REMAINING_TIME: 4081
;LAYER:37
;Z:9.500
;HEIGHT:0.250
;FLOW:100.0
;PRINTING: Flow_Calibration_Cube_0.4_mm.stl
;PRINTING_ID: 0
G1 F2400 E3216.2614
G1 F300 Z9.700
G0 F3900 X100.200 Y100.200
G0 F300 Z9.500
;TYPE:WALL-OUTER
;WIDTH:0.400
;FLOW:95.0
G1 F300 Z9.500
G1 F1500 E3217.2614
G1 F2400 X149.800 Y100.200 E3219.2204
G1 X149.800 Y149.800 E3221.1794
G1 X100.200 Y149.800 E3223.1384
G1 X100.200 Y100.200 E3225.0974
G1 F2400 E3224.0974
G1 F300 Z9.700
G0 F3900 X100.700 Y100.610
G0 X101.800 Y101.300
G0 X101.800 Y101.800
G1 F300 Z9.500
G1 F1500 E3225.0974
G1 F2400 X101.800 Y148.200 E3226.9301
G1 X148.200 Y148.200 E3228.7627
G1 X148.200 Y101.800 E3230.5953
G1 X101.800 Y101.800 E3232.4280
G1 F2400 E3231.4280
G1 F300 Z9.700
G0 F3900 X100.600 Y100.600
;TYPE:WALL-INNER
;WIDTH:0.400
;FLOW:85.0
G1 F300 Z9.500
G1 F1500 E3232.4280
G1 F2400 X149.400 Y100.600 E3234.1525
G1 X149.400 Y149.400 E3235.8771
G1 X100.600 Y149.400 E3237.6016
G1 X100.600 Y100.600 E3239.3261
G1 F2400 E3238.3261
G1 F300 Z9.700
G0 F3900 X101.400 Y101.400
G1 F300 Z9.500
G1 F1500 E3239.3261
G1 F2400 X101.400 Y148.600 E3240.9941
G1 X148.600 Y148.600 E3242.6621
G1 X148.600 Y101.400 E3244.3301
G1 X101.400 Y101.400 E3245.9981
G0 F3900 X101.000 Y101.200
;TYPE:GAP-FILL
;WIDTH:0.400
G1 F3600 X101.000 Y148.800 E3247.6802
;WIDTH:0.468
G1 X101.200 Y149.000 E3247.6919
;WIDTH:0.400
G1 X148.800 Y149.000 E3249.3741
;WIDTH:0.468
G1 X149.000 Y148.800 E3249.3858
;WIDTH:0.400
G1 X149.000 Y101.200 E3251.0679
;WIDTH:0.468
G1 X148.800 Y101.000 E3251.0796
;WIDTH:0.400
G1 X101.200 Y101.000 E3252.7617
;WIDTH:0.468
;WIDTH:0.469
G1 X101.034 Y101.034 E3252.7687
G1 X101.000 Y101.200 E3252.7758
;PRINTING_TIME: 2179
;REMAINING_TIME: 4056
;LAYER:38
;Z:9.750
;HEIGHT:0.250
;FLOW:100.0
;PRINTING: Flow_Calibration_Cube_0.4_mm.stl
;PRINTING_ID: 0
G1 F2400 E3251.7758
G1 F300 Z9.950
G0 F3900 X100.200 Y100.200
G0 F300 Z9.750
;TYPE:WALL-OUTER
;WIDTH:0.400
;FLOW:95.0
G1 F300 Z9.750
G1 F1500 E3252.7758
G1 F2400 X149.800 Y100.200 E3254.7348
G1 X149.800 Y149.800 E3256.6938
G1 X100.200 Y149.800 E3258.6528
G1 X100.200 Y100.200 E3260.6118
G1 F2400 E3259.6118
G1 F300 Z9.950
G0 F3900 X100.700 Y100.610
G0 X101.800 Y101.300
G0 X101.800 Y101.800
G1 F300 Z9.750
G1 F1500 E3260.6118
G1 F2400 X101.800 Y148.200 E3262.4445
G1 X148.200 Y148.200 E3264.2771
G1 X148.200 Y101.800 E3266.1097
G1 X101.800 Y101.800 E3267.9424
G1 F2400 E3266.9424
G1 F300 Z9.950
G0 F3900 X100.600 Y100.600
;TYPE:WALL-INNER
;WIDTH:0.400
;FLOW:85.0
G1 F300 Z9.750
G1 F1500 E3267.9424
G1 F2400 X149.400 Y100.600 E3269.6669
G1 X149.400 Y149.400 E3271.3915
G1 X100.600 Y149.400 E3273.1160
G1 X100.600 Y100.600 E3274.8405
G1 F2400 E3273.8405
G1 F300 Z9.950
G0 F3900 X101.400 Y101.400
G1 F300 Z9.750
G1 F1500 E3274.8405
G1 F2400 X101.400 Y148.600 E3276.5085
G1 X148.600 Y148.600 E3278.1765
G1 X148.600 Y101.400 E3279.8445
G1 X101.400 Y101.400 E3281.5125
G0 F3900 X101.000 Y101.200
;TYPE:GAP-FILL
;WIDTH:0.400
G1 F3600 X101.000 Y148.800 E3283.1946
;WIDTH:0.468
G1 X101.200 Y149.000 E3283.2063
;WIDTH:0.400
G1 X148.800 Y149.000 E3284.8885
;WIDTH:0.468
G1 X149.000 Y148.800 E3284.9002
;WIDTH:0.400
G1 X149.000 Y101.200 E3286.5823
;WIDTH:0.468
G1 X148.800 Y101.000 E3286.5940
;WIDTH:0.400
G1 X101.200 Y101.000 E3288.2761
;WIDTH:0.468
;WIDTH:0.469
G1 X101.034 Y101.034 E3288.2831
G1 X101.000 Y101.200 E3288.2902
;PRINTING_TIME: 2204
;REMAINING_TIME: 4031
;LAYER:39
;Z:10.000
;HEIGHT:0.250
;FLOW:100.0
;PRINTING: Flow_Calibration_Cube_0.4_mm.stl
;PRINTING_ID: 0
G1 F2400 E3287.2902
G1 F300 Z10.200
G0 F3900 X100.200 Y100.200
G0 F300 Z10.000
;TYPE:WALL-OUTER
;WIDTH:0.400
;FLOW:95.0
G1 F300 Z10.000
G1 F1500 E3288.2902
G1 F2400 X149.800 Y100.200 E3290.2492
G1 X149.800 Y149.800 E3292.2082
G1 X100.200 Y149.800 E3294.1672
G1 X100.200 Y100.200 E3296.1263
G1 F2400 E3295.1263
G1 F300 Z10.200
G0 F3900 X100.700 Y100.610
G0 X101.800 Y101.300
G0 X101.800 Y101.800
G1 F300 Z10.000
G1 F1500 E3296.1263
G1 F2400 X101.800 Y148.200 E3297.9589
G1 X148.200 Y148.200 E3299.7915
G1 X148.200 Y101.800 E3301.6242
G1 X101.800 Y101.800 E3303.4568
G1 F2400 E3302.4568
G1 F300 Z10.200
G0 F3900 X100.600 Y100.600
;TYPE:WALL-INNER
;WIDTH:0.400
;FLOW:85.0
G1 F300 Z10.000
G1 F1500 E3303.4568
G1 F2400 X149.400 Y100.600 E3305.1813
G1 X149.400 Y149.400 E3306.9059
G1 X100.600 Y149.400 E3308.6304
G1 X100.600 Y100.600 E3310.3549
G1 F2400 E3309.3549
G1 F300 Z10.200
G0 F3900 X101.400 Y101.400
G1 F300 Z10.000
G1 F1500 E3310.3549
G1 F2400 X101.400 Y148.600 E3312.0229
G1 X148.600 Y148.600 E3313.6909
G1 X148.600 Y101.400 E3315.3589
G1 X101.400 Y101.400 E3317.0269
G0 F3900 X101.000 Y101.200
;TYPE:GAP-FILL
;WIDTH:0.400
G1 F3600 X101.000 Y148.800 E3318.7091
;WIDTH:0.468
G1 X101.200 Y149.000 E3318.7208
;WIDTH:0.400
G1 X148.800 Y149.000 E3320.4029
;WIDTH:0.468
G1 X149.000 Y148.800 E3320.4146
;WIDTH:0.400
G1 X149.000 Y101.200 E3322.0967
;WIDTH:0.468
G1 X148.800 Y101.000 E3322.1084
;WIDTH:0.400
G1 X101.200 Y101.000 E3323.7905
;WIDTH:0.468
;WIDTH:0.469
G1 X101.034 Y101.034 E3323.7976
G1 X101.000 Y101.200 E3323.8046
;PRINTING_TIME: 2229
;REMAINING_TIME: 4006
;LAYER:40
;Z:10.250
;HEIGHT:0.250
;FLOW:100.0
;PRINTING: Flow_Calibration_Cube_0.4_mm.stl
;PRINTING_ID: 0
G1 F2400 E3322.8046
G1 F300 Z10.450
G0 F3900 X100.200 Y100.200
G0 F300 Z10.250
;TYPE:WALL-OUTER
;WIDTH:0.400
;FLOW:95.0
G1 F300 Z10.250
G1 F1500 E3323.8046
G1 F2400 X149.800 Y100.200 E3325.7636
G1 X149.800 Y149.800 E3327.7226
G1 X100.200 Y149.800 E3329.6816
G1 X100.200 Y100.200 E3331.6407
G1 F2400 E3330.6407
G1 F300 Z10.450
G0 F3900 X100.700 Y100.610
G0 X101.800 Y101.300
G0 X101.800 Y101.800
G1 F300 Z10.250
G1 F1500 E3331.6407
G1 F2400 X101.800 Y148.200 E3333.4733
G1 X148.200 Y148.200 E3335.3059
G1 X148.200 Y101.800 E3337.1386
G1 X101.800 Y101.800 E3338.9712
G1 F2400 E3337.9712
G1 F300 Z10.450
G0 F3900 X100.600 Y100.600
;TYPE:WALL-INNER
;WIDTH:0.400
;FLOW:85.0
G1 F300 Z10.250
G1 F1500 E3338.9712
G1 F2400 X149.400 Y100.600 E3340.6957
G1 X149.400 Y149.400 E3342.4203
G1 X100.600 Y149.400 E3344.1448
G1 X100.600 Y100.600 E3345.8693
G1 F2400 E3344.8693
G1 F300 Z10.450
G0 F3900 X101.400 Y101.400
G1 F300 Z10.250
G1 F1500 E3345.8693
G1 F2400 X101.400 Y148.600 E3347.5373
G1 X148.600 Y148.600 E3349.2053
G1 X148.600 Y101.400 E3350.8733
G1 X101.400 Y101.400 E3352.5413
G0 F3900 X101.000 Y101.200
;TYPE:GAP-FILL
;WIDTH:0.400
G1 F3600 X101.000 Y148.800 E3354.2235
;WIDTH:0.468
G1 X101.200 Y149.000 E3354.2352
;WIDTH:0.400
G1 X148.800 Y149.000 E3355.9173
;WIDTH:0.468
G1 X149.000 Y148.800 E3355.9290
;WIDTH:0.400
G1 X149.000 Y101.200 E3357.6111
;WIDTH:0.468
G1 X148.800 Y101.000 E3357.6228
;WIDTH:0.400
G1 X101.200 Y101.000 E3359.3049
;WIDTH:0.468
;WIDTH:0.469
G1 X101.034 Y101.034 E3359.3120
G1 X101.000 Y101.200 E3359.3190
;PRINTING_TIME: 2254
;REMAINING_TIME: 3981
;LAYER:41
;Z:10.500
;HEIGHT:0.250
;FLOW:100.0
;PRINTING: Flow_Calibration_Cube_0.4_mm.stl
;PRINTING_ID: 0
G1 F2400 E3358.3190
G1 F300 Z10.700
G0 F3900 X100.200 Y100.200
G0 F300 Z10.500
;TYPE:WALL-OUTER
;WIDTH:0.400
;FLOW:95.0
G1 F300 Z10.500
G1 F1500 E3359.3190
G1 F2400 X149.800 Y100.200 E3361.2780
G1 X149.800 Y149.800 E3363.2370
G1 X100.200 Y149.800 E3365.1960
G1 X100.200 Y100.200 E3367.1551
G1 F2400 E3366.1551
G1 F300 Z10.700
G0 F3900 X100.700 Y100.610
G0 X101.800 Y101.300
G0 X101.800 Y101.800
G1 F300 Z10.500
G1 F1500 E3367.1551
G1 F2400 X101.800 Y148.200 E3368.9877
G1 X148.200 Y148.200 E3370.8203
G1 X148.200 Y101.800 E3372.6530
G1 X101.800 Y101.800 E3374.4856
G1 F2400 E3373.4856
G1 F300 Z10.700
G0 F3900 X100.600 Y100.600
;TYPE:WALL-INNER
;WIDTH:0.400
;FLOW:85.0
G1 F300 Z10.500
G1 F1500 E3374.4856
G1 F2400 X149.400 Y100.600 E3376.2101
G1 X149.400 Y149.400 E3377.9347
G1 X100.600 Y149.400 E3379.6592
G1 X100.600 Y100.600 E3381.3838
G1 F2400 E3380.3838
G1 F300 Z10.700
G0 F3900 X101.400 Y101.400
G1 F300 Z10.500
G1 F1500 E3381.3838
G1 F2400 X101.400 Y148.600 E3383.0518
G1 X148.600 Y148.600 E3384.7197
G1 X148.600 Y101.400 E3386.3877
G1 X101.400 Y101.400 E3388.0557
G0 F3900 X101.000 Y101.200
;TYPE:GAP-FILL
;WIDTH:0.400
G1 F3600 X101.000 Y148.800 E3389.7379
;WIDTH:0.468
G1 X101.200 Y149.000 E3389.7496
;WIDTH:0.400
G1 X148.800 Y149.000 E3391.4317
;WIDTH:0.468
G1 X149.000 Y148.800 E3391.4434
;WIDTH:0.400
G1 X149.000 Y101.200 E3393.1255
;WIDTH:0.468
G1 X148.800 Y101.000 E3393.1372
;WIDTH:0.400
G1 X101.200 Y101.000 E3394.8193
;WIDTH:0.468
;WIDTH:0.469
G1 X101.034 Y101.034 E3394.8264
G1 X101.000 Y101.200 E3394.8334
;PRINTING_TIME: 2279
;REMAINING_TIME: 3956
;LAYER:42
;Z:10.750
;HEIGHT:0.250
;FLOW:100.0
;PRINTING: Flow_Calibration_Cube_0.4_mm.stl
;PRINTING_ID: 0
G1 F2400 E3393.8334
G1 F300 Z10.950
G0 F3900 X100.200 Y100.200
G0 F300 Z10.750
;TYPE:WALL-OUTER
;WIDTH:0.400
;FLOW:95.0
G1 F300 Z10.750
G1 F1500 E3394.8334
G1 F2400 X149.800 Y100.200 E3396.7924
G1 X149.800 Y149.800 E3398.7514
G1 X100.200 Y149.800 E3400.7105
G1 X100.200 Y100.200 E3402.6695
G1 F2400 E3401.6695
G1 F300 Z10.950
G0 F3900 X100.700 Y100.610
G0 X101.800 Y101.300
G0 X101.800 Y101.800
G1 F300 Z10.750
G1 F1500 E3402.6695
G1 F2400 X101.800 Y148.200 E3404.5021
G1 X148.200 Y148.200 E3406.3347
G1 X148.200 Y101.800 E3408.1674
G1 X101.800 Y101.800 E3410.0000
G1 F2400 E3409.0000
G1 F300 Z10.950
G0 F3900 X100.600 Y100.600
;TYPE:WALL-INNER
;WIDTH:0.400
;FLOW:85.0
G1 F300 Z10.750
G1 F1500 E3410.0000
G1 F2400 X149.400 Y100.600 E3411.7246
G1 X149.400 Y149.400 E3413.4491
G1 X100.600 Y149.400 E3415.1736
G1 X100.600 Y100.600 E3416.8982
G1 F2400 E3415.8982
G1 F300 Z10.950
G0 F3900 X101.400 Y101.400
G1 F300 Z10.750
G1 F1500 E3416.8982
G1 F2400 X101.400 Y148.600 E3418.5662
G1 X148.600 Y148.600 E3420.2342
G1 X148.600 Y101.400 E3421.9022
G1 X101.400 Y101.400 E3423.5701
G0 F3900 X101.000 Y101.200
;TYPE:GAP-FILL
;WIDTH:0.400
G1 F3600 X101.000 Y148.800 E3425.2523
;WIDTH:0.468
G1 X101.200 Y149.000 E3425.2640
;WIDTH:0.400
G1 X148.800 Y149.000 E3426.9461
;WIDTH:0.468
G1 X149.000 Y148.800 E3426.9578
;WIDTH:0.400
G1 X149.000 Y101.200 E3428.6399
;WIDTH:0.468
G1 X148.800 Y101.000 E3428.6516
;WIDTH:0.400
G1 X101.200 Y101.000 E3430.3338
;WIDTH:0.468
;WIDTH:0.469
G1 X101.034 Y101.034 E3430.3408
G1 X101.000 Y101.200 E3430.3478
;PRINTING_TIME: 2304
;REMAINING_TIME: 3931
;LAYER:43
;Z:11.000
;HEIGHT:0.250
;FLOW:100.0
;PRINTING: Flow_Calibration_Cube_0.4_mm.stl
;PRINTING_ID: 0
G1 F2400 E3429.3478
G1 F300 Z11.200
G0 F3900 X100.200 Y100.200
G0 F300 Z11.000
;TYPE:WALL-OUTER
;WIDTH:0.400
;FLOW:95.0
G1 F300 Z11.000
G1 F1500 E3430.3478
G1 F2400 X149.800 Y100.200 E3432.3068
G1 X149.800 Y149.800 E3434.2658
G1 X100.200 Y149.800 E3436.2249
G1 X100.200 Y100.200 E3438.1839
G1 F2400 E3437.1839
G1 F300 Z11.200
G0 F3900 X100.700 Y100.610
G0 X101.800 Y101.300
G0 X101.800 Y101.800
G1 F300 Z11.000
G1 F1500 E3438.1839
G1 F2400 X101.800 Y148.200 E3440.0165
G1 X148.200 Y148.200 E3441.8492
G1 X148.200 Y101.800 E3443.6818
G1 X101.800 Y101.800 E3445.5144
G1 F2400 E3444.5144
G1 F300 Z11.200
G0 F3900 X100.600 Y100.600
;TYPE:WALL-INNER
;WIDTH:0.400
;FLOW:85.0
G1 F300 Z11.000
G1 F1500 E3445.5144
G1 F2400 X149.400 Y100.600 E3447.2390
G1 X149.400 Y149.400 E3448.9635
G1 X100.600 Y149.400 E3450.6880
G1 X100.600 Y100.600 E3452.4126
G1 F2400 E3451.4126
G1 F300 Z11.200
G0 F3900 X101.400 Y101.400
G1 F300 Z11.000
G1 F1500 E3452.4126
G1 F2400 X101.400 Y148.600 E3454.0806
G1 X148.600 Y148.600 E3455.7486
G1 X148.600 Y101.400 E3457.4166
G1 X101.400 Y101.400 E3459.0846
G0 F3900 X101.000 Y101.200
;TYPE:GAP-FILL
;WIDTH:0.400
G1 F3600 X101.000 Y148.800 E3460.7667
;WIDTH:0.468
G1 X101.200 Y149.000 E3460.7784
;WIDTH:0.400
G1 X148.800 Y149.000 E3462.4605
;WIDTH:0.468
G1 X149.000 Y148.800 E3462.4722
;WIDTH:0.400
G1 X149.000 Y101.200 E3464.1543
;WIDTH:0.468
G1 X148.800 Y101.000 E3464.1660
;WIDTH:0.400
G1 X101.200 Y101.000 E3465.8482
;WIDTH:0.468
;WIDTH:0.469
G1 X101.034 Y101.034 E3465.8552
G1 X101.000 Y101.200 E3465.8622
;PRINTING_TIME: 2329
;REMAINING_TIME: 3906
;LAYER:44
;Z:11.250
;HEIGHT:0.250
;FLOW:100.0
;PRINTING: Flow_Calibration_Cube_0.4_mm.stl
;PRINTING_ID: 0
G1 F2400 E3464.8622
G1 F300 Z11.450
G0 F3900 X100.200 Y100.200
G0 F300 Z11.250
;TYPE:WALL-OUTER
;WIDTH:0.400
;FLOW:95.0
G1 F300 Z11.250
G1 F1500 E3465.8622
G1 F2400 X149.800 Y100.200 E3467.8212
G1 X149.800 Y149.800 E3469.7803
G1 X100.200 Y149.800 E3471.7393
G1 X100.200 Y100.200 E3473.6983
G1 F2400 E3472.6983
G1 F300 Z11.450
G0 F3900 X100.700 Y100.610
G0 X101.800 Y101.300
G0 X101.800 Y101.800
G1 F300 Z11.250
G1 F1500 E3473.6983
G1 F2400 X101.800 Y148.200 E3475.5309
G1 X148.200 Y148.200 E3477.3636
G1 X148.200 Y101.800 E3479.1962
G1 X101.800 Y101.800 E3481.0288
G1 F2400 E3480.0288
G1 F300 Z11.450
G0 F3900 X100.600 Y100.600
;TYPE:WALL-INNER
;WIDTH:0.400
;FLOW:85.0
G1 F300 Z11.250
G1 F1500 E3481.0288
G1 F2400 X149.400 Y100.600 E3482.7534
G1 X149.400 Y149.400 E3484.4779
G1 X100.600 Y149.400 E3486.2024
G1 X100.600 Y100.600 E3487.9270
G1 F2400 E3486.9270
G1 F300 Z11.450
G0 F3900 X101.400 Y101.400
G1 F300 Z11.250
G1 F1500 E3487.9270
G1 F2400 X101.400 Y148.600 E3489.5950
G1 X148.600 Y148.600 E3491.2630
G1 X148.600 Y101.400 E3492.9310
G1 X101.400 Y101.400 E3494.5990
G0 F3900 X101.000 Y101.200
;TYPE:GAP-FILL
;WIDTH:0.400
G1 F3600 X101.000 Y148.800 E3496.2811
;WIDTH:0.468
G1 X101.200 Y149.000 E3496.2928
;WIDTH:0.400
G1 X148.800 Y149.000 E3497.9749
;WIDTH:0.468
G1 X149.000 Y148.800 E3497.9866
;WIDTH:0.400
G1 X149.000 Y101.200 E3499.6687
;WIDTH:0.468
G1 X148.800 Y101.000 E3499.6804
;WIDTH:0.400
G1 X101.200 Y101.000 E3501.3626
;WIDTH:0.468
;WIDTH:0.469
G1 X101.034 Y101.034 E3501.3696
G1 X101.000 Y101.200 E3501.3766
;PRINTING_TIME: 2354
;REMAINING_TIME: 3881
;LAYER:45
;Z:11.500
;HEIGHT:0.250
;FLOW:100.0
;PRINTING: Flow_Calibration_Cube_0.4_mm.stl
;PRINTING_ID: 0
G1 F2400 E3500.3766
G1 F300 Z11.700
G0 F3900 X100.200 Y100.200
G0 F300 Z11.500
;TYPE:WALL-OUTER
;WIDTH:0.400
;FLOW:95.0
G1 F300 Z11.500
G1 F1500 E3501.3766
G1 F2400 X149.800 Y100.200 E3503.3356
G1 X149.800 Y149.800 E3505.2947
G1 X100.200 Y149.800 E3507.2537
G1 X100.200 Y100.200 E3509.2127
G1 F2400 E3508.2127
G1 F300 Z11.700
G0 F3900 X100.700 Y100.610
G0 X101.800 Y101.300
G0 X101.800 Y101.800
G1 F300 Z11.500
G1 F1500 E3509.2127
G1 F2400 X101.800 Y148.200 E3511.0453
G1 X148.200 Y148.200 E3512.8780
G1 X148.200 Y101.800 E3514.7106
G1 X101.800 Y101.800 E3516.5432
G1 F2400 E3515.5432
G1 F300 Z11.700
G0 F3900 X100.600 Y100.600
;TYPE:WALL-INNER
;WIDTH:0.400
;FLOW:85.0
G1 F300 Z11.500
G1 F1500 E3516.5432
G1 F2400 X149.400 Y100.600 E3518.2678
G1 X149.400 Y149.400 E3519.9923
G1 X100.600 Y149.400 E3521.7168
G1 X100.600 Y100.600 E3523.4414
G1 F2400 E3522.4414
G1 F300 Z11.700
G0 F3900 X101.400 Y101.400
G1 F300 Z11.500
G1 F1500 E3523.4414
G1 F2400 X101.400 Y148.600 E3525.1094
G1 X148.600 Y148.600 E3526.7774
G1 X148.600 Y101.400 E3528.4454
G1 X101.400 Y101.400 E3530.1134
G0 F3900 X101.000 Y101.200
;TYPE:GAP-FILL
;WIDTH:0.400
G1 F3600 X101.000 Y148.800 E3531.7955
;WIDTH:0.468
G1 X101.200 Y149.000 E3531.8072
;WIDTH:0.400
G1 X148.800 Y149.000 E3533.4893
;WIDTH:0.468
G1 X149.000 Y148.800 E3533.5010
;WIDTH:0.400
G1 X149.000 Y101.200 E3535.1832
;WIDTH:0.468
G1 X148.800 Y101.000 E3535.1948
;WIDTH:0.400
G1 X101.200 Y101.000 E3536.8770
;WIDTH:0.468
;WIDTH:0.469
G1 X101.034 Y101.034 E3536.8840
G1 X101.000 Y101.200 E3536.8910
;PRINTING_TIME: 2379
;REMAINING_TIME: 3856
;LAYER:46
;Z:11.750
;HEIGHT:0.250
;FLOW:100.0
;PRINTING: Flow_Calibration_Cube_0.4_mm.stl
;PRINTING_ID: 0
G1 F2400 E3535.8910
G1 F300 Z11.950
G0 F3900 X100.200 Y100.200
G0 F300 Z11.750
;TYPE:WALL-OUTER
;WIDTH:0.400
;FLOW:95.0
G1 F300 Z11.750
G1 F1500 E3536.8910
G1 F2400 X149.800 Y100.200 E3538.8500
G1 X149.800 Y149.800 E3540.8091
G1 X100.200 Y149.800 E3542.7681
G1 X100.200 Y100.200 E3544.7271
G1 F2400 E3543.7271
G1 F300 Z11.950
G0 F3900 X100.700 Y100.610
G0 X101.800 Y101.300
G0 X101.800 Y101.800
G1 F300 Z11.750
G1 F1500 E3544.7271
G1 F2400 X101.800 Y148.200 E3546.5597
G1 X148.200 Y148.200 E3548.3924
G1 X148.200 Y101.800 E3550.2250
G1 X101.800 Y101.800 E3552.0576
G1 F2400 E3551.0576
G1 F300 Z11.950
G0 F3900 X100.600 Y100.600
;TYPE:WALL-INNER
;WIDTH:0.400
;FLOW:85.0
G1 F300 Z11.750
G1 F1500 E3552.0576
G1 F2400 X149.400 Y100.600 E3553.7822
G1 X149.400 Y149.400 E3555.5067
G1 X100.600 Y149.400 E3557.2313
G1 X100.600 Y100.600 E3558.9558
G1 F2400 E3557.9558
G1 F300 Z11.950
G0 F3900 X101.400 Y101.400
G1 F300 Z11.750
G1 F1500 E3558.9558
G1 F2400 X101.400 Y148.600 E3560.6238
G1 X148.600 Y148.600 E3562.2918
G1 X148.600 Y101.400 E3563.9598
G1 X101.400 Y101.400 E3565.6278
G0 F3900 X101.000 Y101.200
;TYPE:GAP-FILL
;WIDTH:0.400
G1 F3600 X101.000 Y148.800 E3567.3099
;WIDTH:0.468
G1 X101.200 Y149.000 E3567.3216
;WIDTH:0.400
G1 X148.800 Y149.000 E3569.0037
;WIDTH:0.468
G1 X149.000 Y148.800 E3569.0154
;WIDTH:0.400
G1 X149.000 Y101.200 E3570.6976
;WIDTH:0.468
G1 X148.800 Y101.000 E3570.7093
;WIDTH:0.400
G1 X101.200 Y101.000 E3572.3914
;WIDTH:0.468
;WIDTH:0.469
G1 X101.034 Y101.034 E3572.3984
G1 X101.000 Y101.200 E3572.4054
;PRINTING_TIME: 2405
;REMAINING_TIME: 3830
;LAYER:47
;Z:12.000
;HEIGHT:0.250
;FLOW:100.0
;PRINTING: Flow_Calibration_Cube_0.4_mm.stl
;PRINTING_ID: 0
G1 F2400 E3571.4054
G1 F300 Z12.200
G0 F3900 X100.200 Y100.200
G0 F300 Z12.000
;TYPE:WALL-OUTER
;WIDTH:0.400
;FLOW:95.0
G1 F300 Z12.000
G1 F1500 E3572.4054
G1 F2400 X149.800 Y100.200 E3574.3645
G1 X149.800 Y149.800 E3576.3235
G1 X100.200 Y149.800 E3578.2825
G1 X100.200 Y100.200 E3580.2415
G1 F2400 E3579.2415
G1 F300 Z12.200
G0 F3900 X100.700 Y100.610
G0 X101.800 Y101.300
G0 X101.800 Y101.800
G1 F300 Z12.000
G1 F1500 E3580.2415
G1 F2400 X101.800 Y148.200 E3582.0742
G1 X148.200 Y148.200 E3583.9068
G1 X148.200 Y101.800 E3585.7394
G1 X101.800 Y101.800 E3587.5721
G1 F2400 E3586.5721
G1 F300 Z12.200
G0 F3900 X100.600 Y100.600
;TYPE:WALL-INNER
;WIDTH:0.400
;FLOW:85.0
G1 F300 Z12.000
G1 F1500 E3587.5721
G1 F2400 X149.400 Y100.600 E3589.2966
G1 X149.400 Y149.400 E3591.0211
G1 X100.600 Y149.400 E3592.7457
G1 X100.600 Y100.600 E3594.4702
G1 F2400 E3593.4702
G1 F300 Z12.200
G0 F3900 X101.400 Y101.400
G1 F300 Z12.000
G1 F1500 E3594.4702
G1 F2400 X101.400 Y148.600 E3596.1382
G1 X148.600 Y148.600 E3597.8062
G1 X148.600 Y101.400 E3599.4742
G1 X101.400 Y101.400 E3601.1422
G0 F3900 X101.000 Y101.200
;TYPE:GAP-FILL
;WIDTH:0.400
G1 F3600 X101.000 Y148.800 E3602.8243
;WIDTH:0.468
G1 X101.200 Y149.000 E3602.8360
;WIDTH:0.400
G1 X148.800 Y149.000 E3604.5181
;WIDTH:0.468
G1 X149.000 Y148.800 E3604.5298
;WIDTH:0.400
G1 X149.000 Y101.200 E3606.2120
;WIDTH:0.468
G1 X148.800 Y101.000 E3606.2237
;WIDTH:0.400
G1 X101.200 Y101.000 E3607.9058
;WIDTH:0.468
;WIDTH:0.469
G1 X101.034 Y101.034 E3607.9128
G1 X101.000 Y101.200 E3607.9198
;PRINTING_TIME: 2430
;REMAINING_TIME: 3805
;LAYER:48
;Z:12.250
;HEIGHT:0.250
;FLOW:100.0
;PRINTING: Flow_Calibration_Cube_0.4_mm.stl
;PRINTING_ID: 0
G1 F2400 E3606.9198
G1 F300 Z12.450
G0 F3900 X100.200 Y100.200
G0 F300 Z12.250
;TYPE:WALL-OUTER
;WIDTH:0.400
;FLOW:95.0
G1 F300 Z12.250
G1 F1500 E3607.9198
G1 F2400 X149.800 Y100.200 E3609.8789
G1 X149.800 Y149.800 E3611.8379
G1 X100.200 Y149.800 E3613.7969
G1 X100.200 Y100.200 E3615.7559
G1 F2400 E3614.7559
G1 F300 Z12.450
G0 F3900 X100.700 Y100.610
G0 X101.800 Y101.300
G0 X101.800 Y101.800
G1 F300 Z12.250
G1 F1500 E3615.7559
G1 F2400 X101.800 Y148.200 E3617.5886
G1 X148.200 Y148.200 E3619.4212
G1 X148.200 Y101.800 E3621.2538
G1 X101.800 Y101.800 E3623.0865
G1 F2400 E3622.0865
G1 F300 Z12.450
G0 F3900 X100.600 Y100.600
;TYPE:WALL-INNER
;WIDTH:0.400
;FLOW:85.0
G1 F300 Z12.250
G1 F1500 E3623.0865
G1 F2400 X149.400 Y100.600 E3624.8110
G1 X149.400 Y149.400 E3626.5355
G1 X100.600 Y149.400 E3628.2601
G1 X100.600 Y100.600 E3629.9846
G1 F2400 E3628.9846
G1 F300 Z12.450
G0 F3900 X101.400 Y101.400
G1 F300 Z12.250
G1 F1500 E3629.9846
G1 F2400 X101.400 Y148.600 E3631.6526
G1 X148.600 Y148.600 E3633.3206
G1 X148.600 Y101.400 E3634.9886
G1 X101.400 Y101.400 E3636.6566
G0 F3900 X101.000 Y101.200
;TYPE:GAP-FILL
;WIDTH:0.400
G1 F3600 X101.000 Y148.800 E3638.3387
;WIDTH:0.468
G1 X101.200 Y149.000 E3638.3504
;WIDTH:0.400
G1 X148.800 Y149.000 E3640.0326
;WIDTH:0.468
G1 X149.000 Y148.800 E3640.0442
;WIDTH:0.400
G1 X149.000 Y101.200 E3641.7264
;WIDTH:0.468
G1 X148.800 Y101.000 E3641.7381
;WIDTH:0.400
G1 X101.200 Y101.000 E3643.4202
;WIDTH:0.468
;WIDTH:0.469
G1 X101.034 Y101.034 E3643.4272
G1 X101.000 Y101.200 E3643.4342
;PRINTING_TIME: 2455
;REMAINING_TIME: 3780
;LAYER:49
;Z:12.500
;HEIGHT:0.250
;FLOW:100.0
;PRINTING: Flow_Calibration_Cube_0.4_mm.stl
;PRINTING_ID: 0
G1 F2400 E3642.4342
G1 F300 Z12.700
G0 F3900 X100.200 Y100.200
G0 F300 Z12.500
;TYPE:WALL-OUTER
;WIDTH:0.400
;FLOW:95.0
G1 F300 Z12.500
G1 F1500 E3643.4342
G1 F2400 X149.800 Y100.200 E3645.3933
G1 X149.800 Y149.800 E3647.3523
G1 X100.200 Y149.800 E3649.3113
G1 X100.200 Y100.200 E3651.2703
G1 F2400 E3650.2703
G1 F300 Z12.700
G0 F3900 X100.700 Y100.610
G0 X101.800 Y101.300
G0 X101.800 Y101.800
G1 F300 Z12.500
G1 F1500 E3651.2703
G1 F2400 X101.800 Y148.200 E3653.1030
G1 X148.200 Y148.200 E3654.9356
G1 X148.200 Y101.800 E3656.7682
G1 X101.800 Y101.800 E3658.6009
G1 F2400 E3657.6009
G1 F300 Z12.700
G0 F3900 X100.600 Y100.600
;TYPE:WALL-INNER
;WIDTH:0.400
;FLOW:85.0
G1 F300 Z12.500
G1 F1500 E3658.6009
G1 F2400 X149.400 Y100.600 E3660.3254
G1 X149.400 Y149.400 E3662.0499
G1 X100.600 Y149.400 E3663.7745
G1 X100.600 Y100.600 E3665.4990
G1 F2400 E3664.4990
G1 F300 Z12.700
G0 F3900 X101.400 Y101.400
G1 F300 Z12.500
G1 F1500 E3665.4990
G1 F2400 X101.400 Y148.600 E3667.1670
G1 X148.600 Y148.600 E3668.8350
G1 X148.600 Y101.400 E3670.5030
G1 X101.400 Y101.400 E3672.1710
G0 F3900 X101.000 Y101.200
;TYPE:GAP-FILL
;WIDTH:0.400
G1 F3600 X101.000 Y148.800 E3673.8531
;WIDTH:0.468
G1 X101.200 Y149.000 E3673.8648
;WIDTH:0.400
G1 X148.800 Y149.000 E3675.5470
;WIDTH:0.468
G1 X149.000 Y148.800 E3675.5587
;WIDTH:0.400
G1 X149.000 Y101.200 E3677.2408
;WIDTH:0.468
G1 X148.800 Y101.000 E3677.2525
;WIDTH:0.400
G1 X101.200 Y101.000 E3678.9346
;WIDTH:0.468
;WIDTH:0.469
G1 X101.034 Y101.034 E3678.9416
G1 X101.000 Y101.200 E3678.9487
;PRINTING_TIME: 2480
;REMAINING_TIME: 3755
;LAYER:50
;Z:12.750
;HEIGHT:0.250
;FLOW:100.0
;PRINTING: Flow_Calibration_Cube_0.4_mm.stl
;PRINTING_ID: 0
G1 F2400 E3677.9487
G1 F300 Z12.950
G0 F3900 X100.200 Y100.200
G0 F300 Z12.750
;TYPE:WALL-OUTER
;WIDTH:0.400
;FLOW:95.0
G1 F300 Z12.750
G1 F1500 E3678.9487
G1 F2400 X149.800 Y100.200 E3680.9077
G1 X149.800 Y149.800 E3682.8667
G1 X100.200 Y149.800 E3684.8257
G1 X100.200 Y100.200 E3686.7847
G1 F2400 E3685.7847
G1 F300 Z12.950
G0 F3900 X100.700 Y100.610
G0 X101.800 Y101.300
G0 X101.800 Y101.800
G1 F300 Z12.750
G1 F1500 E3686.7847
G1 F2400 X101.800 Y148.200 E3688.6174
G1 X148.200 Y148.200 E3690.4500
G1 X148.200 Y101.800 E3692.2826
G1 X101.800 Y101.800 E3694.1153
G1 F2400 E3693.1153
G1 F300 Z12.950
G0 F3900 X100.600 Y100.600
;TYPE:WALL-INNER
;WIDTH:0.400
;FLOW:85.0
G1 F300 Z12.750
G1 F1500 E3694.1153
G1 F2400 X149.400 Y100.600 E3695.8398
G1 X149.400 Y149.400 E3697.5643
G1 X100.600 Y149.400 E3699.2889
G1 X100.600 Y100.600 E3701.0134
G1 F2400 E3700.0134
G1 F300 Z12.950
G0 F3900 X101.400 Y101.400
G1 F300 Z12.750
G1 F1500 E3701.0134
G1 F2400 X101.400 Y148.600 E3702.6814
G1 X148.600 Y148.600 E3704.3494
G1 X148.600 Y101.400 E3706.0174
G1 X101.400 Y101.400 E3707.6854
G0 F3900 X101.000 Y101.200
;TYPE:GAP-FILL
;WIDTH:0.400
G1 F3600 X101.000 Y148.800 E3709.3675
;WIDTH:0.468
G1 X101.200 Y149.000 E3709.3792
;WIDTH:0.400
G1 X148.800 Y149.000 E3711.0614
;WIDTH:0.468
G1 X149.000 Y148.800 E3711.0731
;WIDTH:0.400
G1 X149.000 Y101.200 E3712.7552
;WIDTH:0.468
G1 X148.800 Y101.000 E3712.7669
;WIDTH:0.400
G1 X101.200 Y101.000 E3714.4490
;WIDTH:0.468
;WIDTH:0.469
G1 X101.034 Y101.034 E3714.4560
G1 X101.000 Y101.200 E3714.4631
;PRINTING_TIME: 2505
;REMAINING_TIME: 3730
;LAYER:51
;Z:13.000
;HEIGHT:0.250
;FLOW:100.0
;PRINTING: Flow_Calibration_Cube_0.4_mm.stl
;PRINTING_ID: 0
G1 F2400 E3713.4631
G1 F300 Z13.200
G0 F3900 X100.200 Y100.200
G0 F300 Z13.000
;TYPE:WALL-OUTER
;WIDTH:0.400
;FLOW:95.0
G1 F300 Z13.000
G1 F1500 E3714.4631
G1 F2400 X149.800 Y100.200 E3716.4221
G1 X149.800 Y149.800 E3718.3811
G1 X100.200 Y149.800 E3720.3401
G1 X100.200 Y100.200 E3722.2991
G1 F2400 E3721.2991
G1 F300 Z13.200
G0 F3900 X100.700 Y100.610
G0 X101.800 Y101.300
G0 X101.800 Y101.800
G1 F300 Z13.000
G1 F1500 E3722.2991
G1 F2400 X101.800 Y148.200 E3724.1318
G1 X148.200 Y148.200 E3725.9644
G1 X148.200 Y101.800 E3727.7970
G1 X101.800 Y101.800 E3729.6297
G1 F2400 E3728.6297
G1 F300 Z13.200
G0 F3900 X100.600 Y100.600
;TYPE:WALL-INNER
;WIDTH:0.400
;FLOW:85.0
G1 F300 Z13.000
G1 F1500 E3729.6297
G1 F2400 X149.400 Y100.600 E3731.3542
G1 X149.400 Y149.400 E3733.0788
G1 X100.600 Y149.400 E3734.8033
G1 X100.600 Y100.600 E3736.5278
G1 F2400 E3735.5278
G1 F300 Z13.200
G0 F3900 X101.400 Y101.400
G1 F300 Z13.000
G1 F1500 E3736.5278
G1 F2400 X101.400 Y148.600 E3738.1958
G1 X148.600 Y148.600 E3739.8638
G1 X148.600 Y101.400 E3741.5318
G1 X101.400 Y101.400 E3743.1998
G0 F3900 X101.000 Y101.200
;TYPE:GAP-FILL
;WIDTH:0.400
G1 F3600 X101.000 Y148.800 E3744.8819
;WIDTH:0.468
G1 X101.200 Y149.000 E3744.8936
;WIDTH:0.400
G1 X148.800 Y149.000 E3746.5758
;WIDTH:0.468
G1 X149.000 Y148.800 E3746.5875
;WIDTH:0.400
G1 X149.000 Y101.200 E3748.2696
;WIDTH:0.468
G1 X148.800 Y101.000 E3748.2813
;WIDTH:0.400
G1 X101.200 Y101.000 E3749.9634
;WIDTH:0.468
;WIDTH:0.469
G1 X101.034 Y101.034 E3749.9704
G1 X101.000 Y101.200 E3749.9775
;PRINTING_TIME: 2530
;REMAINING_TIME: 3705
;LAYER:52
;Z:13.250
;HEIGHT:0.250
;FLOW:100.0
;PRINTING: Flow_Calibration_Cube_0.4_mm.stl
;PRINTING_ID: 0
G1 F2400 E3748.9775
G1 F300 Z13.450
G0 F3900 X100.200 Y100.200
G0 F300 Z13.250
;TYPE:WALL-OUTER
;WIDTH:0.400
;FLOW:95.0
G1 F300 Z13.250
G1 F1500 E3749.9775
G1 F2400 X149.800 Y100.200 E3751.9365
G1 X149.800 Y149.800 E3753.8955
G1 X100.200 Y149.800 E3755.8545
G1 X100.200 Y100.200 E3757.8136
G1 F2400 E3756.8136
G1 F300 Z13.450
G0 F3900 X100.700 Y100.610
G0 X101.800 Y101.300
G0 X101.800 Y101.800
G1 F300 Z13.250
G1 F1500 E3757.8136
G1 F2400 X101.800 Y148.200 E3759.6462
G1 X148.200 Y148.200 E3761.4788
G1 X148.200 Y101.800 E3763.3115
G1 X101.800 Y101.800 E3765.1441
G1 F2400 E3764.1441
G1 F300 Z13.450
G0 F3900 X100.600 Y100.600
;TYPE:WALL-INNER
;WIDTH:0.400
;FLOW:85.0
G1 F300 Z13.250
G1 F1500 E3765.1441
G1 F2400 X149.400 Y100.600 E3766.8686
G1 X149.400 Y149.400 E3768.5932
G1 X100.600 Y149.400 E3770.3177
G1 X100.600 Y100.600 E3772.0422
G1 F2400 E3771.0422
G1 F300 Z13.450
G0 F3900 X101.400 Y101.400
G1 F300 Z13.250
G1 F1500 E3772.0422
G1 F2400 X101.400 Y148.600 E3773.7102
G1 X148.600 Y148.600 E3775.3782
G1 X148.600 Y101.400 E3777.0462
G1 X101.400 Y101.400 E3778.7142
G0 F3900 X101.000 Y101.200
;TYPE:GAP-FILL
;WIDTH:0.400
G1 F3600 X101.000 Y148.800 E3780.3964
;WIDTH:0.468
G1 X101.200 Y149.000 E3780.4080
;WIDTH:0.400
G1 X148.800 Y149.000 E3782.0902
;WIDTH:0.468
G1 X149.000 Y148.800 E3782.1019
;WIDTH:0.400
G1 X149.000 Y101.200 E3783.7840
;WIDTH:0.468
G1 X148.800 Y101.000 E3783.7957
;WIDTH:0.400
G1 X101.200 Y101.000 E3785.4778
;WIDTH:0.468
;WIDTH:0.469
G1 X101.034 Y101.034 E3785.4849
G1 X101.000 Y101.200 E3785.4919
;PRINTING_TIME: 2555
;REMAINING_TIME: 3680
;LAYER:53
;Z:13.500
;HEIGHT:0.250
;FLOW:100.0
;PRINTING: Flow_Calibration_Cube_0.4_mm.stl
;PRINTING_ID: 0
G1 F2400 E3784.4919
G1 F300 Z13.700
G0 F3900 X100.200 Y100.200
G0 F300 Z13.500
;TYPE:WALL-OUTER
;WIDTH:0.400
;FLOW:95.0
G1 F300 Z13.500
G1 F1500 E3785.4919
G1 F2400 X149.800 Y100.200 E3787.4509
G1 X149.800 Y149.800 E3789.4099
G1 X100.200 Y149.800 E3791.3689
G1 X100.200 Y100.200 E3793.3280
G1 F2400 E3792.3280
G1 F300 Z13.700
G0 F3900 X100.700 Y100.610
G0 X101.800 Y101.300
G0 X101.800 Y101.800
G1 F300 Z13.500
G1 F1500 E3793.3280
G1 F2400 X101.800 Y148.200 E3795.1606
G1 X148.200 Y148.200 E3796.9932
G1 X148.200 Y101.800 E3798.8259
G1 X101.800 Y101.800 E3800.6585
G1 F2400 E3799.6585
G1 F300 Z13.700
G0 F3900 X100.600 Y100.600
;TYPE:WALL-INNER
;WIDTH:0.400
;FLOW:85.0
G1 F300 Z13.500
G1 F1500 E3800.6585
G1 F2400 X149.400 Y100.600 E3802.3830
G1 X149.400 Y149.400 E3804.1076
G1 X100.600 Y149.400 E3805.8321
G1 X100.600 Y100.600 E3807.5566
G1 F2400 E3806.5566
G1 F300 Z13.700
G0 F3900 X101.400 Y101.400
G1 F300 Z13.500
G1 F1500 E3807.5566
G1 F2400 X101.400 Y148.600 E3809.2246
G1 X148.600 Y148.600 E3810.8926
G1 X148.600 Y101.400 E3812.5606
G1 X101.400 Y101.400 E3814.2286
G0 F3900 X101.000 Y101.200
;TYPE:GAP-FILL
;WIDTH:0.400
G1 F3600 X101.000 Y148.800 E3815.9108
;WIDTH:0.468
G1 X101.200 Y149.000 E3815.9225
;WIDTH:0.400
G1 X148.800 Y149.000 E3817.6046
;WIDTH:0.468
G1 X149.000 Y148.800 E3817.6163
;WIDTH:0.400
G1 X149.000 Y101.200 E3819.2984
;WIDTH:0.468
G1 X148.800 Y101.000 E3819.3101
;WIDTH:0.400
G1 X101.200 Y101.000 E3820.9922
;WIDTH:0.468
;WIDTH:0.469
G1 X101.034 Y101.034 E3820.9993
G1 X101.000 Y101.200 E3821.0063
;PRINTING_TIME: 2580
;REMAINING_TIME: 3655
;LAYER:54
;Z:13.750
;HEIGHT:0.250
;FLOW:100.0
;PRINTING: Flow_Calibration_Cube_0.4_mm.stl
;PRINTING_ID: 0
G1 F2400 E3820.0063
G1 F300 Z13.950
G0 F3900 X100.200 Y100.200
G0 F300 Z13.750
;TYPE:WALL-OUTER
;WIDTH:0.400
;FLOW:95.0
G1 F300 Z13.750
G1 F1500 E3821.0063
G1 F2400 X149.800 Y100.200 E3822.9653
G1 X149.800 Y149.800 E3824.9243
G1 X100.200 Y149.800 E3826.8833
G1 X100.200 Y100.200 E3828.8424
G1 F2400 E3827.8424
G1 F300 Z13.950
G0 F3900 X100.700 Y100.610
G0 X101.800 Y101.300
G0 X101.800 Y101.800
G1 F300 Z13.750
G1 F1500 E3828.8424
G1 F2400 X101.800 Y148.200 E3830.6750
G1 X148.200 Y148.200 E3832.5076
G1 X148.200 Y101.800 E3834.3403
G1 X101.800 Y101.800 E3836.1729
G1 F2400 E3835.1729
G1 F300 Z13.950
G0 F3900 X100.600 Y100.600
;TYPE:WALL-INNER
;WIDTH:0.400
;FLOW:85.0
G1 F300 Z13.750
G1 F1500 E3836.1729
G1 F2400 X149.400 Y100.600 E3837.8974
G1 X149.400 Y149.400 E3839.6220
G1 X100.600 Y149.400 E3841.3465
G1 X100.600 Y100.600 E3843.0711
G1 F2400 E3842.0711
G1 F300 Z13.950
G0 F3900 X101.400 Y101.400
G1 F300 Z13.750
G1 F1500 E3843.0711
G1 F2400 X101.400 Y148.600 E3844.7391
G1 X148.600 Y148.600 E3846.4070
G1 X148.600 Y101.400 E3848.0750
G1 X101.400 Y101.400 E3849.7430
G0 F3900 X101.000 Y101.200
;TYPE:GAP-FILL
;WIDTH:0.400
G1 F3600 X101.000 Y148.800 E3851.4252
;WIDTH:0.468
G1 X101.200 Y149.000 E3851.4369
;WIDTH:0.400
G1 X148.800 Y149.000 E3853.1190
;WIDTH:0.468
G1 X149.000 Y148.800 E3853.1307
;WIDTH:0.400
G1 X149.000 Y101.200 E3854.8128
;WIDTH:0.468
G1 X148.800 Y101.000 E3854.8245
;WIDTH:0.400
G1 X101.200 Y101.000 E3856.5066
;WIDTH:0.468
;WIDTH:0.469
G1 X101.034 Y101.034 E3856.5137
G1 X101.000 Y101.200 E3856.5207
;PRINTING_TIME: 2605
;REMAINING_TIME: 3630
;LAYER:55
;Z:14.000
;HEIGHT:0.250
;FLOW:100.0
;PRINTING: Flow_Calibration_Cube_0.4_mm.stl
;PRINTING_ID: 0
G1 F2400 E3855.5207
G1 F300 Z14.200
G0 F3900 X100.200 Y100.200
G0 F300 Z14.000
;TYPE:WALL-OUTER
;WIDTH:0.400
;FLOW:95.0
G1 F300 Z14.000
G1 F1500 E3856.5207
G1 F2400 X149.800 Y100.200 E3858.4797
G1 X149.800 Y149.800 E3860.4387
G1 X100.200 Y149.800 E3862.3978
G1 X100.200 Y100.200 E3864.3568
G1 F2400 E3863.3568
G1 F300 Z14.200
G0 F3900 X100.700 Y100.610
G0 X101.800 Y101.300
G0 X101.800 Y101.800
G1 F300 Z14.000
G1 F1500 E3864.3568
G1 F2400 X101.800 Y148.200 E3866.1894
G1 X148.200 Y148.200 E3868.0220
G1 X148.200 Y101.800 E3869.8547
G1 X101.800 Y101.800 E3871.6873
G1 F2400 E3870.6873
G1 F300 Z14.200
G0 F3900 X100.600 Y100.600
;TYPE:WALL-INNER
;WIDTH:0.400
;FLOW:85.0
G1 F300 Z14.000
G1 F1500 E3871.6873
G1 F2400 X149.400 Y100.600 E3873.4118
G1 X149.400 Y149.400 E3875.1364
G1 X100.600 Y149.400 E3876.8609
G1 X100.600 Y100.600 E3878.5855
G1 F2400 E3877.5855
G1 F300 Z14.200
G0 F3900 X101.400 Y101.400
G1 F300 Z14.000
G1 F1500 E3878.5855
G1 F2400 X101.400 Y148.600 E3880.2535
G1 X148.600 Y148.600 E3881.9215
G1 X148.600 Y101.400 E3883.5895
G1 X101.400 Y101.400 E3885.2574
G0 F3900 X101.000 Y101.200
;TYPE:GAP-FILL
;WIDTH:0.400
G1 F3600 X101.000 Y148.800 E3886.9396
;WIDTH:0.468
G1 X101.200 Y149.000 E3886.9513
;WIDTH:0.400
G1 X148.800 Y149.000 E3888.6334
;WIDTH:0.468
G1 X149.000 Y148.800 E3888.6451
;WIDTH:0.400
G1 X149.000 Y101.200 E3890.3272
;WIDTH:0.468
G1 X148.800 Y101.000 E3890.3389
;WIDTH:0.400
G1 X101.200 Y101.000 E3892.0211
;WIDTH:0.468
;WIDTH:0.469
G1 X101.034 Y101.034 E3892.0281
G1 X101.000 Y101.200 E3892.0351
;PRINTING_TIME: 2630
;REMAINING_TIME: 3605
;LAYER:56
;Z:14.250
;HEIGHT:0.250
;FLOW:100.0
;PRINTING: Flow_Calibration_Cube_0.4_mm.stl
;PRINTING_ID: 0
G1 F2400 E3891.0351
G1 F300 Z14.450
G0 F3900 X100.200 Y100.200
G0 F300 Z14.250
;TYPE:WALL-OUTER
;WIDTH:0.400
;FLOW:95.0
G1 F300 Z14.250
G1 F1500 E3892.0351
G1 F2400 X149.800 Y100.200 E3893.9941
G1 X149.800 Y149.800 E3895.9531
G1 X100.200 Y149.800 E3897.9122
G1 X100.200 Y100.200 E3899.8712
G1 F2400 E3898.8712
G1 F300 Z14.450
G0 F3900 X100.700 Y100.610
G0 X101.800 Y101.300
G0 X101.800 Y101.800
G1 F300 Z14.250
G1 F1500 E3899.8712
G1 F2400 X101.800 Y148.200 E3901.7038
G1 X148.200 Y148.200 E3903.5365
G1 X148.200 Y101.800 E3905.3691
G1 X101.800 Y101.800 E3907.2017
G1 F2400 E3906.2017
G1 F300 Z14.450
G0 F3900 X100.600 Y100.600
;TYPE:WALL-INNER
;WIDTH:0.400
;FLOW:85.0
G1 F300 Z14.250
G1 F1500 E3907.2017
G1 F2400 X149.400 Y100.600 E3908.9263
G1 X149.400 Y149.400 E3910.6508
G1 X100.600 Y149.400 E3912.3753
G1 X100.600 Y100.600 E3914.0999
G1 F2400 E3913.0999
G1 F300 Z14.450
G0 F3900 X101.400 Y101.400
G1 F300 Z14.250
G1 F1500 E3914.0999
G1 F2400 X101.400 Y148.600 E3915.7679
G1 X148.600 Y148.600 E3917.4359
G1 X148.600 Y101.400 E3919.1039
G1 X101.400 Y101.400 E3920.7719
G0 F3900 X101.000 Y101.200
;TYPE:GAP-FILL
;WIDTH:0.400
G1 F3600 X101.000 Y148.800 E3922.4540
;WIDTH:0.468
G1 X101.200 Y149.000 E3922.4657
;WIDTH:0.400
G1 X148.800 Y149.000 E3924.1478
;WIDTH:0.468
G1 X149.000 Y148.800 E3924.1595
;WIDTH:0.400
G1 X149.000 Y101.200 E3925.8416
;WIDTH:0.468
G1 X148.800 Y101.000 E3925.8533
;WIDTH:0.400
G1 X101.200 Y101.000 E3927.5355
;WIDTH:0.468
;WIDTH:0.469
G1 X101.034 Y101.034 E3927.5425
G1 X101.000 Y101.200 E3927.5495
;PRINTING_TIME: 2655
;REMAINING_TIME: 3580
;LAYER:57
;Z:14.500
;HEIGHT:0.250
;FLOW:100.0
;PRINTING: Flow_Calibration_Cube_0.4_mm.stl
;PRINTING_ID: 0
G1 F2400 E3926.5495
G1 F300 Z14.700
G0 F3900 X100.200 Y100.200
G0 F300 Z14.500
;TYPE:WALL-OUTER
;WIDTH:0.400
;FLOW:95.0
G1 F300 Z14.500
G1 F1500 E3927.5495
G1 F2400 X149.800 Y100.200 E3929.5085
G1 X149.800 Y149.800 E3931.4675
G1 X100.200 Y149.800 E3933.4266
G1 X100.200 Y100.200 E3935.3856
G1 F2400 E3934.3856
G1 F300 Z14.700
G0 F3900 X100.700 Y100.610
G0 X101.800 Y101.300
G0 X101.800 Y101.800
G1 F300 Z14.500
G1 F1500 E3935.3856
G1 F2400 X101.800 Y148.200 E3937.2182
G1 X148.200 Y148.200 E3939.0509
G1 X148.200 Y101.800 E3940.8835
G1 X101.800 Y101.800 E3942.7161
G1 F2400 E3941.7161
G1 F300 Z14.700
G0 F3900 X100.600 Y100.600
;TYPE:WALL-INNER
;WIDTH:0.400
;FLOW:85.0
G1 F300 Z14.500
G1 F1500 E3942.7161
G1 F2400 X149.400 Y100.600 E3944.4407
G1 X149.400 Y149.400 E3946.1652
G1 X100.600 Y149.400 E3947.8897
G1 X100.600 Y100.600 E3949.6143
G1 F2400 E3948.6143
G1 F300 Z14.700
G0 F3900 X101.400 Y101.400
G1 F300 Z14.500
G1 F1500 E3949.6143
G1 F2400 X101.400 Y148.600 E3951.2823
G1 X148.600 Y148.600 E3952.9503
G1 X148.600 Y101.400 E3954.6183
G1 X101.400 Y101.400 E3956.2863
G0 F3900 X101.000 Y101.200
;TYPE:GAP-FILL
;WIDTH:0.400
G1 F3600 X101.000 Y148.800 E3957.9684
;WIDTH:0.468
G1 X101.200 Y149.000 E3957.9801
;WIDTH:0.400
G1 X148.800 Y149.000 E3959.6622
;WIDTH:0.468
G1 X149.000 Y148.800 E3959.6739
;WIDTH:0.400
G1 X149.000 Y101.200 E3961.3560
;WIDTH:0.468
G1 X148.800 Y101.000 E3961.3677
;WIDTH:0.400
G1 X101.200 Y101.000 E3963.0499
;WIDTH:0.468
;WIDTH:0.469
G1 X101.034 Y101.034 E3963.0569
G1 X101.000 Y101.200 E3963.0639
;PRINTING_TIME: 2680
;REMAINING_TIME: 3555
;LAYER:58
;Z:14.750
;HEIGHT:0.250
;FLOW:100.0
;PRINTING: Flow_Calibration_Cube_0.4_mm.stl
;PRINTING_ID: 0
G1 F2400 E3962.0639
G1 F300 Z14.950
G0 F3900 X100.200 Y100.200
G0 F300 Z14.750
;TYPE:WALL-OUTER
;WIDTH:0.400
;FLOW:95.0
G1 F300 Z14.750
G1 F1500 E3963.0639
G1 F2400 X149.800 Y100.200 E3965.0229
G1 X149.800 Y149.800 E3966.9820
G1 X100.200 Y149.800 E3968.9410
G1 X100.200 Y100.200 E3970.9000
G1 F2400 E3969.9000
G1 F300 Z14.950
G0 F3900 X100.700 Y100.610
G0 X101.800 Y101.300
G0 X101.800 Y101.800
G1 F300 Z14.750
G1 F1500 E3970.9000
G1 F2400 X101.800 Y148.200 E3972.7326
G1 X148.200 Y148.200 E3974.5653
G1 X148.200 Y101.800 E3976.3979
G1 X101.800 Y101.800 E3978.2305
G1 F2400 E3977.2305
G1 F300 Z14.950
G0 F3900 X100.600 Y100.600
;TYPE:WALL-INNER
;WIDTH:0.400
;FLOW:85.0
G1 F300 Z14.750
G1 F1500 E3978.2305
G1 F2400 X149.400 Y100.600 E3979.9551
G1 X149.400 Y149.400 E3981.6796
G1 X100.600 Y149.400 E3983.4041
G1 X100.600 Y100.600 E3985.1287
G1 F2400 E3984.1287
G1 F300 Z14.950
G0 F3900 X101.400 Y101.400
G1 F300 Z14.750
G1 F1500 E3985.1287
G1 F2400 X101.400 Y148.600 E3986.7967
G1 X148.600 Y148.600 E3988.4647
G1 X148.600 Y101.400 E3990.1327
G1 X101.400 Y101.400 E3991.8007
G0 F3900 X101.000 Y101.200
;TYPE:GAP-FILL
;WIDTH:0.400
G1 F3600 X101.000 Y148.800 E3993.4828
;WIDTH:0.468
G1 X101.200 Y149.000 E3993.4945
;WIDTH:0.400
G1 X148.800 Y149.000 E3995.1766
;WIDTH:0.468
G1 X149.000 Y148.800 E3995.1883
;WIDTH:0.400
G1 X149.000 Y101.200 E3996.8705
;WIDTH:0.468
G1 X148.800 Y101.000 E3996.8821
;WIDTH:0.400
G1 X101.200 Y101.000 E3998.5643
;WIDTH:0.468
;WIDTH:0.469
G1 X101.034 Y101.034 E3998.5713
G1 X101.000 Y101.200 E3998.5783
;PRINTING_TIME: 2705
;REMAINING_TIME: 3530
;LAYER:59
;Z:15.000
;HEIGHT:0.250
;FLOW:100.0
;PRINTING: Flow_Calibration_Cube_0.4_mm.stl
;PRINTING_ID: 0
G1 F2400 E3997.5783
G1 F300 Z15.200
G0 F3900 X100.200 Y100.200
G0 F300 Z15.000
;TYPE:WALL-OUTER
;WIDTH:0.400
;FLOW:95.0
G1 F300 Z15.000
G1 F1500 E3998.5783
G1 F2400 X149.800 Y100.200 E4000.5373
G1 X149.800 Y149.800 E4002.4964
G1 X100.200 Y149.800 E4004.4554
G1 X100.200 Y100.200 E4006.4144
G1 F2400 E4005.4144
G1 F300 Z15.200
G0 F3900 X100.700 Y100.610
G0 X101.800 Y101.300
G0 X101.800 Y101.800
G1 F300 Z15.000
G1 F1500 E4006.4144
G1 F2400 X101.800 Y148.200 E4008.2470
G1 X148.200 Y148.200 E4010.0797
G1 X148.200 Y101.800 E4011.9123
G1 X101.800 Y101.800 E4013.7449
G1 F2400 E4012.7449
G1 F300 Z15.200
G0 F3900 X100.600 Y100.600
;TYPE:WALL-INNER
;WIDTH:0.400
;FLOW:85.0
G1 F300 Z15.000
G1 F1500 E4013.7449
G1 F2400 X149.400 Y100.600 E4015.4695
G1 X149.400 Y149.400 E4017.1940
G1 X100.600 Y149.400 E4018.9186
G1 X100.600 Y100.600 E4020.6431
G1 F2400 E4019.6431
G1 F300 Z15.200
G0 F3900 X101.400 Y101.400
G1 F300 Z15.000
G1 F1500 E4020.6431
G1 F2400 X101.400 Y148.600 E4022.3111
G1 X148.600 Y148.600 E4023.9791
G1 X148.600 Y101.400 E4025.6471
G1 X101.400 Y101.400 E4027.3151
G0 F3900 X101.000 Y101.200
;TYPE:GAP-FILL
;WIDTH:0.400
G1 F3600 X101.000 Y148.800 E4028.9972
;WIDTH:0.468
G1 X101.200 Y149.000 E4029.0089
;WIDTH:0.400
G1 X148.800 Y149.000 E4030.6910
;WIDTH:0.468
G1 X149.000 Y148.800 E4030.7027
;WIDTH:0.400
G1 X149.000 Y101.200 E4032.3849
;WIDTH:0.468
G1 X148.800 Y101.000 E4032.3966
;WIDTH:0.400
G1 X101.200 Y101.000 E4034.0787
;WIDTH:0.468
;WIDTH:0.469
G1 X101.034 Y101.034 E4034.0857
G1 X101.000 Y101.200 E4034.0927
;PRINTING_TIME: 2730
;REMAINING_TIME: 3505
;LAYER:60
;Z:15.250
;HEIGHT:0.250
;FLOW:100.0
;PRINTING: Flow_Calibration_Cube_0.4_mm.stl
;PRINTING_ID: 0
G1 F2400 E4033.0927
G1 F300 Z15.450
G0 F3900 X100.200 Y100.200
G0 F300 Z15.250
;TYPE:WALL-OUTER
;WIDTH:0.400
;FLOW:95.0
G1 F300 Z15.250
G1 F1500 E4034.0927
G1 F2400 X149.800 Y100.200 E4036.0518
G1 X149.800 Y149.800 E4038.0108
G1 X100.200 Y149.800 E4039.9698
G1 X100.200 Y100.200 E4041.9288
G1 F2400 E4040.9288
G1 F300 Z15.450
G0 F3900 X100.700 Y100.610
G0 X101.800 Y101.300
G0 X101.800 Y101.800
G1 F300 Z15.250
G1 F1500 E4041.9288
G1 F2400 X101.800 Y148.200 E4043.7614
G1 X148.200 Y148.200 E4045.5941
G1 X148.200 Y101.800 E4047.4267
G1 X101.800 Y101.800 E4049.2593
G1 F2400 E4048.2593
G1 F300 Z15.450
G0 F3900 X100.600 Y100.600
;TYPE:WALL-INNER
;WIDTH:0.400
;FLOW:85.0
G1 F300 Z15.250
G1 F1500 E4049.2593
G1 F2400 X149.400 Y100.600 E4050.9839
G1 X149.400 Y149.400 E4052.7084
G1 X100.600 Y149.400 E4054.4330
G1 X100.600 Y100.600 E4056.1575
G1 F2400 E4055.1575
G1 F300 Z15.450
G0 F3900 X101.400 Y101.400
G1 F300 Z15.250
G1 F1500 E4056.1575
G1 F2400 X101.400 Y148.600 E4057.8255
G1 X148.600 Y148.600 E4059.4935
G1 X148.600 Y101.400 E4061.1615
G1 X101.400 Y101.400 E4062.8295
G0 F3900 X101.000 Y101.200
;TYPE:GAP-FILL
;WIDTH:0.400
G1 F3600 X101.000 Y148.800 E4064.5116
;WIDTH:0.468
G1 X101.200 Y149.000 E4064.5233
;WIDTH:0.400
G1 X148.800 Y149.000 E4066.2054
;WIDTH:0.468
G1 X149.000 Y148.800 E4066.2171
;WIDTH:0.400
G1 X149.000 Y101.200 E4067.8993
;WIDTH:0.468
G1 X148.800 Y101.000 E4067.9110
;WIDTH:0.400
G1 X101.200 Y101.000 E4069.5931
;WIDTH:0.468
;WIDTH:0.469
G1 X101.034 Y101.034 E4069.6001
G1 X101.000 Y101.200 E4069.6071
;PRINTING_TIME: 2755
;REMAINING_TIME: 3480
;LAYER:61
;Z:15.500
;HEIGHT:0.250
;FLOW:100.0
;PRINTING: Flow_Calibration_Cube_0.4_mm.stl
;PRINTING_ID: 0
G1 F2400 E4068.6071
G1 F300 Z15.700
G0 F3900 X100.200 Y100.200
G0 F300 Z15.500
;TYPE:WALL-OUTER
;WIDTH:0.400
;FLOW:95.0
G1 F300 Z15.500
G1 F1500 E4069.6071
G1 F2400 X149.800 Y100.200 E4071.5662
G1 X149.800 Y149.800 E4073.5252
G1 X100.200 Y149.800 E4075.4842
G1 X100.200 Y100.200 E4077.4432
G1 F2400 E4076.4432
G1 F300 Z15.700
G0 F3900 X100.700 Y100.610
G0 X101.800 Y101.300
G0 X101.800 Y101.800
G1 F300 Z15.500
G1 F1500 E4077.4432
G1 F2400 X101.800 Y148.200 E4079.2759
G1 X148.200 Y148.200 E4081.1085
G1 X148.200 Y101.800 E4082.9411
G1 X101.800 Y101.800 E4084.7738
G1 F2400 E4083.7738
G1 F300 Z15.700
G0 F3900 X100.600 Y100.600
;TYPE:WALL-INNER
;WIDTH:0.400
;FLOW:85.0
G1 F300 Z15.500
G1 F1500 E4084.7738
G1 F2400 X149.400 Y100.600 E4086.4983
G1 X149.400 Y149.400 E4088.2228
G1 X100.600 Y149.400 E4089.9474
G1 X100.600 Y100.600 E4091.6719
G1 F2400 E4090.6719
G1 F300 Z15.700
G0 F3900 X101.400 Y101.400
G1 F300 Z15.500
G1 F1500 E4091.6719
G1 F2400 X101.400 Y148.600 E4093.3399
G1 X148.600 Y148.600 E4095.0079
G1 X148.600 Y101.400 E4096.6759
G1 X101.400 Y101.400 E4098.3439
G0 F3900 X101.000 Y101.200
;TYPE:GAP-FILL
;WIDTH:0.400
G1 F3600 X101.000 Y148.800 E4100.0260
;WIDTH:0.468
G1 X101.200 Y149.000 E4100.0377
;WIDTH:0.400
G1 X148.800 Y149.000 E4101.7198
;WIDTH:0.468
G1 X149.000 Y148.800 E4101.7315
;WIDTH:0.400
G1 X149.000 Y101.200 E4103.4137
;WIDTH:0.468
G1 X148.800 Y101.000 E4103.4254
;WIDTH:0.400
G1 X101.200 Y101.000 E4105.1075
;WIDTH:0.468
;WIDTH:0.469
G1 X101.034 Y101.034 E4105.1145
G1 X101.000 Y101.200 E4105.1215
;PRINTING_TIME: 2780
;REMAINING_TIME: 3455
;LAYER:62
;Z:15.750
;HEIGHT:0.250
;FLOW:100.0
;PRINTING: Flow_Calibration_Cube_0.4_mm.stl
;PRINTING_ID: 0
G1 F2400 E4104.1215
G1 F300 Z15.950
G0 F3900 X100.200 Y100.200
G0 F300 Z15.750
;TYPE:WALL-OUTER
;WIDTH:0.400
;FLOW:95.0
G1 F300 Z15.750
G1 F1500 E4105.1215
G1 F2400 X149.800 Y100.200 E4107.0806
G1 X149.800 Y149.800 E4109.0396
G1 X100.200 Y149.800 E4110.9986
G1 X100.200 Y100.200 E4112.9576
G1 F2400 E4111.9576
G1 F300 Z15.950
G0 F3900 X100.700 Y100.610
G0 X101.800 Y101.300
G0 X101.800 Y101.800
G1 F300 Z15.750
G1 F1500 E4112.9576
G1 F2400 X101.800 Y148.200 E4114.7903
G1 X148.200 Y148.200 E4116.6229
G1 X148.200 Y101.800 E4118.4555
G1 X101.800 Y101.800 E4120.2882
G1 F2400 E4119.2882
G1 F300 Z15.950
G0 F3900 X100.600 Y100.600
;TYPE:WALL-INNER
;WIDTH:0.400
;FLOW:85.0
G1 F300 Z15.750
G1 F1500 E4120.2882
G1 F2400 X149.400 Y100.600 E4122.0127
G1 X149.400 Y149.400 E4123.7372
G1 X100.600 Y149.400 E4125.4618
G1 X100.600 Y100.600 E4127.1863
G1 F2400 E4126.1863
G1 F300 Z15.950
G0 F3900 X101.400 Y101.400
G1 F300 Z15.750
G1 F1500 E4127.1863
G1 F2400 X101.400 Y148.600 E4128.8543
G1 X148.600 Y148.600 E4130.5223
G1 X148.600 Y101.400 E4132.1903
G1 X101.400 Y101.400 E4133.8583
G0 F3900 X101.000 Y101.200
;TYPE:GAP-FILL
;WIDTH:0.400
G1 F3600 X101.000 Y148.800 E4135.5404
;WIDTH:0.468
G1 X101.200 Y149.000 E4135.5521
;WIDTH:0.400
G1 X148.800 Y149.000 E4137.2343
;WIDTH:0.468
G1 X149.000 Y148.800 E4137.2460
;WIDTH:0.400
G1 X149.000 Y101.200 E4138.9281
;WIDTH:0.468
G1 X148.800 Y101.000 E4138.9398
;WIDTH:0.400
G1 X101.200 Y101.000 E4140.6219
;WIDTH:0.468
;WIDTH:0.469
G1 X101.034 Y101.034 E4140.6289
G1 X101.000 Y101.200 E4140.6360
;PRINTING_TIME: 2805
;REMAINING_TIME: 3430
;LAYER:63
;Z:16.000
;HEIGHT:0.250
;FLOW:100.0
;PRINTING: Flow_Calibration_Cube_0.4_mm.stl
;PRINTING_ID: 0
G1 F2400 E4139.6360
G1 F300 Z16.200
G0 F3900 X100.200 Y100.200
G0 F300 Z16.000
;TYPE:WALL-OUTER
;WIDTH:0.400
;FLOW:95.0
G1 F300 Z16.000
G1 F1500 E4140.6360
G1 F2400 X149.800 Y100.200 E4142.5950
G1 X149.800 Y149.800 E4144.5540
G1 X100.200 Y149.800 E4146.5130
G1 X100.200 Y100.200 E4148.4720
G1 F2400 E4147.4720
G1 F300 Z16.200
G0 F3900 X100.700 Y100.610
G0 X101.800 Y101.300
G0 X101.800 Y101.800
G1 F300 Z16.000
G1 F1500 E4148.4720
G1 F2400 X101.800 Y148.200 E4150.3047
G1 X148.200 Y148.200 E4152.1373
G1 X148.200 Y101.800 E4153.9699
G1 X101.800 Y101.800 E4155.8026
G1 F2400 E4154.8026
G1 F300 Z16.200
G0 F3900 X100.600 Y100.600
;TYPE:WALL-INNER
;WIDTH:0.400
;FLOW:85.0
G1 F300 Z16.000
G1 F1500 E4155.8026
G1 F2400 X149.400 Y100.600 E4157.5271
G1 X149.400 Y149.400 E4159.2516
G1 X100.600 Y149.400 E4160.9762
G1 X100.600 Y100.600 E4162.7007
G1 F2400 E4161.7007
G1 F300 Z16.200
G0 F3900 X101.400 Y101.400
G1 F300 Z16.000
G1 F1500 E4162.7007
G1 F2400 X101.400 Y148.600 E4164.3687
G1 X148.600 Y148.600 E4166.0367
G1 X148.600 Y101.400 E4167.7047
G1 X101.400 Y101.400 E4169.3727
G0 F3900 X101.000 Y101.200
;TYPE:GAP-FILL
;WIDTH:0.400
G1 F3600 X101.000 Y148.800 E4171.0548
;WIDTH:0.468
G1 X101.200 Y149.000 E4171.0665
;WIDTH:0.400
G1 X148.800 Y149.000 E4172.7487
;WIDTH:0.468
G1 X149.000 Y148.800 E4172.7604
;WIDTH:0.400
G1 X149.000 Y101.200 E4174.4425
;WIDTH:0.468
G1 X148.800 Y101.000 E4174.4542
;WIDTH:0.400
G1 X101.200 Y101.000 E4176.1363
;WIDTH:0.468
;WIDTH:0.469
G1 X101.034 Y101.034 E4176.1433
G1 X101.000 Y101.200 E4176.1504
;PRINTING_TIME: 2830
;REMAINING_TIME: 3405
;LAYER:64
;Z:16.250
;HEIGHT:0.250
;FLOW:100.0
;PRINTING: Flow_Calibration_Cube_0.4_mm.stl
;PRINTING_ID: 0
G1 F2400 E4175.1504
G1 F300 Z16.450
G0 F3900 X100.200 Y100.200
G0 F300 Z16.250
;TYPE:WALL-OUTER
;WIDTH:0.400
;FLOW:95.0
G1 F300 Z16.250
G1 F1500 E4176.1504
G1 F2400 X149.800 Y100.200 E4178.1094
G1 X149.800 Y149.800 E4180.0684
G1 X100.200 Y149.800 E4182.0274
G1 X100.200 Y100.200 E4183.9864
G1 F2400 E4182.9864
G1 F300 Z16.450
G0 F3900 X100.700 Y100.610
G0 X101.800 Y101.300
G0 X101.800 Y101.800
G1 F300 Z16.250
G1 F1500 E4183.9864
G1 F2400 X101.800 Y148.200 E4185.8191
G1 X148.200 Y148.200 E4187.6517
G1 X148.200 Y101.800 E4189.4843
G1 X101.800 Y101.800 E4191.3170
G1 F2400 E4190.3170
G1 F300 Z16.450
G0 F3900 X100.600 Y100.600
;TYPE:WALL-INNER
;WIDTH:0.400
;FLOW:85.0
G1 F300 Z16.250
G1 F1500 E4191.3170
G1 F2400 X149.400 Y100.600 E4193.0415
G1 X149.400 Y149.400 E4194.7661
G1 X100.600 Y149.400 E4196.4906
G1 X100.600 Y100.600 E4198.2151
G1 F2400 E4197.2151
G1 F300 Z16.450
G0 F3900 X101.400 Y101.400
G1 F300 Z16.250
G1 F1500 E4198.2151
G1 F2400 X101.400 Y148.600 E4199.8831
G1 X148.600 Y148.600 E4201.5511
G1 X148.600 Y101.400 E4203.2191
G1 X101.400 Y101.400 E4204.8871
G0 F3900 X101.000 Y101.200
;TYPE:GAP-FILL
;WIDTH:0.400
G1 F3600 X101.000 Y148.800 E4206.5692
;WIDTH:0.468
G1 X101.200 Y149.000 E4206.5809
;WIDTH:0.400
G1 X148.800 Y149.000 E4208.2631
;WIDTH:0.468
G1 X149.000 Y148.800 E4208.2748
;WIDTH:0.400
G1 X149.000 Y101.200 E4209.9569
;WIDTH:0.468
G1 X148.800 Y101.000 E4209.9686
;WIDTH:0.400
G1 X101.200 Y101.000 E4211.6507
;WIDTH:0.468
;WIDTH:0.469
G1 X101.034 Y101.034 E4211.6577
G1 X101.000 Y101.200 E4211.6648
;PRINTING_TIME: 2855
;REMAINING_TIME: 3380
;LAYER:65
;Z:16.500
;HEIGHT:0.250
;FLOW:100.0
;PRINTING: Flow_Calibration_Cube_0.4_mm.stl
;PRINTING_ID: 0
G1 F2400 E4210.6648
G1 F300 Z16.700
G0 F3900 X100.200 Y100.200
G0 F300 Z16.500
;TYPE:WALL-OUTER
;WIDTH:0.400
;FLOW:95.0
G1 F300 Z16.500
G1 F1500 E4211.6648
G1 F2400 X149.800 Y100.200 E4213.6238
G1 X149.800 Y149.800 E4215.5828
G1 X100.200 Y149.800 E4217.5418
G1 X100.200 Y100.200 E4219.5009
G1 F2400 E4218.5009
G1 F300 Z16.700
G0 F3900 X100.700 Y100.610
G0 X101.800 Y101.300
G0 X101.800 Y101.800
G1 F300 Z16.500
G1 F1500 E4219.5009
G1 F2400 X101.800 Y148.200 E4221.3335
G1 X148.200 Y148.200 E4223.1661
G1 X148.200 Y101.800 E4224.9988
G1 X101.800 Y101.800 E4226.8314
G1 F2400 E4225.8314
G1 F300 Z16.700
G0 F3900 X100.600 Y100.600
;TYPE:WALL-INNER
;WIDTH:0.400
;FLOW:85.0
G1 F300 Z16.500
G1 F1500 E4226.8314
G1 F2400 X149.400 Y100.600 E4228.5559
G1 X149.400 Y149.400 E4230.2805
G1 X100.600 Y149.400 E4232.0050
G1 X100.600 Y100.600 E4233.7295
G1 F2400 E4232.7295
G1 F300 Z16.700
G0 F3900 X101.400 Y101.400
G1 F300 Z16.500
G1 F1500 E4233.7295
G1 F2400 X101.400 Y148.600 E4235.3975
G1 X148.600 Y148.600 E4237.0655
G1 X148.600 Y101.400 E4238.7335
G1 X101.400 Y101.400 E4240.4015
G0 F3900 X101.000 Y101.200
;TYPE:GAP-FILL
;WIDTH:0.400
G1 F3600 X101.000 Y148.800 E4242.0837
;WIDTH:0.468
G1 X101.200 Y149.000 E4242.0953
;WIDTH:0.400
G1 X148.800 Y149.000 E4243.7775
;WIDTH:0.468
G1 X149.000 Y148.800 E4243.7892
;WIDTH:0.400
G1 X149.000 Y101.200 E4245.4713
;WIDTH:0.468
G1 X148.800 Y101.000 E4245.4830
;WIDTH:0.400
G1 X101.200 Y101.000 E4247.1651
;WIDTH:0.468
;WIDTH:0.469
G1 X101.034 Y101.034 E4247.1722
G1 X101.000 Y101.200 E4247.1792
;PRINTING_TIME: 2880
;REMAINING_TIME: 3355
;LAYER:66
;Z:16.750
;HEIGHT:0.250
;FLOW:100.0
;PRINTING: Flow_Calibration_Cube_0.4_mm.stl
;PRINTING_ID: 0
G1 F2400 E4246.1792
G1 F300 Z16.950
G0 F3900 X100.200 Y100.200
G0 F300 Z16.750
;TYPE:WALL-OUTER
;WIDTH:0.400
;FLOW:95.0
G1 F300 Z16.750
G1 F1500 E4247.1792
G1 F2400 X149.800 Y100.200 E4249.1382
G1 X149.800 Y149.800 E4251.0972
G1 X100.200 Y149.800 E4253.0562
G1 X100.200 Y100.200 E4255.0153
G1 F2400 E4254.0153
G1 F300 Z16.950
G0 F3900 X100.700 Y100.610
G0 X101.800 Y101.300
G0 X101.800 Y101.800
G1 F300 Z16.750
G1 F1500 E4255.0153
G1 F2400 X101.800 Y148.200 E4256.8479
G1 X148.200 Y148.200 E4258.6805
G1 X148.200 Y101.800 E4260.5132
G1 X101.800 Y101.800 E4262.3458
G1 F2400 E4261.3458
G1 F300 Z16.950
G0 F3900 X100.600 Y100.600
;TYPE:WALL-INNER
;WIDTH:0.400
;FLOW:85.0
G1 F300 Z16.750
G1 F1500 E4262.3458
G1 F2400 X149.400 Y100.600 E4264.0703
G1 X149.400 Y149.400 E4265.7949
G1 X100.600 Y149.400 E4267.5194
G1 X100.600 Y100.600 E4269.2439
G1 F2400 E4268.2439
G1 F300 Z16.950
G0 F3900 X101.400 Y101.400
G1 F300 Z16.750
G1 F1500 E4269.2439
G1 F2400 X101.400 Y148.600 E4270.9119
G1 X148.600 Y148.600 E4272.5799
G1 X148.600 Y101.400 E4274.2479
G1 X101.400 Y101.400 E4275.9159
G0 F3900 X101.000 Y101.200
;TYPE:GAP-FILL
;WIDTH:0.400
G1 F3600 X101.000 Y148.800 E4277.5981
;WIDTH:0.468
G1 X101.200 Y149.000 E4277.6098
;WIDTH:0.400
G1 X148.800 Y149.000 E4279.2919
;WIDTH:0.468
G1 X149.000 Y148.800 E4279.3036
;WIDTH:0.400
G1 X149.000 Y101.200 E4280.9857
;WIDTH:0.468
G1 X148.800 Y101.000 E4280.9974
;WIDTH:0.400
G1 X101.200 Y101.000 E4282.6795
;WIDTH:0.468
;WIDTH:0.469
G1 X101.034 Y101.034 E4282.6866
G1 X101.000 Y101.200 E4282.6936
;PRINTING_TIME: 2905
;REMAINING_TIME: 3330
;LAYER:67
;Z:17.000
;HEIGHT:0.250
;FLOW:100.0
;PRINTING: Flow_Calibration_Cube_0.4_mm.stl
;PRINTING_ID: 0
G1 F2400 E4281.6936
G1 F300 Z17.200
G0 F3900 X100.200 Y100.200
G0 F300 Z17.000
;TYPE:WALL-OUTER
;WIDTH:0.400
;FLOW:95.0
G1 F300 Z17.000
G1 F1500 E4282.6936
G1 F2400 X149.800 Y100.200 E4284.6526
G1 X149.800 Y149.800 E4286.6116
G1 X100.200 Y149.800 E4288.5706
G1 X100.200 Y100.200 E4290.5297
G1 F2400 E4289.5297
G1 F300 Z17.200
G0 F3900 X100.700 Y100.610
G0 X101.800 Y101.300
G0 X101.800 Y101.800
G1 F300 Z17.000
G1 F1500 E4290.5297
G1 F2400 X101.800 Y148.200 E4292.3623
G1 X148.200 Y148.200 E4294.1949
G1 X148.200 Y101.800 E4296.0276
G1 X101.800 Y101.800 E4297.8602
G1 F2400 E4296.8602
G1 F300 Z17.200
G0 F3900 X100.600 Y100.600
;TYPE:WALL-INNER
;WIDTH:0.400
;FLOW:85.0
G1 F300 Z17.000
G1 F1500 E4297.8602
G1 F2400 X149.400 Y100.600 E4299.5847
G1 X149.400 Y149.400 E4301.3093
G1 X100.600 Y149.400 E4303.0338
G1 X100.600 Y100.600 E4304.7584
G1 F2400 E4303.7584
G1 F300 Z17.200
G0 F3900 X101.400 Y101.400
G1 F300 Z17.000
G1 F1500 E4304.7584
G1 F2400 X101.400 Y148.600 E4306.4264
G1 X148.600 Y148.600 E4308.0943
G1 X148.600 Y101.400 E4309.7623
G1 X101.400 Y101.400 E4311.4303
G0 F3900 X101.000 Y101.200
;TYPE:GAP-FILL
;WIDTH:0.400
G1 F3600 X101.000 Y148.800 E4313.1125
;WIDTH:0.468
G1 X101.200 Y149.000 E4313.1242
;WIDTH:0.400
G1 X148.800 Y149.000 E4314.8063
;WIDTH:0.468
G1 X149.000 Y148.800 E4314.8180
;WIDTH:0.400
G1 X149.000 Y101.200 E4316.5001
;WIDTH:0.468
G1 X148.800 Y101.000 E4316.5118
;WIDTH:0.400
G1 X101.200 Y101.000 E4318.1939
;WIDTH:0.468
;WIDTH:0.469
G1 X101.034 Y101.034 E4318.2010
G1 X101.000 Y101.200 E4318.2080
;PRINTING_TIME: 2930
;REMAINING_TIME: 3305
;LAYER:68
;Z:17.250
;HEIGHT:0.250
;FLOW:100.0
;PRINTING: Flow_Calibration_Cube_0.4_mm.stl
;PRINTING_ID: 0
G1 F2400 E4317.2080
G1 F300 Z17.450
G0 F3900 X100.200 Y100.200
G0 F300 Z17.250
;TYPE:WALL-OUTER
;WIDTH:0.400
;FLOW:95.0
G1 F300 Z17.250
G1 F1500 E4318.2080
G1 F2400 X149.800 Y100.200 E4320.1670
G1 X149.800 Y149.800 E4322.1260
G1 X100.200 Y149.800 E4324.0851
G1 X100.200 Y100.200 E4326.0441
G1 F2400 E4325.0441
G1 F300 Z17.450
G0 F3900 X100.700 Y100.610
G0 X101.800 Y101.300
G0 X101.800 Y101.800
G1 F300 Z17.250
G1 F1500 E4326.0441
G1 F2400 X101.800 Y148.200 E4327.8767
G1 X148.200 Y148.200 E4329.7093
G1 X148.200 Y101.800 E4331.5420
G1 X101.800 Y101.800 E4333.3746
G1 F2400 E4332.3746
G1 F300 Z17.450
G0 F3900 X100.600 Y100.600
;TYPE:WALL-INNER
;WIDTH:0.400
;FLOW:85.0
G1 F300 Z17.250
G1 F1500 E4333.3746
G1 F2400 X149.400 Y100.600 E4335.0991
G1 X149.400 Y149.400 E4336.8237
G1 X100.600 Y149.400 E4338.5482
G1 X100.600 Y100.600 E4340.2728
G1 F2400 E4339.2728
G1 F300 Z17.450
G0 F3900 X101.400 Y101.400
G1 F300 Z17.250
G1 F1500 E4340.2728
G1 F2400 X101.400 Y148.600 E4341.9408
G1 X148.600 Y148.600 E4343.6088
G1 X148.600 Y101.400 E4345.2768
G1 X101.400 Y101.400 E4346.9447
G0 F3900 X101.000 Y101.200
;TYPE:GAP-FILL
;WIDTH:0.400
G1 F3600 X101.000 Y148.800 E4348.6269
;WIDTH:0.468
G1 X101.200 Y149.000 E4348.6386
;WIDTH:0.400
G1 X148.800 Y149.000 E4350.3207
;WIDTH:0.468
G1 X149.000 Y148.800 E4350.3324
;WIDTH:0.400
G1 X149.000 Y101.200 E4352.0145
;WIDTH:0.468
G1 X148.800 Y101.000 E4352.0262
;WIDTH:0.400
G1 X101.200 Y101.000 E4353.7084
;WIDTH:0.468
;WIDTH:0.469
G1 X101.034 Y101.034 E4353.7154
G1 X101.000 Y101.200 E4353.7224
;PRINTING_TIME: 2955
;REMAINING_TIME: 3280
;LAYER:69
;Z:17.500
;HEIGHT:0.250
;FLOW:100.0
;PRINTING: Flow_Calibration_Cube_0.4_mm.stl
;PRINTING_ID: 0
G1 F2400 E4352.7224
G1 F300 Z17.700
G0 F3900 X100.200 Y100.200
G0 F300 Z17.500
;TYPE:WALL-OUTER
;WIDTH:0.400
;FLOW:95.0
G1 F300 Z17.500
G1 F1500 E4353.7224
G1 F2400 X149.800 Y100.200 E4355.6814
G1 X149.800 Y149.800 E4357.6404
G1 X100.200 Y149.800 E4359.5995
G1 X100.200 Y100.200 E4361.5585
G1 F2400 E4360.5585
G1 F300 Z17.700
G0 F3900 X100.700 Y100.610
G0 X101.800 Y101.300
G0 X101.800 Y101.800
G1 F300 Z17.500
G1 F1500 E4361.5585
G1 F2400 X101.800 Y148.200 E4363.3911
G1 X148.200 Y148.200 E4365.2238
G1 X148.200 Y101.800 E4367.0564
G1 X101.800 Y101.800 E4368.8890
G1 F2400 E4367.8890
G1 F300 Z17.700
G0 F3900 X100.600 Y100.600
;TYPE:WALL-INNER
;WIDTH:0.400
;FLOW:85.0
G1 F300 Z17.500
G1 F1500 E4368.8890
G1 F2400 X149.400 Y100.600 E4370.6136
G1 X149.400 Y149.400 E4372.3381
G1 X100.600 Y149.400 E4374.0626
G1 X100.600 Y100.600 E4375.7872
G1 F2400 E4374.7872
G1 F300 Z17.700
G0 F3900 X101.400 Y101.400
G1 F300 Z17.500
G1 F1500 E4375.7872
G1 F2400 X101.400 Y148.600 E4377.4552
G1 X148.600 Y148.600 E4379.1232
G1 X148.600 Y101.400 E4380.7912
G1 X101.400 Y101.400 E4382.4592
G0 F3900 X101.000 Y101.200
;TYPE:GAP-FILL
;WIDTH:0.400
G1 F3600 X101.000 Y148.800 E4384.1413
;WIDTH:0.468
G1 X101.200 Y149.000 E4384.1530
;WIDTH:0.400
G1 X148.800 Y149.000 E4385.8351
;WIDTH:0.468
G1 X149.000 Y148.800 E4385.8468
;WIDTH:0.400
G1 X149.000 Y101.200 E4387.5289
;WIDTH:0.468
G1 X148.800 Y101.000 E4387.5406
;WIDTH:0.400
G1 X101.200 Y101.000 E4389.2228
;WIDTH:0.468
;WIDTH:0.469
G1 X101.034 Y101.034 E4389.2298
G1 X101.000 Y101.200 E4389.2368
;PRINTING_TIME: 2980
;REMAINING_TIME: 3255
;LAYER:70
;Z:17.750
;HEIGHT:0.250
;FLOW:100.0
;PRINTING: Flow_Calibration_Cube_0.4_mm.stl
;PRINTING_ID: 0
G1 F2400 E4388.2368
G1 F300 Z17.950
G0 F3900 X100.200 Y100.200
G0 F300 Z17.750
;TYPE:WALL-OUTER
;WIDTH:0.400
;FLOW:95.0
G1 F300 Z17.750
G1 F1500 E4389.2368
G1 F2400 X149.800 Y100.200 E4391.1958
G1 X149.800 Y149.800 E4393.1548
G1 X100.200 Y149.800 E4395.1139
G1 X100.200 Y100.200 E4397.0729
G1 F2400 E4396.0729
G1 F300 Z17.950
G0 F3900 X100.700 Y100.610
G0 X101.800 Y101.300
G0 X101.800 Y101.800
G1 F300 Z17.750
G1 F1500 E4397.0729
G1 F2400 X101.800 Y148.200 E4398.9055
G1 X148.200 Y148.200 E4400.7382
G1 X148.200 Y101.800 E4402.5708
G1 X101.800 Y101.800 E4404.4034
G1 F2400 E4403.4034
G1 F300 Z17.950
G0 F3900 X100.600 Y100.600
;TYPE:WALL-INNER
;WIDTH:0.400
;FLOW:85.0
G1 F300 Z17.750
G1 F1500 E4404.4034
G1 F2400 X149.400 Y100.600 E4406.1280
G1 X149.400 Y149.400 E4407.8525
G1 X100.600 Y149.400 E4409.5770
G1 X100.600 Y100.600 E4411.3016
G1 F2400 E4410.3016
G1 F300 Z17.950
G0 F3900 X101.400 Y101.400
G1 F300 Z17.750
G1 F1500 E4411.3016
G1 F2400 X101.400 Y148.600 E4412.9696
G1 X148.600 Y148.600 E4414.6376
G1 X148.600 Y101.400 E4416.3056
G1 X101.400 Y101.400 E4417.9736
G0 F3900 X101.000 Y101.200
;TYPE:GAP-FILL
;WIDTH:0.400
G1 F3600 X101.000 Y148.800 E4419.6557
;WIDTH:0.468
G1 X101.200 Y149.000 E4419.6674
;WIDTH:0.400
G1 X148.800 Y149.000 E4421.3495
;WIDTH:0.468
G1 X149.000 Y148.800 E4421.3612
;WIDTH:0.400
G1 X149.000 Y101.200 E4423.0433
;WIDTH:0.468
G1 X148.800 Y101.000 E4423.0550
;WIDTH:0.400
G1 X101.200 Y101.000 E4424.7372
;WIDTH:0.468
;WIDTH:0.469
G1 X101.034 Y101.034 E4424.7442
G1 X101.000 Y101.200 E4424.7512
;PRINTING_TIME: 3005
;REMAINING_TIME: 3230
;LAYER:71
;Z:18.000
;HEIGHT:0.250
;FLOW:100.0
;PRINTING: Flow_Calibration_Cube_0.4_mm.stl
;PRINTING_ID: 0
G1 F2400 E4423.7512
G1 F300 Z18.200
G0 F3900 X100.200 Y100.200
G0 F300 Z18.000
;TYPE:WALL-OUTER
;WIDTH:0.400
;FLOW:95.0
G1 F300 Z18.000
G1 F1500 E4424.7512
G1 F2400 X149.800 Y100.200 E4426.7102
G1 X149.800 Y149.800 E4428.6693
G1 X100.200 Y149.800 E4430.6283
G1 X100.200 Y100.200 E4432.5873
G1 F2400 E4431.5873
G1 F300 Z18.200
G0 F3900 X100.700 Y100.610
G0 X101.800 Y101.300
G0 X101.800 Y101.800
G1 F300 Z18.000
G1 F1500 E4432.5873
G1 F2400 X101.800 Y148.200 E4434.4199
G1 X148.200 Y148.200 E4436.2526
G1 X148.200 Y101.800 E4438.0852
G1 X101.800 Y101.800 E4439.9178
G1 F2400 E4438.9178
G1 F300 Z18.200
G0 F3900 X100.600 Y100.600
;TYPE:WALL-INNER
;WIDTH:0.400
;FLOW:85.0
G1 F300 Z18.000
G1 F1500 E4439.9178
G1 F2400 X149.400 Y100.600 E4441.6424
G1 X149.400 Y149.400 E4443.3669
G1 X100.600 Y149.400 E4445.0914
G1 X100.600 Y100.600 E4446.8160
G1 F2400 E4445.8160
G1 F300 Z18.200
G0 F3900 X101.400 Y101.400
G1 F300 Z18.000
G1 F1500 E4446.8160
G1 F2400 X101.400 Y148.600 E4448.4840
G1 X148.600 Y148.600 E4450.1520
G1 X148.600 Y101.400 E4451.8200
G1 X101.400 Y101.400 E4453.4880
G0 F3900 X101.000 Y101.200
;TYPE:GAP-FILL
;WIDTH:0.400
G1 F3600 X101.000 Y148.800 E4455.1701
;WIDTH:0.468
G1 X101.200 Y149.000 E4455.1818
;WIDTH:0.400
G1 X148.800 Y149.000 E4456.8639
;WIDTH:0.468
G1 X149.000 Y148.800 E4456.8756
;WIDTH:0.400
G1 X149.000 Y101.200 E4458.5578
;WIDTH:0.468
G1 X148.800 Y101.000 E4458.5694
;WIDTH:0.400
G1 X101.200 Y101.000 E4460.2516
;WIDTH:0.468
;WIDTH:0.469
G1 X101.034 Y101.034 E4460.2586
G1 X101.000 Y101.200 E4460.2656
;PRINTING_TIME: 3030
;REMAINING_TIME: 3205
;LAYER:72
;Z:18.250
;HEIGHT:0.250
;FLOW:100.0
;PRINTING: Flow_Calibration_Cube_0.4_mm.stl
;PRINTING_ID: 0
G1 F2400 E4459.2656
G1 F300 Z18.450
G0 F3900 X100.200 Y100.200
G0 F300 Z18.250
;TYPE:WALL-OUTER
;WIDTH:0.400
;FLOW:95.0
G1 F300 Z18.250
G1 F1500 E4460.2656
G1 F2400 X149.800 Y100.200 E4462.2246
G1 X149.800 Y149.800 E4464.1837
G1 X100.200 Y149.800 E4466.1427
G1 X100.200 Y100.200 E4468.1017
G1 F2400 E4467.1017
G1 F300 Z18.450
G0 F3900 X100.700 Y100.610
G0 X101.800 Y101.300
G0 X101.800 Y101.800
G1 F300 Z18.250
G1 F1500 E4468.1017
G1 F2400 X101.800 Y148.200 E4469.9343
G1 X148.200 Y148.200 E4471.7670
G1 X148.200 Y101.800 E4473.5996
G1 X101.800 Y101.800 E4475.4322
G1 F2400 E4474.4322
G1 F300 Z18.450
G0 F3900 X100.600 Y100.600
;TYPE:WALL-INNER
;WIDTH:0.400
;FLOW:85.0
G1 F300 Z18.250
G1 F1500 E4475.4322
G1 F2400 X149.400 Y100.600 E4477.1568
G1 X149.400 Y149.400 E4478.8813
G1 X100.600 Y149.400 E4480.6059
G1 X100.600 Y100.600 E4482.3304
G1 F2400 E4481.3304
G1 F300 Z18.450
G0 F3900 X101.400 Y101.400
G1 F300 Z18.250
G1 F1500 E4482.3304
G1 F2400 X101.400 Y148.600 E4483.9984
G1 X148.600 Y148.600 E4485.6664
G1 X148.600 Y101.400 E4487.3344
G1 X101.400 Y101.400 E4489.0024
G0 F3900 X101.000 Y101.200
;TYPE:GAP-FILL
;WIDTH:0.400
G1 F3600 X101.000 Y148.800 E4490.6845
;WIDTH:0.468
G1 X101.200 Y149.000 E4490.6962
;WIDTH:0.400
G1 X148.800 Y149.000 E4492.3783
;WIDTH:0.468
G1 X149.000 Y148.800 E4492.3900
;WIDTH:0.400
G1 X149.000 Y101.200 E4494.0722
;WIDTH:0.468
G1 X148.800 Y101.000 E4494.0839
;WIDTH:0.400
G1 X101.200 Y101.000 E4495.7660
;WIDTH:0.468
;WIDTH:0.469
G1 X101.034 Y101.034 E4495.7730
G1 X101.000 Y101.200 E4495.7800
;PRINTING_TIME: 3055
;REMAINING_TIME: 3180
;LAYER:73
;Z:18.500
;HEIGHT:0.250
;FLOW:100.0
;PRINTING: Flow_Calibration_Cube_0.4_mm.stl
;PRINTING_ID: 0
G1 F2400 E4494.7800
G1 F300 Z18.700
G0 F3900 X100.200 Y100.200
G0 F300 Z18.500
;TYPE:WALL-OUTER
;WIDTH:0.400
;FLOW:95.0
G1 F300 Z18.500
G1 F1500 E4495.7800
G1 F2400 X149.800 Y100.200 E4497.7390
G1 X149.800 Y149.800 E4499.6981
G1 X100.200 Y149.800 E4501.6571
G1 X100.200 Y100.200 E4503.6161
G1 F2400 E4502.6161
G1 F300 Z18.700
G0 F3900 X100.700 Y100.610
G0 X101.800 Y101.300
G0 X101.800 Y101.800
G1 F300 Z18.500
G1 F1500 E4503.6161
G1 F2400 X101.800 Y148.200 E4505.4487
G1 X148.200 Y148.200 E4507.2814
G1 X148.200 Y101.800 E4509.1140
G1 X101.800 Y101.800 E4510.9466
G1 F2400 E4509.9466
G1 F300 Z18.700
G0 F3900 X100.600 Y100.600
;TYPE:WALL-INNER
;WIDTH:0.400
;FLOW:85.0
G1 F300 Z18.500
G1 F1500 E4510.9466
G1 F2400 X149.400 Y100.600 E4512.6712
G1 X149.400 Y149.400 E4514.3957
G1 X100.600 Y149.400 E4516.1203
G1 X100.600 Y100.600 E4517.8448
G1 F2400 E4516.8448
G1 F300 Z18.700
G0 F3900 X101.400 Y101.400
G1 F300 Z18.500
G1 F1500 E4517.8448
G1 F2400 X101.400 Y148.600 E4519.5128
G1 X148.600 Y148.600 E4521.1808
G1 X148.600 Y101.400 E4522.8488
G1 X101.400 Y101.400 E4524.5168
G0 F3900 X101.000 Y101.200
;TYPE:GAP-FILL
;WIDTH:0.400
G1 F3600 X101.000 Y148.800 E4526.1989
;WIDTH:0.468
G1 X101.200 Y149.000 E4526.2106
;WIDTH:0.400
G1 X148.800 Y149.000 E4527.8927
;WIDTH:0.468
G1 X149.000 Y148.800 E4527.9044
;WIDTH:0.400
G1 X149.000 Y101.200 E4529.5866
;WIDTH:0.468
G1 X148.800 Y101.000 E4529.5983
;WIDTH:0.400
G1 X101.200 Y101.000 E4531.2804
;WIDTH:0.468
;WIDTH:0.469
G1 X101.034 Y101.034 E4531.2874
G1 X101.000 Y101.200 E4531.2944
;PRINTING_TIME: 3080
;REMAINING_TIME: 3155
;LAYER:74
;Z:18.750
;HEIGHT:0.250
;FLOW:100.0
;PRINTING: Flow_Calibration_Cube_0.4_mm.stl
;PRINTING_ID: 0
G1 F2400 E4530.2944
G1 F300 Z18.950
G0 F3900 X100.200 Y100.200
G0 F300 Z18.750
;TYPE:WALL-OUTER
;WIDTH:0.400
;FLOW:95.0
G1 F300 Z18.750
G1 F1500 E4531.2944
G1 F2400 X149.800 Y100.200 E4533.2535
G1 X149.800 Y149.800 E4535.2125
G1 X100.200 Y149.800 E4537.1715
G1 X100.200 Y100.200 E4539.1305
G1 F2400 E4538.1305
G1 F300 Z18.950
G0 F3900 X100.700 Y100.610
G0 X101.800 Y101.300
G0 X101.800 Y101.800
G1 F300 Z18.750
G1 F1500 E4539.1305
G1 F2400 X101.800 Y148.200 E4540.9632
G1 X148.200 Y148.200 E4542.7958
G1 X148.200 Y101.800 E4544.6284
G1 X101.800 Y101.800 E4546.4611
G1 F2400 E4545.4611
G1 F300 Z18.950
G0 F3900 X100.600 Y100.600
;TYPE:WALL-INNER
;WIDTH:0.400
;FLOW:85.0
G1 F300 Z18.750
G1 F1500 E4546.4611
G1 F2400 X149.400 Y100.600 E4548.1856
G1 X149.400 Y149.400 E4549.9101
G1 X100.600 Y149.400 E4551.6347
G1 X100.600 Y100.600 E4553.3592
G1 F2400 E4552.3592
G1 F300 Z18.950
G0 F3900 X101.400 Y101.400
G1 F300 Z18.750
G1 F1500 E4553.3592
G1 F2400 X101.400 Y148.600 E4555.0272
G1 X148.600 Y148.600 E4556.6952
G1 X148.600 Y101.400 E4558.3632
G1 X101.400 Y101.400 E4560.0312
G0 F3900 X101.000 Y101.200
;TYPE:GAP-FILL
;WIDTH:0.400
G1 F3600 X101.000 Y148.800 E4561.7133
;WIDTH:0.468
G1 X101.200 Y149.000 E4561.7250
;WIDTH:0.400
G1 X148.800 Y149.000 E4563.4071
;WIDTH:0.468
G1 X149.000 Y148.800 E4563.4188
;WIDTH:0.400
G1 X149.000 Y101.200 E4565.1010
;WIDTH:0.468
G1 X148.800 Y101.000 E4565.1127
;WIDTH:0.400
G1 X101.200 Y101.000 E4566.7948
;WIDTH:0.468
;WIDTH:0.469
G1 X101.034 Y101.034 E4566.8018
G1 X101.000 Y101.200 E4566.8088
;PRINTING_TIME: 3106
;REMAINING_TIME: 3129
;LAYER:75
;Z:19.000
;HEIGHT:0.250
;FLOW:100.0
;PRINTING: Flow_Calibration_Cube_0.4_mm.stl
;PRINTING_ID: 0
G1 F2400 E4565.8088
G1 F300 Z19.200
G0 F3900 X100.200 Y100.200
G0 F300 Z19.000
;TYPE:WALL-OUTER
;WIDTH:0.400
;FLOW:95.0
G1 F300 Z19.000
G1 F1500 E4566.8088
G1 F2400 X149.800 Y100.200 E4568.7679
G1 X149.800 Y149.800 E4570.7269
G1 X100.200 Y149.800 E4572.6859
G1 X100.200 Y100.200 E4574.6449
G1 F2400 E4573.6449
G1 F300 Z19.200
G0 F3900 X100.700 Y100.610
G0 X101.800 Y101.300
G0 X101.800 Y101.800
G1 F300 Z19.000
G1 F1500 E4574.6449
G1 F2400 X101.800 Y148.200 E4576.4776
G1 X148.200 Y148.200 E4578.3102
G1 X148.200 Y101.800 E4580.1428
G1 X101.800 Y101.800 E4581.9755
G1 F2400 E4580.9755
G1 F300 Z19.200
G0 F3900 X100.600 Y100.600
;TYPE:WALL-INNER
;WIDTH:0.400
;FLOW:85.0
G1 F300 Z19.000
G1 F1500 E4581.9755
G1 F2400 X149.400 Y100.600 E4583.7000
G1 X149.400 Y149.400 E4585.4245
G1 X100.600 Y149.400 E4587.1491
G1 X100.600 Y100.600 E4588.8736
G1 F2400 E4587.8736
G1 F300 Z19.200
G0 F3900 X101.400 Y101.400
G1 F300 Z19.000
G1 F1500 E4588.8736
G1 F2400 X101.400 Y148.600 E4590.5416
G1 X148.600 Y148.600 E4592.2096
G1 X148.600 Y101.400 E4593.8776
G1 X101.400 Y101.400 E4595.5456
G0 F3900 X101.000 Y101.200
;TYPE:GAP-FILL
;WIDTH:0.400
G1 F3600 X101.000 Y148.800 E4597.2277
;WIDTH:0.468
G1 X101.200 Y149.000 E4597.2394
;WIDTH:0.400
G1 X148.800 Y149.000 E4598.9216
;WIDTH:0.468
G1 X149.000 Y148.800 E4598.9333
;WIDTH:0.400
G1 X149.000 Y101.200 E4600.6154
;WIDTH:0.468
G1 X148.800 Y101.000 E4600.6271
;WIDTH:0.400
G1 X101.200 Y101.000 E4602.3092
;WIDTH:0.468
;WIDTH:0.469
G1 X101.034 Y101.034 E4602.3162
G1 X101.000 Y101.200 E4602.3233
;PRINTING_TIME: 3131
;REMAINING_TIME: 3104
;LAYER:76
;Z:19.250
;HEIGHT:0.250
;FLOW:100.0
;PRINTING: Flow_Calibration_Cube_0.4_mm.stl
;PRINTING_ID: 0
G1 F2400 E4601.3233
G1 F300 Z19.450
G0 F3900 X100.200 Y100.200
G0 F300 Z19.250
;TYPE:WALL-OUTER
;WIDTH:0.400
;FLOW:95.0
G1 F300 Z19.250
G1 F1500 E4602.3233
G1 F2400 X149.800 Y100.200 E4604.2823
G1 X149.800 Y149.800 E4606.2413
G1 X100.200 Y149.800 E4608.2003
G1 X100.200 Y100.200 E4610.1593
G1 F2400 E4609.1593
G1 F300 Z19.450
G0 F3900 X100.700 Y100.610
G0 X101.800 Y101.300
G0 X101.800 Y101.800
G1 F300 Z19.250
G1 F1500 E4610.1593
G1 F2400 X101.800 Y148.200 E4611.9920
G1 X148.200 Y148.200 E4613.8246
G1 X148.200 Y101.800 E4615.6572
G1 X101.800 Y101.800 E4617.4899
G1 F2400 E4616.4899
G1 F300 Z19.450
G0 F3900 X100.600 Y100.600
;TYPE:WALL-INNER
;WIDTH:0.400
;FLOW:85.0
G1 F300 Z19.250
G1 F1500 E4617.4899
G1 F2400 X149.400 Y100.600 E4619.2144
G1 X149.400 Y149.400 E4620.9389
G1 X100.600 Y149.400 E4622.6635
G1 X100.600 Y100.600 E4624.3880
G1 F2400 E4623.3880
G1 F300 Z19.450
G0 F3900 X101.400 Y101.400
G1 F300 Z19.250
G1 F1500 E4624.3880
G1 F2400 X101.400 Y148.600 E4626.0560
G1 X148.600 Y148.600 E4627.7240
G1 X148.600 Y101.400 E4629.3920
G1 X101.400 Y101.400 E4631.0600
G0 F3900 X101.000 Y101.200
;TYPE:GAP-FILL
;WIDTH:0.400
G1 F3600 X101.000 Y148.800 E4632.7421
;WIDTH:0.468
G1 X101.200 Y149.000 E4632.7538
;WIDTH:0.400
G1 X148.800 Y149.000 E4634.4360
;WIDTH:0.468
G1 X149.000 Y148.800 E4634.4477
;WIDTH:0.400
G1 X149.000 Y101.200 E4636.1298
;WIDTH:0.468
G1 X148.800 Y101.000 E4636.1415
;WIDTH:0.400
G1 X101.200 Y101.000 E4637.8236
;WIDTH:0.468
;WIDTH:0.469
G1 X101.034 Y101.034 E4637.8306
G1 X101.000 Y101.200 E4637.8377
;PRINTING_TIME: 3156
;REMAINING_TIME: 3079
;LAYER:77
;Z:19.500
;HEIGHT:0.250
;FLOW:100.0
;PRINTING: Flow_Calibration_Cube_0.4_mm.stl
;PRINTING_ID: 0
G1 F2400 E4636.8377
G1 F300 Z19.700
G0 F3900 X100.200 Y100.200
G0 F300 Z19.500
;TYPE:WALL-OUTER
;WIDTH:0.400
;FLOW:95.0
G1 F300 Z19.500
G1 F1500 E4637.8377
G1 F2400 X149.800 Y100.200 E4639.7967
G1 X149.800 Y149.800 E4641.7557
G1 X100.200 Y149.800 E4643.7147
G1 X100.200 Y100.200 E4645.6737
G1 F2400 E4644.6737
G1 F300 Z19.700
G0 F3900 X100.700 Y100.610
G0 X101.800 Y101.300
G0 X101.800 Y101.800
G1 F300 Z19.500
G1 F1500 E4645.6737
G1 F2400 X101.800 Y148.200 E4647.5064
G1 X148.200 Y148.200 E4649.3390
G1 X148.200 Y101.800 E4651.1716
G1 X101.800 Y101.800 E4653.0043
G1 F2400 E4652.0043
G1 F300 Z19.700
G0 F3900 X100.600 Y100.600
;TYPE:WALL-INNER
;WIDTH:0.400
;FLOW:85.0
G1 F300 Z19.500
G1 F1500 E4653.0043
G1 F2400 X149.400 Y100.600 E4654.7288
G1 X149.400 Y149.400 E4656.4534
G1 X100.600 Y149.400 E4658.1779
G1 X100.600 Y100.600 E4659.9024
G1 F2400 E4658.9024
G1 F300 Z19.700
G0 F3900 X101.400 Y101.400
G1 F300 Z19.500
G1 F1500 E4659.9024
G1 F2400 X101.400 Y148.600 E4661.5704
G1 X148.600 Y148.600 E4663.2384
G1 X148.600 Y101.400 E4664.9064
G1 X101.400 Y101.400 E4666.5744
G0 F3900 X101.000 Y101.200
;TYPE:GAP-FILL
;WIDTH:0.400
G1 F3600 X101.000 Y148.800 E4668.2565
;WIDTH:0.468
G1 X101.200 Y149.000 E4668.2682
;WIDTH:0.400
G1 X148.800 Y149.000 E4669.9504
;WIDTH:0.468
G1 X149.000 Y148.800 E4669.9621
;WIDTH:0.400
G1 X149.000 Y101.200 E4671.6442
;WIDTH:0.468
G1 X148.800 Y101.000 E4671.6559
;WIDTH:0.400
G1 X101.200 Y101.000 E4673.3380
;WIDTH:0.468
;WIDTH:0.469
G1 X101.034 Y101.034 E4673.3450
G1 X101.000 Y101.200 E4673.3521
;PRINTING_TIME: 3181
;REMAINING_TIME: 3054
;LAYER:78
;Z:19.750
;HEIGHT:0.250
;FLOW:100.0
;PRINTING: Flow_Calibration_Cube_0.4_mm.stl
;PRINTING_ID: 0
G1 F2400 E4672.3521
G1 F300 Z19.950
G0 F3900 X100.200 Y100.200
G0 F300 Z19.750
;TYPE:WALL-OUTER
;WIDTH:0.400
;FLOW:95.0
G1 F300 Z19.750
G1 F1500 E4673.3521
G1 F2400 X149.800 Y100.200 E4675.3111
G1 X149.800 Y149.800 E4677.2701
G1 X100.200 Y149.800 E4679.2291
G1 X100.200 Y100.200 E4681.1882
G1 F2400 E4680.1882
G1 F300 Z19.950
G0 F3900 X100.700 Y100.610
G0 X101.800 Y101.300
G0 X101.800 Y101.800
G1 F300 Z19.750
G1 F1500 E4681.1882
G1 F2400 X101.800 Y148.200 E4683.0208
G1 X148.200 Y148.200 E4684.8534
G1 X148.200 Y101.800 E4686.6861
G1 X101.800 Y101.800 E4688.5187
G1 F2400 E4687.5187
G1 F300 Z19.950
G0 F3900 X100.600 Y100.600
;TYPE:WALL-INNER
;WIDTH:0.400
;FLOW:85.0
G1 F300 Z19.750
G1 F1500 E4688.5187
G1 F2400 X149.400 Y100.600 E4690.2432
G1 X149.400 Y149.400 E4691.9678
G1 X100.600 Y149.400 E4693.6923
G1 X100.600 Y100.600 E4695.4168
G1 F2400 E4694.4168
G1 F300 Z19.950
G0 F3900 X101.400 Y101.400
G1 F300 Z19.750
G1 F1500 E4695.4168
G1 F2400 X101.400 Y148.600 E4697.0848
G1 X148.600 Y148.600 E4698.7528
G1 X148.600 Y101.400 E4700.4208
G1 X101.400 Y101.400 E4702.0888
G0 F3900 X101.000 Y101.200
;TYPE:GAP-FILL
;WIDTH:0.400
G1 F3600 X101.000 Y148.800 E4703.7710
;WIDTH:0.468
G1 X101.200 Y149.000 E4703.7826
;WIDTH:0.400
G1 X148.800 Y149.000 E4705.4648
;WIDTH:0.468
G1 X149.000 Y148.800 E4705.4765
;WIDTH:0.400
G1 X149.000 Y101.200 E4707.1586
;WIDTH:0.468
G1 X148.800 Y101.000 E4707.1703
;WIDTH:0.400
G1 X101.200 Y101.000 E4708.8524
;WIDTH:0.468
;WIDTH:0.469
G1 X101.034 Y101.034 E4708.8595
G1 X101.000 Y101.200 E4708.8665
;PRINTING_TIME: 3206
;REMAINING_TIME: 3029
;LAYER:79
;Z:20.000
;HEIGHT:0.250
;FLOW:100.0
;PRINTING: Flow_Calibration_Cube_0.4_mm.stl
;PRINTING_ID: 0
G1 F2400 E4707.8665
G1 F300 Z20.200
G0 F3900 X100.200 Y100.200
G0 F300 Z20.000
;TYPE:WALL-OUTER
;WIDTH:0.400
;FLOW:95.0
G1 F300 Z20.000
G1 F1500 E4708.8665
G1 F2400 X149.800 Y100.200 E4710.8255
G1 X149.800 Y149.800 E4712.7845
G1 X100.200 Y149.800 E4714.7435
G1 X100.200 Y100.200 E4716.7026
G1 F2400 E4715.7026
G1 F300 Z20.200
G0 F3900 X100.700 Y100.610
G0 X101.800 Y101.300
G0 X101.800 Y101.800
G1 F300 Z20.000
G1 F1500 E4716.7026
G1 F2400 X101.800 Y148.200 E4718.5352
G1 X148.200 Y148.200 E4720.3678
G1 X148.200 Y101.800 E4722.2005
G1 X101.800 Y101.800 E4724.0331
G1 F2400 E4723.0331
G1 F300 Z20.200
G0 F3900 X100.600 Y100.600
;TYPE:WALL-INNER
;WIDTH:0.400
;FLOW:85.0
G1 F300 Z20.000
G1 F1500 E4724.0331
G1 F2400 X149.400 Y100.600 E4725.7576
G1 X149.400 Y149.400 E4727.4822
G1 X100.600 Y149.400 E4729.2067
G1 X100.600 Y100.600 E4730.9312
G1 F2400 E4729.9312
G1 F300 Z20.200
G0 F3900 X101.400 Y101.400
G1 F300 Z20.000
G1 F1500 E4730.9312
G1 F2400 X101.400 Y148.600 E4732.5992
G1 X148.600 Y148.600 E4734.2672
G1 X148.600 Y101.400 E4735.9352
G1 X101.400 Y101.400 E4737.6032
G0 F3900 X101.000 Y101.200
;TYPE:GAP-FILL
;WIDTH:0.400
G1 F3600 X101.000 Y148.800 E4739.2854
;WIDTH:0.468
G1 X101.200 Y149.000 E4739.2971
;WIDTH:0.400
G1 X148.800 Y149.000 E4740.9792
;WIDTH:0.468
G1 X149.000 Y148.800 E4740.9909
;WIDTH:0.400
G1 X149.000 Y101.200 E4742.6730
;WIDTH:0.468
G1 X148.800 Y101.000 E4742.6847
;WIDTH:0.400
G1 X101.200 Y101.000 E4744.3668
;WIDTH:0.468
;WIDTH:0.469
G1 X101.034 Y101.034 E4744.3739
G1 X101.000 Y101.200 E4744.3809
;PRINTING_TIME: 3231
;REMAINING_TIME: 3004
;LAYER:80
;Z:20.250
;HEIGHT:0.250
;FLOW:100.0
;PRINTING: Flow_Calibration_Cube_0.4_mm.stl
;PRINTING_ID: 0
G1 F2400 E4743.3809
G1 F300 Z20.450
G0 F3900 X100.200 Y100.200
G0 F300 Z20.250
;TYPE:WALL-OUTER
;WIDTH:0.400
;FLOW:95.0
G1 F300 Z20.250
G1 F1500 E4744.3809
G1 F2400 X149.800 Y100.200 E4746.3399
G1 X149.800 Y149.800 E4748.2989
G1 X100.200 Y149.800 E4750.2579
G1 X100.200 Y100.200 E4752.2170
G1 F2400 E4751.2170
G1 F300 Z20.450
G0 F3900 X100.700 Y100.610
G0 X101.800 Y101.300
G0 X101.800 Y101.800
G1 F300 Z20.250
G1 F1500 E4752.2170
G1 F2400 X101.800 Y148.200 E4754.0496
G1 X148.200 Y148.200 E4755.8822
G1 X148.200 Y101.800 E4757.7149
G1 X101.800 Y101.800 E4759.5475
G1 F2400 E4758.5475
G1 F300 Z20.450
G0 F3900 X100.600 Y100.600
;TYPE:WALL-INNER
;WIDTH:0.400
;FLOW:85.0
G1 F300 Z20.250
G1 F1500 E4759.5475
G1 F2400 X149.400 Y100.600 E4761.2720
G1 X149.400 Y149.400 E4762.9966
G1 X100.600 Y149.400 E4764.7211
G1 X100.600 Y100.600 E4766.4457
G1 F2400 E4765.4457
G1 F300 Z20.450
G0 F3900 X101.400 Y101.400
G1 F300 Z20.250
G1 F1500 E4766.4457
G1 F2400 X101.400 Y148.600 E4768.1137
G1 X148.600 Y148.600 E4769.7816
G1 X148.600 Y101.400 E4771.4496
G1 X101.400 Y101.400 E4773.1176
G0 F3900 X101.000 Y101.200
;TYPE:GAP-FILL
;WIDTH:0.400
G1 F3600 X101.000 Y148.800 E4774.7998
;WIDTH:0.468
G1 X101.200 Y149.000 E4774.8115
;WIDTH:0.400
G1 X148.800 Y149.000 E4776.4936
;WIDTH:0.468
G1 X149.000 Y148.800 E4776.5053
;WIDTH:0.400
G1 X149.000 Y101.200 E4778.1874
;WIDTH:0.468
G1 X148.800 Y101.000 E4778.1991
;WIDTH:0.400
G1 X101.200 Y101.000 E4779.8812
;WIDTH:0.468
;WIDTH:0.469
G1 X101.034 Y101.034 E4779.8883
G1 X101.000 Y101.200 E4779.8953
;PRINTING_TIME: 3256
;REMAINING_TIME: 2979
;LAYER:81
;Z:20.500
;HEIGHT:0.250
;FLOW:100.0
;PRINTING: Flow_Calibration_Cube_0.4_mm.stl
;PRINTING_ID: 0
G1 F2400 E4778.8953
G1 F300 Z20.700
G0 F3900 X100.200 Y100.200
G0 F300 Z20.500
;TYPE:WALL-OUTER
;WIDTH:0.400
;FLOW:95.0
G1 F300 Z20.500
G1 F1500 E4779.8953
G1 F2400 X149.800 Y100.200 E4781.8543
G1 X149.800 Y149.800 E4783.8133
G1 X100.200 Y149.800 E4785.7724
G1 X100.200 Y100.200 E4787.7314
G1 F2400 E4786.7314
G1 F300 Z20.700
G0 F3900 X100.700 Y100.610
G0 X101.800 Y101.300
G0 X101.800 Y101.800
G1 F300 Z20.500
G1 F1500 E4787.7314
G1 F2400 X101.800 Y148.200 E4789.5640
G1 X148.200 Y148.200 E4791.3966
G1 X148.200 Y101.800 E4793.2293
G1 X101.800 Y101.800 E4795.0619
G1 F2400 E4794.0619
G1 F300 Z20.700
G0 F3900 X100.600 Y100.600
;TYPE:WALL-INNER
;WIDTH:0.400
;FLOW:85.0
G1 F300 Z20.500
G1 F1500 E4795.0619
G1 F2400 X149.400 Y100.600 E4796.7864
G1 X149.400 Y149.400 E4798.5110
G1 X100.600 Y149.400 E4800.2355
G1 X100.600 Y100.600 E4801.9601
G1 F2400 E4800.9601
G1 F300 Z20.700
G0 F3900 X101.400 Y101.400
G1 F300 Z20.500
G1 F1500 E4801.9601
G1 F2400 X101.400 Y148.600 E4803.6281
G1 X148.600 Y148.600 E4805.2961
G1 X148.600 Y101.400 E4806.9640
G1 X101.400 Y101.400 E4808.6320
G0 F3900 X101.000 Y101.200
;TYPE:GAP-FILL
;WIDTH:0.400
G1 F3600 X101.000 Y148.800 E4810.3142
;WIDTH:0.468
G1 X101.200 Y149.000 E4810.3259
;WIDTH:0.400
G1 X148.800 Y149.000 E4812.0080
;WIDTH:0.468
G1 X149.000 Y148.800 E4812.0197
;WIDTH:0.400
G1 X149.000 Y101.200 E4813.7018
;WIDTH:0.468
G1 X148.800 Y101.000 E4813.7135
;WIDTH:0.400
G1 X101.200 Y101.000 E4815.3957
;WIDTH:0.468
;WIDTH:0.469
G1 X101.034 Y101.034 E4815.4027
G1 X101.000 Y101.200 E4815.4097
;PRINTING_TIME: 3281
;REMAINING_TIME: 2954
;LAYER:82
;Z:20.750
;HEIGHT:0.250
;FLOW:100.0
;PRINTING: Flow_Calibration_Cube_0.4_mm.stl
;PRINTING_ID: 0
G1 F2400 E4814.4097
G1 F300 Z20.950
G0 F3900 X100.200 Y100.200
G0 F300 Z20.750
;TYPE:WALL-OUTER
;WIDTH:0.400
;FLOW:95.0
G1 F300 Z20.750
G1 F1500 E4815.4097
G1 F2400 X149.800 Y100.200 E4817.3687
G1 X149.800 Y149.800 E4819.3277
G1 X100.200 Y149.800 E4821.2868
G1 X100.200 Y100.200 E4823.2458
G1 F2400 E4822.2458
G1 F300 Z20.950
G0 F3900 X100.700 Y100.610
G0 X101.800 Y101.300
G0 X101.800 Y101.800
G1 F300 Z20.750
G1 F1500 E4823.2458
G1 F2400 X101.800 Y148.200 E4825.0784
G1 X148.200 Y148.200 E4826.9111
G1 X148.200 Y101.800 E4828.7437
G1 X101.800 Y101.800 E4830.5763
G1 F2400 E4829.5763
G1 F300 Z20.950
G0 F3900 X100.600 Y100.600
;TYPE:WALL-INNER
;WIDTH:0.400
;FLOW:85.0
G1 F300 Z20.750
G1 F1500 E4830.5763
G1 F2400 X149.400 Y100.600 E4832.3009
G1 X149.400 Y149.400 E4834.0254
G1 X100.600 Y149.400 E4835.7499
G1 X100.600 Y100.600 E4837.4745
G1 F2400 E4836.4745
G1 F300 Z20.950
G0 F3900 X101.400 Y101.400
G1 F300 Z20.750
G1 F1500 E4837.4745
G1 F2400 X101.400 Y148.600 E4839.1425
G1 X148.600 Y148.600 E4840.8105
G1 X148.600 Y101.400 E4842.4785
G1 X101.400 Y101.400 E4844.1465
G0 F3900 X101.000 Y101.200
;TYPE:GAP-FILL
;WIDTH:0.400
G1 F3600 X101.000 Y148.800 E4845.8286
;WIDTH:0.468
G1 X101.200 Y149.000 E4845.8403
;WIDTH:0.400
G1 X148.800 Y149.000 E4847.5224
;WIDTH:0.468
G1 X149.000 Y148.800 E4847.5341
;WIDTH:0.400
G1 X149.000 Y101.200 E4849.2162
;WIDTH:0.468
G1 X148.800 Y101.000 E4849.2279
;WIDTH:0.400
G1 X101.200 Y101.000 E4850.9101
;WIDTH:0.468
;WIDTH:0.469
G1 X101.034 Y101.034 E4850.9171
G1 X101.000 Y101.200 E4850.9241
;PRINTING_TIME: 3306
;REMAINING_TIME: 2929
;LAYER:83
;Z:21.000
;HEIGHT:0.250
;FLOW:100.0
;PRINTING: Flow_Calibration_Cube_0.4_mm.stl
;PRINTING_ID: 0
G1 F2400 E4849.9241
G1 F300 Z21.200
G0 F3900 X100.200 Y100.200
G0 F300 Z21.000
;TYPE:WALL-OUTER
;WIDTH:0.400
;FLOW:95.0
G1 F300 Z21.000
G1 F1500 E4850.9241
G1 F2400 X149.800 Y100.200 E4852.8831
G1 X149.800 Y149.800 E4854.8421
G1 X100.200 Y149.800 E4856.8012
G1 X100.200 Y100.200 E4858.7602
G1 F2400 E4857.7602
G1 F300 Z21.200
G0 F3900 X100.700 Y100.610
G0 X101.800 Y101.300
G0 X101.800 Y101.800
G1 F300 Z21.000
G1 F1500 E4858.7602
G1 F2400 X101.800 Y148.200 E4860.5928
G1 X148.200 Y148.200 E4862.4255
G1 X148.200 Y101.800 E4864.2581
G1 X101.800 Y101.800 E4866.0907
G1 F2400 E4865.0907
G1 F300 Z21.200
G0 F3900 X100.600 Y100.600
;TYPE:WALL-INNER
;WIDTH:0.400
;FLOW:85.0
G1 F300 Z21.000
G1 F1500 E4866.0907
G1 F2400 X149.400 Y100.600 E4867.8153
G1 X149.400 Y149.400 E4869.5398
G1 X100.600 Y149.400 E4871.2643
G1 X100.600 Y100.600 E4872.9889
G1 F2400 E4871.9889
G1 F300 Z21.200
G0 F3900 X101.400 Y101.400
G1 F300 Z21.000
G1 F1500 E4872.9889
G1 F2400 X101.400 Y148.600 E4874.6569
G1 X148.600 Y148.600 E4876.3249
G1 X148.600 Y101.400 E4877.9929
G1 X101.400 Y101.400 E4879.6609
G0 F3900 X101.000 Y101.200
;TYPE:GAP-FILL
;WIDTH:0.400
G1 F3600 X101.000 Y148.800 E4881.3430
;WIDTH:0.468
G1 X101.200 Y149.000 E4881.3547
;WIDTH:0.400
G1 X148.800 Y149.000 E4883.0368
;WIDTH:0.468
G1 X149.000 Y148.800 E4883.0485
;WIDTH:0.400
G1 X149.000 Y101.200 E4884.7306
;WIDTH:0.468
G1 X148.800 Y101.000 E4884.7423
;WIDTH:0.400
G1 X101.200 Y101.000 E4886.4245
;WIDTH:0.468
;WIDTH:0.469
G1 X101.034 Y101.034 E4886.4315
G1 X101.000 Y101.200 E4886.4385
;PRINTING_TIME: 3331
;REMAINING_TIME: 2904
;LAYER:84
;Z:21.250
;HEIGHT:0.250
;FLOW:100.0
;PRINTING: Flow_Calibration_Cube_0.4_mm.stl
;PRINTING_ID: 0
G1 F2400 E4885.4385
G1 F300 Z21.450
G0 F3900 X100.200 Y100.200
G0 F300 Z21.250
;TYPE:WALL-OUTER
;WIDTH:0.400
;FLOW:95.0
G1 F300 Z21.250
G1 F1500 E4886.4385
G1 F2400 X149.800 Y100.200 E4888.3975
G1 X149.800 Y149.800 E4890.3566
G1 X100.200 Y149.800 E4892.3156
G1 X100.200 Y100.200 E4894.2746
G1 F2400 E4893.2746
G1 F300 Z21.450
G0 F3900 X100.700 Y100.610
G0 X101.800 Y101.300
G0 X101.800 Y101.800
G1 F300 Z21.250
G1 F1500 E4894.2746
G1 F2400 X101.800 Y148.200 E4896.1072
G1 X148.200 Y148.200 E4897.9399
G1 X148.200 Y101.800 E4899.7725
G1 X101.800 Y101.800 E4901.6051
G1 F2400 E4900.6051
G1 F300 Z21.450
G0 F3900 X100.600 Y100.600
;TYPE:WALL-INNER
;WIDTH:0.400
;FLOW:85.0
G1 F300 Z21.250
G1 F1500 E4901.6051
G1 F2400 X149.400 Y100.600 E4903.3297
G1 X149.400 Y149.400 E4905.0542
G1 X100.600 Y149.400 E4906.7787
G1 X100.600 Y100.600 E4908.5033
G1 F2400 E4907.5033
G1 F300 Z21.450
G0 F3900 X101.400 Y101.400
G1 F300 Z21.250
G1 F1500 E4908.5033
G1 F2400 X101.400 Y148.600 E4910.1713
G1 X148.600 Y148.600 E4911.8393
G1 X148.600 Y101.400 E4913.5073
G1 X101.400 Y101.400 E4915.1753
G0 F3900 X101.000 Y101.200
;TYPE:GAP-FILL
;WIDTH:0.400
G1 F3600 X101.000 Y148.800 E4916.8574
;WIDTH:0.468
G1 X101.200 Y149.000 E4916.8691
;WIDTH:0.400
G1 X148.800 Y149.000 E4918.5512
;WIDTH:0.468
G1 X149.000 Y148.800 E4918.5629
;WIDTH:0.400
G1 X149.000 Y101.200 E4920.2451
;WIDTH:0.468
G1 X148.800 Y101.000 E4920.2567
;WIDTH:0.400
G1 X101.200 Y101.000 E4921.9389
;WIDTH:0.468
;WIDTH:0.469
G1 X101.034 Y101.034 E4921.9459
G1 X101.000 Y101.200 E4921.9529
;PRINTING_TIME: 3356
;REMAINING_TIME: 2879
;LAYER:85
;Z:21.500
;HEIGHT:0.250
;FLOW:100.0
;PRINTING: Flow_Calibration_Cube_0.4_mm.stl
;PRINTING_ID: 0
G1 F2400 E4920.9529
G1 F300 Z21.700
G0 F3900 X100.200 Y100.200
G0 F300 Z21.500
;TYPE:WALL-OUTER
;WIDTH:0.400
;FLOW:95.0
G1 F300 Z21.500
G1 F1500 E4921.9529
G1 F2400 X149.800 Y100.200 E4923.9119
G1 X149.800 Y149.800 E4925.8710
G1 X100.200 Y149.800 E4927.8300
G1 X100.200 Y100.200 E4929.7890
G1 F2400 E4928.7890
G1 F300 Z21.700
G0 F3900 X100.700 Y100.610
G0 X101.800 Y101.300
G0 X101.800 Y101.800
G1 F300 Z21.500
G1 F1500 E4929.7890
G1 F2400 X101.800 Y148.200 E4931.6216
G1 X148.200 Y148.200 E4933.4543
G1 X148.200 Y101.800 E4935.2869
G1 X101.800 Y101.800 E4937.1195
G1 F2400 E4936.1195
G1 F300 Z21.700
G0 F3900 X100.600 Y100.600
;TYPE:WALL-INNER
;WIDTH:0.400
;FLOW:85.0
G1 F300 Z21.500
G1 F1500 E4937.1195
G1 F2400 X149.400 Y100.600 E4938.8441
G1 X149.400 Y149.400 E4940.5686
G1 X100.600 Y149.400 E4942.2932
G1 X100.600 Y100.600 E4944.0177
G1 F2400 E4943.0177
G1 F300 Z21.700
G0 F3900 X101.400 Y101.400
G1 F300 Z21.500
G1 F1500 E4944.0177
G1 F2400 X101.400 Y148.600 E4945.6857
G1 X148.600 Y148.600 E4947.3537
G1 X148.600 Y101.400 E4949.0217
G1 X101.400 Y101.400 E4950.6897
G0 F3900 X101.000 Y101.200
;TYPE:GAP-FILL
;WIDTH:0.400
G1 F3600 X101.000 Y148.800 E4952.3718
;WIDTH:0.468
G1 X101.200 Y149.000 E4952.3835
;WIDTH:0.400
G1 X148.800 Y149.000 E4954.0656
;WIDTH:0.468
G1 X149.000 Y148.800 E4954.0773
;WIDTH:0.400
G1 X149.000 Y101.200 E4955.7595
;WIDTH:0.468
G1 X148.800 Y101.000 E4955.7712
;WIDTH:0.400
G1 X101.200 Y101.000 E4957.4533
;WIDTH:0.468
;WIDTH:0.469
G1 X101.034 Y101.034 E4957.4603
G1 X101.000 Y101.200 E4957.4673
;PRINTING_TIME: 3381
;REMAINING_TIME: 2854
;LAYER:86
;Z:21.750
;HEIGHT:0.250
;FLOW:100.0
;PRINTING: Flow_Calibration_Cube_0.4_mm.stl
;PRINTING_ID: 0
G1 F2400 E4956.4673
G1 F300 Z21.950
G0 F3900 X100.200 Y100.200
G0 F300 Z21.750
;TYPE:WALL-OUTER
;WIDTH:0.400
;FLOW:95.0
G1 F300 Z21.750
G1 F1500 E4957.4673
G1 F2400 X149.800 Y100.200 E4959.4263
G1 X149.800 Y149.800 E4961.3854
G1 X100.200 Y149.800 E4963.3444
G1 X100.200 Y100.200 E4965.3034
G1 F2400 E4964.3034
G1 F300 Z21.950
G0 F3900 X100.700 Y100.610
G0 X101.800 Y101.300
G0 X101.800 Y101.800
G1 F300 Z21.750
G1 F1500 E4965.3034
G1 F2400 X101.800 Y148.200 E4967.1360
G1 X148.200 Y148.200 E4968.9687
G1 X148.200 Y101.800 E4970.8013
G1 X101.800 Y101.800 E4972.6339
G1 F2400 E4971.6339
G1 F300 Z21.950
G0 F3900 X100.600 Y100.600
;TYPE:WALL-INNER
;WIDTH:0.400
;FLOW:85.0
G1 F300 Z21.750
G1 F1500 E4972.6339
G1 F2400 X149.400 Y100.600 E4974.3585
G1 X149.400 Y149.400 E4976.0830
G1 X100.600 Y149.400 E4977.8076
G1 X100.600 Y100.600 E4979.5321
G1 F2400 E4978.5321
G1 F300 Z21.950
G0 F3900 X101.400 Y101.400
G1 F300 Z21.750
G1 F1500 E4979.5321
G1 F2400 X101.400 Y148.600 E4981.2001
G1 X148.600 Y148.600 E4982.8681
G1 X148.600 Y101.400 E4984.5361
G1 X101.400 Y101.400 E4986.2041
G0 F3900 X101.000 Y101.200
;TYPE:GAP-FILL
;WIDTH:0.400
G1 F3600 X101.000 Y148.800 E4987.8862
;WIDTH:0.468
G1 X101.200 Y149.000 E4987.8979
;WIDTH:0.400
G1 X148.800 Y149.000 E4989.5800
;WIDTH:0.468
G1 X149.000 Y148.800 E4989.5917
;WIDTH:0.400
G1 X149.000 Y101.200 E4991.2739
;WIDTH:0.468
G1 X148.800 Y101.000 E4991.2856
;WIDTH:0.400
G1 X101.200 Y101.000 E4992.9677
;WIDTH:0.468
;WIDTH:0.469
G1 X101.034 Y101.034 E4992.9747
G1 X101.000 Y101.200 E4992.9817
;PRINTING_TIME: 3406
;REMAINING_TIME: 2829
;LAYER:87
;Z:22.000
;HEIGHT:0.250
;FLOW:100.0
;PRINTING: Flow_Calibration_Cube_0.4_mm.stl
;PRINTING_ID: 0
G1 F2400 E4991.9817
G1 F300 Z22.200
G0 F3900 X100.200 Y100.200
G0 F300 Z22.000
;TYPE:WALL-OUTER
;WIDTH:0.400
;FLOW:95.0
G1 F300 Z22.000
G1 F1500 E4992.9817
G1 F2400 X149.800 Y100.200 E4994.9408
G1 X149.800 Y149.800 E4996.8998
G1 X100.200 Y149.800 E4998.8588
G1 X100.200 Y100.200 E5000.8178
G1 F2400 E4999.8178
G1 F300 Z22.200
G0 F3900 X100.700 Y100.610
G0 X101.800 Y101.300
G0 X101.800 Y101.800
G1 F300 Z22.000
G1 F1500 E5000.8178
G1 F2400 X101.800 Y148.200 E5002.6505
G1 X148.200 Y148.200 E5004.4831
G1 X148.200 Y101.800 E5006.3157
G1 X101.800 Y101.800 E5008.1484
G1 F2400 E5007.1484
G1 F300 Z22.200
G0 F3900 X100.600 Y100.600
;TYPE:WALL-INNER
;WIDTH:0.400
;FLOW:85.0
G1 F300 Z22.000
G1 F1500 E5008.1484
G1 F2400 X149.400 Y100.600 E5009.8729
G1 X149.400 Y149.400 E5011.5974
G1 X100.600 Y149.400 E5013.3220
G1 X100.600 Y100.600 E5015.0465
G1 F2400 E5014.0465
G1 F300 Z22.200
G0 F3900 X101.400 Y101.400
G1 F300 Z22.000
G1 F1500 E5015.0465
G1 F2400 X101.400 Y148.600 E5016.7145
G1 X148.600 Y148.600 E5018.3825
G1 X148.600 Y101.400 E5020.0505
G1 X101.400 Y101.400 E5021.7185
G0 F3900 X101.000 Y101.200
;TYPE:GAP-FILL
;WIDTH:0.400
G1 F3600 X101.000 Y148.800 E5023.4006
;WIDTH:0.468
G1 X101.200 Y149.000 E5023.4123
;WIDTH:0.400
G1 X148.800 Y149.000 E5025.0944
;WIDTH:0.468
G1 X149.000 Y148.800 E5025.1061
;WIDTH:0.400
G1 X149.000 Y101.200 E5026.7883
;WIDTH:0.468
G1 X148.800 Y101.000 E5026.8000
;WIDTH:0.400
G1 X101.200 Y101.000 E5028.4821
;WIDTH:0.468
;WIDTH:0.469
G1 X101.034 Y101.034 E5028.4891
G1 X101.000 Y101.200 E5028.4961
;PRINTING_TIME: 3431
;REMAINING_TIME: 2804
;LAYER:88
;Z:22.250
;HEIGHT:0.250
;FLOW:100.0
;PRINTING: Flow_Calibration_Cube_0.4_mm.stl
;PRINTING_ID: 0
G1 F2400 E5027.4961
G1 F300 Z22.450
G0 F3900 X100.200 Y100.200
G0 F300 Z22.250
;TYPE:WALL-OUTER
;WIDTH:0.400
;FLOW:95.0
G1 F300 Z22.250
G1 F1500 E5028.4961
G1 F2400 X149.800 Y100.200 E5030.4552
G1 X149.800 Y149.800 E5032.4142
G1 X100.200 Y149.800 E5034.3732
G1 X100.200 Y100.200 E5036.3322
G1 F2400 E5035.3322
G1 F300 Z22.450
G0 F3900 X100.700 Y100.610
G0 X101.800 Y101.300
G0 X101.800 Y101.800
G1 F300 Z22.250
G1 F1500 E5036.3322
G1 F2400 X101.800 Y148.200 E5038.1649
G1 X148.200 Y148.200 E5039.9975
G1 X148.200 Y101.800 E5041.8301
G1 X101.800 Y101.800 E5043.6628
G1 F2400 E5042.6628
G1 F300 Z22.450
G0 F3900 X100.600 Y100.600
;TYPE:WALL-INNER
;WIDTH:0.400
;FLOW:85.0
G1 F300 Z22.250
G1 F1500 E5043.6628
G1 F2400 X149.400 Y100.600 E5045.3873
G1 X149.400 Y149.400 E5047.1118
G1 X100.600 Y149.400 E5048.8364
G1 X100.600 Y100.600 E5050.5609
G1 F2400 E5049.5609
G1 F300 Z22.450
G0 F3900 X101.400 Y101.400
G1 F300 Z22.250
G1 F1500 E5050.5609
G1 F2400 X101.400 Y148.600 E5052.2289
G1 X148.600 Y148.600 E5053.8969
G1 X148.600 Y101.400 E5055.5649
G1 X101.400 Y101.400 E5057.2329
G0 F3900 X101.000 Y101.200
;TYPE:GAP-FILL
;WIDTH:0.400
G1 F3600 X101.000 Y148.800 E5058.9150
;WIDTH:0.468
G1 X101.200 Y149.000 E5058.9267
;WIDTH:0.400
G1 X148.800 Y149.000 E5060.6089
;WIDTH:0.468
G1 X149.000 Y148.800 E5060.6206
;WIDTH:0.400
G1 X149.000 Y101.200 E5062.3027
;WIDTH:0.468
G1 X148.800 Y101.000 E5062.3144
;WIDTH:0.400
G1 X101.200 Y101.000 E5063.9965
;WIDTH:0.468
;WIDTH:0.469
G1 X101.034 Y101.034 E5064.0035
G1 X101.000 Y101.200 E5064.0105
;PRINTING_TIME: 3456
;REMAINING_TIME: 2779
;LAYER:89
;Z:22.500
;HEIGHT:0.250
;FLOW:100.0
;PRINTING: Flow_Calibration_Cube_0.4_mm.stl
;PRINTING_ID: 0
G1 F2400 E5063.0105
G1 F300 Z22.700
G0 F3900 X100.200 Y100.200
G0 F300 Z22.500
;TYPE:WALL-OUTER
;WIDTH:0.400
;FLOW:95.0
G1 F300 Z22.500
G1 F1500 E5064.0105
G1 F2400 X149.800 Y100.200 E5065.9696
G1 X149.800 Y149.800 E5067.9286
G1 X100.200 Y149.800 E5069.8876
G1 X100.200 Y100.200 E5071.8466
G1 F2400 E5070.8466
G1 F300 Z22.700
G0 F3900 X100.700 Y100.610
G0 X101.800 Y101.300
G0 X101.800 Y101.800
G1 F300 Z22.500
G1 F1500 E5071.8466
G1 F2400 X101.800 Y148.200 E5073.6793
G1 X148.200 Y148.200 E5075.5119
G1 X148.200 Y101.800 E5077.3445
G1 X101.800 Y101.800 E5079.1772
G1 F2400 E5078.1772
G1 F300 Z22.700
G0 F3900 X100.600 Y100.600
;TYPE:WALL-INNER
;WIDTH:0.400
;FLOW:85.0
G1 F300 Z22.500
G1 F1500 E5079.1772
G1 F2400 X149.400 Y100.600 E5080.9017
G1 X149.400 Y149.400 E5082.6262
G1 X100.600 Y149.400 E5084.3508
G1 X100.600 Y100.600 E5086.0753
G1 F2400 E5085.0753
G1 F300 Z22.700
G0 F3900 X101.400 Y101.400
G1 F300 Z22.500
G1 F1500 E5086.0753
G1 F2400 X101.400 Y148.600 E5087.7433
G1 X148.600 Y148.600 E5089.4113
G1 X148.600 Y101.400 E5091.0793
G1 X101.400 Y101.400 E5092.7473
G0 F3900 X101.000 Y101.200
;TYPE:GAP-FILL
;WIDTH:0.400
G1 F3600 X101.000 Y148.800 E5094.4294
;WIDTH:0.468
G1 X101.200 Y149.000 E5094.4411
;WIDTH:0.400
G1 X148.800 Y149.000 E5096.1233
;WIDTH:0.468
G1 X149.000 Y148.800 E5096.1350
;WIDTH:0.400
G1 X149.000 Y101.200 E5097.8171
;WIDTH:0.468
G1 X148.800 Y101.000 E5097.8288
;WIDTH:0.400
G1 X101.200 Y101.000 E5099.5109
;WIDTH:0.468
;WIDTH:0.469
G1 X101.034 Y101.034 E5099.5179
G1 X101.000 Y101.200 E5099.5250
;PRINTING_TIME: 3481
;REMAINING_TIME: 2754
;LAYER:90
;Z:22.750
;HEIGHT:0.250
;FLOW:100.0
;PRINTING: Flow_Calibration_Cube_0.4_mm.stl
;PRINTING_ID: 0
G1 F2400 E5098.5250
G1 F300 Z22.950
G0 F3900 X100.200 Y100.200
G0 F300 Z22.750
;TYPE:WALL-OUTER
;WIDTH:0.400
;FLOW:95.0
G1 F300 Z22.750
G1 F1500 E5099.5250
G1 F2400 X149.800 Y100.200 E5101.4840
G1 X149.800 Y149.800 E5103.4430
G1 X100.200 Y149.800 E5105.4020
G1 X100.200 Y100.200 E5107.3610
G1 F2400 E5106.3610
G1 F300 Z22.950
G0 F3900 X100.700 Y100.610
G0 X101.800 Y101.300
G0 X101.800 Y101.800
G1 F300 Z22.750
G1 F1500 E5107.3610
G1 F2400 X101.800 Y148.200 E5109.1937
G1 X148.200 Y148.200 E5111.0263
G1 X148.200 Y101.800 E5112.8589
G1 X101.800 Y101.800 E5114.6916
G1 F2400 E5113.6916
G1 F300 Z22.950
G0 F3900 X100.600 Y100.600
;TYPE:WALL-INNER
;WIDTH:0.400
;FLOW:85.0
G1 F300 Z22.750
G1 F1500 E5114.6916
G1 F2400 X149.400 Y100.600 E5116.4161
G1 X149.400 Y149.400 E5118.1407
G1 X100.600 Y149.400 E5119.8652
G1 X100.600 Y100.600 E5121.5897
G1 F2400 E5120.5897
G1 F300 Z22.950
G0 F3900 X101.400 Y101.400
G1 F300 Z22.750
G1 F1500 E5121.5897
G1 F2400 X101.400 Y148.600 E5123.2577
G1 X148.600 Y148.600 E5124.9257
G1 X148.600 Y101.400 E5126.5937
G1 X101.400 Y101.400 E5128.2617
G0 F3900 X101.000 Y101.200
;TYPE:GAP-FILL
;WIDTH:0.400
G1 F3600 X101.000 Y148.800 E5129.9438
;WIDTH:0.468
G1 X101.200 Y149.000 E5129.9555
;WIDTH:0.400
G1 X148.800 Y149.000 E5131.6377
;WIDTH:0.468
G1 X149.000 Y148.800 E5131.6494
;WIDTH:0.400
G1 X149.000 Y101.200 E5133.3315
;WIDTH:0.468
G1 X148.800 Y101.000 E5133.3432
;WIDTH:0.400
G1 X101.200 Y101.000 E5135.0253
;WIDTH:0.468
;WIDTH:0.469
G1 X101.034 Y101.034 E5135.0323
G1 X101.000 Y101.200 E5135.0394
;PRINTING_TIME: 3506
;REMAINING_TIME: 2729
;LAYER:91
;Z:23.000
;HEIGHT:0.250
;FLOW:100.0
;PRINTING: Flow_Calibration_Cube_0.4_mm.stl
;PRINTING_ID: 0
G1 F2400 E5134.0394
G1 F300 Z23.200
G0 F3900 X100.200 Y100.200
G0 F300 Z23.000
;TYPE:WALL-OUTER
;WIDTH:0.400
;FLOW:95.0
G1 F300 Z23.000
G1 F1500 E5135.0394
G1 F2400 X149.800 Y100.200 E5136.9984
G1 X149.800 Y149.800 E5138.9574
G1 X100.200 Y149.800 E5140.9164
G1 X100.200 Y100.200 E5142.8755
G1 F2400 E5141.8755
G1 F300 Z23.200
G0 F3900 X100.700 Y100.610
G0 X101.800 Y101.300
G0 X101.800 Y101.800
G1 F300 Z23.000
G1 F1500 E5142.8755
G1 F2400 X101.800 Y148.200 E5144.7081
G1 X148.200 Y148.200 E5146.5407
G1 X148.200 Y101.800 E5148.3734
G1 X101.800 Y101.800 E5150.2060
G1 F2400 E5149.2060
G1 F300 Z23.200
G0 F3900 X100.600 Y100.600
;TYPE:WALL-INNER
;WIDTH:0.400
;FLOW:85.0
G1 F300 Z23.000
G1 F1500 E5150.2060
G1 F2400 X149.400 Y100.600 E5151.9305
G1 X149.400 Y149.400 E5153.6551
G1 X100.600 Y149.400 E5155.3796
G1 X100.600 Y100.600 E5157.1041
G1 F2400 E5156.1041
G1 F300 Z23.200
G0 F3900 X101.400 Y101.400
G1 F300 Z23.000
G1 F1500 E5157.1041
G1 F2400 X101.400 Y148.600 E5158.7721
G1 X148.600 Y148.600 E5160.4401
G1 X148.600 Y101.400 E5162.1081
G1 X101.400 Y101.400 E5163.7761
G0 F3900 X101.000 Y101.200
;TYPE:GAP-FILL
;WIDTH:0.400
G1 F3600 X101.000 Y148.800 E5165.4583
;WIDTH:0.468
G1 X101.200 Y149.000 E5165.4699
;WIDTH:0.400
G1 X148.800 Y149.000 E5167.1521
;WIDTH:0.468
G1 X149.000 Y148.800 E5167.1638
;WIDTH:0.400
G1 X149.000 Y101.200 E5168.8459
;WIDTH:0.468
G1 X148.800 Y101.000 E5168.8576
;WIDTH:0.400
G1 X101.200 Y101.000 E5170.5397
;WIDTH:0.468
;WIDTH:0.469
G1 X101.034 Y101.034 E5170.5468
G1 X101.000 Y101.200 E5170.5538
;PRINTING_TIME: 3531
;REMAINING_TIME: 2704
;LAYER:92
;Z:23.250
;HEIGHT:0.250
;FLOW:100.0
;PRINTING: Flow_Calibration_Cube_0.4_mm.stl
;PRINTING_ID: 0
G1 F2400 E5169.5538
G1 F300 Z23.450
G0 F3900 X100.200 Y100.200
G0 F300 Z23.250
;TYPE:WALL-OUTER
;WIDTH:0.400
;FLOW:95.0
G1 F300 Z23.250
G1 F1500 E5170.5538
G1 F2400 X149.800 Y100.200 E5172.5128
G1 X149.800 Y149.800 E5174.4718
G1 X100.200 Y149.800 E5176.4308
G1 X100.200 Y100.200 E5178.3899
G1 F2400 E5177.3899
G1 F300 Z23.450
G0 F3900 X100.700 Y100.610
G0 X101.800 Y101.300
G0 X101.800 Y101.800
G1 F300 Z23.250
G1 F1500 E5178.3899
G1 F2400 X101.800 Y148.200 E5180.2225
G1 X148.200 Y148.200 E5182.0551
G1 X148.200 Y101.800 E5183.8878
G1 X101.800 Y101.800 E5185.7204
G1 F2400 E5184.7204
G1 F300 Z23.450
G0 F3900 X100.600 Y100.600
;TYPE:WALL-INNER
;WIDTH:0.400
;FLOW:85.0
G1 F300 Z23.250
G1 F1500 E5185.7204
G1 F2400 X149.400 Y100.600 E5187.4449
G1 X149.400 Y149.400 E5189.1695
G1 X100.600 Y149.400 E5190.8940
G1 X100.600 Y100.600 E5192.6185
G1 F2400 E5191.6185
G1 F300 Z23.450
G0 F3900 X101.400 Y101.400
G1 F300 Z23.250
G1 F1500 E5192.6185
G1 F2400 X101.400 Y148.600 E5194.2865
G1 X148.600 Y148.600 E5195.9545
G1 X148.600 Y101.400 E5197.6225
G1 X101.400 Y101.400 E5199.2905
G0 F3900 X101.000 Y101.200
;TYPE:GAP-FILL
;WIDTH:0.400
G1 F3600 X101.000 Y148.800 E5200.9727
;WIDTH:0.468
G1 X101.200 Y149.000 E5200.9844
;WIDTH:0.400
G1 X148.800 Y149.000 E5202.6665
;WIDTH:0.468
G1 X149.000 Y148.800 E5202.6782
;WIDTH:0.400
G1 X149.000 Y101.200 E5204.3603
;WIDTH:0.468
G1 X148.800 Y101.000 E5204.3720
;WIDTH:0.400
G1 X101.200 Y101.000 E5206.0541
;WIDTH:0.468
;WIDTH:0.469
G1 X101.034 Y101.034 E5206.0612
G1 X101.000 Y101.200 E5206.0682
;PRINTING_TIME: 3556
;REMAINING_TIME: 2679
;LAYER:93
;Z:23.500
;HEIGHT:0.250
;FLOW:100.0
;PRINTING: Flow_Calibration_Cube_0.4_mm.stl
;PRINTING_ID: 0
G1 F2400 E5205.0682
G1 F300 Z23.700
G0 F3900 X100.200 Y100.200
G0 F300 Z23.500
;TYPE:WALL-OUTER
;WIDTH:0.400
;FLOW:95.0
G1 F300 Z23.500
G1 F1500 E5206.0682
G1 F2400 X149.800 Y100.200 E5208.0272
G1 X149.800 Y149.800 E5209.9862
G1 X100.200 Y149.800 E5211.9452
G1 X100.200 Y100.200 E5213.9043
G1 F2400 E5212.9043
G1 F300 Z23.700
G0 F3900 X100.700 Y100.610
G0 X101.800 Y101.300
G0 X101.800 Y101.800
G1 F300 Z23.500
G1 F1500 E5213.9043
G1 F2400 X101.800 Y148.200 E5215.7369
G1 X148.200 Y148.200 E5217.5695
G1 X148.200 Y101.800 E5219.4022
G1 X101.800 Y101.800 E5221.2348
G1 F2400 E5220.2348
G1 F300 Z23.700
G0 F3900 X100.600 Y100.600
;TYPE:WALL-INNER
;WIDTH:0.400
;FLOW:85.0
G1 F300 Z23.500
G1 F1500 E5221.2348
G1 F2400 X149.400 Y100.600 E5222.9593
G1 X149.400 Y149.400 E5224.6839
G1 X100.600 Y149.400 E5226.4084
G1 X100.600 Y100.600 E5228.1330
G1 F2400 E5227.1330
G1 F300 Z23.700
G0 F3900 X101.400 Y101.400
G1 F300 Z23.500
G1 F1500 E5228.1330
G1 F2400 X101.400 Y148.600 E5229.8009
G1 X148.600 Y148.600 E5231.4689
G1 X148.600 Y101.400 E5233.1369
G1 X101.400 Y101.400 E5234.8049
G0 F3900 X101.000 Y101.200
;TYPE:GAP-FILL
;WIDTH:0.400
G1 F3600 X101.000 Y148.800 E5236.4871
;WIDTH:0.468
G1 X101.200 Y149.000 E5236.4988
;WIDTH:0.400
G1 X148.800 Y149.000 E5238.1809
;WIDTH:0.468
G1 X149.000 Y148.800 E5238.1926
;WIDTH:0.400
G1 X149.000 Y101.200 E5239.8747
;WIDTH:0.468
G1 X148.800 Y101.000 E5239.8864
;WIDTH:0.400
G1 X101.200 Y101.000 E5241.5685
;WIDTH:0.468
;WIDTH:0.469
G1 X101.034 Y101.034 E5241.5756
G1 X101.000 Y101.200 E5241.5826
;PRINTING_TIME: 3581
;REMAINING_TIME: 2654
;LAYER:94
;Z:23.750
;HEIGHT:0.250
;FLOW:100.0
;PRINTING: Flow_Calibration_Cube_0.4_mm.stl
;PRINTING_ID: 0
G1 F2400 E5240.5826
G1 F300 Z23.950
G0 F3900 X100.200 Y100.200
G0 F300 Z23.750
;TYPE:WALL-OUTER
;WIDTH:0.400
;FLOW:95.0
G1 F300 Z23.750
G1 F1500 E5241.5826
G1 F2400 X149.800 Y100.200 E5243.5416
G1 X149.800 Y149.800 E5245.5006
G1 X100.200 Y149.800 E5247.4597
G1 X100.200 Y100.200 E5249.4187
G1 F2400 E5248.4187
G1 F300 Z23.950
G0 F3900 X100.700 Y100.610
G0 X101.800 Y101.300
G0 X101.800 Y101.800
G1 F300 Z23.750
G1 F1500 E5249.4187
G1 F2400 X101.800 Y148.200 E5251.2513
G1 X148.200 Y148.200 E5253.0839
G1 X148.200 Y101.800 E5254.9166
G1 X101.800 Y101.800 E5256.7492
G1 F2400 E5255.7492
G1 F300 Z23.950
G0 F3900 X100.600 Y100.600
;TYPE:WALL-INNER
;WIDTH:0.400
;FLOW:85.0
G1 F300 Z23.750
G1 F1500 E5256.7492
G1 F2400 X149.400 Y100.600 E5258.4737
G1 X149.400 Y149.400 E5260.1983
G1 X100.600 Y149.400 E5261.9228
G1 X100.600 Y100.600 E5263.6474
G1 F2400 E5262.6474
G1 F300 Z23.950
G0 F3900 X101.400 Y101.400
G1 F300 Z23.750
G1 F1500 E5263.6474
G1 F2400 X101.400 Y148.600 E5265.3154
G1 X148.600 Y148.600 E5266.9834
G1 X148.600 Y101.400 E5268.6513
G1 X101.400 Y101.400 E5270.3193
G0 F3900 X101.000 Y101.200
;TYPE:GAP-FILL
;WIDTH:0.400
G1 F3600 X101.000 Y148.800 E5272.0015
;WIDTH:0.468
G1 X101.200 Y149.000 E5272.0132
;WIDTH:0.400
G1 X148.800 Y149.000 E5273.6953
;WIDTH:0.468
G1 X149.000 Y148.800 E5273.7070
;WIDTH:0.400
G1 X149.000 Y101.200 E5275.3891
;WIDTH:0.468
G1 X148.800 Y101.000 E5275.4008
;WIDTH:0.400
G1 X101.200 Y101.000 E5277.0830
;WIDTH:0.468
;WIDTH:0.469
G1 X101.034 Y101.034 E5277.0900
G1 X101.000 Y101.200 E5277.0970
;PRINTING_TIME: 3606
;REMAINING_TIME: 2629
;LAYER:95
;Z:24.000
;HEIGHT:0.250
;FLOW:100.0
;PRINTING: Flow_Calibration_Cube_0.4_mm.stl
;PRINTING_ID: 0
G1 F2400 E5276.0970
G1 F300 Z24.200
G0 F3900 X100.200 Y100.200
G0 F300 Z24.000
;TYPE:WALL-OUTER
;WIDTH:0.400
;FLOW:95.0
G1 F300 Z24.000
G1 F1500 E5277.0970
G1 F2400 X149.800 Y100.200 E5279.0560
G1 X149.800 Y149.800 E5281.0150
G1 X100.200 Y149.800 E5282.9741
G1 X100.200 Y100.200 E5284.9331
G1 F2400 E5283.9331
G1 F300 Z24.200
G0 F3900 X100.700 Y100.610
G0 X101.800 Y101.300
G0 X101.800 Y101.800
G1 F300 Z24.000
G1 F1500 E5284.9331
G1 F2400 X101.800 Y148.200 E5286.7657
G1 X148.200 Y148.200 E5288.5983
G1 X148.200 Y101.800 E5290.4310
G1 X101.800 Y101.800 E5292.2636
G1 F2400 E5291.2636
G1 F300 Z24.200
G0 F3900 X100.600 Y100.600
;TYPE:WALL-INNER
;WIDTH:0.400
;FLOW:85.0
G1 F300 Z24.000
G1 F1500 E5292.2636
G1 F2400 X149.400 Y100.600 E5293.9882
G1 X149.400 Y149.400 E5295.7127
G1 X100.600 Y149.400 E5297.4372
G1 X100.600 Y100.600 E5299.1618
G1 F2400 E5298.1618
G1 F300 Z24.200
G0 F3900 X101.400 Y101.400
G1 F300 Z24.000
G1 F1500 E5299.1618
G1 F2400 X101.400 Y148.600 E5300.8298
G1 X148.600 Y148.600 E5302.4978
G1 X148.600 Y101.400 E5304.1658
G1 X101.400 Y101.400 E5305.8338
G0 F3900 X101.000 Y101.200
;TYPE:GAP-FILL
;WIDTH:0.400
G1 F3600 X101.000 Y148.800 E5307.5159
;WIDTH:0.468
G1 X101.200 Y149.000 E5307.5276
;WIDTH:0.400
G1 X148.800 Y149.000 E5309.2097
;WIDTH:0.468
G1 X149.000 Y148.800 E5309.2214
;WIDTH:0.400
G1 X149.000 Y101.200 E5310.9035
;WIDTH:0.468
G1 X148.800 Y101.000 E5310.9152
;WIDTH:0.400
G1 X101.200 Y101.000 E5312.5974
;WIDTH:0.468
;WIDTH:0.469
G1 X101.034 Y101.034 E5312.6044
G1 X101.000 Y101.200 E5312.6114
;PRINTING_TIME: 3631
;REMAINING_TIME: 2604
;LAYER:96
;Z:24.250
;HEIGHT:0.250
;FLOW:100.0
;PRINTING: Flow_Calibration_Cube_0.4_mm.stl
;PRINTING_ID: 0
G1 F2400 E5311.6114
G1 F300 Z24.450
G0 F3900 X100.200 Y100.200
G0 F300 Z24.250
;TYPE:WALL-OUTER
;WIDTH:0.400
;FLOW:95.0
G1 F300 Z24.250
G1 F1500 E5312.6114
G1 F2400 X149.800 Y100.200 E5314.5704
G1 X149.800 Y149.800 E5316.5294
G1 X100.200 Y149.800 E5318.4885
G1 X100.200 Y100.200 E5320.4475
G1 F2400 E5319.4475
G1 F300 Z24.450
G0 F3900 X100.700 Y100.610
G0 X101.800 Y101.300
G0 X101.800 Y101.800
G1 F300 Z24.250
G1 F1500 E5320.4475
G1 F2400 X101.800 Y148.200 E5322.2801
G1 X148.200 Y148.200 E5324.1128
G1 X148.200 Y101.800 E5325.9454
G1 X101.800 Y101.800 E5327.7780
G1 F2400 E5326.7780
G1 F300 Z24.450
G0 F3900 X100.600 Y100.600
;TYPE:WALL-INNER
;WIDTH:0.400
;FLOW:85.0
G1 F300 Z24.250
G1 F1500 E5327.7780
G1 F2400 X149.400 Y100.600 E5329.5026
G1 X149.400 Y149.400 E5331.2271
G1 X100.600 Y149.400 E5332.9516
G1 X100.600 Y100.600 E5334.6762
G1 F2400 E5333.6762
G1 F300 Z24.450
G0 F3900 X101.400 Y101.400
G1 F300 Z24.250
G1 F1500 E5334.6762
G1 F2400 X101.400 Y148.600 E5336.3442
G1 X148.600 Y148.600 E5338.0122
G1 X148.600 Y101.400 E5339.6802
G1 X101.400 Y101.400 E5341.3482
G0 F3900 X101.000 Y101.200
;TYPE:GAP-FILL
;WIDTH:0.400
G1 F3600 X101.000 Y148.800 E5343.0303
;WIDTH:0.468
G1 X101.200 Y149.000 E5343.0420
;WIDTH:0.400
G1 X148.800 Y149.000 E5344.7241
;WIDTH:0.468
G1 X149.000 Y148.800 E5344.7358
;WIDTH:0.400
G1 X149.000 Y101.200 E5346.4179
;WIDTH:0.468
G1 X148.800 Y101.000 E5346.4296
;WIDTH:0.400
G1 X101.200 Y101.000 E5348.1118
;WIDTH:0.468
;WIDTH:0.469
G1 X101.034 Y101.034 E5348.1188
G1 X101.000 Y101.200 E5348.1258
;PRINTING_TIME: 3656
;REMAINING_TIME: 2579
;LAYER:97
;Z:24.500
;HEIGHT:0.250
;FLOW:100.0
;PRINTING: Flow_Calibration_Cube_0.4_mm.stl
;PRINTING_ID: 0
G1 F2400 E5347.1258
G1 F300 Z24.700
G0 F3900 X100.200 Y100.200
G0 F300 Z24.500
;TYPE:WALL-OUTER
;WIDTH:0.400
;FLOW:95.0
G1 F300 Z24.500
G1 F1500 E5348.1258
G1 F2400 X149.800 Y100.200 E5350.0848
G1 X149.800 Y149.800 E5352.0439
G1 X100.200 Y149.800 E5354.0029
G1 X100.200 Y100.200 E5355.9619
G1 F2400 E5354.9619
G1 F300 Z24.700
G0 F3900 X100.700 Y100.610
G0 X101.800 Y101.300
G0 X101.800 Y101.800
G1 F300 Z24.500
G1 F1500 E5355.9619
G1 F2400 X101.800 Y148.200 E5357.7945
G1 X148.200 Y148.200 E5359.6272
G1 X148.200 Y101.800 E5361.4598
G1 X101.800 Y101.800 E5363.2924
G1 F2400 E5362.2924
G1 F300 Z24.700
G0 F3900 X100.600 Y100.600
;TYPE:WALL-INNER
;WIDTH:0.400
;FLOW:85.0
G1 F300 Z24.500
G1 F1500 E5363.2924
G1 F2400 X149.400 Y100.600 E5365.0170
G1 X149.400 Y149.400 E5366.7415
G1 X100.600 Y149.400 E5368.4660
G1 X100.600 Y100.600 E5370.1906
G1 F2400 E5369.1906
G1 F300 Z24.700
G0 F3900 X101.400 Y101.400
G1 F300 Z24.500
G1 F1500 E5370.1906
G1 F2400 X101.400 Y148.600 E5371.8586
G1 X148.600 Y148.600 E5373.5266
G1 X148.600 Y101.400 E5375.1946
G1 X101.400 Y101.400 E5376.8626
G0 F3900 X101.000 Y101.200
;TYPE:GAP-FILL
;WIDTH:0.400
G1 F3600 X101.000 Y148.800 E5378.5447
;WIDTH:0.468
G1 X101.200 Y149.000 E5378.5564
;WIDTH:0.400
G1 X148.800 Y149.000 E5380.2385
;WIDTH:0.468
G1 X149.000 Y148.800 E5380.2502
;WIDTH:0.400
G1 X149.000 Y101.200 E5381.9324
;WIDTH:0.468
G1 X148.800 Y101.000 E5381.9440
;WIDTH:0.400
G1 X101.200 Y101.000 E5383.6262
;WIDTH:0.468
;WIDTH:0.469
G1 X101.034 Y101.034 E5383.6332
G1 X101.000 Y101.200 E5383.6402
;PRINTING_TIME: 3681
;REMAINING_TIME: 2554
;LAYER:98
;Z:24.750
;HEIGHT:0.250
;FLOW:100.0
;PRINTING: Flow_Calibration_Cube_0.4_mm.stl
;PRINTING_ID: 0
G1 F2400 E5382.6402
G1 F300 Z24.950
G0 F3900 X100.200 Y100.200
G0 F300 Z24.750
;TYPE:WALL-OUTER
;WIDTH:0.400
;FLOW:95.0
G1 F300 Z24.750
G1 F1500 E5383.6402
G1 F2400 X149.800 Y100.200 E5385.5992
G1 X149.800 Y149.800 E5387.5583
G1 X100.200 Y149.800 E5389.5173
G1 X100.200 Y100.200 E5391.4763
G1 F2400 E5390.4763
G1 F300 Z24.950
G0 F3900 X100.700 Y100.610
G0 X101.800 Y101.300
G0 X101.800 Y101.800
G1 F300 Z24.750
G1 F1500 E5391.4763
G1 F2400 X101.800 Y148.200 E5393.3089
G1 X148.200 Y148.200 E5395.1416
G1 X148.200 Y101.800 E5396.9742
G1 X101.800 Y101.800 E5398.8068
G1 F2400 E5397.8068
G1 F300 Z24.950
G0 F3900 X100.600 Y100.600
;TYPE:WALL-INNER
;WIDTH:0.400
;FLOW:85.0
G1 F300 Z24.750
G1 F1500 E5398.8068
G1 F2400 X149.400 Y100.600 E5400.5314
G1 X149.400 Y149.400 E5402.2559
G1 X100.600 Y149.400 E5403.9805
G1 X100.600 Y100.600 E5405.7050
G1 F2400 E5404.7050
G1 F300 Z24.950
G0 F3900 X101.400 Y101.400
G1 F300 Z24.750
G1 F1500 E5405.7050
G1 F2400 X101.400 Y148.600 E5407.3730
G1 X148.600 Y148.600 E5409.0410
G1 X148.600 Y101.400 E5410.7090
G1 X101.400 Y101.400 E5412.3770
G0 F3900 X101.000 Y101.200
;TYPE:GAP-FILL
;WIDTH:0.400
G1 F3600 X101.000 Y148.800 E5414.0591
;WIDTH:0.468
G1 X101.200 Y149.000 E5414.0708
;WIDTH:0.400
G1 X148.800 Y149.000 E5415.7529
;WIDTH:0.468
G1 X149.000 Y148.800 E5415.7646
;WIDTH:0.400
G1 X149.000 Y101.200 E5417.4468
;WIDTH:0.468
G1 X148.800 Y101.000 E5417.4585
;WIDTH:0.400
G1 X101.200 Y101.000 E5419.1406
;WIDTH:0.468
;WIDTH:0.469
G1 X101.034 Y101.034 E5419.1476
G1 X101.000 Y101.200 E5419.1546
;PRINTING_TIME: 3706
;REMAINING_TIME: 2529
;LAYER:99
;Z:25.000
;HEIGHT:0.250
;FLOW:100.0
;PRINTING: Flow_Calibration_Cube_0.4_mm.stl
;PRINTING_ID: 0
G1 F2400 E5418.1546
G1 F300 Z25.200
G0 F3900 X100.200 Y100.200
G0 F300 Z25.000
;TYPE:WALL-OUTER
;WIDTH:0.400
;FLOW:95.0
G1 F300 Z25.000
G1 F1500 E5419.1546
G1 F2400 X149.800 Y100.200 E5421.1136
G1 X149.800 Y149.800 E5423.0727
G1 X100.200 Y149.800 E5425.0317
G1 X100.200 Y100.200 E5426.9907
G1 F2400 E5425.9907
G1 F300 Z25.200
G0 F3900 X100.700 Y100.610
G0 X101.800 Y101.300
G0 X101.800 Y101.800
G1 F300 Z25.000
G1 F1500 E5426.9907
G1 F2400 X101.800 Y148.200 E5428.8233
G1 X148.200 Y148.200 E5430.6560
G1 X148.200 Y101.800 E5432.4886
G1 X101.800 Y101.800 E5434.3212
G1 F2400 E5433.3212
G1 F300 Z25.200
G0 F3900 X100.600 Y100.600
;TYPE:WALL-INNER
;WIDTH:0.400
;FLOW:85.0
G1 F300 Z25.000
G1 F1500 E5434.3212
G1 F2400 X149.400 Y100.600 E5436.0458
G1 X149.400 Y149.400 E5437.7703
G1 X100.600 Y149.400 E5439.4949
G1 X100.600 Y100.600 E5441.2194
G1 F2400 E5440.2194
G1 F300 Z25.200
G0 F3900 X101.400 Y101.400
G1 F300 Z25.000
G1 F1500 E5441.2194
G1 F2400 X101.400 Y148.600 E5442.8874
G1 X148.600 Y148.600 E5444.5554
G1 X148.600 Y101.400 E5446.2234
G1 X101.400 Y101.400 E5447.8914
G0 F3900 X101.000 Y101.200
;TYPE:GAP-FILL
;WIDTH:0.400
G1 F3600 X101.000 Y148.800 E5449.5735
;WIDTH:0.468
G1 X101.200 Y149.000 E5449.5852
;WIDTH:0.400
G1 X148.800 Y149.000 E5451.2673
;WIDTH:0.468
G1 X149.000 Y148.800 E5451.2790
;WIDTH:0.400
G1 X149.000 Y101.200 E5452.9612
;WIDTH:0.468
G1 X148.800 Y101.000 E5452.9729
;WIDTH:0.400
G1 X101.200 Y101.000 E5454.6550
;WIDTH:0.468
;WIDTH:0.469
G1 X101.034 Y101.034 E5454.6620
G1 X101.000 Y101.200 E5454.6690
;PRINTING_TIME: 3731
;REMAINING_TIME: 2504
;LAYER:100
;Z:25.250
;HEIGHT:0.250
;FLOW:100.0
;PRINTING: Flow_Calibration_Cube_0.4_mm.stl
;PRINTING_ID: 0
G1 F2400 E5453.6690
G1 F300 Z25.450
G0 F3900 X100.200 Y100.200
G0 F300 Z25.250
;TYPE:WALL-OUTER
;WIDTH:0.400
;FLOW:95.0
G1 F300 Z25.250
G1 F1500 E5454.6690
G1 F2400 X149.800 Y100.200 E5456.6281
G1 X149.800 Y149.800 E5458.5871
G1 X100.200 Y149.800 E5460.5461
G1 X100.200 Y100.200 E5462.5051
G1 F2400 E5461.5051
G1 F300 Z25.450
G0 F3900 X100.700 Y100.610
G0 X101.800 Y101.300
G0 X101.800 Y101.800
G1 F300 Z25.250
G1 F1500 E5462.5051
G1 F2400 X101.800 Y148.200 E5464.3378
G1 X148.200 Y148.200 E5466.1704
G1 X148.200 Y101.800 E5468.0030
G1 X101.800 Y101.800 E5469.8357
G1 F2400 E5468.8357
G1 F300 Z25.450
G0 F3900 X100.600 Y100.600
;TYPE:WALL-INNER
;WIDTH:0.400
;FLOW:85.0
G1 F300 Z25.250
G1 F1500 E5469.8357
G1 F2400 X149.400 Y100.600 E5471.5602
G1 X149.400 Y149.400 E5473.2847
G1 X100.600 Y149.400 E5475.0093
G1 X100.600 Y100.600 E5476.7338
G1 F2400 E5475.7338
G1 F300 Z25.450
G0 F3900 X101.400 Y101.400
G1 F300 Z25.250
G1 F1500 E5476.7338
G1 F2400 X101.400 Y148.600 E5478.4018
G1 X148.600 Y148.600 E5480.0698
G1 X148.600 Y101.400 E5481.7378
G1 X101.400 Y101.400 E5483.4058
G0 F3900 X101.000 Y101.200
;TYPE:GAP-FILL
;WIDTH:0.400
G1 F3600 X101.000 Y148.800 E5485.0879
;WIDTH:0.468
G1 X101.200 Y149.000 E5485.0996
;WIDTH:0.400
G1 X148.800 Y149.000 E5486.7817
;WIDTH:0.468
G1 X149.000 Y148.800 E5486.7934
;WIDTH:0.400
G1 X149.000 Y101.200 E5488.4756
;WIDTH:0.468
G1 X148.800 Y101.000 E5488.4873
;WIDTH:0.400
G1 X101.200 Y101.000 E5490.1694
;WIDTH:0.468
;WIDTH:0.469
G1 X101.034 Y101.034 E5490.1764
G1 X101.000 Y101.200 E5490.1834
;PRINTING_TIME: 3756
;REMAINING_TIME: 2479
;LAYER:101
;Z:25.500
;HEIGHT:0.250
;FLOW:100.0
;PRINTING: Flow_Calibration_Cube_0.4_mm.stl
;PRINTING_ID: 0
G1 F2400 E5489.1834
G1 F300 Z25.700
G0 F3900 X100.200 Y100.200
G0 F300 Z25.500
;TYPE:WALL-OUTER
;WIDTH:0.400
;FLOW:95.0
G1 F300 Z25.500
G1 F1500 E5490.1834
G1 F2400 X149.800 Y100.200 E5492.1425
G1 X149.800 Y149.800 E5494.1015
G1 X100.200 Y149.800 E5496.0605
G1 X100.200 Y100.200 E5498.0195
G1 F2400 E5497.0195
G1 F300 Z25.700
G0 F3900 X100.700 Y100.610
G0 X101.800 Y101.300
G0 X101.800 Y101.800
G1 F300 Z25.500
G1 F1500 E5498.0195
G1 F2400 X101.800 Y148.200 E5499.8522
G1 X148.200 Y148.200 E5501.6848
G1 X148.200 Y101.800 E5503.5174
G1 X101.800 Y101.800 E5505.3501
G1 F2400 E5504.3501
G1 F300 Z25.700
G0 F3900 X100.600 Y100.600
;TYPE:WALL-INNER
;WIDTH:0.400
;FLOW:85.0
G1 F300 Z25.500
G1 F1500 E5505.3501
G1 F2400 X149.400 Y100.600 E5507.0746
G1 X149.400 Y149.400 E5508.7991
G1 X100.600 Y149.400 E5510.5237
G1 X100.600 Y100.600 E5512.2482
G1 F2400 E5511.2482
G1 F300 Z25.700
G0 F3900 X101.400 Y101.400
G1 F300 Z25.500
G1 F1500 E5512.2482
G1 F2400 X101.400 Y148.600 E5513.9162
G1 X148.600 Y148.600 E5515.5842
G1 X148.600 Y101.400 E5517.2522
G1 X101.400 Y101.400 E5518.9202
G0 F3900 X101.000 Y101.200
;TYPE:GAP-FILL
;WIDTH:0.400
G1 F3600 X101.000 Y148.800 E5520.6023
;WIDTH:0.468
G1 X101.200 Y149.000 E5520.6140
;WIDTH:0.400
G1 X148.800 Y149.000 E5522.2962
;WIDTH:0.468
G1 X149.000 Y148.800 E5522.3078
;WIDTH:0.400
G1 X149.000 Y101.200 E5523.9900
;WIDTH:0.468
G1 X148.800 Y101.000 E5524.0017
;WIDTH:0.400
G1 X101.200 Y101.000 E5525.6838
;WIDTH:0.468
;WIDTH:0.469
G1 X101.034 Y101.034 E5525.6908
G1 X101.000 Y101.200 E5525.6978
;PRINTING_TIME: 3781
;REMAINING_TIME: 2454
;LAYER:102
;Z:25.750
;HEIGHT:0.250
;FLOW:100.0
;PRINTING: Flow_Calibration_Cube_0.4_mm.stl
;PRINTING_ID: 0
G1 F2400 E5524.6978
G1 F300 Z25.950
G0 F3900 X100.200 Y100.200
G0 F300 Z25.750
;TYPE:WALL-OUTER
;WIDTH:0.400
;FLOW:95.0
G1 F300 Z25.750
G1 F1500 E5525.6978
G1 F2400 X149.800 Y100.200 E5527.6569
G1 X149.800 Y149.800 E5529.6159
G1 X100.200 Y149.800 E5531.5749
G1 X100.200 Y100.200 E5533.5339
G1 F2400 E5532.5339
G1 F300 Z25.950
G0 F3900 X100.700 Y100.610
G0 X101.800 Y101.300
G0 X101.800 Y101.800
G1 F300 Z25.750
G1 F1500 E5533.5339
G1 F2400 X101.800 Y148.200 E5535.3666
G1 X148.200 Y148.200 E5537.1992
G1 X148.200 Y101.800 E5539.0318
G1 X101.800 Y101.800 E5540.8645
G1 F2400 E5539.8645
G1 F300 Z25.950
G0 F3900 X100.600 Y100.600
;TYPE:WALL-INNER
;WIDTH:0.400
;FLOW:85.0
G1 F300 Z25.750
G1 F1500 E5540.8645
G1 F2400 X149.400 Y100.600 E5542.5890
G1 X149.400 Y149.400 E5544.3135
G1 X100.600 Y149.400 E5546.0381
G1 X100.600 Y100.600 E5547.7626
G1 F2400 E5546.7626
G1 F300 Z25.950
G0 F3900 X101.400 Y101.400
G1 F300 Z25.750
G1 F1500 E5547.7626
G1 F2400 X101.400 Y148.600 E5549.4306
G1 X148.600 Y148.600 E5551.0986
G1 X148.600 Y101.400 E5552.7666
G1 X101.400 Y101.400 E5554.4346
G0 F3900 X101.000 Y101.200
;TYPE:GAP-FILL
;WIDTH:0.400
G1 F3600 X101.000 Y148.800 E5556.1167
;WIDTH:0.468
G1 X101.200 Y149.000 E5556.1284
;WIDTH:0.400
G1 X148.800 Y149.000 E5557.8106
;WIDTH:0.468
G1 X149.000 Y148.800 E5557.8223
;WIDTH:0.400
G1 X149.000 Y101.200 E5559.5044
;WIDTH:0.468
G1 X148.800 Y101.000 E5559.5161
;WIDTH:0.400
G1 X101.200 Y101.000 E5561.1982
;WIDTH:0.468
;WIDTH:0.469
G1 X101.034 Y101.034 E5561.2052
G1 X101.000 Y101.200 E5561.2123
;PRINTING_TIME: 3807
;REMAINING_TIME: 2428
;LAYER:103
;Z:26.000
;HEIGHT:0.250
;FLOW:100.0
;PRINTING: Flow_Calibration_Cube_0.4_mm.stl
;PRINTING_ID: 0
G1 F2400 E5560.2123
G1 F300 Z26.200
G0 F3900 X100.200 Y100.200
G0 F300 Z26.000
;TYPE:WALL-OUTER
;WIDTH:0.400
;FLOW:95.0
G1 F300 Z26.000
G1 F1500 E5561.2123
G1 F2400 X149.800 Y100.200 E5563.1713
G1 X149.800 Y149.800 E5565.1303
G1 X100.200 Y149.800 E5567.0893
G1 X100.200 Y100.200 E5569.0483
G1 F2400 E5568.0483
G1 F300 Z26.200
G0 F3900 X100.700 Y100.610
G0 X101.800 Y101.300
G0 X101.800 Y101.800
G1 F300 Z26.000
G1 F1500 E5569.0483
G1 F2400 X101.800 Y148.200 E5570.8810
G1 X148.200 Y148.200 E5572.7136
G1 X148.200 Y101.800 E5574.5462
G1 X101.800 Y101.800 E5576.3789
G1 F2400 E5575.3789
G1 F300 Z26.200
G0 F3900 X100.600 Y100.600
;TYPE:WALL-INNER
;WIDTH:0.400
;FLOW:85.0
G1 F300 Z26.000
G1 F1500 E5576.3789
G1 F2400 X149.400 Y100.600 E5578.1034
G1 X149.400 Y149.400 E5579.8280
G1 X100.600 Y149.400 E5581.5525
G1 X100.600 Y100.600 E5583.2770
G1 F2400 E5582.2770
G1 F300 Z26.200
G0 F3900 X101.400 Y101.400
G1 F300 Z26.000
G1 F1500 E5583.2770
G1 F2400 X101.400 Y148.600 E5584.9450
G1 X148.600 Y148.600 E5586.6130
G1 X148.600 Y101.400 E5588.2810
G1 X101.400 Y101.400 E5589.9490
G0 F3900 X101.000 Y101.200
;TYPE:GAP-FILL
;WIDTH:0.400
G1 F3600 X101.000 Y148.800 E5591.6311
;WIDTH:0.468
G1 X101.200 Y149.000 E5591.6428
;WIDTH:0.400
G1 X148.800 Y149.000 E5593.3250
;WIDTH:0.468
G1 X149.000 Y148.800 E5593.3367
;WIDTH:0.400
G1 X149.000 Y101.200 E5595.0188
;WIDTH:0.468
G1 X148.800 Y101.000 E5595.0305
;WIDTH:0.400
G1 X101.200 Y101.000 E5596.7126
;WIDTH:0.468
;WIDTH:0.469
G1 X101.034 Y101.034 E5596.7196
G1 X101.000 Y101.200 E5596.7267
;PRINTING_TIME: 3832
;REMAINING_TIME: 2403
;LAYER:104
;Z:26.250
;HEIGHT:0.250
;FLOW:100.0
;PRINTING: Flow_Calibration_Cube_0.4_mm.stl
;PRINTING_ID: 0
G1 F2400 E5595.7267
G1 F300 Z26.450
G0 F3900 X100.200 Y100.200
G0 F300 Z26.250
;TYPE:WALL-OUTER
;WIDTH:0.400
;FLOW:95.0
G1 F300 Z26.250
G1 F1500 E5596.7267
G1 F2400 X149.800 Y100.200 E5598.6857
G1 X149.800 Y149.800 E5600.6447
G1 X100.200 Y149.800 E5602.6037
G1 X100.200 Y100.200 E5604.5628
G1 F2400 E5603.5628
G1 F300 Z26.450
G0 F3900 X100.700 Y100.610
G0 X101.800 Y101.300
G0 X101.800 Y101.800
G1 F300 Z26.250
G1 F1500 E5604.5628
G1 F2400 X101.800 Y148.200 E5606.3954
G1 X148.200 Y148.200 E5608.2280
G1 X148.200 Y101.800 E5610.0607
G1 X101.800 Y101.800 E5611.8933
G1 F2400 E5610.8933
G1 F300 Z26.450
G0 F3900 X100.600 Y100.600
;TYPE:WALL-INNER
;WIDTH:0.400
;FLOW:85.0
G1 F300 Z26.250
G1 F1500 E5611.8933
G1 F2400 X149.400 Y100.600 E5613.6178
G1 X149.400 Y149.400 E5615.3424
G1 X100.600 Y149.400 E5617.0669
G1 X100.600 Y100.600 E5618.7914
G1 F2400 E5617.7914
G1 F300 Z26.450
G0 F3900 X101.400 Y101.400
G1 F300 Z26.250
G1 F1500 E5618.7914
G1 F2400 X101.400 Y148.600 E5620.4594
G1 X148.600 Y148.600 E5622.1274
G1 X148.600 Y101.400 E5623.7954
G1 X101.400 Y101.400 E5625.4634
G0 F3900 X101.000 Y101.200
;TYPE:GAP-FILL
;WIDTH:0.400
G1 F3600 X101.000 Y148.800 E5627.1456
;WIDTH:0.468
G1 X101.200 Y149.000 E5627.1572
;WIDTH:0.400
G1 X148.800 Y149.000 E5628.8394
;WIDTH:0.468
G1 X149.000 Y148.800 E5628.8511
;WIDTH:0.400
G1 X149.000 Y101.200 E5630.5332
;WIDTH:0.468
G1 X148.800 Y101.000 E5630.5449
;WIDTH:0.400
G1 X101.200 Y101.000 E5632.2270
;WIDTH:0.468
;WIDTH:0.469
G1 X101.034 Y101.034 E5632.2341
G1 X101.000 Y101.200 E5632.2411
;PRINTING_TIME: 3857
;REMAINING_TIME: 2378
;LAYER:105
;Z:26.500
;HEIGHT:0.250
;FLOW:100.0
;PRINTING: Flow_Calibration_Cube_0.4_mm.stl
;PRINTING_ID: 0
G1 F2400 E5631.2411
G1 F300 Z26.700
G0 F3900 X100.200 Y100.200
G0 F300 Z26.500
;TYPE:WALL-OUTER
;WIDTH:0.400
;FLOW:95.0
G1 F300 Z26.500
G1 F1500 E5632.2411
G1 F2400 X149.800 Y100.200 E5634.2001
G1 X149.800 Y149.800 E5636.1591
G1 X100.200 Y149.800 E5638.1181
G1 X100.200 Y100.200 E5640.0772
G1 F2400 E5639.0772
G1 F300 Z26.700
G0 F3900 X100.700 Y100.610
G0 X101.800 Y101.300
G0 X101.800 Y101.800
G1 F300 Z26.500
G1 F1500 E5640.0772
G1 F2400 X101.800 Y148.200 E5641.9098
G1 X148.200 Y148.200 E5643.7424
G1 X148.200 Y101.800 E5645.5751
G1 X101.800 Y101.800 E5647.4077
G1 F2400 E5646.4077
G1 F300 Z26.700
G0 F3900 X100.600 Y100.600
;TYPE:WALL-INNER
;WIDTH:0.400
;FLOW:85.0
G1 F300 Z26.500
G1 F1500 E5647.4077
G1 F2400 X149.400 Y100.600 E5649.1322
G1 X149.400 Y149.400 E5650.8568
G1 X100.600 Y149.400 E5652.5813
G1 X100.600 Y100.600 E5654.3058
G1 F2400 E5653.3058
G1 F300 Z26.700
G0 F3900 X101.400 Y101.400
G1 F300 Z26.500
G1 F1500 E5654.3058
G1 F2400 X101.400 Y148.600 E5655.9738
G1 X148.600 Y148.600 E5657.6418
G1 X148.600 Y101.400 E5659.3098
G1 X101.400 Y101.400 E5660.9778
G0 F3900 X101.000 Y101.200
;TYPE:GAP-FILL
;WIDTH:0.400
G1 F3600 X101.000 Y148.800 E5662.6600
;WIDTH:0.468
G1 X101.200 Y149.000 E5662.6717
;WIDTH:0.400
G1 X148.800 Y149.000 E5664.3538
;WIDTH:0.468
G1 X149.000 Y148.800 E5664.3655
;WIDTH:0.400
G1 X149.000 Y101.200 E5666.0476
;WIDTH:0.468
G1 X148.800 Y101.000 E5666.0593
;WIDTH:0.400
G1 X101.200 Y101.000 E5667.7414
;WIDTH:0.468
;WIDTH:0.469
G1 X101.034 Y101.034 E5667.7485
G1 X101.000 Y101.200 E5667.7555
;PRINTING_TIME: 3882
;REMAINING_TIME: 2353
;LAYER:106
;Z:26.750
;HEIGHT:0.250
;FLOW:100.0
;PRINTING: Flow_Calibration_Cube_0.4_mm.stl
;PRINTING_ID: 0
G1 F2400 E5666.7555
G1 F300 Z26.950
G0 F3900 X100.200 Y100.200
G0 F300 Z26.750
;TYPE:WALL-OUTER
;WIDTH:0.400
;FLOW:95.0
G1 F300 Z26.750
G1 F1500 E5667.7555
G1 F2400 X149.800 Y100.200 E5669.7145
G1 X149.800 Y149.800 E5671.6735
G1 X100.200 Y149.800 E5673.6325
G1 X100.200 Y100.200 E5675.5916
G1 F2400 E5674.5916
G1 F300 Z26.950
G0 F3900 X100.700 Y100.610
G0 X101.800 Y101.300
G0 X101.800 Y101.800
G1 F300 Z26.750
G1 F1500 E5675.5916
G1 F2400 X101.800 Y148.200 E5677.4242
G1 X148.200 Y148.200 E5679.2568
G1 X148.200 Y101.800 E5681.0895
G1 X101.800 Y101.800 E5682.9221
G1 F2400 E5681.9221
G1 F300 Z26.950
G0 F3900 X100.600 Y100.600
;TYPE:WALL-INNER
;WIDTH:0.400
;FLOW:85.0
G1 F300 Z26.750
G1 F1500 E5682.9221
G1 F2400 X149.400 Y100.600 E5684.6466
G1 X149.400 Y149.400 E5686.3712
G1 X100.600 Y149.400 E5688.0957
G1 X100.600 Y100.600 E5689.8203
G1 F2400 E5688.8203
G1 F300 Z26.950
G0 F3900 X101.400 Y101.400
G1 F300 Z26.750
G1 F1500 E5689.8203
G1 F2400 X101.400 Y148.600 E5691.4882
G1 X148.600 Y148.600 E5693.1562
G1 X148.600 Y101.400 E5694.8242
G1 X101.400 Y101.400 E5696.4922
G0 F3900 X101.000 Y101.200
;TYPE:GAP-FILL
;WIDTH:0.400
G1 F3600 X101.000 Y148.800 E5698.1744
;WIDTH:0.468
G1 X101.200 Y149.000 E5698.1861
;WIDTH:0.400
G1 X148.800 Y149.000 E5699.8682
;WIDTH:0.468
G1 X149.000 Y148.800 E5699.8799
;WIDTH:0.400
G1 X149.000 Y101.200 E5701.5620
;WIDTH:0.468
G1 X148.800 Y101.000 E5701.5737
;WIDTH:0.400
G1 X101.200 Y101.000 E5703.2558
;WIDTH:0.468
;WIDTH:0.469
G1 X101.034 Y101.034 E5703.2629
G1 X101.000 Y101.200 E5703.2699
;PRINTING_TIME: 3907
;REMAINING_TIME: 2328
;LAYER:107
;Z:27.000
;HEIGHT:0.250
;FLOW:100.0
;PRINTING: Flow_Calibration_Cube_0.4_mm.stl
;PRINTING_ID: 0
G1 F2400 E5702.2699
G1 F300 Z27.200
G0 F3900 X100.200 Y100.200
G0 F300 Z27.000
;TYPE:WALL-OUTER
;WIDTH:0.400
;FLOW:95.0
G1 F300 Z27.000
G1 F1500 E5703.2699
G1 F2400 X149.800 Y100.200 E5705.2289
G1 X149.800 Y149.800 E5707.1879
G1 X100.200 Y149.800 E5709.1470
G1 X100.200 Y100.200 E5711.1060
G1 F2400 E5710.1060
G1 F300 Z27.200
G0 F3900 X100.700 Y100.610
G0 X101.800 Y101.300
G0 X101.800 Y101.800
G1 F300 Z27.000
G1 F1500 E5711.1060
G1 F2400 X101.800 Y148.200 E5712.9386
G1 X148.200 Y148.200 E5714.7712
G1 X148.200 Y101.800 E5716.6039
G1 X101.800 Y101.800 E5718.4365
G1 F2400 E5717.4365
G1 F300 Z27.200
G0 F3900 X100.600 Y100.600
;TYPE:WALL-INNER
;WIDTH:0.400
;FLOW:85.0
G1 F300 Z27.000
G1 F1500 E5718.4365
G1 F2400 X149.400 Y100.600 E5720.1610
G1 X149.400 Y149.400 E5721.8856
G1 X100.600 Y149.400 E5723.6101
G1 X100.600 Y100.600 E5725.3347
G1 F2400 E5724.3347
G1 F300 Z27.200
G0 F3900 X101.400 Y101.400
G1 F300 Z27.000
G1 F1500 E5725.3347
G1 F2400 X101.400 Y148.600 E5727.0027
G1 X148.600 Y148.600 E5728.6707
G1 X148.600 Y101.400 E5730.3386
G1 X101.400 Y101.400 E5732.0066
G0 F3900 X101.000 Y101.200
;TYPE:GAP-FILL
;WIDTH:0.400
G1 F3600 X101.000 Y148.800 E5733.6888
;WIDTH:0.468
G1 X101.200 Y149.000 E5733.7005
;WIDTH:0.400
G1 X148.800 Y149.000 E5735.3826
;WIDTH:0.468
G1 X149.000 Y148.800 E5735.3943
;WIDTH:0.400
G1 X149.000 Y101.200 E5737.0764
;WIDTH:0.468
G1 X148.800 Y101.000 E5737.0881
;WIDTH:0.400
G1 X101.200 Y101.000 E5738.7703
;WIDTH:0.468
;WIDTH:0.469
G1 X101.034 Y101.034 E5738.7773
G1 X101.000 Y101.200 E5738.7843
;PRINTING_TIME: 3932
;REMAINING_TIME: 2303
;LAYER:108
;Z:27.250
;HEIGHT:0.250
;FLOW:100.0
;PRINTING: Flow_Calibration_Cube_0.4_mm.stl
;PRINTING_ID: 0
G1 F2400 E5737.7843
G1 F300 Z27.450
G0 F3900 X100.200 Y100.200
G0 F300 Z27.250
;TYPE:WALL-OUTER
;WIDTH:0.400
;FLOW:95.0
G1 F300 Z27.250
G1 F1500 E5738.7843
G1 F2400 X149.800 Y100.200 E5740.7433
G1 X149.800 Y149.800 E5742.7023
G1 X100.200 Y149.800 E5744.6614
G1 X100.200 Y100.200 E5746.6204
G1 F2400 E5745.6204
G1 F300 Z27.450
G0 F3900 X100.700 Y100.610
G0 X101.800 Y101.300
G0 X101.800 Y101.800
G1 F300 Z27.250
G1 F1500 E5746.6204
G1 F2400 X101.800 Y148.200 E5748.4530
G1 X148.200 Y148.200 E5750.2856
G1 X148.200 Y101.800 E5752.1183
G1 X101.800 Y101.800 E5753.9509
G1 F2400 E5752.9509
G1 F300 Z27.450
G0 F3900 X100.600 Y100.600
;TYPE:WALL-INNER
;WIDTH:0.400
;FLOW:85.0
G1 F300 Z27.250
G1 F1500 E5753.9509
G1 F2400 X149.400 Y100.600 E5755.6755
G1 X149.400 Y149.400 E5757.4000
G1 X100.600 Y149.400 E5759.1245
G1 X100.600 Y100.600 E5760.8491
G1 F2400 E5759.8491
G1 F300 Z27.450
G0 F3900 X101.400 Y101.400
G1 F300 Z27.250
G1 F1500 E5760.8491
G1 F2400 X101.400 Y148.600 E5762.5171
G1 X148.600 Y148.600 E5764.1851
G1 X148.600 Y101.400 E5765.8531
G1 X101.400 Y101.400 E5767.5211
G0 F3900 X101.000 Y101.200
;TYPE:GAP-FILL
;WIDTH:0.400
G1 F3600 X101.000 Y148.800 E5769.2032
;WIDTH:0.468
G1 X101.200 Y149.000 E5769.2149
;WIDTH:0.400
G1 X148.800 Y149.000 E5770.8970
;WIDTH:0.468
G1 X149.000 Y148.800 E5770.9087
;WIDTH:0.400
G1 X149.000 Y101.200 E5772.5908
;WIDTH:0.468
G1 X148.800 Y101.000 E5772.6025
;WIDTH:0.400
G1 X101.200 Y101.000 E5774.2847
;WIDTH:0.468
;WIDTH:0.469
G1 X101.034 Y101.034 E5774.2917
G1 X101.000 Y101.200 E5774.2987
;PRINTING_TIME: 3957
;REMAINING_TIME: 2278
;LAYER:109
;Z:27.500
;HEIGHT:0.250
;FLOW:100.0
;PRINTING: Flow_Calibration_Cube_0.4_mm.stl
;PRINTING_ID: 0
G1 F2400 E5773.2987
G1 F300 Z27.700
G0 F3900 X100.200 Y100.200
G0 F300 Z27.500
;TYPE:WALL-OUTER
;WIDTH:0.400
;FLOW:95.0
G1 F300 Z27.500
G1 F1500 E5774.2987
G1 F2400 X149.800 Y100.200 E5776.2577
G1 X149.800 Y149.800 E5778.2167
G1 X100.200 Y149.800 E5780.1758
G1 X100.200 Y100.200 E5782.1348
G1 F2400 E5781.1348
G1 F300 Z27.700
G0 F3900 X100.700 Y100.610
G0 X101.800 Y101.300
G0 X101.800 Y101.800
G1 F300 Z27.500
G1 F1500 E5782.1348
G1 F2400 X101.800 Y148.200 E5783.9674
G1 X148.200 Y148.200 E5785.8001
G1 X148.200 Y101.800 E5787.6327
G1 X101.800 Y101.800 E5789.4653
G1 F2400 E5788.4653
G1 F300 Z27.700
G0 F3900 X100.600 Y100.600
;TYPE:WALL-INNER
;WIDTH:0.400
;FLOW:85.0
G1 F300 Z27.500
G1 F1500 E5789.4653
G1 F2400 X149.400 Y100.600 E5791.1899
G1 X149.400 Y149.400 E5792.9144
G1 X100.600 Y149.400 E5794.6389
G1 X100.600 Y100.600 E5796.3635
G1 F2400 E5795.3635
G1 F300 Z27.700
G0 F3900 X101.400 Y101.400
G1 F300 Z27.500
G1 F1500 E5796.3635
G1 F2400 X101.400 Y148.600 E5798.0315
G1 X148.600 Y148.600 E5799.6995
G1 X148.600 Y101.400 E5801.3675
G1 X101.400 Y101.400 E5803.0355
G0 F3900 X101.000 Y101.200
;TYPE:GAP-FILL
;WIDTH:0.400
G1 F3600 X101.000 Y148.800 E5804.7176
;WIDTH:0.468
G1 X101.200 Y149.000 E5804.7293
;WIDTH:0.400
G1 X148.800 Y149.000 E5806.4114
;WIDTH:0.468
G1 X149.000 Y148.800 E5806.4231
;WIDTH:0.400
G1 X149.000 Y101.200 E5808.1052
;WIDTH:0.468
G1 X148.800 Y101.000 E5808.1169
;WIDTH:0.400
G1 X101.200 Y101.000 E5809.7991
;WIDTH:0.468
;WIDTH:0.469
G1 X101.034 Y101.034 E5809.8061
G1 X101.000 Y101.200 E5809.8131
;PRINTING_TIME: 3982
;REMAINING_TIME: 2253
;LAYER:110
;Z:27.750
;HEIGHT:0.250
;FLOW:100.0
;PRINTING: Flow_Calibration_Cube_0.4_mm.stl
;PRINTING_ID: 0
G1 F2400 E5808.8131
G1 F300 Z27.950
G0 F3900 X100.200 Y100.200
G0 F300 Z27.750
;TYPE:WALL-OUTER
;WIDTH:0.400
;FLOW:95.0
G1 F300 Z27.750
G1 F1500 E5809.8131
G1 F2400 X149.800 Y100.200 E5811.7721
G1 X149.800 Y149.800 E5813.7312
G1 X100.200 Y149.800 E5815.6902
G1 X100.200 Y100.200 E5817.6492
G1 F2400 E5816.6492
G1 F300 Z27.950
G0 F3900 X100.700 Y100.610
G0 X101.800 Y101.300
G0 X101.800 Y101.800
G1 F300 Z27.750
G1 F1500 E5817.6492
G1 F2400 X101.800 Y148.200 E5819.4818
G1 X148.200 Y148.200 E5821.3145
G1 X148.200 Y101.800 E5823.1471
G1 X101.800 Y101.800 E5824.9797
G1 F2400 E5823.9797
G1 F300 Z27.950
G0 F3900 X100.600 Y100.600
;TYPE:WALL-INNER
;WIDTH:0.400
;FLOW:85.0
G1 F300 Z27.750
G1 F1500 E5824.9797
G1 F2400 X149.400 Y100.600 E5826.7043
G1 X149.400 Y149.400 E5828.4288
G1 X100.600 Y149.400 E5830.1533
G1 X100.600 Y100.600 E5831.8779
G1 F2400 E5830.8779
G1 F300 Z27.950
G0 F3900 X101.400 Y101.400
G1 F300 Z27.750
G1 F1500 E5831.8779
G1 F2400 X101.400 Y148.600 E5833.5459
G1 X148.600 Y148.600 E5835.2139
G1 X148.600 Y101.400 E5836.8819
G1 X101.400 Y101.400 E5838.5499
G0 F3900 X101.000 Y101.200
;TYPE:GAP-FILL
;WIDTH:0.400
G1 F3600 X101.000 Y148.800 E5840.2320
;WIDTH:0.468
G1 X101.200 Y149.000 E5840.2437
;WIDTH:0.400
G1 X148.800 Y149.000 E5841.9258
;WIDTH:0.468
G1 X149.000 Y148.800 E5841.9375
;WIDTH:0.400
G1 X149.000 Y101.200 E5843.6196
;WIDTH:0.468
G1 X148.800 Y101.000 E5843.6313
;WIDTH:0.400
G1 X101.200 Y101.000 E5845.3135
;WIDTH:0.468
;WIDTH:0.469
G1 X101.034 Y101.034 E5845.3205
G1 X101.000 Y101.200 E5845.3275
;PRINTING_TIME: 4007
;REMAINING_TIME: 2228
;LAYER:111
;Z:28.000
;HEIGHT:0.250
;FLOW:100.0
;PRINTING: Flow_Calibration_Cube_0.4_mm.stl
;PRINTING_ID: 0
G1 F2400 E5844.3275
G1 F300 Z28.200
G0 F3900 X100.200 Y100.200
G0 F300 Z28.000
;TYPE:WALL-OUTER
;WIDTH:0.400
;FLOW:95.0
G1 F300 Z28.000
G1 F1500 E5845.3275
G1 F2400 X149.800 Y100.200 E5847.2865
G1 X149.800 Y149.800 E5849.2456
G1 X100.200 Y149.800 E5851.2046
G1 X100.200 Y100.200 E5853.1636
G1 F2400 E5852.1636
G1 F300 Z28.200
G0 F3900 X100.700 Y100.610
G0 X101.800 Y101.300
G0 X101.800 Y101.800
G1 F300 Z28.000
G1 F1500 E5853.1636
G1 F2400 X101.800 Y148.200 E5854.9962
G1 X148.200 Y148.200 E5856.8289
G1 X148.200 Y101.800 E5858.6615
G1 X101.800 Y101.800 E5860.4941
G1 F2400 E5859.4941
G1 F300 Z28.200
G0 F3900 X100.600 Y100.600
;TYPE:WALL-INNER
;WIDTH:0.400
;FLOW:85.0
G1 F300 Z28.000
G1 F1500 E5860.4941
G1 F2400 X149.400 Y100.600 E5862.2187
G1 X149.400 Y149.400 E5863.9432
G1 X100.600 Y149.400 E5865.6678
G1 X100.600 Y100.600 E5867.3923
G1 F2400 E5866.3923
G1 F300 Z28.200
G0 F3900 X101.400 Y101.400
G1 F300 Z28.000
G1 F1500 E5867.3923
G1 F2400 X101.400 Y148.600 E5869.0603
G1 X148.600 Y148.600 E5870.7283
G1 X148.600 Y101.400 E5872.3963
G1 X101.400 Y101.400 E5874.0643
G0 F3900 X101.000 Y101.200
;TYPE:GAP-FILL
;WIDTH:0.400
G1 F3600 X101.000 Y148.800 E5875.7464
;WIDTH:0.468
G1 X101.200 Y149.000 E5875.7581
;WIDTH:0.400
G1 X148.800 Y149.000 E5877.4402
;WIDTH:0.468
G1 X149.000 Y148.800 E5877.4519
;WIDTH:0.400
G1 X149.000 Y101.200 E5879.1341
;WIDTH:0.468
G1 X148.800 Y101.000 E5879.1458
;WIDTH:0.400
G1 X101.200 Y101.000 E5880.8279
;WIDTH:0.468
;WIDTH:0.469
G1 X101.034 Y101.034 E5880.8349
G1 X101.000 Y101.200 E5880.8419
;PRINTING_TIME: 4032
;REMAINING_TIME: 2203
;LAYER:112
;Z:28.250
;HEIGHT:0.250
;FLOW:100.0
;PRINTING: Flow_Calibration_Cube_0.4_mm.stl
;PRINTING_ID: 0
G1 F2400 E5879.8419
G1 F300 Z28.450
G0 F3900 X100.200 Y100.200
G0 F300 Z28.250
;TYPE:WALL-OUTER
;WIDTH:0.400
;FLOW:95.0
G1 F300 Z28.250
G1 F1500 E5880.8419
G1 F2400 X149.800 Y100.200 E5882.8009
G1 X149.800 Y149.800 E5884.7600
G1 X100.200 Y149.800 E5886.7190
G1 X100.200 Y100.200 E5888.6780
G1 F2400 E5887.6780
G1 F300 Z28.450
G0 F3900 X100.700 Y100.610
G0 X101.800 Y101.300
G0 X101.800 Y101.800
G1 F300 Z28.250
G1 F1500 E5888.6780
G1 F2400 X101.800 Y148.200 E5890.5106
G1 X148.200 Y148.200 E5892.3433
G1 X148.200 Y101.800 E5894.1759
G1 X101.800 Y101.800 E5896.0085
G1 F2400 E5895.0085
G1 F300 Z28.450
G0 F3900 X100.600 Y100.600
;TYPE:WALL-INNER
;WIDTH:0.400
;FLOW:85.0
G1 F300 Z28.250
G1 F1500 E5896.0085
G1 F2400 X149.400 Y100.600 E5897.7331
G1 X149.400 Y149.400 E5899.4576
G1 X100.600 Y149.400 E5901.1822
G1 X100.600 Y100.600 E5902.9067
G1 F2400 E5901.9067
G1 F300 Z28.450
G0 F3900 X101.400 Y101.400
G1 F300 Z28.250
G1 F1500 E5902.9067
G1 F2400 X101.400 Y148.600 E5904.5747
G1 X148.600 Y148.600 E5906.2427
G1 X148.600 Y101.400 E5907.9107
G1 X101.400 Y101.400 E5909.5787
G0 F3900 X101.000 Y101.200
;TYPE:GAP-FILL
;WIDTH:0.400
G1 F3600 X101.000 Y148.800 E5911.2608
;WIDTH:0.468
G1 X101.200 Y149.000 E5911.2725
;WIDTH:0.400
G1 X148.800 Y149.000 E5912.9546
;WIDTH:0.468
G1 X149.000 Y148.800 E5912.9663
;WIDTH:0.400
G1 X149.000 Y101.200 E5914.6485
;WIDTH:0.468
G1 X148.800 Y101.000 E5914.6602
;WIDTH:0.400
G1 X101.200 Y101.000 E5916.3423
;WIDTH:0.468
;WIDTH:0.469
G1 X101.034 Y101.034 E5916.3493
G1 X101.000 Y101.200 E5916.3563
;PRINTING_TIME: 4057
;REMAINING_TIME: 2178
;LAYER:113
;Z:28.500
;HEIGHT:0.250
;FLOW:100.0
;PRINTING: Flow_Calibration_Cube_0.4_mm.stl
;PRINTING_ID: 0
G1 F2400 E5915.3563
G1 F300 Z28.700
G0 F3900 X100.200 Y100.200
G0 F300 Z28.500
;TYPE:WALL-OUTER
;WIDTH:0.400
;FLOW:95.0
G1 F300 Z28.500
G1 F1500 E5916.3563
G1 F2400 X149.800 Y100.200 E5918.3154
G1 X149.800 Y149.800 E5920.2744
G1 X100.200 Y149.800 E5922.2334
G1 X100.200 Y100.200 E5924.1924
G1 F2400 E5923.1924
G1 F300 Z28.700
G0 F3900 X100.700 Y100.610
G0 X101.800 Y101.300
G0 X101.800 Y101.800
G1 F300 Z28.500
G1 F1500 E5924.1924
G1 F2400 X101.800 Y148.200 E5926.0251
G1 X148.200 Y148.200 E5927.8577
G1 X148.200 Y101.800 E5929.6903
G1 X101.800 Y101.800 E5931.5230
G1 F2400 E5930.5230
G1 F300 Z28.700
G0 F3900 X100.600 Y100.600
;TYPE:WALL-INNER
;WIDTH:0.400
;FLOW:85.0
G1 F300 Z28.500
G1 F1500 E5931.5230
G1 F2400 X149.400 Y100.600 E5933.2475
G1 X149.400 Y149.400 E5934.9720
G1 X100.600 Y149.400 E5936.6966
G1 X100.600 Y100.600 E5938.4211
G1 F2400 E5937.4211
G1 F300 Z28.700
G0 F3900 X101.400 Y101.400
G1 F300 Z28.500
G1 F1500 E5938.4211
G1 F2400 X101.400 Y148.600 E5940.0891
G1 X148.600 Y148.600 E5941.7571
G1 X148.600 Y101.400 E5943.4251
G1 X101.400 Y101.400 E5945.0931
G0 F3900 X101.000 Y101.200
;TYPE:GAP-FILL
;WIDTH:0.400
G1 F3600 X101.000 Y148.800 E5946.7752
;WIDTH:0.468
G1 X101.200 Y149.000 E5946.7869
;WIDTH:0.400
G1 X148.800 Y149.000 E5948.4690
;WIDTH:0.468
G1 X149.000 Y148.800 E5948.4807
;WIDTH:0.400
G1 X149.000 Y101.200 E5950.1629
;WIDTH:0.468
G1 X148.800 Y101.000 E5950.1746
;WIDTH:0.400
G1 X101.200 Y101.000 E5951.8567
;WIDTH:0.468
;WIDTH:0.469
G1 X101.034 Y101.034 E5951.8637
G1 X101.000 Y101.200 E5951.8707
;PRINTING_TIME: 4082
;REMAINING_TIME: 2153
;LAYER:114
;Z:28.750
;HEIGHT:0.250
;FLOW:100.0
;PRINTING: Flow_Calibration_Cube_0.4_mm.stl
;PRINTING_ID: 0
G1 F2400 E5950.8707
G1 F300 Z28.950
G0 F3900 X100.200 Y100.200
G0 F300 Z28.750
;TYPE:WALL-OUTER
;WIDTH:0.400
;FLOW:95.0
G1 F300 Z28.750
G1 F1500 E5951.8707
G1 F2400 X149.800 Y100.200 E5953.8298
G1 X149.800 Y149.800 E5955.7888
G1 X100.200 Y149.800 E5957.7478
G1 X100.200 Y100.200 E5959.7068
G1 F2400 E5958.7068
G1 F300 Z28.950
G0 F3900 X100.700 Y100.610
G0 X101.800 Y101.300
G0 X101.800 Y101.800
G1 F300 Z28.750
G1 F1500 E5959.7068
G1 F2400 X101.800 Y148.200 E5961.5395
G1 X148.200 Y148.200 E5963.3721
G1 X148.200 Y101.800 E5965.2047
G1 X101.800 Y101.800 E5967.0374
G1 F2400 E5966.0374
G1 F300 Z28.950
G0 F3900 X100.600 Y100.600
;TYPE:WALL-INNER
;WIDTH:0.400
;FLOW:85.0
G1 F300 Z28.750
G1 F1500 E5967.0374
G1 F2400 X149.400 Y100.600 E5968.7619
G1 X149.400 Y149.400 E5970.4864
G1 X100.600 Y149.400 E5972.2110
G1 X100.600 Y100.600 E5973.9355
G1 F2400 E5972.9355
G1 F300 Z28.950
G0 F3900 X101.400 Y101.400
G1 F300 Z28.750
G1 F1500 E5973.9355
G1 F2400 X101.400 Y148.600 E5975.6035
G1 X148.600 Y148.600 E5977.2715
G1 X148.600 Y101.400 E5978.9395
G1 X101.400 Y101.400 E5980.6075
G0 F3900 X101.000 Y101.200
;TYPE:GAP-FILL
;WIDTH:0.400
G1 F3600 X101.000 Y148.800 E5982.2896
;WIDTH:0.468
G1 X101.200 Y149.000 E5982.3013
;WIDTH:0.400
G1 X148.800 Y149.000 E5983.9835
;WIDTH:0.468
G1 X149.000 Y148.800 E5983.9951
;WIDTH:0.400
G1 X149.000 Y101.200 E5985.6773
;WIDTH:0.468
G1 X148.800 Y101.000 E5985.6890
;WIDTH:0.400
G1 X101.200 Y101.000 E5987.3711
;WIDTH:0.468
;WIDTH:0.469
G1 X101.034 Y101.034 E5987.3781
G1 X101.000 Y101.200 E5987.3851
;PRINTING_TIME: 4107
;REMAINING_TIME: 2128
;LAYER:115
;Z:29.000
;HEIGHT:0.250
;FLOW:100.0
;PRINTING: Flow_Calibration_Cube_0.4_mm.stl
;PRINTING_ID: 0
G1 F2400 E5986.3851
G1 F300 Z29.200
G0 F3900 X100.200 Y100.200
G0 F300 Z29.000
;TYPE:WALL-OUTER
;WIDTH:0.400
;FLOW:95.0
G1 F300 Z29.000
G1 F1500 E5987.3851
G1 F2400 X149.800 Y100.200 E5989.3442
G1 X149.800 Y149.800 E5991.3032
G1 X100.200 Y149.800 E5993.2622
G1 X100.200 Y100.200 E5995.2212
G1 F2400 E5994.2212
G1 F300 Z29.200
G0 F3900 X100.700 Y100.610
G0 X101.800 Y101.300
G0 X101.800 Y101.800
G1 F300 Z29.000
G1 F1500 E5995.2212
G1 F2400 X101.800 Y148.200 E5997.0539
G1 X148.200 Y148.200 E5998.8865
G1 X148.200 Y101.800 E6000.7191
G1 X101.800 Y101.800 E6002.5518
G1 F2400 E6001.5518
G1 F300 Z29.200
G0 F3900 X100.600 Y100.600
;TYPE:WALL-INNER
;WIDTH:0.400
;FLOW:85.0
G1 F300 Z29.000
G1 F1500 E6002.5518
G1 F2400 X149.400 Y100.600 E6004.2763
G1 X149.400 Y149.400 E6006.0008
G1 X100.600 Y149.400 E6007.7254
G1 X100.600 Y100.600 E6009.4499
G1 F2400 E6008.4499
G1 F300 Z29.200
G0 F3900 X101.400 Y101.400
G1 F300 Z29.000
G1 F1500 E6009.4499
G1 F2400 X101.400 Y148.600 E6011.1179
G1 X148.600 Y148.600 E6012.7859
G1 X148.600 Y101.400 E6014.4539
G1 X101.400 Y101.400 E6016.1219
G0 F3900 X101.000 Y101.200
;TYPE:GAP-FILL
;WIDTH:0.400
G1 F3600 X101.000 Y148.800 E6017.8040
;WIDTH:0.468
G1 X101.200 Y149.000 E6017.8157
;WIDTH:0.400
G1 X148.800 Y149.000 E6019.4979
;WIDTH:0.468
G1 X149.000 Y148.800 E6019.5096
;WIDTH:0.400
G1 X149.000 Y101.200 E6021.1917
;WIDTH:0.468
G1 X148.800 Y101.000 E6021.2034
;WIDTH:0.400
G1 X101.200 Y101.000 E6022.8855
;WIDTH:0.468
;WIDTH:0.469
G1 X101.034 Y101.034 E6022.8925
G1 X101.000 Y101.200 E6022.8996
;PRINTING_TIME: 4132
;REMAINING_TIME: 2103
;LAYER:116
;Z:29.250
;HEIGHT:0.250
;FLOW:100.0
;PRINTING: Flow_Calibration_Cube_0.4_mm.stl
;PRINTING_ID: 0
G1 F2400 E6021.8996
G1 F300 Z29.450
G0 F3900 X100.200 Y100.200
G0 F300 Z29.250
;TYPE:WALL-OUTER
;WIDTH:0.400
;FLOW:95.0
G1 F300 Z29.250
G1 F1500 E6022.8996
G1 F2400 X149.800 Y100.200 E6024.8586
G1 X149.800 Y149.800 E6026.8176
G1 X100.200 Y149.800 E6028.7766
G1 X100.200 Y100.200 E6030.7356
G1 F2400 E6029.7356
G1 F300 Z29.450
G0 F3900 X100.700 Y100.610
G0 X101.800 Y101.300
G0 X101.800 Y101.800
G1 F300 Z29.250
G1 F1500 E6030.7356
G1 F2400 X101.800 Y148.200 E6032.5683
G1 X148.200 Y148.200 E6034.4009
G1 X148.200 Y101.800 E6036.2335
G1 X101.800 Y101.800 E6038.0662
G1 F2400 E6037.0662
G1 F300 Z29.450
G0 F3900 X100.600 Y100.600
;TYPE:WALL-INNER
;WIDTH:0.400
;FLOW:85.0
G1 F300 Z29.250
G1 F1500 E6038.0662
G1 F2400 X149.400 Y100.600 E6039.7907
G1 X149.400 Y149.400 E6041.5153
G1 X100.600 Y149.400 E6043.2398
G1 X100.600 Y100.600 E6044.9643
G1 F2400 E6043.9643
G1 F300 Z29.450
G0 F3900 X101.400 Y101.400
G1 F300 Z29.250
G1 F1500 E6044.9643
G1 F2400 X101.400 Y148.600 E6046.6323
G1 X148.600 Y148.600 E6048.3003
G1 X148.600 Y101.400 E6049.9683
G1 X101.400 Y101.400 E6051.6363
G0 F3900 X101.000 Y101.200
;TYPE:GAP-FILL
;WIDTH:0.400
G1 F3600 X101.000 Y148.800 E6053.3184
;WIDTH:0.468
G1 X101.200 Y149.000 E6053.3301
;WIDTH:0.400
G1 X148.800 Y149.000 E6055.0123
;WIDTH:0.468
G1 X149.000 Y148.800 E6055.0240
;WIDTH:0.400
G1 X149.000 Y101.200 E6056.7061
;WIDTH:0.468
G1 X148.800 Y101.000 E6056.7178
;WIDTH:0.400
G1 X101.200 Y101.000 E6058.3999
;WIDTH:0.468
;WIDTH:0.469
G1 X101.034 Y101.034 E6058.4069
G1 X101.000 Y101.200 E6058.4140
;PRINTING_TIME: 4157
;REMAINING_TIME: 2078
;LAYER:117
;Z:29.500
;HEIGHT:0.250
;FLOW:100.0
;PRINTING: Flow_Calibration_Cube_0.4_mm.stl
;PRINTING_ID: 0
G1 F2400 E6057.4140
G1 F300 Z29.700
G0 F3900 X100.200 Y100.200
G0 F300 Z29.500
;TYPE:WALL-OUTER
;WIDTH:0.400
;FLOW:95.0
G1 F300 Z29.500
G1 F1500 E6058.4140
G1 F2400 X149.800 Y100.200 E6060.3730
G1 X149.800 Y149.800 E6062.3320
G1 X100.200 Y149.800 E6064.2910
G1 X100.200 Y100.200 E6066.2501
G1 F2400 E6065.2501
G1 F300 Z29.700
G0 F3900 X100.700 Y100.610
G0 X101.800 Y101.300
G0 X101.800 Y101.800
G1 F300 Z29.500
G1 F1500 E6066.2501
G1 F2400 X101.800 Y148.200 E6068.0827
G1 X148.200 Y148.200 E6069.9153
G1 X148.200 Y101.800 E6071.7480
G1 X101.800 Y101.800 E6073.5806
G1 F2400 E6072.5806
G1 F300 Z29.700
G0 F3900 X100.600 Y100.600
;TYPE:WALL-INNER
;WIDTH:0.400
;FLOW:85.0
G1 F300 Z29.500
G1 F1500 E6073.5806
G1 F2400 X149.400 Y100.600 E6075.3051
G1 X149.400 Y149.400 E6077.0297
G1 X100.600 Y149.400 E6078.7542
G1 X100.600 Y100.600 E6080.4787
G1 F2400 E6079.4787
G1 F300 Z29.700
G0 F3900 X101.400 Y101.400
G1 F300 Z29.500
G1 F1500 E6080.4787
G1 F2400 X101.400 Y148.600 E6082.1467
G1 X148.600 Y148.600 E6083.8147
G1 X148.600 Y101.400 E6085.4827
G1 X101.400 Y101.400 E6087.1507
G0 F3900 X101.000 Y101.200
;TYPE:GAP-FILL
;WIDTH:0.400
G1 F3600 X101.000 Y148.800 E6088.8329
;WIDTH:0.468
G1 X101.200 Y149.000 E6088.8445
;WIDTH:0.400
G1 X148.800 Y149.000 E6090.5267
;WIDTH:0.468
G1 X149.000 Y148.800 E6090.5384
;WIDTH:0.400
G1 X149.000 Y101.200 E6092.2205
;WIDTH:0.468
G1 X148.800 Y101.000 E6092.2322
;WIDTH:0.400
G1 X101.200 Y101.000 E6093.9143
;WIDTH:0.468
;WIDTH:0.469
G1 X101.034 Y101.034 E6093.9213
G1 X101.000 Y101.200 E6093.9284
;PRINTING_TIME: 4182
;REMAINING_TIME: 2053
;LAYER:118
;Z:29.750
;HEIGHT:0.250
;FLOW:100.0
;PRINTING: Flow_Calibration_Cube_0.4_mm.stl
;PRINTING_ID: 0
G1 F2400 E6092.9284
G1 F300 Z29.950
G0 F3900 X100.200 Y100.200
G0 F300 Z29.750
;TYPE:WALL-OUTER
;WIDTH:0.400
;FLOW:95.0
G1 F300 Z29.750
G1 F1500 E6093.9284
G1 F2400 X149.800 Y100.200 E6095.8874
G1 X149.800 Y149.800 E6097.8464
G1 X100.200 Y149.800 E6099.8054
G1 X100.200 Y100.200 E6101.7645
G1 F2400 E6100.7645
G1 F300 Z29.950
G0 F3900 X100.700 Y100.610
G0 X101.800 Y101.300
G0 X101.800 Y101.800
G1 F300 Z29.750
G1 F1500 E6101.7645
G1 F2400 X101.800 Y148.200 E6103.5971
G1 X148.200 Y148.200 E6105.4297
G1 X148.200 Y101.800 E6107.2624
G1 X101.800 Y101.800 E6109.0950
G1 F2400 E6108.0950
G1 F300 Z29.950
G0 F3900 X100.600 Y100.600
;TYPE:WALL-INNER
;WIDTH:0.400
;FLOW:85.0
G1 F300 Z29.750
G1 F1500 E6109.0950
G1 F2400 X149.400 Y100.600 E6110.8195
G1 X149.400 Y149.400 E6112.5441
G1 X100.600 Y149.400 E6114.2686
G1 X100.600 Y100.600 E6115.9931
G1 F2400 E6114.9931
G1 F300 Z29.950
G0 F3900 X101.400 Y101.400
G1 F300 Z29.750
G1 F1500 E6115.9931
G1 F2400 X101.400 Y148.600 E6117.6611
G1 X148.600 Y148.600 E6119.3291
G1 X148.600 Y101.400 E6120.9971
G1 X101.400 Y101.400 E6122.6651
G0 F3900 X101.000 Y101.200
;TYPE:GAP-FILL
;WIDTH:0.400
G1 F3600 X101.000 Y148.800 E6124.3473
;WIDTH:0.468
G1 X101.200 Y149.000 E6124.3590
;WIDTH:0.400
G1 X148.800 Y149.000 E6126.0411
;WIDTH:0.468
G1 X149.000 Y148.800 E6126.0528
;WIDTH:0.400
G1 X149.000 Y101.200 E6127.7349
;WIDTH:0.468
G1 X148.800 Y101.000 E6127.7466
;WIDTH:0.400
G1 X101.200 Y101.000 E6129.4287
;WIDTH:0.468
;WIDTH:0.469
G1 X101.034 Y101.034 E6129.4358
G1 X101.000 Y101.200 E6129.4428
;PRINTING_TIME: 4207
;REMAINING_TIME: 2028
;LAYER:119
;Z:30.000
;HEIGHT:0.250
;FLOW:100.0
;PRINTING: Flow_Calibration_Cube_0.4_mm.stl
;PRINTING_ID: 0
G1 F2400 E6128.4428
G1 F300 Z30.200
G0 F3900 X100.200 Y100.200
G0 F300 Z30.000
;TYPE:WALL-OUTER
;WIDTH:0.400
;FLOW:95.0
G1 F300 Z30.000
G1 F1500 E6129.4428
G1 F2400 X149.800 Y100.200 E6131.4018
G1 X149.800 Y149.800 E6133.3608
G1 X100.200 Y149.800 E6135.3198
G1 X100.200 Y100.200 E6137.2789
G1 F2400 E6136.2789
G1 F300 Z30.200
G0 F3900 X100.700 Y100.610
G0 X101.800 Y101.300
G0 X101.800 Y101.800
G1 F300 Z30.000
G1 F1500 E6137.2789
G1 F2400 X101.800 Y148.200 E6139.1115
G1 X148.200 Y148.200 E6140.9441
G1 X148.200 Y101.800 E6142.7768
G1 X101.800 Y101.800 E6144.6094
G1 F2400 E6143.6094
G1 F300 Z30.200
G0 F3900 X100.600 Y100.600
;TYPE:WALL-INNER
;WIDTH:0.400
;FLOW:85.0
G1 F300 Z30.000
G1 F1500 E6144.6094
G1 F2400 X149.400 Y100.600 E6146.3339
G1 X149.400 Y149.400 E6148.0585
G1 X100.600 Y149.400 E6149.7830
G1 X100.600 Y100.600 E6151.5076
G1 F2400 E6150.5076
G1 F300 Z30.200
G0 F3900 X101.400 Y101.400
G1 F300 Z30.000
G1 F1500 E6151.5076
G1 F2400 X101.400 Y148.600 E6153.1755
G1 X148.600 Y148.600 E6154.8435
G1 X148.600 Y101.400 E6156.5115
G1 X101.400 Y101.400 E6158.1795
G0 F3900 X101.000 Y101.200
;TYPE:GAP-FILL
;WIDTH:0.400
G1 F3600 X101.000 Y148.800 E6159.8617
;WIDTH:0.468
G1 X101.200 Y149.000 E6159.8734
;WIDTH:0.400
G1 X148.800 Y149.000 E6161.5555
;WIDTH:0.468
G1 X149.000 Y148.800 E6161.5672
;WIDTH:0.400
G1 X149.000 Y101.200 E6163.2493
;WIDTH:0.468
G1 X148.800 Y101.000 E6163.2610
;WIDTH:0.400
G1 X101.200 Y101.000 E6164.9431
;WIDTH:0.468
;WIDTH:0.469
G1 X101.034 Y101.034 E6164.9502
G1 X101.000 Y101.200 E6164.9572
;PRINTING_TIME: 4232
;REMAINING_TIME: 2003
;LAYER:120
;Z:30.250
;HEIGHT:0.250
;FLOW:100.0
;PRINTING: Flow_Calibration_Cube_0.4_mm.stl
;PRINTING_ID: 0
G1 F2400 E6163.9572
G1 F300 Z30.450
G0 F3900 X100.200 Y100.200
G0 F300 Z30.250
;TYPE:WALL-OUTER
;WIDTH:0.400
;FLOW:95.0
G1 F300 Z30.250
G1 F1500 E6164.9572
G1 F2400 X149.800 Y100.200 E6166.9162
G1 X149.800 Y149.800 E6168.8752
G1 X100.200 Y149.800 E6170.8343
G1 X100.200 Y100.200 E6172.7933
G1 F2400 E6171.7933
G1 F300 Z30.450
G0 F3900 X100.700 Y100.610
G0 X101.800 Y101.300
G0 X101.800 Y101.800
G1 F300 Z30.250
G1 F1500 E6172.7933
G1 F2400 X101.800 Y148.200 E6174.6259
G1 X148.200 Y148.200 E6176.4585
G1 X148.200 Y101.800 E6178.2912
G1 X101.800 Y101.800 E6180.1238
G1 F2400 E6179.1238
G1 F300 Z30.450
G0 F3900 X100.600 Y100.600
;TYPE:WALL-INNER
;WIDTH:0.400
;FLOW:85.0
G1 F300 Z30.250
G1 F1500 E6180.1238
G1 F2400 X149.400 Y100.600 E6181.8483
G1 X149.400 Y149.400 E6183.5729
G1 X100.600 Y149.400 E6185.2974
G1 X100.600 Y100.600 E6187.0220
G1 F2400 E6186.0220
G1 F300 Z30.450
G0 F3900 X101.400 Y101.400
G1 F300 Z30.250
G1 F1500 E6187.0220
G1 F2400 X101.400 Y148.600 E6188.6900
G1 X148.600 Y148.600 E6190.3580
G1 X148.600 Y101.400 E6192.0259
G1 X101.400 Y101.400 E6193.6939
G0 F3900 X101.000 Y101.200
;TYPE:GAP-FILL
;WIDTH:0.400
G1 F3600 X101.000 Y148.800 E6195.3761
;WIDTH:0.468
G1 X101.200 Y149.000 E6195.3878
;WIDTH:0.400
G1 X148.800 Y149.000 E6197.0699
;WIDTH:0.468
G1 X149.000 Y148.800 E6197.0816
;WIDTH:0.400
G1 X149.000 Y101.200 E6198.7637
;WIDTH:0.468
G1 X148.800 Y101.000 E6198.7754
;WIDTH:0.400
G1 X101.200 Y101.000 E6200.4576
;WIDTH:0.468
;WIDTH:0.469
G1 X101.034 Y101.034 E6200.4646
G1 X101.000 Y101.200 E6200.4716
;PRINTING_TIME: 4257
;REMAINING_TIME: 1978
;LAYER:121
;Z:30.500
;HEIGHT:0.250
;FLOW:100.0
;PRINTING: Flow_Calibration_Cube_0.4_mm.stl
;PRINTING_ID: 0
G1 F2400 E6199.4716
G1 F300 Z30.700
G0 F3900 X100.200 Y100.200
G0 F300 Z30.500
;TYPE:WALL-OUTER
;WIDTH:0.400
;FLOW:95.0
G1 F300 Z30.500
G1 F1500 E6200.4716
G1 F2400 X149.800 Y100.200 E6202.4306
G1 X149.800 Y149.800 E6204.3896
G1 X100.200 Y149.800 E6206.3487
G1 X100.200 Y100.200 E6208.3077
G1 F2400 E6207.3077
G1 F300 Z30.700
G0 F3900 X100.700 Y100.610
G0 X101.800 Y101.300
G0 X101.800 Y101.800
G1 F300 Z30.500
G1 F1500 E6208.3077
G1 F2400 X101.800 Y148.200 E6210.1403
G1 X148.200 Y148.200 E6211.9729
G1 X148.200 Y101.800 E6213.8056
G1 X101.800 Y101.800 E6215.6382
G1 F2400 E6214.6382
G1 F300 Z30.700
G0 F3900 X100.600 Y100.600
;TYPE:WALL-INNER
;WIDTH:0.400
;FLOW:85.0
G1 F300 Z30.500
G1 F1500 E6215.6382
G1 F2400 X149.400 Y100.600 E6217.3628
G1 X149.400 Y149.400 E6219.0873
G1 X100.600 Y149.400 E6220.8118
G1 X100.600 Y100.600 E6222.5364
G1 F2400 E6221.5364
G1 F300 Z30.700
G0 F3900 X101.400 Y101.400
G1 F300 Z30.500
G1 F1500 E6222.5364
G1 F2400 X101.400 Y148.600 E6224.2044
G1 X148.600 Y148.600 E6225.8724
G1 X148.600 Y101.400 E6227.5404
G1 X101.400 Y101.400 E6229.2084
G0 F3900 X101.000 Y101.200
;TYPE:GAP-FILL
;WIDTH:0.400
G1 F3600 X101.000 Y148.800 E6230.8905
;WIDTH:0.468
G1 X101.200 Y149.000 E6230.9022
;WIDTH:0.400
G1 X148.800 Y149.000 E6232.5843
;WIDTH:0.468
G1 X149.000 Y148.800 E6232.5960
;WIDTH:0.400
G1 X149.000 Y101.200 E6234.2781
;WIDTH:0.468
G1 X148.800 Y101.000 E6234.2898
;WIDTH:0.400
G1 X101.200 Y101.000 E6235.9720
;WIDTH:0.468
;WIDTH:0.469
G1 X101.034 Y101.034 E6235.9790
G1 X101.000 Y101.200 E6235.9860
;PRINTING_TIME: 4282
;REMAINING_TIME: 1953
;LAYER:122
;Z:30.750
;HEIGHT:0.250
;FLOW:100.0
;PRINTING: Flow_Calibration_Cube_0.4_mm.stl
;PRINTING_ID: 0
G1 F2400 E6234.9860
G1 F300 Z30.950
G0 F3900 X100.200 Y100.200
G0 F300 Z30.750
;TYPE:WALL-OUTER
;WIDTH:0.400
;FLOW:95.0
G1 F300 Z30.750
G1 F1500 E6235.9860
G1 F2400 X149.800 Y100.200 E6237.9450
G1 X149.800 Y149.800 E6239.9040
G1 X100.200 Y149.800 E6241.8631
G1 X100.200 Y100.200 E6243.8221
G1 F2400 E6242.8221
G1 F300 Z30.950
G0 F3900 X100.700 Y100.610
G0 X101.800 Y101.300
G0 X101.800 Y101.800
G1 F300 Z30.750
G1 F1500 E6243.8221
G1 F2400 X101.800 Y148.200 E6245.6547
G1 X148.200 Y148.200 E6247.4874
G1 X148.200 Y101.800 E6249.3200
G1 X101.800 Y101.800 E6251.1526
G1 F2400 E6250.1526
G1 F300 Z30.950
G0 F3900 X100.600 Y100.600
;TYPE:WALL-INNER
;WIDTH:0.400
;FLOW:85.0
G1 F300 Z30.750
G1 F1500 E6251.1526
G1 F2400 X149.400 Y100.600 E6252.8772
G1 X149.400 Y149.400 E6254.6017
G1 X100.600 Y149.400 E6256.3262
G1 X100.600 Y100.600 E6258.0508
G1 F2400 E6257.0508
G1 F300 Z30.950
G0 F3900 X101.400 Y101.400
G1 F300 Z30.750
G1 F1500 E6258.0508
G1 F2400 X101.400 Y148.600 E6259.7188
G1 X148.600 Y148.600 E6261.3868
G1 X148.600 Y101.400 E6263.0548
G1 X101.400 Y101.400 E6264.7228
G0 F3900 X101.000 Y101.200
;TYPE:GAP-FILL
;WIDTH:0.400
G1 F3600 X101.000 Y148.800 E6266.4049
;WIDTH:0.468
G1 X101.200 Y149.000 E6266.4166
;WIDTH:0.400
G1 X148.800 Y149.000 E6268.0987
;WIDTH:0.468
G1 X149.000 Y148.800 E6268.1104
;WIDTH:0.400
G1 X149.000 Y101.200 E6269.7925
;WIDTH:0.468
G1 X148.800 Y101.000 E6269.8042
;WIDTH:0.400
G1 X101.200 Y101.000 E6271.4864
;WIDTH:0.468
;WIDTH:0.469
G1 X101.034 Y101.034 E6271.4934
G1 X101.000 Y101.200 E6271.5004
;PRINTING_TIME: 4307
;REMAINING_TIME: 1928
;LAYER:123
;Z:31.000
;HEIGHT:0.250
;FLOW:100.0
;PRINTING: Flow_Calibration_Cube_0.4_mm.stl
;PRINTING_ID: 0
G1 F2400 E6270.5004
G1 F300 Z31.200
G0 F3900 X100.200 Y100.200
G0 F300 Z31.000
;TYPE:WALL-OUTER
;WIDTH:0.400
;FLOW:95.0
G1 F300 Z31.000
G1 F1500 E6271.5004
G1 F2400 X149.800 Y100.200 E6273.4594
G1 X149.800 Y149.800 E6275.4185
G1 X100.200 Y149.800 E6277.3775
G1 X100.200 Y100.200 E6279.3365
G1 F2400 E6278.3365
G1 F300 Z31.200
G0 F3900 X100.700 Y100.610
G0 X101.800 Y101.300
G0 X101.800 Y101.800
G1 F300 Z31.000
G1 F1500 E6279.3365
G1 F2400 X101.800 Y148.200 E6281.1691
G1 X148.200 Y148.200 E6283.0018
G1 X148.200 Y101.800 E6284.8344
G1 X101.800 Y101.800 E6286.6670
G1 F2400 E6285.6670
G1 F300 Z31.200
G0 F3900 X100.600 Y100.600
;TYPE:WALL-INNER
;WIDTH:0.400
;FLOW:85.0
G1 F300 Z31.000
G1 F1500 E6286.6670
G1 F2400 X149.400 Y100.600 E6288.3916
G1 X149.400 Y149.400 E6290.1161
G1 X100.600 Y149.400 E6291.8406
G1 X100.600 Y100.600 E6293.5652
G1 F2400 E6292.5652
G1 F300 Z31.200
G0 F3900 X101.400 Y101.400
G1 F300 Z31.000
G1 F1500 E6293.5652
G1 F2400 X101.400 Y148.600 E6295.2332
G1 X148.600 Y148.600 E6296.9012
G1 X148.600 Y101.400 E6298.5692
G1 X101.400 Y101.400 E6300.2372
G0 F3900 X101.000 Y101.200
;TYPE:GAP-FILL
;WIDTH:0.400
G1 F3600 X101.000 Y148.800 E6301.9193
;WIDTH:0.468
G1 X101.200 Y149.000 E6301.9310
;WIDTH:0.400
G1 X148.800 Y149.000 E6303.6131
;WIDTH:0.468
G1 X149.000 Y148.800 E6303.6248
;WIDTH:0.400
G1 X149.000 Y101.200 E6305.3069
;WIDTH:0.468
G1 X148.800 Y101.000 E6305.3186
;WIDTH:0.400
G1 X101.200 Y101.000 E6307.0008
;WIDTH:0.468
;WIDTH:0.469
G1 X101.034 Y101.034 E6307.0078
G1 X101.000 Y101.200 E6307.0148
;PRINTING_TIME: 4332
;REMAINING_TIME: 1903
;LAYER:124
;Z:31.250
;HEIGHT:0.250
;FLOW:100.0
;PRINTING: Flow_Calibration_Cube_0.4_mm.stl
;PRINTING_ID: 0
G1 F2400 E6306.0148
G1 F300 Z31.450
G0 F3900 X100.200 Y100.200
G0 F300 Z31.250
;TYPE:WALL-OUTER
;WIDTH:0.400
;FLOW:95.0
G1 F300 Z31.250
G1 F1500 E6307.0148
G1 F2400 X149.800 Y100.200 E6308.9738
G1 X149.800 Y149.800 E6310.9329
G1 X100.200 Y149.800 E6312.8919
G1 X100.200 Y100.200 E6314.8509
G1 F2400 E6313.8509
G1 F300 Z31.450
G0 F3900 X100.700 Y100.610
G0 X101.800 Y101.300
G0 X101.800 Y101.800
G1 F300 Z31.250
G1 F1500 E6314.8509
G1 F2400 X101.800 Y148.200 E6316.6835
G1 X148.200 Y148.200 E6318.5162
G1 X148.200 Y101.800 E6320.3488
G1 X101.800 Y101.800 E6322.1814
G1 F2400 E6321.1814
G1 F300 Z31.450
G0 F3900 X100.600 Y100.600
;TYPE:WALL-INNER
;WIDTH:0.400
;FLOW:85.0
G1 F300 Z31.250
G1 F1500 E6322.1814
G1 F2400 X149.400 Y100.600 E6323.9060
G1 X149.400 Y149.400 E6325.6305
G1 X100.600 Y149.400 E6327.3551
G1 X100.600 Y100.600 E6329.0796
G1 F2400 E6328.0796
G1 F300 Z31.450
G0 F3900 X101.400 Y101.400
G1 F300 Z31.250
G1 F1500 E6329.0796
G1 F2400 X101.400 Y148.600 E6330.7476
G1 X148.600 Y148.600 E6332.4156
G1 X148.600 Y101.400 E6334.0836
G1 X101.400 Y101.400 E6335.7516
G0 F3900 X101.000 Y101.200
;TYPE:GAP-FILL
;WIDTH:0.400
G1 F3600 X101.000 Y148.800 E6337.4337
;WIDTH:0.468
G1 X101.200 Y149.000 E6337.4454
;WIDTH:0.400
G1 X148.800 Y149.000 E6339.1275
;WIDTH:0.468
G1 X149.000 Y148.800 E6339.1392
;WIDTH:0.400
G1 X149.000 Y101.200 E6340.8214
;WIDTH:0.468
G1 X148.800 Y101.000 E6340.8331
;WIDTH:0.400
G1 X101.200 Y101.000 E6342.5152
;WIDTH:0.468
;WIDTH:0.469
G1 X101.034 Y101.034 E6342.5222
G1 X101.000 Y101.200 E6342.5292
;PRINTING_TIME: 4357
;REMAINING_TIME: 1878
;LAYER:125
;Z:31.500
;HEIGHT:0.250
;FLOW:100.0
;PRINTING: Flow_Calibration_Cube_0.4_mm.stl
;PRINTING_ID: 0
G1 F2400 E6341.5292
G1 F300 Z31.700
G0 F3900 X100.200 Y100.200
G0 F300 Z31.500
;TYPE:WALL-OUTER
;WIDTH:0.400
;FLOW:95.0
G1 F300 Z31.500
G1 F1500 E6342.5292
G1 F2400 X149.800 Y100.200 E6344.4882
G1 X149.800 Y149.800 E6346.4473
G1 X100.200 Y149.800 E6348.4063
G1 X100.200 Y100.200 E6350.3653
G1 F2400 E6349.3653
G1 F300 Z31.700
G0 F3900 X100.700 Y100.610
G0 X101.800 Y101.300
G0 X101.800 Y101.800
G1 F300 Z31.500
G1 F1500 E6350.3653
G1 F2400 X101.800 Y148.200 E6352.1979
G1 X148.200 Y148.200 E6354.0306
G1 X148.200 Y101.800 E6355.8632
G1 X101.800 Y101.800 E6357.6958
G1 F2400 E6356.6958
G1 F300 Z31.700
G0 F3900 X100.600 Y100.600
;TYPE:WALL-INNER
;WIDTH:0.400
;FLOW:85.0
G1 F300 Z31.500
G1 F1500 E6357.6958
G1 F2400 X149.400 Y100.600 E6359.4204
G1 X149.400 Y149.400 E6361.1449
G1 X100.600 Y149.400 E6362.8695
G1 X100.600 Y100.600 E6364.5940
G1 F2400 E6363.5940
G1 F300 Z31.700
G0 F3900 X101.400 Y101.400
G1 F300 Z31.500
G1 F1500 E6364.5940
G1 F2400 X101.400 Y148.600 E6366.2620
G1 X148.600 Y148.600 E6367.9300
G1 X148.600 Y101.400 E6369.5980
G1 X101.400 Y101.400 E6371.2660
G0 F3900 X101.000 Y101.200
;TYPE:GAP-FILL
;WIDTH:0.400
G1 F3600 X101.000 Y148.800 E6372.9481
;WIDTH:0.468
G1 X101.200 Y149.000 E6372.9598
;WIDTH:0.400
G1 X148.800 Y149.000 E6374.6419
;WIDTH:0.468
G1 X149.000 Y148.800 E6374.6536
;WIDTH:0.400
G1 X149.000 Y101.200 E6376.3358
;WIDTH:0.468
G1 X148.800 Y101.000 E6376.3475
;WIDTH:0.400
G1 X101.200 Y101.000 E6378.0296
;WIDTH:0.468
;WIDTH:0.469
G1 X101.034 Y101.034 E6378.0366
G1 X101.000 Y101.200 E6378.0436
;PRINTING_TIME: 4382
;REMAINING_TIME: 1853
;LAYER:126
;Z:31.750
;HEIGHT:0.250
;FLOW:100.0
;PRINTING: Flow_Calibration_Cube_0.4_mm.stl
;PRINTING_ID: 0
G1 F2400 E6377.0436
G1 F300 Z31.950
G0 F3900 X100.200 Y100.200
G0 F300 Z31.750
;TYPE:WALL-OUTER
;WIDTH:0.400
;FLOW:95.0
G1 F300 Z31.750
G1 F1500 E6378.0436
G1 F2400 X149.800 Y100.200 E6380.0027
G1 X149.800 Y149.800 E6381.9617
G1 X100.200 Y149.800 E6383.9207
G1 X100.200 Y100.200 E6385.8797
G1 F2400 E6384.8797
G1 F300 Z31.950
G0 F3900 X100.700 Y100.610
G0 X101.800 Y101.300
G0 X101.800 Y101.800
G1 F300 Z31.750
G1 F1500 E6385.8797
G1 F2400 X101.800 Y148.200 E6387.7124
G1 X148.200 Y148.200 E6389.5450
G1 X148.200 Y101.800 E6391.3776
G1 X101.800 Y101.800 E6393.2103
G1 F2400 E6392.2103
G1 F300 Z31.950
G0 F3900 X100.600 Y100.600
;TYPE:WALL-INNER
;WIDTH:0.400
;FLOW:85.0
G1 F300 Z31.750
G1 F1500 E6393.2103
G1 F2400 X149.400 Y100.600 E6394.9348
G1 X149.400 Y149.400 E6396.6593
G1 X100.600 Y149.400 E6398.3839
G1 X100.600 Y100.600 E6400.1084
G1 F2400 E6399.1084
G1 F300 Z31.950
G0 F3900 X101.400 Y101.400
G1 F300 Z31.750
G1 F1500 E6400.1084
G1 F2400 X101.400 Y148.600 E6401.7764
G1 X148.600 Y148.600 E6403.4444
G1 X148.600 Y101.400 E6405.1124
G1 X101.400 Y101.400 E6406.7804
G0 F3900 X101.000 Y101.200
;TYPE:GAP-FILL
;WIDTH:0.400
G1 F3600 X101.000 Y148.800 E6408.4625
;WIDTH:0.468
G1 X101.200 Y149.000 E6408.4742
;WIDTH:0.400
G1 X148.800 Y149.000 E6410.1563
;WIDTH:0.468
G1 X149.000 Y148.800 E6410.1680
;WIDTH:0.400
G1 X149.000 Y101.200 E6411.8502
;WIDTH:0.468
G1 X148.800 Y101.000 E6411.8619
;WIDTH:0.400
G1 X101.200 Y101.000 E6413.5440
;WIDTH:0.468
;WIDTH:0.469
G1 X101.034 Y101.034 E6413.5510
G1 X101.000 Y101.200 E6413.5580
;PRINTING_TIME: 4407
;REMAINING_TIME: 1828
;LAYER:127
;Z:32.000
;HEIGHT:0.250
;FLOW:100.0
;PRINTING: Flow_Calibration_Cube_0.4_mm.stl
;PRINTING_ID: 0
G1 F2400 E6412.5580
G1 F300 Z32.200
G0 F3900 X100.200 Y100.200
G0 F300 Z32.000
;TYPE:WALL-OUTER
;WIDTH:0.400
;FLOW:95.0
G1 F300 Z32.000
G1 F1500 E6413.5580
G1 F2400 X149.800 Y100.200 E6415.5171
G1 X149.800 Y149.800 E6417.4761
G1 X100.200 Y149.800 E6419.4351
G1 X100.200 Y100.200 E6421.3941
G1 F2400 E6420.3941
G1 F300 Z32.200
G0 F3900 X100.700 Y100.610
G0 X101.800 Y101.300
G0 X101.800 Y101.800
G1 F300 Z32.000
G1 F1500 E6421.3941
G1 F2400 X101.800 Y148.200 E6423.2268
G1 X148.200 Y148.200 E6425.0594
G1 X148.200 Y101.800 E6426.8920
G1 X101.800 Y101.800 E6428.7247
G1 F2400 E6427.7247
G1 F300 Z32.200
G0 F3900 X100.600 Y100.600
;TYPE:WALL-INNER
;WIDTH:0.400
;FLOW:85.0
G1 F300 Z32.000
G1 F1500 E6428.7247
G1 F2400 X149.400 Y100.600 E6430.4492
G1 X149.400 Y149.400 E6432.1737
G1 X100.600 Y149.400 E6433.8983
G1 X100.600 Y100.600 E6435.6228
G1 F2400 E6434.6228
G1 F300 Z32.200
G0 F3900 X101.400 Y101.400
G1 F300 Z32.000
G1 F1500 E6435.6228
G1 F2400 X101.400 Y148.600 E6437.2908
G1 X148.600 Y148.600 E6438.9588
G1 X148.600 Y101.400 E6440.6268
G1 X101.400 Y101.400 E6442.2948
G0 F3900 X101.000 Y101.200
;TYPE:GAP-FILL
;WIDTH:0.400
G1 F3600 X101.000 Y148.800 E6443.9769
;WIDTH:0.468
G1 X101.200 Y149.000 E6443.9886
;WIDTH:0.400
G1 X148.800 Y149.000 E6445.6708
;WIDTH:0.468
G1 X149.000 Y148.800 E6445.6824
;WIDTH:0.400
G1 X149.000 Y101.200 E6447.3646
;WIDTH:0.468
G1 X148.800 Y101.000 E6447.3763
;WIDTH:0.400
G1 X101.200 Y101.000 E6449.0584
;WIDTH:0.468
;WIDTH:0.469
G1 X101.034 Y101.034 E6449.0654
G1 X101.000 Y101.200 E6449.0724
;PRINTING_TIME: 4432
;REMAINING_TIME: 1803
;LAYER:128
;Z:32.250
;HEIGHT:0.250
;FLOW:100.0
;PRINTING: Flow_Calibration_Cube_0.4_mm.stl
;PRINTING_ID: 0
G1 F2400 E6448.0724
G1 F300 Z32.450
G0 F3900 X100.200 Y100.200
G0 F300 Z32.250
;TYPE:WALL-OUTER
;WIDTH:0.400
;FLOW:95.0
G1 F300 Z32.250
G1 F1500 E6449.0724
G1 F2400 X149.800 Y100.200 E6451.0315
G1 X149.800 Y149.800 E6452.9905
G1 X100.200 Y149.800 E6454.9495
G1 X100.200 Y100.200 E6456.9085
G1 F2400 E6455.9085
G1 F300 Z32.450
G0 F3900 X100.700 Y100.610
G0 X101.800 Y101.300
G0 X101.800 Y101.800
G1 F300 Z32.250
G1 F1500 E6456.9085
G1 F2400 X101.800 Y148.200 E6458.7412
G1 X148.200 Y148.200 E6460.5738
G1 X148.200 Y101.800 E6462.4064
G1 X101.800 Y101.800 E6464.2391
G1 F2400 E6463.2391
G1 F300 Z32.450
G0 F3900 X100.600 Y100.600
;TYPE:WALL-INNER
;WIDTH:0.400
;FLOW:85.0
G1 F300 Z32.250
G1 F1500 E6464.2391
G1 F2400 X149.400 Y100.600 E6465.9636
G1 X149.400 Y149.400 E6467.6881
G1 X100.600 Y149.400 E6469.4127
G1 X100.600 Y100.600 E6471.1372
G1 F2400 E6470.1372
G1 F300 Z32.450
G0 F3900 X101.400 Y101.400
G1 F300 Z32.250
G1 F1500 E6471.1372
G1 F2400 X101.400 Y148.600 E6472.8052
G1 X148.600 Y148.600 E6474.4732
G1 X148.600 Y101.400 E6476.1412
G1 X101.400 Y101.400 E6477.8092
G0 F3900 X101.000 Y101.200
;TYPE:GAP-FILL
;WIDTH:0.400
G1 F3600 X101.000 Y148.800 E6479.4913
;WIDTH:0.468
G1 X101.200 Y149.000 E6479.5030
;WIDTH:0.400
G1 X148.800 Y149.000 E6481.1852
;WIDTH:0.468
G1 X149.000 Y148.800 E6481.1969
;WIDTH:0.400
G1 X149.000 Y101.200 E6482.8790
;WIDTH:0.468
G1 X148.800 Y101.000 E6482.8907
;WIDTH:0.400
G1 X101.200 Y101.000 E6484.5728
;WIDTH:0.468
;WIDTH:0.469
G1 X101.034 Y101.034 E6484.5798
G1 X101.000 Y101.200 E6484.5869
;PRINTING_TIME: 4457
;REMAINING_TIME: 1778
;LAYER:129
;Z:32.500
;HEIGHT:0.250
;FLOW:100.0
;PRINTING: Flow_Calibration_Cube_0.4_mm.stl
;PRINTING_ID: 0
G1 F2400 E6483.5869
G1 F300 Z32.700
G0 F3900 X100.200 Y100.200
G0 F300 Z32.500
;TYPE:WALL-OUTER
;WIDTH:0.400
;FLOW:95.0
G1 F300 Z32.500
G1 F1500 E6484.5869
G1 F2400 X149.800 Y100.200 E6486.5459
G1 X149.800 Y149.800 E6488.5049
G1 X100.200 Y149.800 E6490.4639
G1 X100.200 Y100.200 E6492.4229
G1 F2400 E6491.4229
G1 F300 Z32.700
G0 F3900 X100.700 Y100.610
G0 X101.800 Y101.300
G0 X101.800 Y101.800
G1 F300 Z32.500
G1 F1500 E6492.4229
G1 F2400 X101.800 Y148.200 E6494.2556
G1 X148.200 Y148.200 E6496.0882
G1 X148.200 Y101.800 E6497.9208
G1 X101.800 Y101.800 E6499.7535
G1 F2400 E6498.7535
G1 F300 Z32.700
G0 F3900 X100.600 Y100.600
;TYPE:WALL-INNER
;WIDTH:0.400
;FLOW:85.0
G1 F300 Z32.500
G1 F1500 E6499.7535
G1 F2400 X149.400 Y100.600 E6501.4780
G1 X149.400 Y149.400 E6503.2026
G1 X100.600 Y149.400 E6504.9271
G1 X100.600 Y100.600 E6506.6516
G1 F2400 E6505.6516
G1 F300 Z32.700
G0 F3900 X101.400 Y101.400
G1 F300 Z32.500
G1 F1500 E6506.6516
G1 F2400 X101.400 Y148.600 E6508.3196
G1 X148.600 Y148.600 E6509.9876
G1 X148.600 Y101.400 E6511.6556
G1 X101.400 Y101.400 E6513.3236
G0 F3900 X101.000 Y101.200
;TYPE:GAP-FILL
;WIDTH:0.400
G1 F3600 X101.000 Y148.800 E6515.0057
;WIDTH:0.468
G1 X101.200 Y149.000 E6515.0174
;WIDTH:0.400
G1 X148.800 Y149.000 E6516.6996
;WIDTH:0.468
G1 X149.000 Y148.800 E6516.7113
;WIDTH:0.400
G1 X149.000 Y101.200 E6518.3934
;WIDTH:0.468
G1 X148.800 Y101.000 E6518.4051
;WIDTH:0.400
G1 X101.200 Y101.000 E6520.0872
;WIDTH:0.468
;WIDTH:0.469
G1 X101.034 Y101.034 E6520.0942
G1 X101.000 Y101.200 E6520.1013
;PRINTING_TIME: 4483
;REMAINING_TIME: 1753
;LAYER:130
;Z:32.750
;HEIGHT:0.250
;FLOW:100.0
;PRINTING: Flow_Calibration_Cube_0.4_mm.stl
;PRINTING_ID: 0
G1 F2400 E6519.1013
G1 F300 Z32.950
G0 F3900 X100.200 Y100.200
G0 F300 Z32.750
;TYPE:WALL-OUTER
;WIDTH:0.400
;FLOW:95.0
G1 F300 Z32.750
G1 F1500 E6520.1013
G1 F2400 X149.800 Y100.200 E6522.0603
G1 X149.800 Y149.800 E6524.0193
G1 X100.200 Y149.800 E6525.9783
G1 X100.200 Y100.200 E6527.9373
G1 F2400 E6526.9373
G1 F300 Z32.950
G0 F3900 X100.700 Y100.610
G0 X101.800 Y101.300
G0 X101.800 Y101.800
G1 F300 Z32.750
G1 F1500 E6527.9373
G1 F2400 X101.800 Y148.200 E6529.7700
G1 X148.200 Y148.200 E6531.6026
G1 X148.200 Y101.800 E6533.4353
G1 X101.800 Y101.800 E6535.2679
G1 F2400 E6534.2679
G1 F300 Z32.950
G0 F3900 X100.600 Y100.600
;TYPE:WALL-INNER
;WIDTH:0.400
;FLOW:85.0
G1 F300 Z32.750
G1 F1500 E6535.2679
G1 F2400 X149.400 Y100.600 E6536.9924
G1 X149.400 Y149.400 E6538.7170
G1 X100.600 Y149.400 E6540.4415
G1 X100.600 Y100.600 E6542.1660
G1 F2400 E6541.1660
G1 F300 Z32.950
G0 F3900 X101.400 Y101.400
G1 F300 Z32.750
G1 F1500 E6542.1660
G1 F2400 X101.400 Y148.600 E6543.8340
G1 X148.600 Y148.600 E6545.5020
G1 X148.600 Y101.400 E6547.1700
G1 X101.400 Y101.400 E6548.8380
G0 F3900 X101.000 Y101.200
;TYPE:GAP-FILL
;WIDTH:0.400
G1 F3600 X101.000 Y148.800 E6550.5202
;WIDTH:0.468
G1 X101.200 Y149.000 E6550.5318
;WIDTH:0.400
G1 X148.800 Y149.000 E6552.2140
;WIDTH:0.468
G1 X149.000 Y148.800 E6552.2257
;WIDTH:0.400
G1 X149.000 Y101.200 E6553.9078
;WIDTH:0.468
G1 X148.800 Y101.000 E6553.9195
;WIDTH:0.400
G1 X101.200 Y101.000 E6555.6016
;WIDTH:0.468
;WIDTH:0.469
G1 X101.034 Y101.034 E6555.6086
G1 X101.000 Y101.200 E6555.6157
;PRINTING_TIME: 4508
;REMAINING_TIME: 1727
;LAYER:131
;Z:33.000
;HEIGHT:0.250
;FLOW:100.0
;PRINTING: Flow_Calibration_Cube_0.4_mm.stl
;PRINTING_ID: 0
G1 F2400 E6554.6157
G1 F300 Z33.200
G0 F3900 X100.200 Y100.200
G0 F300 Z33.000
;TYPE:WALL-OUTER
;WIDTH:0.400
;FLOW:95.0
G1 F300 Z33.000
G1 F1500 E6555.6157
G1 F2400 X149.800 Y100.200 E6557.5747
G1 X149.800 Y149.800 E6559.5337
G1 X100.200 Y149.800 E6561.4927
G1 X100.200 Y100.200 E6563.4518
G1 F2400 E6562.4518
G1 F300 Z33.200
G0 F3900 X100.700 Y100.610
G0 X101.800 Y101.300
G0 X101.800 Y101.800
G1 F300 Z33.000
G1 F1500 E6563.4518
G1 F2400 X101.800 Y148.200 E6565.2844
G1 X148.200 Y148.200 E6567.1170
G1 X148.200 Y101.800 E6568.9497
G1 X101.800 Y101.800 E6570.7823
G1 F2400 E6569.7823
G1 F300 Z33.200
G0 F3900 X100.600 Y100.600
;TYPE:WALL-INNER
;WIDTH:0.400
;FLOW:85.0
G1 F300 Z33.000
G1 F1500 E6570.7823
G1 F2400 X149.400 Y100.600 E6572.5068
G1 X149.400 Y149.400 E6574.2314
G1 X100.600 Y149.400 E6575.9559
G1 X100.600 Y100.600 E6577.6804
G1 F2400 E6576.6804
G1 F300 Z33.200
G0 F3900 X101.400 Y101.400
G1 F300 Z33.000
G1 F1500 E6577.6804
G1 F2400 X101.400 Y148.600 E6579.3484
G1 X148.600 Y148.600 E6581.0164
G1 X148.600 Y101.400 E6582.6844
G1 X101.400 Y101.400 E6584.3524
G0 F3900 X101.000 Y101.200
;TYPE:GAP-FILL
;WIDTH:0.400
G1 F3600 X101.000 Y148.800 E6586.0346
;WIDTH:0.468
G1 X101.200 Y149.000 E6586.0463
;WIDTH:0.400
G1 X148.800 Y149.000 E6587.7284
;WIDTH:0.468
G1 X149.000 Y148.800 E6587.7401
;WIDTH:0.400
G1 X149.000 Y101.200 E6589.4222
;WIDTH:0.468
G1 X148.800 Y101.000 E6589.4339
;WIDTH:0.400
G1 X101.200 Y101.000 E6591.1160
;WIDTH:0.468
;WIDTH:0.469
G1 X101.034 Y101.034 E6591.1231
G1 X101.000 Y101.200 E6591.1301
;PRINTING_TIME: 4533
;REMAINING_TIME: 1702
;LAYER:132
;Z:33.250
;HEIGHT:0.250
;FLOW:100.0
;PRINTING: Flow_Calibration_Cube_0.4_mm.stl
;PRINTING_ID: 0
G1 F2400 E6590.1301
G1 F300 Z33.450
G0 F3900 X100.200 Y100.200
G0 F300 Z33.250
;TYPE:WALL-OUTER
;WIDTH:0.400
;FLOW:95.0
G1 F300 Z33.250
G1 F1500 E6591.1301
G1 F2400 X149.800 Y100.200 E6593.0891
G1 X149.800 Y149.800 E6595.0481
G1 X100.200 Y149.800 E6597.0071
G1 X100.200 Y100.200 E6598.9662
G1 F2400 E6597.9662
G1 F300 Z33.450
G0 F3900 X100.700 Y100.610
G0 X101.800 Y101.300
G0 X101.800 Y101.800
G1 F300 Z33.250
G1 F1500 E6598.9662
G1 F2400 X101.800 Y148.200 E6600.7988
G1 X148.200 Y148.200 E6602.6314
G1 X148.200 Y101.800 E6604.4641
G1 X101.800 Y101.800 E6606.2967
G1 F2400 E6605.2967
G1 F300 Z33.450
G0 F3900 X100.600 Y100.600
;TYPE:WALL-INNER
;WIDTH:0.400
;FLOW:85.0
G1 F300 Z33.250
G1 F1500 E6606.2967
G1 F2400 X149.400 Y100.600 E6608.0212
G1 X149.400 Y149.400 E6609.7458
G1 X100.600 Y149.400 E6611.4703
G1 X100.600 Y100.600 E6613.1949
G1 F2400 E6612.1949
G1 F300 Z33.450
G0 F3900 X101.400 Y101.400
G1 F300 Z33.250
G1 F1500 E6613.1949
G1 F2400 X101.400 Y148.600 E6614.8628
G1 X148.600 Y148.600 E6616.5308
G1 X148.600 Y101.400 E6618.1988
G1 X101.400 Y101.400 E6619.8668
G0 F3900 X101.000 Y101.200
;TYPE:GAP-FILL
;WIDTH:0.400
G1 F3600 X101.000 Y148.800 E6621.5490
;WIDTH:0.468
G1 X101.200 Y149.000 E6621.5607
;WIDTH:0.400
G1 X148.800 Y149.000 E6623.2428
;WIDTH:0.468
G1 X149.000 Y148.800 E6623.2545
;WIDTH:0.400
G1 X149.000 Y101.200 E6624.9366
;WIDTH:0.468
G1 X148.800 Y101.000 E6624.9483
;WIDTH:0.400
G1 X101.200 Y101.000 E6626.6304
;WIDTH:0.468
;WIDTH:0.469
G1 X101.034 Y101.034 E6626.6375
G1 X101.000 Y101.200 E6626.6445
;PRINTING_TIME: 4558
;REMAINING_TIME: 1677
;LAYER:133
;Z:33.500
;HEIGHT:0.250
;FLOW:100.0
;PRINTING: Flow_Calibration_Cube_0.4_mm.stl
;PRINTING_ID: 0
G1 F2400 E6625.6445
G1 F300 Z33.700
G0 F3900 X100.200 Y100.200
G0 F300 Z33.500
;TYPE:WALL-OUTER
;WIDTH:0.400
;FLOW:95.0
G1 F300 Z33.500
G1 F1500 E6626.6445
G1 F2400 X149.800 Y100.200 E6628.6035
G1 X149.800 Y149.800 E6630.5625
G1 X100.200 Y149.800 E6632.5216
G1 X100.200 Y100.200 E6634.4806
G1 F2400 E6633.4806
G1 F300 Z33.700
G0 F3900 X100.700 Y100.610
G0 X101.800 Y101.300
G0 X101.800 Y101.800
G1 F300 Z33.500
G1 F1500 E6634.4806
G1 F2400 X101.800 Y148.200 E6636.3132
G1 X148.200 Y148.200 E6638.1458
G1 X148.200 Y101.800 E6639.9785
G1 X101.800 Y101.800 E6641.8111
G1 F2400 E6640.8111
G1 F300 Z33.700
G0 F3900 X100.600 Y100.600
;TYPE:WALL-INNER
;WIDTH:0.400
;FLOW:85.0
G1 F300 Z33.500
G1 F1500 E6641.8111
G1 F2400 X149.400 Y100.600 E6643.5356
G1 X149.400 Y149.400 E6645.2602
G1 X100.600 Y149.400 E6646.9847
G1 X100.600 Y100.600 E6648.7093
G1 F2400 E6647.7093
G1 F300 Z33.700
G0 F3900 X101.400 Y101.400
G1 F300 Z33.500
G1 F1500 E6648.7093
G1 F2400 X101.400 Y148.600 E6650.3773
G1 X148.600 Y148.600 E6652.0453
G1 X148.600 Y101.400 E6653.7132
G1 X101.400 Y101.400 E6655.3812
G0 F3900 X101.000 Y101.200
;TYPE:GAP-FILL
;WIDTH:0.400
G1 F3600 X101.000 Y148.800 E6657.0634
;WIDTH:0.468
G1 X101.200 Y149.000 E6657.0751
;WIDTH:0.400
G1 X148.800 Y149.000 E6658.7572
;WIDTH:0.468
G1 X149.000 Y148.800 E6658.7689
;WIDTH:0.400
G1 X149.000 Y101.200 E6660.4510
;WIDTH:0.468
G1 X148.800 Y101.000 E6660.4627
;WIDTH:0.400
G1 X101.200 Y101.000 E6662.1449
;WIDTH:0.468
;WIDTH:0.469
G1 X101.034 Y101.034 E6662.1519
G1 X101.000 Y101.200 E6662.1589
;PRINTING_TIME: 4583
;REMAINING_TIME: 1652
;LAYER:134
;Z:33.750
;HEIGHT:0.250
;FLOW:100.0
;PRINTING: Flow_Calibration_Cube_0.4_mm.stl
;PRINTING_ID: 0
G1 F2400 E6661.1589
G1 F300 Z33.950
G0 F3900 X100.200 Y100.200
G0 F300 Z33.750
;TYPE:WALL-OUTER
;WIDTH:0.400
;FLOW:95.0
G1 F300 Z33.750
G1 F1500 E6662.1589
G1 F2400 X149.800 Y100.200 E6664.1179
G1 X149.800 Y149.800 E6666.0769
G1 X100.200 Y149.800 E6668.0360
G1 X100.200 Y100.200 E6669.9950
G1 F2400 E6668.9950
G1 F300 Z33.950
G0 F3900 X100.700 Y100.610
G0 X101.800 Y101.300
G0 X101.800 Y101.800
G1 F300 Z33.750
G1 F1500 E6669.9950
G1 F2400 X101.800 Y148.200 E6671.8276
G1 X148.200 Y148.200 E6673.6602
G1 X148.200 Y101.800 E6675.4929
G1 X101.800 Y101.800 E6677.3255
G1 F2400 E6676.3255
G1 F300 Z33.950
G0 F3900 X100.600 Y100.600
;TYPE:WALL-INNER
;WIDTH:0.400
;FLOW:85.0
G1 F300 Z33.750
G1 F1500 E6677.3255
G1 F2400 X149.400 Y100.600 E6679.0501
G1 X149.400 Y149.400 E6680.7746
G1 X100.600 Y149.400 E6682.4991
G1 X100.600 Y100.600 E6684.2237
G1 F2400 E6683.2237
G1 F300 Z33.950
G0 F3900 X101.400 Y101.400
G1 F300 Z33.750
G1 F1500 E6684.2237
G1 F2400 X101.400 Y148.600 E6685.8917
G1 X148.600 Y148.600 E6687.5597
G1 X148.600 Y101.400 E6689.2277
G1 X101.400 Y101.400 E6690.8956
G0 F3900 X101.000 Y101.200
;TYPE:GAP-FILL
;WIDTH:0.400
G1 F3600 X101.000 Y148.800 E6692.5778
;WIDTH:0.468
G1 X101.200 Y149.000 E6692.5895
;WIDTH:0.400
G1 X148.800 Y149.000 E6694.2716
;WIDTH:0.468
G1 X149.000 Y148.800 E6694.2833
;WIDTH:0.400
G1 X149.000 Y101.200 E6695.9654
;WIDTH:0.468
G1 X148.800 Y101.000 E6695.9771
;WIDTH:0.400
G1 X101.200 Y101.000 E6697.6593
;WIDTH:0.468
;WIDTH:0.469
G1 X101.034 Y101.034 E6697.6663
G1 X101.000 Y101.200 E6697.6733
;PRINTING_TIME: 4608
;REMAINING_TIME: 1627
;LAYER:135
;Z:34.000
;HEIGHT:0.250
;FLOW:100.0
;PRINTING: Flow_Calibration_Cube_0.4_mm.stl
;PRINTING_ID: 0
G1 F2400 E6696.6733
G1 F300 Z34.200
G0 F3900 X100.200 Y100.200
G0 F300 Z34.000
;TYPE:WALL-OUTER
;WIDTH:0.400
;FLOW:95.0
G1 F300 Z34.000
G1 F1500 E6697.6733
G1 F2400 X149.800 Y100.200 E6699.6323
G1 X149.800 Y149.800 E6701.5913
G1 X100.200 Y149.800 E6703.5504
G1 X100.200 Y100.200 E6705.5094
G1 F2400 E6704.5094
G1 F300 Z34.200
G0 F3900 X100.700 Y100.610
G0 X101.800 Y101.300
G0 X101.800 Y101.800
G1 F300 Z34.000
G1 F1500 E6705.5094
G1 F2400 X101.800 Y148.200 E6707.3420
G1 X148.200 Y148.200 E6709.1747
G1 X148.200 Y101.800 E6711.0073
G1 X101.800 Y101.800 E6712.8399
G1 F2400 E6711.8399
G1 F300 Z34.200
G0 F3900 X100.600 Y100.600
;TYPE:WALL-INNER
;WIDTH:0.400
;FLOW:85.0
G1 F300 Z34.000
G1 F1500 E6712.8399
G1 F2400 X149.400 Y100.600 E6714.5645
G1 X149.400 Y149.400 E6716.2890
G1 X100.600 Y149.400 E6718.0135
G1 X100.600 Y100.600 E6719.7381
G1 F2400 E6718.7381
G1 F300 Z34.200
G0 F3900 X101.400 Y101.400
G1 F300 Z34.000
G1 F1500 E6719.7381
G1 F2400 X101.400 Y148.600 E6721.4061
G1 X148.600 Y148.600 E6723.0741
G1 X148.600 Y101.400 E6724.7421
G1 X101.400 Y101.400 E6726.4101
G0 F3900 X101.000 Y101.200
;TYPE:GAP-FILL
;WIDTH:0.400
G1 F3600 X101.000 Y148.800 E6728.0922
;WIDTH:0.468
G1 X101.200 Y149.000 E6728.1039
;WIDTH:0.400
G1 X148.800 Y149.000 E6729.7860
;WIDTH:0.468
G1 X149.000 Y148.800 E6729.7977
;WIDTH:0.400
G1 X149.000 Y101.200 E6731.4798
;WIDTH:0.468
G1 X148.800 Y101.000 E6731.4915
;WIDTH:0.400
G1 X101.200 Y101.000 E6733.1737
;WIDTH:0.468
;WIDTH:0.469
G1 X101.034 Y101.034 E6733.1807
G1 X101.000 Y101.200 E6733.1877
;PRINTING_TIME: 4633
;REMAINING_TIME: 1602
;LAYER:136
;Z:34.250
;HEIGHT:0.250
;FLOW:100.0
;PRINTING: Flow_Calibration_Cube_0.4_mm.stl
;PRINTING_ID: 0
G1 F2400 E6732.1877
G1 F300 Z34.450
G0 F3900 X100.200 Y100.200
G0 F300 Z34.250
;TYPE:WALL-OUTER
;WIDTH:0.400
;FLOW:95.0
G1 F300 Z34.250
G1 F1500 E6733.1877
G1 F2400 X149.800 Y100.200 E6735.1467
G1 X149.800 Y149.800 E6737.1058
G1 X100.200 Y149.800 E6739.0648
G1 X100.200 Y100.200 E6741.0238
G1 F2400 E6740.0238
G1 F300 Z34.450
G0 F3900 X100.700 Y100.610
G0 X101.800 Y101.300
G0 X101.800 Y101.800
G1 F300 Z34.250
G1 F1500 E6741.0238
G1 F2400 X101.800 Y148.200 E6742.8564
G1 X148.200 Y148.200 E6744.6891
G1 X148.200 Y101.800 E6746.5217
G1 X101.800 Y101.800 E6748.3543
G1 F2400 E6747.3543
G1 F300 Z34.450
G0 F3900 X100.600 Y100.600
;TYPE:WALL-INNER
;WIDTH:0.400
;FLOW:85.0
G1 F300 Z34.250
G1 F1500 E6748.3543
G1 F2400 X149.400 Y100.600 E6750.0789
G1 X149.400 Y149.400 E6751.8034
G1 X100.600 Y149.400 E6753.5279
G1 X100.600 Y100.600 E6755.2525
G1 F2400 E6754.2525
G1 F300 Z34.450
G0 F3900 X101.400 Y101.400
G1 F300 Z34.250
G1 F1500 E6755.2525
G1 F2400 X101.400 Y148.600 E6756.9205
G1 X148.600 Y148.600 E6758.5885
G1 X148.600 Y101.400 E6760.2565
G1 X101.400 Y101.400 E6761.9245
G0 F3900 X101.000 Y101.200
;TYPE:GAP-FILL
;WIDTH:0.400
G1 F3600 X101.000 Y148.800 E6763.6066
;WIDTH:0.468
G1 X101.200 Y149.000 E6763.6183
;WIDTH:0.400
G1 X148.800 Y149.000 E6765.3004
;WIDTH:0.468
G1 X149.000 Y148.800 E6765.3121
;WIDTH:0.400
G1 X149.000 Y101.200 E6766.9942
;WIDTH:0.468
G1 X148.800 Y101.000 E6767.0059
;WIDTH:0.400
G1 X101.200 Y101.000 E6768.6881
;WIDTH:0.468
;WIDTH:0.469
G1 X101.034 Y101.034 E6768.6951
G1 X101.000 Y101.200 E6768.7021
;PRINTING_TIME: 4658
;REMAINING_TIME: 1577
;LAYER:137
;Z:34.500
;HEIGHT:0.250
;FLOW:100.0
;PRINTING: Flow_Calibration_Cube_0.4_mm.stl
;PRINTING_ID: 0
G1 F2400 E6767.7021
G1 F300 Z34.700
G0 F3900 X100.200 Y100.200
G0 F300 Z34.500
;TYPE:WALL-OUTER
;WIDTH:0.400
;FLOW:95.0
G1 F300 Z34.500
G1 F1500 E6768.7021
G1 F2400 X149.800 Y100.200 E6770.6611
G1 X149.800 Y149.800 E6772.6202
G1 X100.200 Y149.800 E6774.5792
G1 X100.200 Y100.200 E6776.5382
G1 F2400 E6775.5382
G1 F300 Z34.700
G0 F3900 X100.700 Y100.610
G0 X101.800 Y101.300
G0 X101.800 Y101.800
G1 F300 Z34.500
G1 F1500 E6776.5382
G1 F2400 X101.800 Y148.200 E6778.3708
G1 X148.200 Y148.200 E6780.2035
G1 X148.200 Y101.800 E6782.0361
G1 X101.800 Y101.800 E6783.8687
G1 F2400 E6782.8687
G1 F300 Z34.700
G0 F3900 X100.600 Y100.600
;TYPE:WALL-INNER
;WIDTH:0.400
;FLOW:85.0
G1 F300 Z34.500
G1 F1500 E6783.8687
G1 F2400 X149.400 Y100.600 E6785.5933
G1 X149.400 Y149.400 E6787.3178
G1 X100.600 Y149.400 E6789.0424
G1 X100.600 Y100.600 E6790.7669
G1 F2400 E6789.7669
G1 F300 Z34.700
G0 F3900 X101.400 Y101.400
G1 F300 Z34.500
G1 F1500 E6790.7669
G1 F2400 X101.400 Y148.600 E6792.4349
G1 X148.600 Y148.600 E6794.1029
G1 X148.600 Y101.400 E6795.7709
G1 X101.400 Y101.400 E6797.4389
G0 F3900 X101.000 Y101.200
;TYPE:GAP-FILL
;WIDTH:0.400
G1 F3600 X101.000 Y148.800 E6799.1210
;WIDTH:0.468
G1 X101.200 Y149.000 E6799.1327
;WIDTH:0.400
G1 X148.800 Y149.000 E6800.8148
;WIDTH:0.468
G1 X149.000 Y148.800 E6800.8265
;WIDTH:0.400
G1 X149.000 Y101.200 E6802.5087
;WIDTH:0.468
G1 X148.800 Y101.000 E6802.5203
;WIDTH:0.400
G1 X101.200 Y101.000 E6804.2025
;WIDTH:0.468
;WIDTH:0.469
G1 X101.034 Y101.034 E6804.2095
G1 X101.000 Y101.200 E6804.2165
;PRINTING_TIME: 4683
;REMAINING_TIME: 1552
;LAYER:138
;Z:34.750
;HEIGHT:0.250
;FLOW:100.0
;PRINTING: Flow_Calibration_Cube_0.4_mm.stl
;PRINTING_ID: 0
G1 F2400 E6803.2165
G1 F300 Z34.950
G0 F3900 X100.200 Y100.200
G0 F300 Z34.750
;TYPE:WALL-OUTER
;WIDTH:0.400
;FLOW:95.0
G1 F300 Z34.750
G1 F1500 E6804.2165
G1 F2400 X149.800 Y100.200 E6806.1755
G1 X149.800 Y149.800 E6808.1346
G1 X100.200 Y149.800 E6810.0936
G1 X100.200 Y100.200 E6812.0526
G1 F2400 E6811.0526
G1 F300 Z34.950
G0 F3900 X100.700 Y100.610
G0 X101.800 Y101.300
G0 X101.800 Y101.800
G1 F300 Z34.750
G1 F1500 E6812.0526
G1 F2400 X101.800 Y148.200 E6813.8852
G1 X148.200 Y148.200 E6815.7179
G1 X148.200 Y101.800 E6817.5505
G1 X101.800 Y101.800 E6819.3831
G1 F2400 E6818.3831
G1 F300 Z34.950
G0 F3900 X100.600 Y100.600
;TYPE:WALL-INNER
;WIDTH:0.400
;FLOW:85.0
G1 F300 Z34.750
G1 F1500 E6819.3831
G1 F2400 X149.400 Y100.600 E6821.1077
G1 X149.400 Y149.400 E6822.8322
G1 X100.600 Y149.400 E6824.5568
G1 X100.600 Y100.600 E6826.2813
G1 F2400 E6825.2813
G1 F300 Z34.950
G0 F3900 X101.400 Y101.400
G1 F300 Z34.750
G1 F1500 E6826.2813
G1 F2400 X101.400 Y148.600 E6827.9493
G1 X148.600 Y148.600 E6829.6173
G1 X148.600 Y101.400 E6831.2853
G1 X101.400 Y101.400 E6832.9533
G0 F3900 X101.000 Y101.200
;TYPE:GAP-FILL
;WIDTH:0.400
G1 F3600 X101.000 Y148.800 E6834.6354
;WIDTH:0.468
G1 X101.200 Y149.000 E6834.6471
;WIDTH:0.400
G1 X148.800 Y149.000 E6836.3292
;WIDTH:0.468
G1 X149.000 Y148.800 E6836.3409
;WIDTH:0.400
G1 X149.000 Y101.200 E6838.0231
;WIDTH:0.468
G1 X148.800 Y101.000 E6838.0348
;WIDTH:0.400
G1 X101.200 Y101.000 E6839.7169
;WIDTH:0.468
;WIDTH:0.469
G1 X101.034 Y101.034 E6839.7239
G1 X101.000 Y101.200 E6839.7309
;PRINTING_TIME: 4708
;REMAINING_TIME: 1527
;LAYER:139
;Z:35.000
;HEIGHT:0.250
;FLOW:100.0
;PRINTING: Flow_Calibration_Cube_0.4_mm.stl
;PRINTING_ID: 0
G1 F2400 E6838.7309
G1 F300 Z35.200
G0 F3900 X100.200 Y100.200
G0 F300 Z35.000
;TYPE:WALL-OUTER
;WIDTH:0.400
;FLOW:95.0
G1 F300 Z35.000
G1 F1500 E6839.7309
G1 F2400 X149.800 Y100.200 E6841.6900
G1 X149.800 Y149.800 E6843.6490
G1 X100.200 Y149.800 E6845.6080
G1 X100.200 Y100.200 E6847.5670
G1 F2400 E6846.5670
G1 F300 Z35.200
G0 F3900 X100.700 Y100.610
G0 X101.800 Y101.300
G0 X101.800 Y101.800
G1 F300 Z35.000
G1 F1500 E6847.5670
G1 F2400 X101.800 Y148.200 E6849.3997
G1 X148.200 Y148.200 E6851.2323
G1 X148.200 Y101.800 E6853.0649
G1 X101.800 Y101.800 E6854.8976
G1 F2400 E6853.8976
G1 F300 Z35.200
G0 F3900 X100.600 Y100.600
;TYPE:WALL-INNER
;WIDTH:0.400
;FLOW:85.0
G1 F300 Z35.000
G1 F1500 E6854.8976
G1 F2400 X149.400 Y100.600 E6856.6221
G1 X149.400 Y149.400 E6858.3466
G1 X100.600 Y149.400 E6860.0712
G1 X100.600 Y100.600 E6861.7957
G1 F2400 E6860.7957
G1 F300 Z35.200
G0 F3900 X101.400 Y101.400
G1 F300 Z35.000
G1 F1500 E6861.7957
G1 F2400 X101.400 Y148.600 E6863.4637
G1 X148.600 Y148.600 E6865.1317
G1 X148.600 Y101.400 E6866.7997
G1 X101.400 Y101.400 E6868.4677
G0 F3900 X101.000 Y101.200
;TYPE:GAP-FILL
;WIDTH:0.400
G1 F3600 X101.000 Y148.800 E6870.1498
;WIDTH:0.468
G1 X101.200 Y149.000 E6870.1615
;WIDTH:0.400
G1 X148.800 Y149.000 E6871.8436
;WIDTH:0.468
G1 X149.000 Y148.800 E6871.8553
;WIDTH:0.400
G1 X149.000 Y101.200 E6873.5375
;WIDTH:0.468
G1 X148.800 Y101.000 E6873.5492
;WIDTH:0.400
G1 X101.200 Y101.000 E6875.2313
;WIDTH:0.468
;WIDTH:0.469
G1 X101.034 Y101.034 E6875.2383
G1 X101.000 Y101.200 E6875.2453
;PRINTING_TIME: 4733
;REMAINING_TIME: 1502
;LAYER:140
;Z:35.250
;HEIGHT:0.250
;FLOW:100.0
;PRINTING: Flow_Calibration_Cube_0.4_mm.stl
;PRINTING_ID: 0
G1 F2400 E6874.2453
G1 F300 Z35.450
G0 F3900 X100.200 Y100.200
G0 F300 Z35.250
;TYPE:WALL-OUTER
;WIDTH:0.400
;FLOW:95.0
G1 F300 Z35.250
G1 F1500 E6875.2453
G1 F2400 X149.800 Y100.200 E6877.2044
G1 X149.800 Y149.800 E6879.1634
G1 X100.200 Y149.800 E6881.1224
G1 X100.200 Y100.200 E6883.0814
G1 F2400 E6882.0814
G1 F300 Z35.450
G0 F3900 X100.700 Y100.610
G0 X101.800 Y101.300
G0 X101.800 Y101.800
G1 F300 Z35.250
G1 F1500 E6883.0814
G1 F2400 X101.800 Y148.200 E6884.9141
G1 X148.200 Y148.200 E6886.7467
G1 X148.200 Y101.800 E6888.5793
G1 X101.800 Y101.800 E6890.4120
G1 F2400 E6889.4120
G1 F300 Z35.450
G0 F3900 X100.600 Y100.600
;TYPE:WALL-INNER
;WIDTH:0.400
;FLOW:85.0
G1 F300 Z35.250
G1 F1500 E6890.4120
G1 F2400 X149.400 Y100.600 E6892.1365
G1 X149.400 Y149.400 E6893.8610
G1 X100.600 Y149.400 E6895.5856
G1 X100.600 Y100.600 E6897.3101
G1 F2400 E6896.3101
G1 F300 Z35.450
G0 F3900 X101.400 Y101.400
G1 F300 Z35.250
G1 F1500 E6897.3101
G1 F2400 X101.400 Y148.600 E6898.9781
G1 X148.600 Y148.600 E6900.6461
G1 X148.600 Y101.400 E6902.3141
G1 X101.400 Y101.400 E6903.9821
G0 F3900 X101.000 Y101.200
;TYPE:GAP-FILL
;WIDTH:0.400
G1 F3600 X101.000 Y148.800 E6905.6642
;WIDTH:0.468
G1 X101.200 Y149.000 E6905.6759
;WIDTH:0.400
G1 X148.800 Y149.000 E6907.3581
;WIDTH:0.468
G1 X149.000 Y148.800 E6907.3697
;WIDTH:0.400
G1 X149.000 Y101.200 E6909.0519
;WIDTH:0.468
G1 X148.800 Y101.000 E6909.0636
;WIDTH:0.400
G1 X101.200 Y101.000 E6910.7457
;WIDTH:0.468
;WIDTH:0.469
G1 X101.034 Y101.034 E6910.7527
G1 X101.000 Y101.200 E6910.7597
;PRINTING_TIME: 4758
;REMAINING_TIME: 1477
;LAYER:141
;Z:35.500
;HEIGHT:0.250
;FLOW:100.0
;PRINTING: Flow_Calibration_Cube_0.4_mm.stl
;PRINTING_ID: 0
G1 F2400 E6909.7597
G1 F300 Z35.700
G0 F3900 X100.200 Y100.200
G0 F300 Z35.500
;TYPE:WALL-OUTER
;WIDTH:0.400
;FLOW:95.0
G1 F300 Z35.500
G1 F1500 E6910.7597
G1 F2400 X149.800 Y100.200 E6912.7188
G1 X149.800 Y149.800 E6914.6778
G1 X100.200 Y149.800 E6916.6368
G1 X100.200 Y100.200 E6918.5958
G1 F2400 E6917.5958
G1 F300 Z35.700
G0 F3900 X100.700 Y100.610
G0 X101.800 Y101.300
G0 X101.800 Y101.800
G1 F300 Z35.500
G1 F1500 E6918.5958
G1 F2400 X101.800 Y148.200 E6920.4285
G1 X148.200 Y148.200 E6922.2611
G1 X148.200 Y101.800 E6924.0937
G1 X101.800 Y101.800 E6925.9264
G1 F2400 E6924.9264
G1 F300 Z35.700
G0 F3900 X100.600 Y100.600
;TYPE:WALL-INNER
;WIDTH:0.400
;FLOW:85.0
G1 F300 Z35.500
G1 F1500 E6925.9264
G1 F2400 X149.400 Y100.600 E6927.6509
G1 X149.400 Y149.400 E6929.3754
G1 X100.600 Y149.400 E6931.1000
G1 X100.600 Y100.600 E6932.8245
G1 F2400 E6931.8245
G1 F300 Z35.700
G0 F3900 X101.400 Y101.400
G1 F300 Z35.500
G1 F1500 E6932.8245
G1 F2400 X101.400 Y148.600 E6934.4925
G1 X148.600 Y148.600 E6936.1605
G1 X148.600 Y101.400 E6937.8285
G1 X101.400 Y101.400 E6939.4965
G0 F3900 X101.000 Y101.200
;TYPE:GAP-FILL
;WIDTH:0.400
G1 F3600 X101.000 Y148.800 E6941.1786
;WIDTH:0.468
G1 X101.200 Y149.000 E6941.1903
;WIDTH:0.400
G1 X148.800 Y149.000 E6942.8725
;WIDTH:0.468
G1 X149.000 Y148.800 E6942.8842
;WIDTH:0.400
G1 X149.000 Y101.200 E6944.5663
;WIDTH:0.468
G1 X148.800 Y101.000 E6944.5780
;WIDTH:0.400
G1 X101.200 Y101.000 E6946.2601
;WIDTH:0.468
;WIDTH:0.469
G1 X101.034 Y101.034 E6946.2671
G1 X101.000 Y101.200 E6946.2742
;PRINTING_TIME: 4783
;REMAINING_TIME: 1452
;LAYER:142
;Z:35.750
;HEIGHT:0.250
;FLOW:100.0
;PRINTING: Flow_Calibration_Cube_0.4_mm.stl
;PRINTING_ID: 0
G1 F2400 E6945.2742
G1 F300 Z35.950
G0 F3900 X100.200 Y100.200
G0 F300 Z35.750
;TYPE:WALL-OUTER
;WIDTH:0.400
;FLOW:95.0
G1 F300 Z35.750
G1 F1500 E6946.2742
G1 F2400 X149.800 Y100.200 E6948.2332
G1 X149.800 Y149.800 E6950.1922
G1 X100.200 Y149.800 E6952.1512
G1 X100.200 Y100.200 E6954.1102
G1 F2400 E6953.1102
G1 F300 Z35.950
G0 F3900 X100.700 Y100.610
G0 X101.800 Y101.300
G0 X101.800 Y101.800
G1 F300 Z35.750
G1 F1500 E6954.1102
G1 F2400 X101.800 Y148.200 E6955.9429
G1 X148.200 Y148.200 E6957.7755
G1 X148.200 Y101.800 E6959.6081
G1 X101.800 Y101.800 E6961.4408
G1 F2400 E6960.4408
G1 F300 Z35.950
G0 F3900 X100.600 Y100.600
;TYPE:WALL-INNER
;WIDTH:0.400
;FLOW:85.0
G1 F300 Z35.750
G1 F1500 E6961.4408
G1 F2400 X149.400 Y100.600 E6963.1653
G1 X149.400 Y149.400 E6964.8899
G1 X100.600 Y149.400 E6966.6144
G1 X100.600 Y100.600 E6968.3389
G1 F2400 E6967.3389
G1 F300 Z35.950
G0 F3900 X101.400 Y101.400
G1 F300 Z35.750
G1 F1500 E6968.3389
G1 F2400 X101.400 Y148.600 E6970.0069
G1 X148.600 Y148.600 E6971.6749
G1 X148.600 Y101.400 E6973.3429
G1 X101.400 Y101.400 E6975.0109
G0 F3900 X101.000 Y101.200
;TYPE:GAP-FILL
;WIDTH:0.400
G1 F3600 X101.000 Y148.800 E6976.6930
;WIDTH:0.468
G1 X101.200 Y149.000 E6976.7047
;WIDTH:0.400
G1 X148.800 Y149.000 E6978.3869
;WIDTH:0.468
G1 X149.000 Y148.800 E6978.3986
;WIDTH:0.400
G1 X149.000 Y101.200 E6980.0807
;WIDTH:0.468
G1 X148.800 Y101.000 E6980.0924
;WIDTH:0.400
G1 X101.200 Y101.000 E6981.7745
;WIDTH:0.468
;WIDTH:0.469
G1 X101.034 Y101.034 E6981.7815
G1 X101.000 Y101.200 E6981.7886
;PRINTING_TIME: 4808
;REMAINING_TIME: 1427
;LAYER:143
;Z:36.000
;HEIGHT:0.250
;FLOW:100.0
;PRINTING: Flow_Calibration_Cube_0.4_mm.stl
;PRINTING_ID: 0
G1 F2400 E6980.7886
G1 F300 Z36.200
G0 F3900 X100.200 Y100.200
G0 F300 Z36.000
;TYPE:WALL-OUTER
;WIDTH:0.400
;FLOW:95.0
G1 F300 Z36.000
G1 F1500 E6981.7886
G1 F2400 X149.800 Y100.200 E6983.7476
G1 X149.800 Y149.800 E6985.7066
G1 X100.200 Y149.800 E6987.6656
G1 X100.200 Y100.200 E6989.6246
G1 F2400 E6988.6246
G1 F300 Z36.200
G0 F3900 X100.700 Y100.610
G0 X101.800 Y101.300
G0 X101.800 Y101.800
G1 F300 Z36.000
G1 F1500 E6989.6246
G1 F2400 X101.800 Y148.200 E6991.4573
G1 X148.200 Y148.200 E6993.2899
G1 X148.200 Y101.800 E6995.1225
G1 X101.800 Y101.800 E6996.9552
G1 F2400 E6995.9552
G1 F300 Z36.200
G0 F3900 X100.600 Y100.600
;TYPE:WALL-INNER
;WIDTH:0.400
;FLOW:85.0
G1 F300 Z36.000
G1 F1500 E6996.9552
G1 F2400 X149.400 Y100.600 E6998.6797
G1 X149.400 Y149.400 E7000.4043
G1 X100.600 Y149.400 E7002.1288
G1 X100.600 Y100.600 E7003.8533
G1 F2400 E7002.8533
G1 F300 Z36.200
G0 F3900 X101.400 Y101.400
G1 F300 Z36.000
G1 F1500 E7003.8533
G1 F2400 X101.400 Y148.600 E7005.5213
G1 X148.600 Y148.600 E7007.1893
G1 X148.600 Y101.400 E7008.8573
G1 X101.400 Y101.400 E7010.5253
G0 F3900 X101.000 Y101.200
;TYPE:GAP-FILL
;WIDTH:0.400
G1 F3600 X101.000 Y148.800 E7012.2074
;WIDTH:0.468
G1 X101.200 Y149.000 E7012.2191
;WIDTH:0.400
G1 X148.800 Y149.000 E7013.9013
;WIDTH:0.468
G1 X149.000 Y148.800 E7013.9130
;WIDTH:0.400
G1 X149.000 Y101.200 E7015.5951
;WIDTH:0.468
G1 X148.800 Y101.000 E7015.6068
;WIDTH:0.400
G1 X101.200 Y101.000 E7017.2889
;WIDTH:0.468
;WIDTH:0.469
G1 X101.034 Y101.034 E7017.2959
G1 X101.000 Y101.200 E7017.3030
;PRINTING_TIME: 4833
;REMAINING_TIME: 1402
;LAYER:144
;Z:36.250
;HEIGHT:0.250
;FLOW:100.0
;PRINTING: Flow_Calibration_Cube_0.4_mm.stl
;PRINTING_ID: 0
G1 F2400 E7016.3030
G1 F300 Z36.450
G0 F3900 X100.200 Y100.200
G0 F300 Z36.250
;TYPE:WALL-OUTER
;WIDTH:0.400
;FLOW:95.0
G1 F300 Z36.250
G1 F1500 E7017.3030
G1 F2400 X149.800 Y100.200 E7019.2620
G1 X149.800 Y149.800 E7021.2210
G1 X100.200 Y149.800 E7023.1800
G1 X100.200 Y100.200 E7025.1391
G1 F2400 E7024.1391
G1 F300 Z36.450
G0 F3900 X100.700 Y100.610
G0 X101.800 Y101.300
G0 X101.800 Y101.800
G1 F300 Z36.250
G1 F1500 E7025.1391
G1 F2400 X101.800 Y148.200 E7026.9717
G1 X148.200 Y148.200 E7028.8043
G1 X148.200 Y101.800 E7030.6370
G1 X101.800 Y101.800 E7032.4696
G1 F2400 E7031.4696
G1 F300 Z36.450
G0 F3900 X100.600 Y100.600
;TYPE:WALL-INNER
;WIDTH:0.400
;FLOW:85.0
G1 F300 Z36.250
G1 F1500 E7032.4696
G1 F2400 X149.400 Y100.600 E7034.1941
G1 X149.400 Y149.400 E7035.9187
G1 X100.600 Y149.400 E7037.6432
G1 X100.600 Y100.600 E7039.3677
G1 F2400 E7038.3677
G1 F300 Z36.450
G0 F3900 X101.400 Y101.400
G1 F300 Z36.250
G1 F1500 E7039.3677
G1 F2400 X101.400 Y148.600 E7041.0357
G1 X148.600 Y148.600 E7042.7037
G1 X148.600 Y101.400 E7044.3717
G1 X101.400 Y101.400 E7046.0397
G0 F3900 X101.000 Y101.200
;TYPE:GAP-FILL
;WIDTH:0.400
G1 F3600 X101.000 Y148.800 E7047.7219
;WIDTH:0.468
G1 X101.200 Y149.000 E7047.7336
;WIDTH:0.400
G1 X148.800 Y149.000 E7049.4157
;WIDTH:0.468
G1 X149.000 Y148.800 E7049.4274
;WIDTH:0.400
G1 X149.000 Y101.200 E7051.1095
;WIDTH:0.468
G1 X148.800 Y101.000 E7051.1212
;WIDTH:0.400
G1 X101.200 Y101.000 E7052.8033
;WIDTH:0.468
;WIDTH:0.469
G1 X101.034 Y101.034 E7052.8104
G1 X101.000 Y101.200 E7052.8174
;PRINTING_TIME: 4858
;REMAINING_TIME: 1377
;LAYER:145
;Z:36.500
;HEIGHT:0.250
;FLOW:100.0
;PRINTING: Flow_Calibration_Cube_0.4_mm.stl
;PRINTING_ID: 0
G1 F2400 E7051.8174
G1 F300 Z36.700
G0 F3900 X100.200 Y100.200
G0 F300 Z36.500
;TYPE:WALL-OUTER
;WIDTH:0.400
;FLOW:95.0
G1 F300 Z36.500
G1 F1500 E7052.8174
G1 F2400 X149.800 Y100.200 E7054.7764
G1 X149.800 Y149.800 E7056.7354
G1 X100.200 Y149.800 E7058.6944
G1 X100.200 Y100.200 E7060.6535
G1 F2400 E7059.6535
G1 F300 Z36.700
G0 F3900 X100.700 Y100.610
G0 X101.800 Y101.300
G0 X101.800 Y101.800
G1 F300 Z36.500
G1 F1500 E7060.6535
G1 F2400 X101.800 Y148.200 E7062.4861
G1 X148.200 Y148.200 E7064.3187
G1 X148.200 Y101.800 E7066.1514
G1 X101.800 Y101.800 E7067.9840
G1 F2400 E7066.9840
G1 F300 Z36.700
G0 F3900 X100.600 Y100.600
;TYPE:WALL-INNER
;WIDTH:0.400
;FLOW:85.0
G1 F300 Z36.500
G1 F1500 E7067.9840
G1 F2400 X149.400 Y100.600 E7069.7085
G1 X149.400 Y149.400 E7071.4331
G1 X100.600 Y149.400 E7073.1576
G1 X100.600 Y100.600 E7074.8822
G1 F2400 E7073.8822
G1 F300 Z36.700
G0 F3900 X101.400 Y101.400
G1 F300 Z36.500
G1 F1500 E7074.8822
G1 F2400 X101.400 Y148.600 E7076.5501
G1 X148.600 Y148.600 E7078.2181
G1 X148.600 Y101.400 E7079.8861
G1 X101.400 Y101.400 E7081.5541
G0 F3900 X101.000 Y101.200
;TYPE:GAP-FILL
;WIDTH:0.400
G1 F3600 X101.000 Y148.800 E7083.2363
;WIDTH:0.468
G1 X101.200 Y149.000 E7083.2480
;WIDTH:0.400
G1 X148.800 Y149.000 E7084.9301
;WIDTH:0.468
G1 X149.000 Y148.800 E7084.9418
;WIDTH:0.400
G1 X149.000 Y101.200 E7086.6239
;WIDTH:0.468
G1 X148.800 Y101.000 E7086.6356
;WIDTH:0.400
G1 X101.200 Y101.000 E7088.3177
;WIDTH:0.468
;WIDTH:0.469
G1 X101.034 Y101.034 E7088.3248
G1 X101.000 Y101.200 E7088.3318
;PRINTING_TIME: 4883
;REMAINING_TIME: 1352
;LAYER:146
;Z:36.750
;HEIGHT:0.250
;FLOW:100.0
;PRINTING: Flow_Calibration_Cube_0.4_mm.stl
;PRINTING_ID: 0
G1 F2400 E7087.3318
G1 F300 Z36.950
G0 F3900 X100.200 Y100.200
G0 F300 Z36.750
;TYPE:WALL-OUTER
;WIDTH:0.400
;FLOW:95.0
G1 F300 Z36.750
G1 F1500 E7088.3318
G1 F2400 X149.800 Y100.200 E7090.2908
G1 X149.800 Y149.800 E7092.2498
G1 X100.200 Y149.800 E7094.2088
G1 X100.200 Y100.200 E7096.1679
G1 F2400 E7095.1679
G1 F300 Z36.950
G0 F3900 X100.700 Y100.610
G0 X101.800 Y101.300
G0 X101.800 Y101.800
G1 F300 Z36.750
G1 F1500 E7096.1679
G1 F2400 X101.800 Y148.200 E7098.0005
G1 X148.200 Y148.200 E7099.8331
G1 X148.200 Y101.800 E7101.6658
G1 X101.800 Y101.800 E7103.4984
G1 F2400 E7102.4984
G1 F300 Z36.950
G0 F3900 X100.600 Y100.600
;TYPE:WALL-INNER
;WIDTH:0.400
;FLOW:85.0
G1 F300 Z36.750
G1 F1500 E7103.4984
G1 F2400 X149.400 Y100.600 E7105.2229
G1 X149.400 Y149.400 E7106.9475
G1 X100.600 Y149.400 E7108.6720
G1 X100.600 Y100.600 E7110.3966
G1 F2400 E7109.3966
G1 F300 Z36.950
G0 F3900 X101.400 Y101.400
G1 F300 Z36.750
G1 F1500 E7110.3966
G1 F2400 X101.400 Y148.600 E7112.0646
G1 X148.600 Y148.600 E7113.7325
G1 X148.600 Y101.400 E7115.4005
G1 X101.400 Y101.400 E7117.0685
G0 F3900 X101.000 Y101.200
;TYPE:GAP-FILL
;WIDTH:0.400
G1 F3600 X101.000 Y148.800 E7118.7507
;WIDTH:0.468
G1 X101.200 Y149.000 E7118.7624
;WIDTH:0.400
G1 X148.800 Y149.000 E7120.4445
;WIDTH:0.468
G1 X149.000 Y148.800 E7120.4562
;WIDTH:0.400
G1 X149.000 Y101.200 E7122.1383
;WIDTH:0.468
G1 X148.800 Y101.000 E7122.1500
;WIDTH:0.400
G1 X101.200 Y101.000 E7123.8321
;WIDTH:0.468
;WIDTH:0.469
G1 X101.034 Y101.034 E7123.8392
G1 X101.000 Y101.200 E7123.8462
;PRINTING_TIME: 4908
;REMAINING_TIME: 1327
;LAYER:147
;Z:37.000
;HEIGHT:0.250
;FLOW:100.0
;PRINTING: Flow_Calibration_Cube_0.4_mm.stl
;PRINTING_ID: 0
G1 F2400 E7122.8462
G1 F300 Z37.200
G0 F3900 X100.200 Y100.200
G0 F300 Z37.000
;TYPE:WALL-OUTER
;WIDTH:0.400
;FLOW:95.0
G1 F300 Z37.000
G1 F1500 E7123.8462
G1 F2400 X149.800 Y100.200 E7125.8052
G1 X149.800 Y149.800 E7127.7642
G1 X100.200 Y149.800 E7129.7233
G1 X100.200 Y100.200 E7131.6823
G1 F2400 E7130.6823
G1 F300 Z37.200
G0 F3900 X100.700 Y100.610
G0 X101.800 Y101.300
G0 X101.800 Y101.800
G1 F300 Z37.000
G1 F1500 E7131.6823
G1 F2400 X101.800 Y148.200 E7133.5149
G1 X148.200 Y148.200 E7135.3475
G1 X148.200 Y101.800 E7137.1802
G1 X101.800 Y101.800 E7139.0128
G1 F2400 E7138.0128
G1 F300 Z37.200
G0 F3900 X100.600 Y100.600
;TYPE:WALL-INNER
;WIDTH:0.400
;FLOW:85.0
G1 F300 Z37.000
G1 F1500 E7139.0128
G1 F2400 X149.400 Y100.600 E7140.7374
G1 X149.400 Y149.400 E7142.4619
G1 X100.600 Y149.400 E7144.1864
G1 X100.600 Y100.600 E7145.9110
G1 F2400 E7144.9110
G1 F300 Z37.200
G0 F3900 X101.400 Y101.400
G1 F300 Z37.000
G1 F1500 E7145.9110
G1 F2400 X101.400 Y148.600 E7147.5790
G1 X148.600 Y148.600 E7149.2470
G1 X148.600 Y101.400 E7150.9150
G1 X101.400 Y101.400 E7152.5829
G0 F3900 X101.000 Y101.200
;TYPE:GAP-FILL
;WIDTH:0.400
G1 F3600 X101.000 Y148.800 E7154.2651
;WIDTH:0.468
G1 X101.200 Y149.000 E7154.2768
;WIDTH:0.400
G1 X148.800 Y149.000 E7155.9589
;WIDTH:0.468
G1 X149.000 Y148.800 E7155.9706
;WIDTH:0.400
G1 X149.000 Y101.200 E7157.6527
;WIDTH:0.468
G1 X148.800 Y101.000 E7157.6644
;WIDTH:0.400
G1 X101.200 Y101.000 E7159.3466
;WIDTH:0.468
;WIDTH:0.469
G1 X101.034 Y101.034 E7159.3536
G1 X101.000 Y101.200 E7159.3606
;PRINTING_TIME: 4933
;REMAINING_TIME: 1302
;LAYER:148
;Z:37.250
;HEIGHT:0.250
;FLOW:100.0
;PRINTING: Flow_Calibration_Cube_0.4_mm.stl
;PRINTING_ID: 0
G1 F2400 E7158.3606
G1 F300 Z37.450
G0 F3900 X100.200 Y100.200
G0 F300 Z37.250
;TYPE:WALL-OUTER
;WIDTH:0.400
;FLOW:95.0
G1 F300 Z37.250
G1 F1500 E7159.3606
G1 F2400 X149.800 Y100.200 E7161.3196
G1 X149.800 Y149.800 E7163.2786
G1 X100.200 Y149.800 E7165.2377
G1 X100.200 Y100.200 E7167.1967
G1 F2400 E7166.1967
G1 F300 Z37.450
G0 F3900 X100.700 Y100.610
G0 X101.800 Y101.300
G0 X101.800 Y101.800
G1 F300 Z37.250
G1 F1500 E7167.1967
G1 F2400 X101.800 Y148.200 E7169.0293
G1 X148.200 Y148.200 E7170.8620
G1 X148.200 Y101.800 E7172.6946
G1 X101.800 Y101.800 E7174.5272
G1 F2400 E7173.5272
G1 F300 Z37.450
G0 F3900 X100.600 Y100.600
;TYPE:WALL-INNER
;WIDTH:0.400
;FLOW:85.0
G1 F300 Z37.250
G1 F1500 E7174.5272
G1 F2400 X149.400 Y100.600 E7176.2518
G1 X149.400 Y149.400 E7177.9763
G1 X100.600 Y149.400 E7179.7008
G1 X100.600 Y100.600 E7181.4254
G1 F2400 E7180.4254
G1 F300 Z37.450
G0 F3900 X101.400 Y101.400
G1 F300 Z37.250
G1 F1500 E7181.4254
G1 F2400 X101.400 Y148.600 E7183.0934
G1 X148.600 Y148.600 E7184.7614
G1 X148.600 Y101.400 E7186.4294
G1 X101.400 Y101.400 E7188.0974
G0 F3900 X101.000 Y101.200
;TYPE:GAP-FILL
;WIDTH:0.400
G1 F3600 X101.000 Y148.800 E7189.7795
;WIDTH:0.468
G1 X101.200 Y149.000 E7189.7912
;WIDTH:0.400
G1 X148.800 Y149.000 E7191.4733
;WIDTH:0.468
G1 X149.000 Y148.800 E7191.4850
;WIDTH:0.400
G1 X149.000 Y101.200 E7193.1671
;WIDTH:0.468
G1 X148.800 Y101.000 E7193.1788
;WIDTH:0.400
G1 X101.200 Y101.000 E7194.8610
;WIDTH:0.468
;WIDTH:0.469
G1 X101.034 Y101.034 E7194.8680
G1 X101.000 Y101.200 E7194.8750
;PRINTING_TIME: 4958
;REMAINING_TIME: 1277
;LAYER:149
;Z:37.500
;HEIGHT:0.250
;FLOW:100.0
;PRINTING: Flow_Calibration_Cube_0.4_mm.stl
;PRINTING_ID: 0
G1 F2400 E7193.8750
G1 F300 Z37.700
G0 F3900 X100.200 Y100.200
G0 F300 Z37.500
;TYPE:WALL-OUTER
;WIDTH:0.400
;FLOW:95.0
G1 F300 Z37.500
G1 F1500 E7194.8750
G1 F2400 X149.800 Y100.200 E7196.8340
G1 X149.800 Y149.800 E7198.7931
G1 X100.200 Y149.800 E7200.7521
G1 X100.200 Y100.200 E7202.7111
G1 F2400 E7201.7111
G1 F300 Z37.700
G0 F3900 X100.700 Y100.610
G0 X101.800 Y101.300
G0 X101.800 Y101.800
G1 F300 Z37.500
G1 F1500 E7202.7111
G1 F2400 X101.800 Y148.200 E7204.5437
G1 X148.200 Y148.200 E7206.3764
G1 X148.200 Y101.800 E7208.2090
G1 X101.800 Y101.800 E7210.0416
G1 F2400 E7209.0416
G1 F300 Z37.700
G0 F3900 X100.600 Y100.600
;TYPE:WALL-INNER
;WIDTH:0.400
;FLOW:85.0
G1 F300 Z37.500
G1 F1500 E7210.0416
G1 F2400 X149.400 Y100.600 E7211.7662
G1 X149.400 Y149.400 E7213.4907
G1 X100.600 Y149.400 E7215.2152
G1 X100.600 Y100.600 E7216.9398
G1 F2400 E7215.9398
G1 F300 Z37.700
G0 F3900 X101.400 Y101.400
G1 F300 Z37.500
G1 F1500 E7216.9398
G1 F2400 X101.400 Y148.600 E7218.6078
G1 X148.600 Y148.600 E7220.2758
G1 X148.600 Y101.400 E7221.9438
G1 X101.400 Y101.400 E7223.6118
G0 F3900 X101.000 Y101.200
;TYPE:GAP-FILL
;WIDTH:0.400
G1 F3600 X101.000 Y148.800 E7225.2939
;WIDTH:0.468
G1 X101.200 Y149.000 E7225.3056
;WIDTH:0.400
G1 X148.800 Y149.000 E7226.9877
;WIDTH:0.468
G1 X149.000 Y148.800 E7226.9994
;WIDTH:0.400
G1 X149.000 Y101.200 E7228.6815
;WIDTH:0.468
G1 X148.800 Y101.000 E7228.6932
;WIDTH:0.400
G1 X101.200 Y101.000 E7230.3754
;WIDTH:0.468
;WIDTH:0.469
G1 X101.034 Y101.034 E7230.3824
G1 X101.000 Y101.200 E7230.3894
;PRINTING_TIME: 4983
;REMAINING_TIME: 1252
;LAYER:150
;Z:37.750
;HEIGHT:0.250
;FLOW:100.0
;PRINTING: Flow_Calibration_Cube_0.4_mm.stl
;PRINTING_ID: 0
G1 F2400 E7229.3894
G1 F300 Z37.950
G0 F3900 X100.200 Y100.200
G0 F300 Z37.750
;TYPE:WALL-OUTER
;WIDTH:0.400
;FLOW:95.0
G1 F300 Z37.750
G1 F1500 E7230.3894
G1 F2400 X149.800 Y100.200 E7232.3484
G1 X149.800 Y149.800 E7234.3075
G1 X100.200 Y149.800 E7236.2665
G1 X100.200 Y100.200 E7238.2255
G1 F2400 E7237.2255
G1 F300 Z37.950
G0 F3900 X100.700 Y100.610
G0 X101.800 Y101.300
G0 X101.800 Y101.800
G1 F300 Z37.750
G1 F1500 E7238.2255
G1 F2400 X101.800 Y148.200 E7240.0581
G1 X148.200 Y148.200 E7241.8908
G1 X148.200 Y101.800 E7243.7234
G1 X101.800 Y101.800 E7245.5560
G1 F2400 E7244.5560
G1 F300 Z37.950
G0 F3900 X100.600 Y100.600
;TYPE:WALL-INNER
;WIDTH:0.400
;FLOW:85.0
G1 F300 Z37.750
G1 F1500 E7245.5560
G1 F2400 X149.400 Y100.600 E7247.2806
G1 X149.400 Y149.400 E7249.0051
G1 X100.600 Y149.400 E7250.7297
G1 X100.600 Y100.600 E7252.4542
G1 F2400 E7251.4542
G1 F300 Z37.950
G0 F3900 X101.400 Y101.400
G1 F300 Z37.750
G1 F1500 E7252.4542
G1 F2400 X101.400 Y148.600 E7254.1222
G1 X148.600 Y148.600 E7255.7902
G1 X148.600 Y101.400 E7257.4582
G1 X101.400 Y101.400 E7259.1262
G0 F3900 X101.000 Y101.200
;TYPE:GAP-FILL
;WIDTH:0.400
G1 F3600 X101.000 Y148.800 E7260.8083
;WIDTH:0.468
G1 X101.200 Y149.000 E7260.8200
;WIDTH:0.400
G1 X148.800 Y149.000 E7262.5021
;WIDTH:0.468
G1 X149.000 Y148.800 E7262.5138
;WIDTH:0.400
G1 X149.000 Y101.200 E7264.1960
;WIDTH:0.468
G1 X148.800 Y101.000 E7264.2076
;WIDTH:0.400
G1 X101.200 Y101.000 E7265.8898
;WIDTH:0.468
;WIDTH:0.469
G1 X101.034 Y101.034 E7265.8968
G1 X101.000 Y101.200 E7265.9038
;PRINTING_TIME: 5008
;REMAINING_TIME: 1227
;LAYER:151
;Z:38.000
;HEIGHT:0.250
;FLOW:100.0
;PRINTING: Flow_Calibration_Cube_0.4_mm.stl
;PRINTING_ID: 0
G1 F2400 E7264.9038
G1 F300 Z38.200
G0 F3900 X100.200 Y100.200
G0 F300 Z38.000
;TYPE:WALL-OUTER
;WIDTH:0.400
;FLOW:95.0
G1 F300 Z38.000
G1 F1500 E7265.9038
G1 F2400 X149.800 Y100.200 E7267.8628
G1 X149.800 Y149.800 E7269.8219
G1 X100.200 Y149.800 E7271.7809
G1 X100.200 Y100.200 E7273.7399
G1 F2400 E7272.7399
G1 F300 Z38.200
G0 F3900 X100.700 Y100.610
G0 X101.800 Y101.300
G0 X101.800 Y101.800
G1 F300 Z38.000
G1 F1500 E7273.7399
G1 F2400 X101.800 Y148.200 E7275.5725
G1 X148.200 Y148.200 E7277.4052
G1 X148.200 Y101.800 E7279.2378
G1 X101.800 Y101.800 E7281.0704
G1 F2400 E7280.0704
G1 F300 Z38.200
G0 F3900 X100.600 Y100.600
;TYPE:WALL-INNER
;WIDTH:0.400
;FLOW:85.0
G1 F300 Z38.000
G1 F1500 E7281.0704
G1 F2400 X149.400 Y100.600 E7282.7950
G1 X149.400 Y149.400 E7284.5195
G1 X100.600 Y149.400 E7286.2441
G1 X100.600 Y100.600 E7287.9686
G1 F2400 E7286.9686
G1 F300 Z38.200
G0 F3900 X101.400 Y101.400
G1 F300 Z38.000
G1 F1500 E7287.9686
G1 F2400 X101.400 Y148.600 E7289.6366
G1 X148.600 Y148.600 E7291.3046
G1 X148.600 Y101.400 E7292.9726
G1 X101.400 Y101.400 E7294.6406
G0 F3900 X101.000 Y101.200
;TYPE:GAP-FILL
;WIDTH:0.400
G1 F3600 X101.000 Y148.800 E7296.3227
;WIDTH:0.468
G1 X101.200 Y149.000 E7296.3344
;WIDTH:0.400
G1 X148.800 Y149.000 E7298.0165
;WIDTH:0.468
G1 X149.000 Y148.800 E7298.0282
;WIDTH:0.400
G1 X149.000 Y101.200 E7299.7104
;WIDTH:0.468
G1 X148.800 Y101.000 E7299.7221
;WIDTH:0.400
G1 X101.200 Y101.000 E7301.4042
;WIDTH:0.468
;WIDTH:0.469
G1 X101.034 Y101.034 E7301.4112
G1 X101.000 Y101.200 E7301.4182
;PRINTING_TIME: 5033
;REMAINING_TIME: 1202
;LAYER:152
;Z:38.250
;HEIGHT:0.250
;FLOW:100.0
;PRINTING: Flow_Calibration_Cube_0.4_mm.stl
;PRINTING_ID: 0
G1 F2400 E7300.4182
G1 F300 Z38.450
G0 F3900 X100.200 Y100.200
G0 F300 Z38.250
;TYPE:WALL-OUTER
;WIDTH:0.400
;FLOW:95.0
G1 F300 Z38.250
G1 F1500 E7301.4182
G1 F2400 X149.800 Y100.200 E7303.3773
G1 X149.800 Y149.800 E7305.3363
G1 X100.200 Y149.800 E7307.2953
G1 X100.200 Y100.200 E7309.2543
G1 F2400 E7308.2543
G1 F300 Z38.450
G0 F3900 X100.700 Y100.610
G0 X101.800 Y101.300
G0 X101.800 Y101.800
G1 F300 Z38.250
G1 F1500 E7309.2543
G1 F2400 X101.800 Y148.200 E7311.0870
G1 X148.200 Y148.200 E7312.9196
G1 X148.200 Y101.800 E7314.7522
G1 X101.800 Y101.800 E7316.5849
G1 F2400 E7315.5849
G1 F300 Z38.450
G0 F3900 X100.600 Y100.600
;TYPE:WALL-INNER
;WIDTH:0.400
;FLOW:85.0
G1 F300 Z38.250
G1 F1500 E7316.5849
G1 F2400 X149.400 Y100.600 E7318.3094
G1 X149.400 Y149.400 E7320.0339
G1 X100.600 Y149.400 E7321.7585
G1 X100.600 Y100.600 E7323.4830
G1 F2400 E7322.4830
G1 F300 Z38.450
G0 F3900 X101.400 Y101.400
G1 F300 Z38.250
G1 F1500 E7323.4830
G1 F2400 X101.400 Y148.600 E7325.1510
G1 X148.600 Y148.600 E7326.8190
G1 X148.600 Y101.400 E7328.4870
G1 X101.400 Y101.400 E7330.1550
G0 F3900 X101.000 Y101.200
;TYPE:GAP-FILL
;WIDTH:0.400
G1 F3600 X101.000 Y148.800 E7331.8371
;WIDTH:0.468
G1 X101.200 Y149.000 E7331.8488
;WIDTH:0.400
G1 X148.800 Y149.000 E7333.5309
;WIDTH:0.468
G1 X149.000 Y148.800 E7333.5426
;WIDTH:0.400
G1 X149.000 Y101.200 E7335.2248
;WIDTH:0.468
G1 X148.800 Y101.000 E7335.2365
;WIDTH:0.400
G1 X101.200 Y101.000 E7336.9186
;WIDTH:0.468
;WIDTH:0.469
G1 X101.034 Y101.034 E7336.9256
G1 X101.000 Y101.200 E7336.9326
;PRINTING_TIME: 5058
;REMAINING_TIME: 1177
;LAYER:153
;Z:38.500
;HEIGHT:0.250
;FLOW:100.0
;PRINTING: Flow_Calibration_Cube_0.4_mm.stl
;PRINTING_ID: 0
G1 F2400 E7335.9326
G1 F300 Z38.700
G0 F3900 X100.200 Y100.200
G0 F300 Z38.500
;TYPE:WALL-OUTER
;WIDTH:0.400
;FLOW:95.0
G1 F300 Z38.500
G1 F1500 E7336.9326
G1 F2400 X149.800 Y100.200 E7338.8917
G1 X149.800 Y149.800 E7340.8507
G1 X100.200 Y149.800 E7342.8097
G1 X100.200 Y100.200 E7344.7687
G1 F2400 E7343.7687
G1 F300 Z38.700
G0 F3900 X100.700 Y100.610
G0 X101.800 Y101.300
G0 X101.800 Y101.800
G1 F300 Z38.500
G1 F1500 E7344.7687
G1 F2400 X101.800 Y148.200 E7346.6014
G1 X148.200 Y148.200 E7348.4340
G1 X148.200 Y101.800 E7350.2666
G1 X101.800 Y101.800 E7352.0993
G1 F2400 E7351.0993
G1 F300 Z38.700
G0 F3900 X100.600 Y100.600
;TYPE:WALL-INNER
;WIDTH:0.400
;FLOW:85.0
G1 F300 Z38.500
G1 F1500 E7352.0993
G1 F2400 X149.400 Y100.600 E7353.8238
G1 X149.400 Y149.400 E7355.5483
G1 X100.600 Y149.400 E7357.2729
G1 X100.600 Y100.600 E7358.9974
G1 F2400 E7357.9974
G1 F300 Z38.700
G0 F3900 X101.400 Y101.400
G1 F300 Z38.500
G1 F1500 E7358.9974
G1 F2400 X101.400 Y148.600 E7360.6654
G1 X148.600 Y148.600 E7362.3334
G1 X148.600 Y101.400 E7364.0014
G1 X101.400 Y101.400 E7365.6694
G0 F3900 X101.000 Y101.200
;TYPE:GAP-FILL
;WIDTH:0.400
G1 F3600 X101.000 Y148.800 E7367.3515
;WIDTH:0.468
G1 X101.200 Y149.000 E7367.3632
;WIDTH:0.400
G1 X148.800 Y149.000 E7369.0454
;WIDTH:0.468
G1 X149.000 Y148.800 E7369.0570
;WIDTH:0.400
G1 X149.000 Y101.200 E7370.7392
;WIDTH:0.468
G1 X148.800 Y101.000 E7370.7509
;WIDTH:0.400
G1 X101.200 Y101.000 E7372.4330
;WIDTH:0.468
;WIDTH:0.469
G1 X101.034 Y101.034 E7372.4400
G1 X101.000 Y101.200 E7372.4470
;PRINTING_TIME: 5083
;REMAINING_TIME: 1152
;LAYER:154
;Z:38.750
;HEIGHT:0.250
;FLOW:100.0
;PRINTING: Flow_Calibration_Cube_0.4_mm.stl
;PRINTING_ID: 0
G1 F2400 E7371.4470
G1 F300 Z38.950
G0 F3900 X100.200 Y100.200
G0 F300 Z38.750
;TYPE:WALL-OUTER
;WIDTH:0.400
;FLOW:95.0
G1 F300 Z38.750
G1 F1500 E7372.4470
G1 F2400 X149.800 Y100.200 E7374.4061
G1 X149.800 Y149.800 E7376.3651
G1 X100.200 Y149.800 E7378.3241
G1 X100.200 Y100.200 E7380.2831
G1 F2400 E7379.2831
G1 F300 Z38.950
G0 F3900 X100.700 Y100.610
G0 X101.800 Y101.300
G0 X101.800 Y101.800
G1 F300 Z38.750
G1 F1500 E7380.2831
G1 F2400 X101.800 Y148.200 E7382.1158
G1 X148.200 Y148.200 E7383.9484
G1 X148.200 Y101.800 E7385.7810
G1 X101.800 Y101.800 E7387.6137
G1 F2400 E7386.6137
G1 F300 Z38.950
G0 F3900 X100.600 Y100.600
;TYPE:WALL-INNER
;WIDTH:0.400
;FLOW:85.0
G1 F300 Z38.750
G1 F1500 E7387.6137
G1 F2400 X149.400 Y100.600 E7389.3382
G1 X149.400 Y149.400 E7391.0627
G1 X100.600 Y149.400 E7392.7873
G1 X100.600 Y100.600 E7394.5118
G1 F2400 E7393.5118
G1 F300 Z38.950
G0 F3900 X101.400 Y101.400
G1 F300 Z38.750
G1 F1500 E7394.5118
G1 F2400 X101.400 Y148.600 E7396.1798
G1 X148.600 Y148.600 E7397.8478
G1 X148.600 Y101.400 E7399.5158
G1 X101.400 Y101.400 E7401.1838
G0 F3900 X101.000 Y101.200
;TYPE:GAP-FILL
;WIDTH:0.400
G1 F3600 X101.000 Y148.800 E7402.8659
;WIDTH:0.468
G1 X101.200 Y149.000 E7402.8776
;WIDTH:0.400
G1 X148.800 Y149.000 E7404.5598
;WIDTH:0.468
G1 X149.000 Y148.800 E7404.5715
;WIDTH:0.400
G1 X149.000 Y101.200 E7406.2536
;WIDTH:0.468
G1 X148.800 Y101.000 E7406.2653
;WIDTH:0.400
G1 X101.200 Y101.000 E7407.9474
;WIDTH:0.468
;WIDTH:0.469
G1 X101.034 Y101.034 E7407.9544
G1 X101.000 Y101.200 E7407.9615
;PRINTING_TIME: 5108
;REMAINING_TIME: 1127
;LAYER:155
;Z:39.000
;HEIGHT:0.250
;FLOW:100.0
;PRINTING: Flow_Calibration_Cube_0.4_mm.stl
;PRINTING_ID: 0
G1 F2400 E7406.9615
G1 F300 Z39.200
G0 F3900 X100.200 Y100.200
G0 F300 Z39.000
;TYPE:WALL-OUTER
;WIDTH:0.400
;FLOW:95.0
G1 F300 Z39.000
G1 F1500 E7407.9615
G1 F2400 X149.800 Y100.200 E7409.9205
G1 X149.800 Y149.800 E7411.8795
G1 X100.200 Y149.800 E7413.8385
G1 X100.200 Y100.200 E7415.7975
G1 F2400 E7414.7975
G1 F300 Z39.200
G0 F3900 X100.700 Y100.610
G0 X101.800 Y101.300
G0 X101.800 Y101.800
G1 F300 Z39.000
G1 F1500 E7415.7975
G1 F2400 X101.800 Y148.200 E7417.6302
G1 X148.200 Y148.200 E7419.4628
G1 X148.200 Y101.800 E7421.2954
G1 X101.800 Y101.800 E7423.1281
G1 F2400 E7422.1281
G1 F300 Z39.200
G0 F3900 X100.600 Y100.600
;TYPE:WALL-INNER
;WIDTH:0.400
;FLOW:85.0
G1 F300 Z39.000
G1 F1500 E7423.1281
G1 F2400 X149.400 Y100.600 E7424.8526
G1 X149.400 Y149.400 E7426.5772
G1 X100.600 Y149.400 E7428.3017
G1 X100.600 Y100.600 E7430.0262
G1 F2400 E7429.0262
G1 F300 Z39.200
G0 F3900 X101.400 Y101.400
G1 F300 Z39.000
G1 F1500 E7430.0262
G1 F2400 X101.400 Y148.600 E7431.6942
G1 X148.600 Y148.600 E7433.3622
G1 X148.600 Y101.400 E7435.0302
G1 X101.400 Y101.400 E7436.6982
G0 F3900 X101.000 Y101.200
;TYPE:GAP-FILL
;WIDTH:0.400
G1 F3600 X101.000 Y148.800 E7438.3803
;WIDTH:0.468
G1 X101.200 Y149.000 E7438.3920
;WIDTH:0.400
G1 X148.800 Y149.000 E7440.0742
;WIDTH:0.468
G1 X149.000 Y148.800 E7440.0859
;WIDTH:0.400
G1 X149.000 Y101.200 E7441.7680
;WIDTH:0.468
G1 X148.800 Y101.000 E7441.7797
;WIDTH:0.400
G1 X101.200 Y101.000 E7443.4618
;WIDTH:0.468
;WIDTH:0.469
G1 X101.034 Y101.034 E7443.4688
G1 X101.000 Y101.200 E7443.4759
;PRINTING_TIME: 5133
;REMAINING_TIME: 1102
;LAYER:156
;Z:39.250
;HEIGHT:0.250
;FLOW:100.0
;PRINTING: Flow_Calibration_Cube_0.4_mm.stl
;PRINTING_ID: 0
G1 F2400 E7442.4759
G1 F300 Z39.450
G0 F3900 X100.200 Y100.200
G0 F300 Z39.250
;TYPE:WALL-OUTER
;WIDTH:0.400
;FLOW:95.0
G1 F300 Z39.250
G1 F1500 E7443.4759
G1 F2400 X149.800 Y100.200 E7445.4349
G1 X149.800 Y149.800 E7447.3939
G1 X100.200 Y149.800 E7449.3529
G1 X100.200 Y100.200 E7451.3119
G1 F2400 E7450.3119
G1 F300 Z39.450
G0 F3900 X100.700 Y100.610
G0 X101.800 Y101.300
G0 X101.800 Y101.800
G1 F300 Z39.250
G1 F1500 E7451.3119
G1 F2400 X101.800 Y148.200 E7453.1446
G1 X148.200 Y148.200 E7454.9772
G1 X148.200 Y101.800 E7456.8098
G1 X101.800 Y101.800 E7458.6425
G1 F2400 E7457.6425
G1 F300 Z39.450
G0 F3900 X100.600 Y100.600
;TYPE:WALL-INNER
;WIDTH:0.400
;FLOW:85.0
G1 F300 Z39.250
G1 F1500 E7458.6425
G1 F2400 X149.400 Y100.600 E7460.3670
G1 X149.400 Y149.400 E7462.0916
G1 X100.600 Y149.400 E7463.8161
G1 X100.600 Y100.600 E7465.5406
G1 F2400 E7464.5406
G1 F300 Z39.450
G0 F3900 X101.400 Y101.400
G1 F300 Z39.250
G1 F1500 E7465.5406
G1 F2400 X101.400 Y148.600 E7467.2086
G1 X148.600 Y148.600 E7468.8766
G1 X148.600 Y101.400 E7470.5446
G1 X101.400 Y101.400 E7472.2126
G0 F3900 X101.000 Y101.200
;TYPE:GAP-FILL
;WIDTH:0.400
G1 F3600 X101.000 Y148.800 E7473.8947
;WIDTH:0.468
G1 X101.200 Y149.000 E7473.9064
;WIDTH:0.400
G1 X148.800 Y149.000 E7475.5886
;WIDTH:0.468
G1 X149.000 Y148.800 E7475.6003
;WIDTH:0.400
G1 X149.000 Y101.200 E7477.2824
;WIDTH:0.468
G1 X148.800 Y101.000 E7477.2941
;WIDTH:0.400
G1 X101.200 Y101.000 E7478.9762
;WIDTH:0.468
;WIDTH:0.469
G1 X101.034 Y101.034 E7478.9832
G1 X101.000 Y101.200 E7478.9903
;PRINTING_TIME: 5158
;REMAINING_TIME: 1077
;LAYER:157
;Z:39.500
;HEIGHT:0.250
;FLOW:100.0
;PRINTING: Flow_Calibration_Cube_0.4_mm.stl
;PRINTING_ID: 0
G1 F2400 E7477.9903
G1 F300 Z39.700
G0 F3900 X100.200 Y100.200
G0 F300 Z39.500
;TYPE:WALL-OUTER
;WIDTH:0.400
;FLOW:95.0
G1 F300 Z39.500
G1 F1500 E7478.9903
G1 F2400 X149.800 Y100.200 E7480.9493
G1 X149.800 Y149.800 E7482.9083
G1 X100.200 Y149.800 E7484.8673
G1 X100.200 Y100.200 E7486.8264
G1 F2400 E7485.8264
G1 F300 Z39.700
G0 F3900 X100.700 Y100.610
G0 X101.800 Y101.300
G0 X101.800 Y101.800
G1 F300 Z39.500
G1 F1500 E7486.8264
G1 F2400 X101.800 Y148.200 E7488.6590
G1 X148.200 Y148.200 E7490.4916
G1 X148.200 Y101.800 E7492.3243
G1 X101.800 Y101.800 E7494.1569
G1 F2400 E7493.1569
G1 F300 Z39.700
G0 F3900 X100.600 Y100.600
;TYPE:WALL-INNER
;WIDTH:0.400
;FLOW:85.0
G1 F300 Z39.500
G1 F1500 E7494.1569
G1 F2400 X149.400 Y100.600 E7495.8814
G1 X149.400 Y149.400 E7497.6060
G1 X100.600 Y149.400 E7499.3305
G1 X100.600 Y100.600 E7501.0550
G1 F2400 E7500.0550
G1 F300 Z39.700
G0 F3900 X101.400 Y101.400
G1 F300 Z39.500
G1 F1500 E7501.0550
G1 F2400 X101.400 Y148.600 E7502.7230
G1 X148.600 Y148.600 E7504.3910
G1 X148.600 Y101.400 E7506.0590
G1 X101.400 Y101.400 E7507.7270
G0 F3900 X101.000 Y101.200
;TYPE:GAP-FILL
;WIDTH:0.400
G1 F3600 X101.000 Y148.800 E7509.4092
;WIDTH:0.468
G1 X101.200 Y149.000 E7509.4209
;WIDTH:0.400
G1 X148.800 Y149.000 E7511.1030
;WIDTH:0.468
G1 X149.000 Y148.800 E7511.1147
;WIDTH:0.400
G1 X149.000 Y101.200 E7512.7968
;WIDTH:0.468
G1 X148.800 Y101.000 E7512.8085
;WIDTH:0.400
G1 X101.200 Y101.000 E7514.4906
;WIDTH:0.468
;WIDTH:0.469
G1 X101.034 Y101.034 E7514.4977
G1 X101.000 Y101.200 E7514.5047
;PRINTING_TIME: 5184
;REMAINING_TIME: 1052
;LAYER:158
;Z:39.750
;HEIGHT:0.250
;FLOW:100.0
;PRINTING: Flow_Calibration_Cube_0.4_mm.stl
;PRINTING_ID: 0
G1 F2400 E7513.5047
G1 F300 Z39.950
G0 F3900 X100.200 Y100.200
G0 F300 Z39.750
;TYPE:WALL-OUTER
;WIDTH:0.400
;FLOW:95.0
G1 F300 Z39.750
G1 F1500 E7514.5047
G1 F2400 X149.800 Y100.200 E7516.4637
G1 X149.800 Y149.800 E7518.4227
G1 X100.200 Y149.800 E7520.3817
G1 X100.200 Y100.200 E7522.3408
G1 F2400 E7521.3408
G1 F300 Z39.950
G0 F3900 X100.700 Y100.610
G0 X101.800 Y101.300
G0 X101.800 Y101.800
G1 F300 Z39.750
G1 F1500 E7522.3408
G1 F2400 X101.800 Y148.200 E7524.1734
G1 X148.200 Y148.200 E7526.0060
G1 X148.200 Y101.800 E7527.8387
G1 X101.800 Y101.800 E7529.6713
G1 F2400 E7528.6713
G1 F300 Z39.950
G0 F3900 X100.600 Y100.600
;TYPE:WALL-INNER
;WIDTH:0.400
;FLOW:85.0
G1 F300 Z39.750
G1 F1500 E7529.6713
G1 F2400 X149.400 Y100.600 E7531.3958
G1 X149.400 Y149.400 E7533.1204
G1 X100.600 Y149.400 E7534.8449
G1 X100.600 Y100.600 E7536.5694
G1 F2400 E7535.5694
G1 F300 Z39.950
G0 F3900 X101.400 Y101.400
G1 F300 Z39.750
G1 F1500 E7536.5694
G1 F2400 X101.400 Y148.600 E7538.2374
G1 X148.600 Y148.600 E7539.9054
G1 X148.600 Y101.400 E7541.5734
G1 X101.400 Y101.400 E7543.2414
G0 F3900 X101.000 Y101.200
;TYPE:GAP-FILL
;WIDTH:0.400
G1 F3600 X101.000 Y148.800 E7544.9236
;WIDTH:0.468
G1 X101.200 Y149.000 E7544.9353
;WIDTH:0.400
G1 X148.800 Y149.000 E7546.6174
;WIDTH:0.468
G1 X149.000 Y148.800 E7546.6291
;WIDTH:0.400
G1 X149.000 Y101.200 E7548.3112
;WIDTH:0.468
G1 X148.800 Y101.000 E7548.3229
;WIDTH:0.400
G1 X101.200 Y101.000 E7550.0050
;WIDTH:0.468
;WIDTH:0.469
G1 X101.034 Y101.034 E7550.0121
G1 X101.000 Y101.200 E7550.0191
;PRINTING_TIME: 5209
;REMAINING_TIME: 1026
;LAYER:159
;Z:40.000
;HEIGHT:0.250
;FLOW:100.0
;PRINTING: Flow_Calibration_Cube_0.4_mm.stl
;PRINTING_ID: 0
G1 F2400 E7549.0191
G1 F300 Z40.200
G0 F3900 X100.200 Y100.200
G0 F300 Z40.000
;TYPE:WALL-OUTER
;WIDTH:0.400
;FLOW:95.0
G1 F300 Z40.000
G1 F1500 E7550.0191
G1 F2400 X149.800 Y100.200 E7551.9781
G1 X149.800 Y149.800 E7553.9371
G1 X100.200 Y149.800 E7555.8961
G1 X100.200 Y100.200 E7557.8552
G1 F2400 E7556.8552
G1 F300 Z40.200
G0 F3900 X100.700 Y100.610
G0 X101.800 Y101.300
G0 X101.800 Y101.800
G1 F300 Z40.000
G1 F1500 E7557.8552
G1 F2400 X101.800 Y148.200 E7559.6878
G1 X148.200 Y148.200 E7561.5204
G1 X148.200 Y101.800 E7563.3531
G1 X101.800 Y101.800 E7565.1857
G1 F2400 E7564.1857
G1 F300 Z40.200
G0 F3900 X100.600 Y100.600
;TYPE:WALL-INNER
;WIDTH:0.400
;FLOW:85.0
G1 F300 Z40.000
G1 F1500 E7565.1857
G1 F2400 X149.400 Y100.600 E7566.9102
G1 X149.400 Y149.400 E7568.6348
G1 X100.600 Y149.400 E7570.3593
G1 X100.600 Y100.600 E7572.0839
G1 F2400 E7571.0839
G1 F300 Z40.200
G0 F3900 X101.400 Y101.400
G1 F300 Z40.000
G1 F1500 E7572.0839
G1 F2400 X101.400 Y148.600 E7573.7519
G1 X148.600 Y148.600 E7575.4198
G1 X148.600 Y101.400 E7577.0878
G1 X101.400 Y101.400 E7578.7558
G0 F3900 X101.000 Y101.200
;TYPE:GAP-FILL
;WIDTH:0.400
G1 F3600 X101.000 Y148.800 E7580.4380
;WIDTH:0.468
G1 X101.200 Y149.000 E7580.4497
;WIDTH:0.400
G1 X148.800 Y149.000 E7582.1318
;WIDTH:0.468
G1 X149.000 Y148.800 E7582.1435
;WIDTH:0.400
G1 X149.000 Y101.200 E7583.8256
;WIDTH:0.468
G1 X148.800 Y101.000 E7583.8373
;WIDTH:0.400
G1 X101.200 Y101.000 E7585.5194
;WIDTH:0.468
;WIDTH:0.469
G1 X101.034 Y101.034 E7585.5265
G1 X101.000 Y101.200 E7585.5335
;PRINTING_TIME: 5234
;REMAINING_TIME: 1001
;LAYER:160
;Z:40.250
;HEIGHT:0.250
;FLOW:100.0
;PRINTING: Flow_Calibration_Cube_0.4_mm.stl
;PRINTING_ID: 0
G1 F2400 E7584.5335
G1 F300 Z40.450
G0 F3900 X100.200 Y100.200
G0 F300 Z40.250
;TYPE:WALL-OUTER
;WIDTH:0.400
;FLOW:95.0
G1 F300 Z40.250
G1 F1500 E7585.5335
G1 F2400 X149.800 Y100.200 E7587.4925
G1 X149.800 Y149.800 E7589.4515
G1 X100.200 Y149.800 E7591.4106
G1 X100.200 Y100.200 E7593.3696
G1 F2400 E7592.3696
G1 F300 Z40.450
G0 F3900 X100.700 Y100.610
G0 X101.800 Y101.300
G0 X101.800 Y101.800
G1 F300 Z40.250
G1 F1500 E7593.3696
G1 F2400 X101.800 Y148.200 E7595.2022
G1 X148.200 Y148.200 E7597.0348
G1 X148.200 Y101.800 E7598.8675
G1 X101.800 Y101.800 E7600.7001
G1 F2400 E7599.7001
G1 F300 Z40.450
G0 F3900 X100.600 Y100.600
;TYPE:WALL-INNER
;WIDTH:0.400
;FLOW:85.0
G1 F300 Z40.250
G1 F1500 E7600.7001
G1 F2400 X149.400 Y100.600 E7602.4247
G1 X149.400 Y149.400 E7604.1492
G1 X100.600 Y149.400 E7605.8737
G1 X100.600 Y100.600 E7607.5983
G1 F2400 E7606.5983
G1 F300 Z40.450
G0 F3900 X101.400 Y101.400
G1 F300 Z40.250
G1 F1500 E7607.5983
G1 F2400 X101.400 Y148.600 E7609.2663
G1 X148.600 Y148.600 E7610.9343
G1 X148.600 Y101.400 E7612.6023
G1 X101.400 Y101.400 E7614.2702
G0 F3900 X101.000 Y101.200
;TYPE:GAP-FILL
;WIDTH:0.400
G1 F3600 X101.000 Y148.800 E7615.9524
;WIDTH:0.468
G1 X101.200 Y149.000 E7615.9641
;WIDTH:0.400
G1 X148.800 Y149.000 E7617.6462
;WIDTH:0.468
G1 X149.000 Y148.800 E7617.6579
;WIDTH:0.400
G1 X149.000 Y101.200 E7619.3400
;WIDTH:0.468
G1 X148.800 Y101.000 E7619.3517
;WIDTH:0.400
G1 X101.200 Y101.000 E7621.0339
;WIDTH:0.468
;WIDTH:0.469
G1 X101.034 Y101.034 E7621.0409
G1 X101.000 Y101.200 E7621.0479
;PRINTING_TIME: 5259
;REMAINING_TIME: 976
;LAYER:161
;Z:40.500
;HEIGHT:0.250
;FLOW:100.0
;PRINTING: Flow_Calibration_Cube_0.4_mm.stl
;PRINTING_ID: 0
G1 F2400 E7620.0479
G1 F300 Z40.700
G0 F3900 X100.200 Y100.200
G0 F300 Z40.500
;TYPE:WALL-OUTER
;WIDTH:0.400
;FLOW:95.0
G1 F300 Z40.500
G1 F1500 E7621.0479
G1 F2400 X149.800 Y100.200 E7623.0069
G1 X149.800 Y149.800 E7624.9659
G1 X100.200 Y149.800 E7626.9250
G1 X100.200 Y100.200 E7628.8840
G1 F2400 E7627.8840
G1 F300 Z40.700
G0 F3900 X100.700 Y100.610
G0 X101.800 Y101.300
G0 X101.800 Y101.800
G1 F300 Z40.500
G1 F1500 E7628.8840
G1 F2400 X101.800 Y148.200 E7630.7166
G1 X148.200 Y148.200 E7632.5493
G1 X148.200 Y101.800 E7634.3819
G1 X101.800 Y101.800 E7636.2145
G1 F2400 E7635.2145
G1 F300 Z40.700
G0 F3900 X100.600 Y100.600
;TYPE:WALL-INNER
;WIDTH:0.400
;FLOW:85.0
G1 F300 Z40.500
G1 F1500 E7636.2145
G1 F2400 X149.400 Y100.600 E7637.9391
G1 X149.400 Y149.400 E7639.6636
G1 X100.600 Y149.400 E7641.3881
G1 X100.600 Y100.600 E7643.1127
G1 F2400 E7642.1127
G1 F300 Z40.700
G0 F3900 X101.400 Y101.400
G1 F300 Z40.500
G1 F1500 E7643.1127
G1 F2400 X101.400 Y148.600 E7644.7807
G1 X148.600 Y148.600 E7646.4487
G1 X148.600 Y101.400 E7648.1167
G1 X101.400 Y101.400 E7649.7847
G0 F3900 X101.000 Y101.200
;TYPE:GAP-FILL
;WIDTH:0.400
G1 F3600 X101.000 Y148.800 E7651.4668
;WIDTH:0.468
G1 X101.200 Y149.000 E7651.4785
;WIDTH:0.400
G1 X148.800 Y149.000 E7653.1606
;WIDTH:0.468
G1 X149.000 Y148.800 E7653.1723
;WIDTH:0.400
G1 X149.000 Y101.200 E7654.8544
;WIDTH:0.468
G1 X148.800 Y101.000 E7654.8661
;WIDTH:0.400
G1 X101.200 Y101.000 E7656.5483
;WIDTH:0.468
;WIDTH:0.469
G1 X101.034 Y101.034 E7656.5553
G1 X101.000 Y101.200 E7656.5623
;PRINTING_TIME: 5284
;REMAINING_TIME: 951
;LAYER:162
;Z:40.750
;HEIGHT:0.250
;FLOW:100.0
;PRINTING: Flow_Calibration_Cube_0.4_mm.stl
;PRINTING_ID: 0
G1 F2400 E7655.5623
G1 F300 Z40.950
G0 F3900 X100.200 Y100.200
G0 F300 Z40.750
;TYPE:WALL-OUTER
;WIDTH:0.400
;FLOW:95.0
G1 F300 Z40.750
G1 F1500 E7656.5623
G1 F2400 X149.800 Y100.200 E7658.5213
G1 X149.800 Y149.800 E7660.4804
G1 X100.200 Y149.800 E7662.4394
G1 X100.200 Y100.200 E7664.3984
G1 F2400 E7663.3984
G1 F300 Z40.950
G0 F3900 X100.700 Y100.610
G0 X101.800 Y101.300
G0 X101.800 Y101.800
G1 F300 Z40.750
G1 F1500 E7664.3984
G1 F2400 X101.800 Y148.200 E7666.2310
G1 X148.200 Y148.200 E7668.0637
G1 X148.200 Y101.800 E7669.8963
G1 X101.800 Y101.800 E7671.7289
G1 F2400 E7670.7289
G1 F300 Z40.950
G0 F3900 X100.600 Y100.600
;TYPE:WALL-INNER
;WIDTH:0.400
;FLOW:85.0
G1 F300 Z40.750
G1 F1500 E7671.7289
G1 F2400 X149.400 Y100.600 E7673.4535
G1 X149.400 Y149.400 E7675.1780
G1 X100.600 Y149.400 E7676.9025
G1 X100.600 Y100.600 E7678.6271
G1 F2400 E7677.6271
G1 F300 Z40.950
G0 F3900 X101.400 Y101.400
G1 F300 Z40.750
G1 F1500 E7678.6271
G1 F2400 X101.400 Y148.600 E7680.2951
G1 X148.600 Y148.600 E7681.9631
G1 X148.600 Y101.400 E7683.6311
G1 X101.400 Y101.400 E7685.2991
G0 F3900 X101.000 Y101.200
;TYPE:GAP-FILL
;WIDTH:0.400
G1 F3600 X101.000 Y148.800 E7686.9812
;WIDTH:0.468
G1 X101.200 Y149.000 E7686.9929
;WIDTH:0.400
G1 X148.800 Y149.000 E7688.6750
;WIDTH:0.468
G1 X149.000 Y148.800 E7688.6867
;WIDTH:0.400
G1 X149.000 Y101.200 E7690.3688
;WIDTH:0.468
G1 X148.800 Y101.000 E7690.3805
;WIDTH:0.400
G1 X101.200 Y101.000 E7692.0627
;WIDTH:0.468
;WIDTH:0.469
G1 X101.034 Y101.034 E7692.0697
G1 X101.000 Y101.200 E7692.0767
;PRINTING_TIME: 5309
;REMAINING_TIME: 926
;LAYER:163
;Z:41.000
;HEIGHT:0.250
;FLOW:100.0
;PRINTING: Flow_Calibration_Cube_0.4_mm.stl
;PRINTING_ID: 0
G1 F2400 E7691.0767
G1 F300 Z41.200
G0 F3900 X100.200 Y100.200
G0 F300 Z41.000
;TYPE:WALL-OUTER
;WIDTH:0.400
;FLOW:95.0
G1 F300 Z41.000
G1 F1500 E7692.0767
G1 F2400 X149.800 Y100.200 E7694.0357
G1 X149.800 Y149.800 E7695.9948
G1 X100.200 Y149.800 E7697.9538
G1 X100.200 Y100.200 E7699.9128
G1 F2400 E7698.9128
G1 F300 Z41.200
G0 F3900 X100.700 Y100.610
G0 X101.800 Y101.300
G0 X101.800 Y101.800
G1 F300 Z41.000
G1 F1500 E7699.9128
G1 F2400 X101.800 Y148.200 E7701.7454
G1 X148.200 Y148.200 E7703.5781
G1 X148.200 Y101.800 E7705.4107
G1 X101.800 Y101.800 E7707.2433
G1 F2400 E7706.2433
G1 F300 Z41.200
G0 F3900 X100.600 Y100.600
;TYPE:WALL-INNER
;WIDTH:0.400
;FLOW:85.0
G1 F300 Z41.000
G1 F1500 E7707.2433
G1 F2400 X149.400 Y100.600 E7708.9679
G1 X149.400 Y149.400 E7710.6924
G1 X100.600 Y149.400 E7712.4169
G1 X100.600 Y100.600 E7714.1415
G1 F2400 E7713.1415
G1 F300 Z41.200
G0 F3900 X101.400 Y101.400
G1 F300 Z41.000
G1 F1500 E7714.1415
G1 F2400 X101.400 Y148.600 E7715.8095
G1 X148.600 Y148.600 E7717.4775
G1 X148.600 Y101.400 E7719.1455
G1 X101.400 Y101.400 E7720.8135
G0 F3900 X101.000 Y101.200
;TYPE:GAP-FILL
;WIDTH:0.400
G1 F3600 X101.000 Y148.800 E7722.4956
;WIDTH:0.468
G1 X101.200 Y149.000 E7722.5073
;WIDTH:0.400
G1 X148.800 Y149.000 E7724.1894
;WIDTH:0.468
G1 X149.000 Y148.800 E7724.2011
;WIDTH:0.400
G1 X149.000 Y101.200 E7725.8833
;WIDTH:0.468
G1 X148.800 Y101.000 E7725.8949
;WIDTH:0.400
G1 X101.200 Y101.000 E7727.5771
;WIDTH:0.468
;WIDTH:0.469
G1 X101.034 Y101.034 E7727.5841
G1 X101.000 Y101.200 E7727.5911
;PRINTING_TIME: 5334
;REMAINING_TIME: 901
;LAYER:164
;Z:41.250
;HEIGHT:0.250
;FLOW:100.0
;PRINTING: Flow_Calibration_Cube_0.4_mm.stl
;PRINTING_ID: 0
G1 F2400 E7726.5911
G1 F300 Z41.450
G0 F3900 X100.200 Y100.200
G0 F300 Z41.250
;TYPE:WALL-OUTER
;WIDTH:0.400
;FLOW:95.0
G1 F300 Z41.250
G1 F1500 E7727.5911
G1 F2400 X149.800 Y100.200 E7729.5501
G1 X149.800 Y149.800 E7731.5092
G1 X100.200 Y149.800 E7733.4682
G1 X100.200 Y100.200 E7735.4272
G1 F2400 E7734.4272
G1 F300 Z41.450
G0 F3900 X100.700 Y100.610
G0 X101.800 Y101.300
G0 X101.800 Y101.800
G1 F300 Z41.250
G1 F1500 E7735.4272
G1 F2400 X101.800 Y148.200 E7737.2598
G1 X148.200 Y148.200 E7739.0925
G1 X148.200 Y101.800 E7740.9251
G1 X101.800 Y101.800 E7742.7577
G1 F2400 E7741.7577
G1 F300 Z41.450
G0 F3900 X100.600 Y100.600
;TYPE:WALL-INNER
;WIDTH:0.400
;FLOW:85.0
G1 F300 Z41.250
G1 F1500 E7742.7577
G1 F2400 X149.400 Y100.600 E7744.4823
G1 X149.400 Y149.400 E7746.2068
G1 X100.600 Y149.400 E7747.9314
G1 X100.600 Y100.600 E7749.6559
G1 F2400 E7748.6559
G1 F300 Z41.450
G0 F3900 X101.400 Y101.400
G1 F300 Z41.250
G1 F1500 E7749.6559
G1 F2400 X101.400 Y148.600 E7751.3239
G1 X148.600 Y148.600 E7752.9919
G1 X148.600 Y101.400 E7754.6599
G1 X101.400 Y101.400 E7756.3279
G0 F3900 X101.000 Y101.200
;TYPE:GAP-FILL
;WIDTH:0.400
G1 F3600 X101.000 Y148.800 E7758.0100
;WIDTH:0.468
G1 X101.200 Y149.000 E7758.0217
;WIDTH:0.400
G1 X148.800 Y149.000 E7759.7038
;WIDTH:0.468
G1 X149.000 Y148.800 E7759.7155
;WIDTH:0.400
G1 X149.000 Y101.200 E7761.3977
;WIDTH:0.468
G1 X148.800 Y101.000 E7761.4094
;WIDTH:0.400
G1 X101.200 Y101.000 E7763.0915
;WIDTH:0.468
;WIDTH:0.469
G1 X101.034 Y101.034 E7763.0985
G1 X101.000 Y101.200 E7763.1055
;PRINTING_TIME: 5359
;REMAINING_TIME: 876
;LAYER:165
;Z:41.500
;HEIGHT:0.250
;FLOW:100.0
;PRINTING: Flow_Calibration_Cube_0.4_mm.stl
;PRINTING_ID: 0
G1 F2400 E7762.1055
G1 F300 Z41.700
G0 F3900 X100.200 Y100.200
G0 F300 Z41.500
;TYPE:WALL-OUTER
;WIDTH:0.400
;FLOW:95.0
G1 F300 Z41.500
G1 F1500 E7763.1055
G1 F2400 X149.800 Y100.200 E7765.0646
G1 X149.800 Y149.800 E7767.0236
G1 X100.200 Y149.800 E7768.9826
G1 X100.200 Y100.200 E7770.9416
G1 F2400 E7769.9416
G1 F300 Z41.700
G0 F3900 X100.700 Y100.610
G0 X101.800 Y101.300
G0 X101.800 Y101.800
G1 F300 Z41.500
G1 F1500 E7770.9416
G1 F2400 X101.800 Y148.200 E7772.7743
G1 X148.200 Y148.200 E7774.6069
G1 X148.200 Y101.800 E7776.4395
G1 X101.800 Y101.800 E7778.2722
G1 F2400 E7777.2722
G1 F300 Z41.700
G0 F3900 X100.600 Y100.600
;TYPE:WALL-INNER
;WIDTH:0.400
;FLOW:85.0
G1 F300 Z41.500
G1 F1500 E7778.2722
G1 F2400 X149.400 Y100.600 E7779.9967
G1 X149.400 Y149.400 E7781.7212
G1 X100.600 Y149.400 E7783.4458
G1 X100.600 Y100.600 E7785.1703
G1 F2400 E7784.1703
G1 F300 Z41.700
G0 F3900 X101.400 Y101.400
G1 F300 Z41.500
G1 F1500 E7785.1703
G1 F2400 X101.400 Y148.600 E7786.8383
G1 X148.600 Y148.600 E7788.5063
G1 X148.600 Y101.400 E7790.1743
G1 X101.400 Y101.400 E7791.8423
G0 F3900 X101.000 Y101.200
;TYPE:GAP-FILL
;WIDTH:0.400
G1 F3600 X101.000 Y148.800 E7793.5244
;WIDTH:0.468
G1 X101.200 Y149.000 E7793.5361
;WIDTH:0.400
G1 X148.800 Y149.000 E7795.2182
;WIDTH:0.468
G1 X149.000 Y148.800 E7795.2299
;WIDTH:0.400
G1 X149.000 Y101.200 E7796.9121
;WIDTH:0.468
G1 X148.800 Y101.000 E7796.9238
;WIDTH:0.400
G1 X101.200 Y101.000 E7798.6059
;WIDTH:0.468
;WIDTH:0.469
G1 X101.034 Y101.034 E7798.6129
G1 X101.000 Y101.200 E7798.6199
;PRINTING_TIME: 5384
;REMAINING_TIME: 851
;LAYER:166
;Z:41.750
;HEIGHT:0.250
;FLOW:100.0
;PRINTING: Flow_Calibration_Cube_0.4_mm.stl
;PRINTING_ID: 0
G1 F2400 E7797.6199
G1 F300 Z41.950
G0 F3900 X100.200 Y100.200
G0 F300 Z41.750
;TYPE:WALL-OUTER
;WIDTH:0.400
;FLOW:95.0
G1 F300 Z41.750
G1 F1500 E7798.6199
G1 F2400 X149.800 Y100.200 E7800.5790
G1 X149.800 Y149.800 E7802.5380
G1 X100.200 Y149.800 E7804.4970
G1 X100.200 Y100.200 E7806.4560
G1 F2400 E7805.4560
G1 F300 Z41.950
G0 F3900 X100.700 Y100.610
G0 X101.800 Y101.300
G0 X101.800 Y101.800
G1 F300 Z41.750
G1 F1500 E7806.4560
G1 F2400 X101.800 Y148.200 E7808.2887
G1 X148.200 Y148.200 E7810.1213
G1 X148.200 Y101.800 E7811.9539
G1 X101.800 Y101.800 E7813.7866
G1 F2400 E7812.7866
G1 F300 Z41.950
G0 F3900 X100.600 Y100.600
;TYPE:WALL-INNER
;WIDTH:0.400
;FLOW:85.0
G1 F300 Z41.750
G1 F1500 E7813.7866
G1 F2400 X149.400 Y100.600 E7815.5111
G1 X149.400 Y149.400 E7817.2356
G1 X100.600 Y149.400 E7818.9602
G1 X100.600 Y100.600 E7820.6847
G1 F2400 E7819.6847
G1 F300 Z41.950
G0 F3900 X101.400 Y101.400
G1 F300 Z41.750
G1 F1500 E7820.6847
G1 F2400 X101.400 Y148.600 E7822.3527
G1 X148.600 Y148.600 E7824.0207
G1 X148.600 Y101.400 E7825.6887
G1 X101.400 Y101.400 E7827.3567
G0 F3900 X101.000 Y101.200
;TYPE:GAP-FILL
;WIDTH:0.400
G1 F3600 X101.000 Y148.800 E7829.0388
;WIDTH:0.468
G1 X101.200 Y149.000 E7829.0505
;WIDTH:0.400
G1 X148.800 Y149.000 E7830.7327
;WIDTH:0.468
G1 X149.000 Y148.800 E7830.7443
;WIDTH:0.400
G1 X149.000 Y101.200 E7832.4265
;WIDTH:0.468
G1 X148.800 Y101.000 E7832.4382
;WIDTH:0.400
G1 X101.200 Y101.000 E7834.1203
;WIDTH:0.468
;WIDTH:0.469
G1 X101.034 Y101.034 E7834.1273
G1 X101.000 Y101.200 E7834.1343
;PRINTING_TIME: 5409
;REMAINING_TIME: 826
;LAYER:167
;Z:42.000
;HEIGHT:0.250
;FLOW:100.0
;PRINTING: Flow_Calibration_Cube_0.4_mm.stl
;PRINTING_ID: 0
G1 F2400 E7833.1343
G1 F300 Z42.200
G0 F3900 X100.200 Y100.200
G0 F300 Z42.000
;TYPE:WALL-OUTER
;WIDTH:0.400
;FLOW:95.0
G1 F300 Z42.000
G1 F1500 E7834.1343
G1 F2400 X149.800 Y100.200 E7836.0934
G1 X149.800 Y149.800 E7838.0524
G1 X100.200 Y149.800 E7840.0114
G1 X100.200 Y100.200 E7841.9704
G1 F2400 E7840.9704
G1 F300 Z42.200
G0 F3900 X100.700 Y100.610
G0 X101.800 Y101.300
G0 X101.800 Y101.800
G1 F300 Z42.000
G1 F1500 E7841.9704
G1 F2400 X101.800 Y148.200 E7843.8031
G1 X148.200 Y148.200 E7845.6357
G1 X148.200 Y101.800 E7847.4683
G1 X101.800 Y101.800 E7849.3010
G1 F2400 E7848.3010
G1 F300 Z42.200
G0 F3900 X100.600 Y100.600
;TYPE:WALL-INNER
;WIDTH:0.400
;FLOW:85.0
G1 F300 Z42.000
G1 F1500 E7849.3010
G1 F2400 X149.400 Y100.600 E7851.0255
G1 X149.400 Y149.400 E7852.7500
G1 X100.600 Y149.400 E7854.4746
G1 X100.600 Y100.600 E7856.1991
G1 F2400 E7855.1991
G1 F300 Z42.200
G0 F3900 X101.400 Y101.400
G1 F300 Z42.000
G1 F1500 E7856.1991
G1 F2400 X101.400 Y148.600 E7857.8671
G1 X148.600 Y148.600 E7859.5351
G1 X148.600 Y101.400 E7861.2031
G1 X101.400 Y101.400 E7862.8711
G0 F3900 X101.000 Y101.200
;TYPE:GAP-FILL
;WIDTH:0.400
G1 F3600 X101.000 Y148.800 E7864.5532
;WIDTH:0.468
G1 X101.200 Y149.000 E7864.5649
;WIDTH:0.400
G1 X148.800 Y149.000 E7866.2471
;WIDTH:0.468
G1 X149.000 Y148.800 E7866.2588
;WIDTH:0.400
G1 X149.000 Y101.200 E7867.9409
;WIDTH:0.468
G1 X148.800 Y101.000 E7867.9526
;WIDTH:0.400
G1 X101.200 Y101.000 E7869.6347
;WIDTH:0.468
;WIDTH:0.469
G1 X101.034 Y101.034 E7869.6417
G1 X101.000 Y101.200 E7869.6488
;PRINTING_TIME: 5434
;REMAINING_TIME: 801
;LAYER:168
;Z:42.250
;HEIGHT:0.250
;FLOW:100.0
;PRINTING: Flow_Calibration_Cube_0.4_mm.stl
;PRINTING_ID: 0
G1 F2400 E7868.6488
G1 F300 Z42.450
G0 F3900 X100.200 Y100.200
G0 F300 Z42.250
;TYPE:WALL-OUTER
;WIDTH:0.400
;FLOW:95.0
G1 F300 Z42.250
G1 F1500 E7869.6488
G1 F2400 X149.800 Y100.200 E7871.6078
G1 X149.800 Y149.800 E7873.5668
G1 X100.200 Y149.800 E7875.5258
G1 X100.200 Y100.200 E7877.4848
G1 F2400 E7876.4848
G1 F300 Z42.450
G0 F3900 X100.700 Y100.610
G0 X101.800 Y101.300
G0 X101.800 Y101.800
G1 F300 Z42.250
G1 F1500 E7877.4848
G1 F2400 X101.800 Y148.200 E7879.3175
G1 X148.200 Y148.200 E7881.1501
G1 X148.200 Y101.800 E7882.9827
G1 X101.800 Y101.800 E7884.8154
G1 F2400 E7883.8154
G1 F300 Z42.450
G0 F3900 X100.600 Y100.600
;TYPE:WALL-INNER
;WIDTH:0.400
;FLOW:85.0
G1 F300 Z42.250
G1 F1500 E7884.8154
G1 F2400 X149.400 Y100.600 E7886.5399
G1 X149.400 Y149.400 E7888.2644
G1 X100.600 Y149.400 E7889.9890
G1 X100.600 Y100.600 E7891.7135
G1 F2400 E7890.7135
G1 F300 Z42.450
G0 F3900 X101.400 Y101.400
G1 F300 Z42.250
G1 F1500 E7891.7135
G1 F2400 X101.400 Y148.600 E7893.3815
G1 X148.600 Y148.600 E7895.0495
G1 X148.600 Y101.400 E7896.7175
G1 X101.400 Y101.400 E7898.3855
G0 F3900 X101.000 Y101.200
;TYPE:GAP-FILL
;WIDTH:0.400
G1 F3600 X101.000 Y148.800 E7900.0676
;WIDTH:0.468
G1 X101.200 Y149.000 E7900.0793
;WIDTH:0.400
G1 X148.800 Y149.000 E7901.7615
;WIDTH:0.468
G1 X149.000 Y148.800 E7901.7732
;WIDTH:0.400
G1 X149.000 Y101.200 E7903.4553
;WIDTH:0.468
G1 X148.800 Y101.000 E7903.4670
;WIDTH:0.400
G1 X101.200 Y101.000 E7905.1491
;WIDTH:0.468
;WIDTH:0.469
G1 X101.034 Y101.034 E7905.1561
G1 X101.000 Y101.200 E7905.1632
;PRINTING_TIME: 5459
;REMAINING_TIME: 776
;LAYER:169
;Z:42.500
;HEIGHT:0.250
;FLOW:100.0
;PRINTING: Flow_Calibration_Cube_0.4_mm.stl
;PRINTING_ID: 0
G1 F2400 E7904.1632
G1 F300 Z42.700
G0 F3900 X100.200 Y100.200
G0 F300 Z42.500
;TYPE:WALL-OUTER
;WIDTH:0.400
;FLOW:95.0
G1 F300 Z42.500
G1 F1500 E7905.1632
G1 F2400 X149.800 Y100.200 E7907.1222
G1 X149.800 Y149.800 E7909.0812
G1 X100.200 Y149.800 E7911.0402
G1 X100.200 Y100.200 E7912.9992
G1 F2400 E7911.9992
G1 F300 Z42.700
G0 F3900 X100.700 Y100.610
G0 X101.800 Y101.300
G0 X101.800 Y101.800
G1 F300 Z42.500
G1 F1500 E7912.9992
G1 F2400 X101.800 Y148.200 E7914.8319
G1 X148.200 Y148.200 E7916.6645
G1 X148.200 Y101.800 E7918.4971
G1 X101.800 Y101.800 E7920.3298
G1 F2400 E7919.3298
G1 F300 Z42.700
G0 F3900 X100.600 Y100.600
;TYPE:WALL-INNER
;WIDTH:0.400
;FLOW:85.0
G1 F300 Z42.500
G1 F1500 E7920.3298
G1 F2400 X149.400 Y100.600 E7922.0543
G1 X149.400 Y149.400 E7923.7789
G1 X100.600 Y149.400 E7925.5034
G1 X100.600 Y100.600 E7927.2279
G1 F2400 E7926.2279
G1 F300 Z42.700
G0 F3900 X101.400 Y101.400
G1 F300 Z42.500
G1 F1500 E7927.2279
G1 F2400 X101.400 Y148.600 E7928.8959
G1 X148.600 Y148.600 E7930.5639
G1 X148.600 Y101.400 E7932.2319
G1 X101.400 Y101.400 E7933.8999
G0 F3900 X101.000 Y101.200
;TYPE:GAP-FILL
;WIDTH:0.400
G1 F3600 X101.000 Y148.800 E7935.5820
;WIDTH:0.468
G1 X101.200 Y149.000 E7935.5937
;WIDTH:0.400
G1 X148.800 Y149.000 E7937.2759
;WIDTH:0.468
G1 X149.000 Y148.800 E7937.2876
;WIDTH:0.400
G1 X149.000 Y101.200 E7938.9697
;WIDTH:0.468
G1 X148.800 Y101.000 E7938.9814
;WIDTH:0.400
G1 X101.200 Y101.000 E7940.6635
;WIDTH:0.468
;WIDTH:0.469
G1 X101.034 Y101.034 E7940.6705
G1 X101.000 Y101.200 E7940.6776
;PRINTING_TIME: 5484
;REMAINING_TIME: 751
;LAYER:170
;Z:42.750
;HEIGHT:0.250
;FLOW:100.0
;PRINTING: Flow_Calibration_Cube_0.4_mm.stl
;PRINTING_ID: 0
G1 F2400 E7939.6776
G1 F300 Z42.950
G0 F3900 X100.200 Y100.200
G0 F300 Z42.750
;TYPE:WALL-OUTER
;WIDTH:0.400
;FLOW:95.0
G1 F300 Z42.750
G1 F1500 E7940.6776
G1 F2400 X149.800 Y100.200 E7942.6366
G1 X149.800 Y149.800 E7944.5956
G1 X100.200 Y149.800 E7946.5546
G1 X100.200 Y100.200 E7948.5137
G1 F2400 E7947.5137
G1 F300 Z42.950
G0 F3900 X100.700 Y100.610
G0 X101.800 Y101.300
G0 X101.800 Y101.800
G1 F300 Z42.750
G1 F1500 E7948.5137
G1 F2400 X101.800 Y148.200 E7950.3463
G1 X148.200 Y148.200 E7952.1789
G1 X148.200 Y101.800 E7954.0116
G1 X101.800 Y101.800 E7955.8442
G1 F2400 E7954.8442
G1 F300 Z42.950
G0 F3900 X100.600 Y100.600
;TYPE:WALL-INNER
;WIDTH:0.400
;FLOW:85.0
G1 F300 Z42.750
G1 F1500 E7955.8442
G1 F2400 X149.400 Y100.600 E7957.5687
G1 X149.400 Y149.400 E7959.2933
G1 X100.600 Y149.400 E7961.0178
G1 X100.600 Y100.600 E7962.7423
G1 F2400 E7961.7423
G1 F300 Z42.950
G0 F3900 X101.400 Y101.400
G1 F300 Z42.750
G1 F1500 E7962.7423
G1 F2400 X101.400 Y148.600 E7964.4103
G1 X148.600 Y148.600 E7966.0783
G1 X148.600 Y101.400 E7967.7463
G1 X101.400 Y101.400 E7969.4143
G0 F3900 X101.000 Y101.200
;TYPE:GAP-FILL
;WIDTH:0.400
G1 F3600 X101.000 Y148.800 E7971.0965
;WIDTH:0.468
G1 X101.200 Y149.000 E7971.1081
;WIDTH:0.400
G1 X148.800 Y149.000 E7972.7903
;WIDTH:0.468
G1 X149.000 Y148.800 E7972.8020
;WIDTH:0.400
G1 X149.000 Y101.200 E7974.4841
;WIDTH:0.468
G1 X148.800 Y101.000 E7974.4958
;WIDTH:0.400
G1 X101.200 Y101.000 E7976.1779
;WIDTH:0.468
;WIDTH:0.469
G1 X101.034 Y101.034 E7976.1850
G1 X101.000 Y101.200 E7976.1920
;PRINTING_TIME: 5509
;REMAINING_TIME: 726
;LAYER:171
;Z:43.000
;HEIGHT:0.250
;FLOW:100.0
;PRINTING: Flow_Calibration_Cube_0.4_mm.stl
;PRINTING_ID: 0
G1 F2400 E7975.1920
G1 F300 Z43.200
G0 F3900 X100.200 Y100.200
G0 F300 Z43.000
;TYPE:WALL-OUTER
;WIDTH:0.400
;FLOW:95.0
G1 F300 Z43.000
G1 F1500 E7976.1920
G1 F2400 X149.800 Y100.200 E7978.1510
G1 X149.800 Y149.800 E7980.1100
G1 X100.200 Y149.800 E7982.0690
G1 X100.200 Y100.200 E7984.0281
G1 F2400 E7983.0281
G1 F300 Z43.200
G0 F3900 X100.700 Y100.610
G0 X101.800 Y101.300
G0 X101.800 Y101.800
G1 F300 Z43.000
G1 F1500 E7984.0281
G1 F2400 X101.800 Y148.200 E7985.8607
G1 X148.200 Y148.200 E7987.6933
G1 X148.200 Y101.800 E7989.5260
G1 X101.800 Y101.800 E7991.3586
G1 F2400 E7990.3586
G1 F300 Z43.200
G0 F3900 X100.600 Y100.600
;TYPE:WALL-INNER
;WIDTH:0.400
;FLOW:85.0
G1 F300 Z43.000
G1 F1500 E7991.3586
G1 F2400 X149.400 Y100.600 E7993.0831
G1 X149.400 Y149.400 E7994.8077
G1 X100.600 Y149.400 E7996.5322
G1 X100.600 Y100.600 E7998.2567
G1 F2400 E7997.2567
G1 F300 Z43.200
G0 F3900 X101.400 Y101.400
G1 F300 Z43.000
G1 F1500 E7998.2567
G1 F2400 X101.400 Y148.600 E7999.9247
G1 X148.600 Y148.600 E8001.5927
G1 X148.600 Y101.400 E8003.2607
G1 X101.400 Y101.400 E8004.9287
G0 F3900 X101.000 Y101.200
;TYPE:GAP-FILL
;WIDTH:0.400
G1 F3600 X101.000 Y148.800 E8006.6109
;WIDTH:0.468
G1 X101.200 Y149.000 E8006.6226
;WIDTH:0.400
G1 X148.800 Y149.000 E8008.3047
;WIDTH:0.468
G1 X149.000 Y148.800 E8008.3164
;WIDTH:0.400
G1 X149.000 Y101.200 E8009.9985
;WIDTH:0.468
G1 X148.800 Y101.000 E8010.0102
;WIDTH:0.400
G1 X101.200 Y101.000 E8011.6923
;WIDTH:0.468
;WIDTH:0.469
G1 X101.034 Y101.034 E8011.6994
G1 X101.000 Y101.200 E8011.7064
;PRINTING_TIME: 5534
;REMAINING_TIME: 701
;LAYER:172
;Z:43.250
;HEIGHT:0.250
;FLOW:100.0
;PRINTING: Flow_Calibration_Cube_0.4_mm.stl
;PRINTING_ID: 0
G1 F2400 E8010.7064
G1 F300 Z43.450
G0 F3900 X100.200 Y100.200
G0 F300 Z43.250
;TYPE:WALL-OUTER
;WIDTH:0.400
;FLOW:95.0
G1 F300 Z43.250
G1 F1500 E8011.7064
G1 F2400 X149.800 Y100.200 E8013.6654
G1 X149.800 Y149.800 E8015.6244
G1 X100.200 Y149.800 E8017.5834
G1 X100.200 Y100.200 E8019.5425
G1 F2400 E8018.5425
G1 F300 Z43.450
G0 F3900 X100.700 Y100.610
G0 X101.800 Y101.300
G0 X101.800 Y101.800
G1 F300 Z43.250
G1 F1500 E8019.5425
G1 F2400 X101.800 Y148.200 E8021.3751
G1 X148.200 Y148.200 E8023.2077
G1 X148.200 Y101.800 E8025.0404
G1 X101.800 Y101.800 E8026.8730
G1 F2400 E8025.8730
G1 F300 Z43.450
G0 F3900 X100.600 Y100.600
;TYPE:WALL-INNER
;WIDTH:0.400
;FLOW:85.0
G1 F300 Z43.250
G1 F1500 E8026.8730
G1 F2400 X149.400 Y100.600 E8028.5975
G1 X149.400 Y149.400 E8030.3221
G1 X100.600 Y149.400 E8032.0466
G1 X100.600 Y100.600 E8033.7712
G1 F2400 E8032.7712
G1 F300 Z43.450
G0 F3900 X101.400 Y101.400
G1 F300 Z43.250
G1 F1500 E8033.7712
G1 F2400 X101.400 Y148.600 E8035.4392
G1 X148.600 Y148.600 E8037.1071
G1 X148.600 Y101.400 E8038.7751
G1 X101.400 Y101.400 E8040.4431
G0 F3900 X101.000 Y101.200
;TYPE:GAP-FILL
;WIDTH:0.400
G1 F3600 X101.000 Y148.800 E8042.1253
;WIDTH:0.468
G1 X101.200 Y149.000 E8042.1370
;WIDTH:0.400
G1 X148.800 Y149.000 E8043.8191
;WIDTH:0.468
G1 X149.000 Y148.800 E8043.8308
;WIDTH:0.400
G1 X149.000 Y101.200 E8045.5129
;WIDTH:0.468
G1 X148.800 Y101.000 E8045.5246
;WIDTH:0.400
G1 X101.200 Y101.000 E8047.2067
;WIDTH:0.468
;WIDTH:0.469
G1 X101.034 Y101.034 E8047.2138
G1 X101.000 Y101.200 E8047.2208
;PRINTING_TIME: 5559
;REMAINING_TIME: 676
;LAYER:173
;Z:43.500
;HEIGHT:0.250
;FLOW:100.0
;PRINTING: Flow_Calibration_Cube_0.4_mm.stl
;PRINTING_ID: 0
G1 F2400 E8046.2208
G1 F300 Z43.700
G0 F3900 X100.200 Y100.200
G0 F300 Z43.500
;TYPE:WALL-OUTER
;WIDTH:0.400
;FLOW:95.0
G1 F300 Z43.500
G1 F1500 E8047.2208
G1 F2400 X149.800 Y100.200 E8049.1798
G1 X149.800 Y149.800 E8051.1388
G1 X100.200 Y149.800 E8053.0979
G1 X100.200 Y100.200 E8055.0569
G1 F2400 E8054.0569
G1 F300 Z43.700
G0 F3900 X100.700 Y100.610
G0 X101.800 Y101.300
G0 X101.800 Y101.800
G1 F300 Z43.500
G1 F1500 E8055.0569
G1 F2400 X101.800 Y148.200 E8056.8895
G1 X148.200 Y148.200 E8058.7221
G1 X148.200 Y101.800 E8060.5548
G1 X101.800 Y101.800 E8062.3874
G1 F2400 E8061.3874
G1 F300 Z43.700
G0 F3900 X100.600 Y100.600
;TYPE:WALL-INNER
;WIDTH:0.400
;FLOW:85.0
G1 F300 Z43.500
G1 F1500 E8062.3874
G1 F2400 X149.400 Y100.600 E8064.1119
G1 X149.400 Y149.400 E8065.8365
G1 X100.600 Y149.400 E8067.5610
G1 X100.600 Y100.600 E8069.2856
G1 F2400 E8068.2856
G1 F300 Z43.700
G0 F3900 X101.400 Y101.400
G1 F300 Z43.500
G1 F1500 E8069.2856
G1 F2400 X101.400 Y148.600 E8070.9536
G1 X148.600 Y148.600 E8072.6216
G1 X148.600 Y101.400 E8074.2896
G1 X101.400 Y101.400 E8075.9575
G0 F3900 X101.000 Y101.200
;TYPE:GAP-FILL
;WIDTH:0.400
G1 F3600 X101.000 Y148.800 E8077.6397
;WIDTH:0.468
G1 X101.200 Y149.000 E8077.6514
;WIDTH:0.400
G1 X148.800 Y149.000 E8079.3335
;WIDTH:0.468
G1 X149.000 Y148.800 E8079.3452
;WIDTH:0.400
G1 X149.000 Y101.200 E8081.0273
;WIDTH:0.468
G1 X148.800 Y101.000 E8081.0390
;WIDTH:0.400
G1 X101.200 Y101.000 E8082.7212
;WIDTH:0.468
;WIDTH:0.469
G1 X101.034 Y101.034 E8082.7282
G1 X101.000 Y101.200 E8082.7352
;PRINTING_TIME: 5584
;REMAINING_TIME: 651
;LAYER:174
;Z:43.750
;HEIGHT:0.250
;FLOW:100.0
;PRINTING: Flow_Calibration_Cube_0.4_mm.stl
;PRINTING_ID: 0
G1 F2400 E8081.7352
G1 F300 Z43.950
G0 F3900 X100.200 Y100.200
G0 F300 Z43.750
;TYPE:WALL-OUTER
;WIDTH:0.400
;FLOW:95.0
G1 F300 Z43.750
G1 F1500 E8082.7352
G1 F2400 X149.800 Y100.200 E8084.6942
G1 X149.800 Y149.800 E8086.6532
G1 X100.200 Y149.800 E8088.6123
G1 X100.200 Y100.200 E8090.5713
G1 F2400 E8089.5713
G1 F300 Z43.950
G0 F3900 X100.700 Y100.610
G0 X101.800 Y101.300
G0 X101.800 Y101.800
G1 F300 Z43.750
G1 F1500 E8090.5713
G1 F2400 X101.800 Y148.200 E8092.4039
G1 X148.200 Y148.200 E8094.2366
G1 X148.200 Y101.800 E8096.0692
G1 X101.800 Y101.800 E8097.9018
G1 F2400 E8096.9018
G1 F300 Z43.950
G0 F3900 X100.600 Y100.600
;TYPE:WALL-INNER
;WIDTH:0.400
;FLOW:85.0
G1 F300 Z43.750
G1 F1500 E8097.9018
G1 F2400 X149.400 Y100.600 E8099.6264
G1 X149.400 Y149.400 E8101.3509
G1 X100.600 Y149.400 E8103.0754
G1 X100.600 Y100.600 E8104.8000
G1 F2400 E8103.8000
G1 F300 Z43.950
G0 F3900 X101.400 Y101.400
G1 F300 Z43.750
G1 F1500 E8104.8000
G1 F2400 X101.400 Y148.600 E8106.4680
G1 X148.600 Y148.600 E8108.1360
G1 X148.600 Y101.400 E8109.8040
G1 X101.400 Y101.400 E8111.4720
G0 F3900 X101.000 Y101.200
;TYPE:GAP-FILL
;WIDTH:0.400
G1 F3600 X101.000 Y148.800 E8113.1541
;WIDTH:0.468
G1 X101.200 Y149.000 E8113.1658
;WIDTH:0.400
G1 X148.800 Y149.000 E8114.8479
;WIDTH:0.468
G1 X149.000 Y148.800 E8114.8596
;WIDTH:0.400
G1 X149.000 Y101.200 E8116.5417
;WIDTH:0.468
G1 X148.800 Y101.000 E8116.5534
;WIDTH:0.400
G1 X101.200 Y101.000 E8118.2356
;WIDTH:0.468
;WIDTH:0.469
G1 X101.034 Y101.034 E8118.2426
G1 X101.000 Y101.200 E8118.2496
;PRINTING_TIME: 5609
;REMAINING_TIME: 626
;LAYER:175
;Z:44.000
;HEIGHT:0.250
;FLOW:100.0
;PRINTING: Flow_Calibration_Cube_0.4_mm.stl
;PRINTING_ID: 0
G1 F2400 E8117.2496
G1 F300 Z44.200
G0 F3900 X100.200 Y100.200
G0 F300 Z44.000
;TYPE:WALL-OUTER
;WIDTH:0.400
;FLOW:95.0
G1 F300 Z44.000
G1 F1500 E8118.2496
G1 F2400 X149.800 Y100.200 E8120.2086
G1 X149.800 Y149.800 E8122.1676
G1 X100.200 Y149.800 E8124.1267
G1 X100.200 Y100.200 E8126.0857
G1 F2400 E8125.0857
G1 F300 Z44.200
G0 F3900 X100.700 Y100.610
G0 X101.800 Y101.300
G0 X101.800 Y101.800
G1 F300 Z44.000
G1 F1500 E8126.0857
G1 F2400 X101.800 Y148.200 E8127.9183
G1 X148.200 Y148.200 E8129.7510
G1 X148.200 Y101.800 E8131.5836
G1 X101.800 Y101.800 E8133.4162
G1 F2400 E8132.4162
G1 F300 Z44.200
G0 F3900 X100.600 Y100.600
;TYPE:WALL-INNER
;WIDTH:0.400
;FLOW:85.0
G1 F300 Z44.000
G1 F1500 E8133.4162
G1 F2400 X149.400 Y100.600 E8135.1408
G1 X149.400 Y149.400 E8136.8653
G1 X100.600 Y149.400 E8138.5898
G1 X100.600 Y100.600 E8140.3144
G1 F2400 E8139.3144
G1 F300 Z44.200
G0 F3900 X101.400 Y101.400
G1 F300 Z44.000
G1 F1500 E8140.3144
G1 F2400 X101.400 Y148.600 E8141.9824
G1 X148.600 Y148.600 E8143.6504
G1 X148.600 Y101.400 E8145.3184
G1 X101.400 Y101.400 E8146.9864
G0 F3900 X101.000 Y101.200
;TYPE:GAP-FILL
;WIDTH:0.400
G1 F3600 X101.000 Y148.800 E8148.6685
;WIDTH:0.468
G1 X101.200 Y149.000 E8148.6802
;WIDTH:0.400
G1 X148.800 Y149.000 E8150.3623
;WIDTH:0.468
G1 X149.000 Y148.800 E8150.3740
;WIDTH:0.400
G1 X149.000 Y101.200 E8152.0561
;WIDTH:0.468
G1 X148.800 Y101.000 E8152.0678
;WIDTH:0.400
G1 X101.200 Y101.000 E8153.7500
;WIDTH:0.468
;WIDTH:0.469
G1 X101.034 Y101.034 E8153.7570
G1 X101.000 Y101.200 E8153.7640
;PRINTING_TIME: 5634
;REMAINING_TIME: 601
;LAYER:176
;Z:44.250
;HEIGHT:0.250
;FLOW:100.0
;PRINTING: Flow_Calibration_Cube_0.4_mm.stl
;PRINTING_ID: 0
G1 F2400 E8152.7640
G1 F300 Z44.450
G0 F3900 X100.200 Y100.200
G0 F300 Z44.250
;TYPE:WALL-OUTER
;WIDTH:0.400
;FLOW:95.0
G1 F300 Z44.250
G1 F1500 E8153.7640
G1 F2400 X149.800 Y100.200 E8155.7230
G1 X149.800 Y149.800 E8157.6821
G1 X100.200 Y149.800 E8159.6411
G1 X100.200 Y100.200 E8161.6001
G1 F2400 E8160.6001
G1 F300 Z44.450
G0 F3900 X100.700 Y100.610
G0 X101.800 Y101.300
G0 X101.800 Y101.800
G1 F300 Z44.250
G1 F1500 E8161.6001
G1 F2400 X101.800 Y148.200 E8163.4327
G1 X148.200 Y148.200 E8165.2654
G1 X148.200 Y101.800 E8167.0980
G1 X101.800 Y101.800 E8168.9306
G1 F2400 E8167.9306
G1 F300 Z44.450
G0 F3900 X100.600 Y100.600
;TYPE:WALL-INNER
;WIDTH:0.400
;FLOW:85.0
G1 F300 Z44.250
G1 F1500 E8168.9306
G1 F2400 X149.400 Y100.600 E8170.6552
G1 X149.400 Y149.400 E8172.3797
G1 X100.600 Y149.400 E8174.1042
G1 X100.600 Y100.600 E8175.8288
G1 F2400 E8174.8288
G1 F300 Z44.450
G0 F3900 X101.400 Y101.400
G1 F300 Z44.250
G1 F1500 E8175.8288
G1 F2400 X101.400 Y148.600 E8177.4968
G1 X148.600 Y148.600 E8179.1648
G1 X148.600 Y101.400 E8180.8328
G1 X101.400 Y101.400 E8182.5008
G0 F3900 X101.000 Y101.200
;TYPE:GAP-FILL
;WIDTH:0.400
G1 F3600 X101.000 Y148.800 E8184.1829
;WIDTH:0.468
G1 X101.200 Y149.000 E8184.1946
;WIDTH:0.400
G1 X148.800 Y149.000 E8185.8767
;WIDTH:0.468
G1 X149.000 Y148.800 E8185.8884
;WIDTH:0.400
G1 X149.000 Y101.200 E8187.5706
;WIDTH:0.468
G1 X148.800 Y101.000 E8187.5822
;WIDTH:0.400
G1 X101.200 Y101.000 E8189.2644
;WIDTH:0.468
;WIDTH:0.469
G1 X101.034 Y101.034 E8189.2714
G1 X101.000 Y101.200 E8189.2784
;PRINTING_TIME: 5659
;REMAINING_TIME: 576
;LAYER:177
;Z:44.500
;HEIGHT:0.250
;FLOW:100.0
;PRINTING: Flow_Calibration_Cube_0.4_mm.stl
;PRINTING_ID: 0
G1 F2400 E8188.2784
G1 F300 Z44.700
G0 F3900 X100.200 Y100.200
G0 F300 Z44.500
;TYPE:WALL-OUTER
;WIDTH:0.400
;FLOW:95.0
G1 F300 Z44.500
G1 F1500 E8189.2784
G1 F2400 X149.800 Y100.200 E8191.2374
G1 X149.800 Y149.800 E8193.1965
G1 X100.200 Y149.800 E8195.1555
G1 X100.200 Y100.200 E8197.1145
G1 F2400 E8196.1145
G1 F300 Z44.700
G0 F3900 X100.700 Y100.610
G0 X101.800 Y101.300
G0 X101.800 Y101.800
G1 F300 Z44.500
G1 F1500 E8197.1145
G1 F2400 X101.800 Y148.200 E8198.9471
G1 X148.200 Y148.200 E8200.7798
G1 X148.200 Y101.800 E8202.6124
G1 X101.800 Y101.800 E8204.4450
G1 F2400 E8203.4450
G1 F300 Z44.700
G0 F3900 X100.600 Y100.600
;TYPE:WALL-INNER
;WIDTH:0.400
;FLOW:85.0
G1 F300 Z44.500
G1 F1500 E8204.4450
G1 F2400 X149.400 Y100.600 E8206.1696
G1 X149.400 Y149.400 E8207.8941
G1 X100.600 Y149.400 E8209.6187
G1 X100.600 Y100.600 E8211.3432
G1 F2400 E8210.3432
G1 F300 Z44.700
G0 F3900 X101.400 Y101.400
G1 F300 Z44.500
G1 F1500 E8211.3432
G1 F2400 X101.400 Y148.600 E8213.0112
G1 X148.600 Y148.600 E8214.6792
G1 X148.600 Y101.400 E8216.3472
G1 X101.400 Y101.400 E8218.0152
G0 F3900 X101.000 Y101.200
;TYPE:GAP-FILL
;WIDTH:0.400
G1 F3600 X101.000 Y148.800 E8219.6973
;WIDTH:0.468
G1 X101.200 Y149.000 E8219.7090
;WIDTH:0.400
G1 X148.800 Y149.000 E8221.3911
;WIDTH:0.468
G1 X149.000 Y148.800 E8221.4028
;WIDTH:0.400
G1 X149.000 Y101.200 E8223.0850
;WIDTH:0.468
G1 X148.800 Y101.000 E8223.0967
;WIDTH:0.400
G1 X101.200 Y101.000 E8224.7788
;WIDTH:0.468
;WIDTH:0.469
G1 X101.034 Y101.034 E8224.7858
G1 X101.000 Y101.200 E8224.7928
;PRINTING_TIME: 5684
;REMAINING_TIME: 551
;LAYER:178
;Z:44.750
;HEIGHT:0.250
;FLOW:100.0
;PRINTING: Flow_Calibration_Cube_0.4_mm.stl
;PRINTING_ID: 0
G1 F2400 E8223.7928
G1 F300 Z44.950
G0 F3900 X100.200 Y100.200
G0 F300 Z44.750
;TYPE:WALL-OUTER
;WIDTH:0.400
;FLOW:95.0
G1 F300 Z44.750
G1 F1500 E8224.7928
G1 F2400 X149.800 Y100.200 E8226.7519
G1 X149.800 Y149.800 E8228.7109
G1 X100.200 Y149.800 E8230.6699
G1 X100.200 Y100.200 E8232.6289
G1 F2400 E8231.6289
G1 F300 Z44.950
G0 F3900 X100.700 Y100.610
G0 X101.800 Y101.300
G0 X101.800 Y101.800
G1 F300 Z44.750
G1 F1500 E8232.6289
G1 F2400 X101.800 Y148.200 E8234.4615
G1 X148.200 Y148.200 E8236.2942
G1 X148.200 Y101.800 E8238.1268
G1 X101.800 Y101.800 E8239.9594
G1 F2400 E8238.9594
G1 F300 Z44.950
G0 F3900 X100.600 Y100.600
;TYPE:WALL-INNER
;WIDTH:0.400
;FLOW:85.0
G1 F300 Z44.750
G1 F1500 E8239.9594
G1 F2400 X149.400 Y100.600 E8241.6840
G1 X149.400 Y149.400 E8243.4085
G1 X100.600 Y149.400 E8245.1331
G1 X100.600 Y100.600 E8246.8576
G1 F2400 E8245.8576
G1 F300 Z44.950
G0 F3900 X101.400 Y101.400
G1 F300 Z44.750
G1 F1500 E8246.8576
G1 F2400 X101.400 Y148.600 E8248.5256
G1 X148.600 Y148.600 E8250.1936
G1 X148.600 Y101.400 E8251.8616
G1 X101.400 Y101.400 E8253.5296
G0 F3900 X101.000 Y101.200
;TYPE:GAP-FILL
;WIDTH:0.400
G1 F3600 X101.000 Y148.800 E8255.2117
;WIDTH:0.468
G1 X101.200 Y149.000 E8255.2234
;WIDTH:0.400
G1 X148.800 Y149.000 E8256.9055
;WIDTH:0.468
G1 X149.000 Y148.800 E8256.9172
;WIDTH:0.400
G1 X149.000 Y101.200 E8258.5994
;WIDTH:0.468
G1 X148.800 Y101.000 E8258.6111
;WIDTH:0.400
G1 X101.200 Y101.000 E8260.2932
;WIDTH:0.468
;WIDTH:0.469
G1 X101.034 Y101.034 E8260.3002
G1 X101.000 Y101.200 E8260.3072
;PRINTING_TIME: 5709
;REMAINING_TIME: 526
;LAYER:179
;Z:45.000
;HEIGHT:0.250
;FLOW:100.0
;PRINTING: Flow_Calibration_Cube_0.4_mm.stl
;PRINTING_ID: 0
G1 F2400 E8259.3072
G1 F300 Z45.200
G0 F3900 X100.200 Y100.200
G0 F300 Z45.000
;TYPE:WALL-OUTER
;WIDTH:0.400
;FLOW:95.0
G1 F300 Z45.000
G1 F1500 E8260.3072
G1 F2400 X149.800 Y100.200 E8262.2663
G1 X149.800 Y149.800 E8264.2253
G1 X100.200 Y149.800 E8266.1843
G1 X100.200 Y100.200 E8268.1433
G1 F2400 E8267.1433
G1 F300 Z45.200
G0 F3900 X100.700 Y100.610
G0 X101.800 Y101.300
G0 X101.800 Y101.800
G1 F300 Z45.000
G1 F1500 E8268.1433
G1 F2400 X101.800 Y148.200 E8269.9760
G1 X148.200 Y148.200 E8271.8086
G1 X148.200 Y101.800 E8273.6412
G1 X101.800 Y101.800 E8275.4739
G1 F2400 E8274.4739
G1 F300 Z45.200
G0 F3900 X100.600 Y100.600
;TYPE:WALL-INNER
;WIDTH:0.400
;FLOW:85.0
G1 F300 Z45.000
G1 F1500 E8275.4739
G1 F2400 X149.400 Y100.600 E8277.1984
G1 X149.400 Y149.400 E8278.9229
G1 X100.600 Y149.400 E8280.6475
G1 X100.600 Y100.600 E8282.3720
G1 F2400 E8281.3720
G1 F300 Z45.200
G0 F3900 X101.400 Y101.400
G1 F300 Z45.000
G1 F1500 E8282.3720
G1 F2400 X101.400 Y148.600 E8284.0400
G1 X148.600 Y148.600 E8285.7080
G1 X148.600 Y101.400 E8287.3760
G1 X101.400 Y101.400 E8289.0440
G0 F3900 X101.000 Y101.200
;TYPE:GAP-FILL
;WIDTH:0.400
G1 F3600 X101.000 Y148.800 E8290.7261
;WIDTH:0.468
G1 X101.200 Y149.000 E8290.7378
;WIDTH:0.400
G1 X148.800 Y149.000 E8292.4199
;WIDTH:0.468
G1 X149.000 Y148.800 E8292.4316
;WIDTH:0.400
G1 X149.000 Y101.200 E8294.1138
;WIDTH:0.468
G1 X148.800 Y101.000 E8294.1255
;WIDTH:0.400
G1 X101.200 Y101.000 E8295.8076
;WIDTH:0.468
;WIDTH:0.469
G1 X101.034 Y101.034 E8295.8146
G1 X101.000 Y101.200 E8295.8216
;PRINTING_TIME: 5734
;REMAINING_TIME: 501
;LAYER:180
;Z:45.250
;HEIGHT:0.250
;FLOW:100.0
;PRINTING: Flow_Calibration_Cube_0.4_mm.stl
;PRINTING_ID: 0
G1 F2400 E8294.8216
G1 F300 Z45.450
G0 F3900 X100.200 Y100.200
G0 F300 Z45.250
;TYPE:WALL-OUTER
;WIDTH:0.400
;FLOW:95.0
G1 F300 Z45.250
G1 F1500 E8295.8216
G1 F2400 X149.800 Y100.200 E8297.7807
G1 X149.800 Y149.800 E8299.7397
G1 X100.200 Y149.800 E8301.6987
G1 X100.200 Y100.200 E8303.6577
G1 F2400 E8302.6577
G1 F300 Z45.450
G0 F3900 X100.700 Y100.610
G0 X101.800 Y101.300
G0 X101.800 Y101.800
G1 F300 Z45.250
G1 F1500 E8303.6577
G1 F2400 X101.800 Y148.200 E8305.4904
G1 X148.200 Y148.200 E8307.3230
G1 X148.200 Y101.800 E8309.1556
G1 X101.800 Y101.800 E8310.9883
G1 F2400 E8309.9883
G1 F300 Z45.450
G0 F3900 X100.600 Y100.600
;TYPE:WALL-INNER
;WIDTH:0.400
;FLOW:85.0
G1 F300 Z45.250
G1 F1500 E8310.9883
G1 F2400 X149.400 Y100.600 E8312.7128
G1 X149.400 Y149.400 E8314.4373
G1 X100.600 Y149.400 E8316.1619
G1 X100.600 Y100.600 E8317.8864
G1 F2400 E8316.8864
G1 F300 Z45.450
G0 F3900 X101.400 Y101.400
G1 F300 Z45.250
G1 F1500 E8317.8864
G1 F2400 X101.400 Y148.600 E8319.5544
G1 X148.600 Y148.600 E8321.2224
G1 X148.600 Y101.400 E8322.8904
G1 X101.400 Y101.400 E8324.5584
G0 F3900 X101.000 Y101.200
;TYPE:GAP-FILL
;WIDTH:0.400
G1 F3600 X101.000 Y148.800 E8326.2405
;WIDTH:0.468
G1 X101.200 Y149.000 E8326.2522
;WIDTH:0.400
G1 X148.800 Y149.000 E8327.9344
;WIDTH:0.468
G1 X149.000 Y148.800 E8327.9461
;WIDTH:0.400
G1 X149.000 Y101.200 E8329.6282
;WIDTH:0.468
G1 X148.800 Y101.000 E8329.6399
;WIDTH:0.400
G1 X101.200 Y101.000 E8331.3220
;WIDTH:0.468
;WIDTH:0.469
G1 X101.034 Y101.034 E8331.3290
G1 X101.000 Y101.200 E8331.3361
;PRINTING_TIME: 5759
;REMAINING_TIME: 476
;LAYER:181
;Z:45.500
;HEIGHT:0.250
;FLOW:100.0
;PRINTING: Flow_Calibration_Cube_0.4_mm.stl
;PRINTING_ID: 0
G1 F2400 E8330.3361
G1 F300 Z45.700
G0 F3900 X100.200 Y100.200
G0 F300 Z45.500
;TYPE:WALL-OUTER
;WIDTH:0.400
;FLOW:95.0
G1 F300 Z45.500
G1 F1500 E8331.3361
G1 F2400 X149.800 Y100.200 E8333.2951
G1 X149.800 Y149.800 E8335.2541
G1 X100.200 Y149.800 E8337.2131
G1 X100.200 Y100.200 E8339.1721
G1 F2400 E8338.1721
G1 F300 Z45.700
G0 F3900 X100.700 Y100.610
G0 X101.800 Y101.300
G0 X101.800 Y101.800
G1 F300 Z45.500
G1 F1500 E8339.1721
G1 F2400 X101.800 Y148.200 E8341.0048
G1 X148.200 Y148.200 E8342.8374
G1 X148.200 Y101.800 E8344.6700
G1 X101.800 Y101.800 E8346.5027
G1 F2400 E8345.5027
G1 F300 Z45.700
G0 F3900 X100.600 Y100.600
;TYPE:WALL-INNER
;WIDTH:0.400
;FLOW:85.0
G1 F300 Z45.500
G1 F1500 E8346.5027
G1 F2400 X149.400 Y100.600 E8348.2272
G1 X149.400 Y149.400 E8349.9517
G1 X100.600 Y149.400 E8351.6763
G1 X100.600 Y100.600 E8353.4008
G1 F2400 E8352.4008
G1 F300 Z45.700
G0 F3900 X101.400 Y101.400
G1 F300 Z45.500
G1 F1500 E8353.4008
G1 F2400 X101.400 Y148.600 E8355.0688
G1 X148.600 Y148.600 E8356.7368
G1 X148.600 Y101.400 E8358.4048
G1 X101.400 Y101.400 E8360.0728
G0 F3900 X101.000 Y101.200
;TYPE:GAP-FILL
;WIDTH:0.400
G1 F3600 X101.000 Y148.800 E8361.7549
;WIDTH:0.468
G1 X101.200 Y149.000 E8361.7666
;WIDTH:0.400
G1 X148.800 Y149.000 E8363.4488
;WIDTH:0.468
G1 X149.000 Y148.800 E8363.4605
;WIDTH:0.400
G1 X149.000 Y101.200 E8365.1426
;WIDTH:0.468
G1 X148.800 Y101.000 E8365.1543
;WIDTH:0.400
G1 X101.200 Y101.000 E8366.8364
;WIDTH:0.468
;WIDTH:0.469
G1 X101.034 Y101.034 E8366.8434
G1 X101.000 Y101.200 E8366.8505
;PRINTING_TIME: 5784
;REMAINING_TIME: 451
;LAYER:182
;Z:45.750
;HEIGHT:0.250
;FLOW:100.0
;PRINTING: Flow_Calibration_Cube_0.4_mm.stl
;PRINTING_ID: 0
G1 F2400 E8365.8505
G1 F300 Z45.950
G0 F3900 X100.200 Y100.200
G0 F300 Z45.750
;TYPE:WALL-OUTER
;WIDTH:0.400
;FLOW:95.0
G1 F300 Z45.750
G1 F1500 E8366.8505
G1 F2400 X149.800 Y100.200 E8368.8095
G1 X149.800 Y149.800 E8370.7685
G1 X100.200 Y149.800 E8372.7275
G1 X100.200 Y100.200 E8374.6865
G1 F2400 E8373.6865
G1 F300 Z45.950
G0 F3900 X100.700 Y100.610
G0 X101.800 Y101.300
G0 X101.800 Y101.800
G1 F300 Z45.750
G1 F1500 E8374.6865
G1 F2400 X101.800 Y148.200 E8376.5192
G1 X148.200 Y148.200 E8378.3518
G1 X148.200 Y101.800 E8380.1844
G1 X101.800 Y101.800 E8382.0171
G1 F2400 E8381.0171
G1 F300 Z45.950
G0 F3900 X100.600 Y100.600
;TYPE:WALL-INNER
;WIDTH:0.400
;FLOW:85.0
G1 F300 Z45.750
G1 F1500 E8382.0171
G1 F2400 X149.400 Y100.600 E8383.7416
G1 X149.400 Y149.400 E8385.4662
G1 X100.600 Y149.400 E8387.1907
G1 X100.600 Y100.600 E8388.9152
G1 F2400 E8387.9152
G1 F300 Z45.950
G0 F3900 X101.400 Y101.400
G1 F300 Z45.750
G1 F1500 E8388.9152
G1 F2400 X101.400 Y148.600 E8390.5832
G1 X148.600 Y148.600 E8392.2512
G1 X148.600 Y101.400 E8393.9192
G1 X101.400 Y101.400 E8395.5872
G0 F3900 X101.000 Y101.200
;TYPE:GAP-FILL
;WIDTH:0.400
G1 F3600 X101.000 Y148.800 E8397.2693
;WIDTH:0.468
G1 X101.200 Y149.000 E8397.2810
;WIDTH:0.400
G1 X148.800 Y149.000 E8398.9632
;WIDTH:0.468
G1 X149.000 Y148.800 E8398.9749
;WIDTH:0.400
G1 X149.000 Y101.200 E8400.6570
;WIDTH:0.468
G1 X148.800 Y101.000 E8400.6687
;WIDTH:0.400
G1 X101.200 Y101.000 E8402.3508
;WIDTH:0.468
;WIDTH:0.469
G1 X101.034 Y101.034 E8402.3578
G1 X101.000 Y101.200 E8402.3649
;PRINTING_TIME: 5809
;REMAINING_TIME: 426
;LAYER:183
;Z:46.000
;HEIGHT:0.250
;FLOW:100.0
;PRINTING: Flow_Calibration_Cube_0.4_mm.stl
;PRINTING_ID: 0
G1 F2400 E8401.3649
G1 F300 Z46.200
G0 F3900 X100.200 Y100.200
G0 F300 Z46.000
;TYPE:WALL-OUTER
;WIDTH:0.400
;FLOW:95.0
G1 F300 Z46.000
G1 F1500 E8402.3649
G1 F2400 X149.800 Y100.200 E8404.3239
G1 X149.800 Y149.800 E8406.2829
G1 X100.200 Y149.800 E8408.2419
G1 X100.200 Y100.200 E8410.2010
G1 F2400 E8409.2010
G1 F300 Z46.200
G0 F3900 X100.700 Y100.610
G0 X101.800 Y101.300
G0 X101.800 Y101.800
G1 F300 Z46.000
G1 F1500 E8410.2010
G1 F2400 X101.800 Y148.200 E8412.0336
G1 X148.200 Y148.200 E8413.8662
G1 X148.200 Y101.800 E8415.6989
G1 X101.800 Y101.800 E8417.5315
G1 F2400 E8416.5315
G1 F300 Z46.200
G0 F3900 X100.600 Y100.600
;TYPE:WALL-INNER
;WIDTH:0.400
;FLOW:85.0
G1 F300 Z46.000
G1 F1500 E8417.5315
G1 F2400 X149.400 Y100.600 E8419.2560
G1 X149.400 Y149.400 E8420.9806
G1 X100.600 Y149.400 E8422.7051
G1 X100.600 Y100.600 E8424.4296
G1 F2400 E8423.4296
G1 F300 Z46.200
G0 F3900 X101.400 Y101.400
G1 F300 Z46.000
G1 F1500 E8424.4296
G1 F2400 X101.400 Y148.600 E8426.0976
G1 X148.600 Y148.600 E8427.7656
G1 X148.600 Y101.400 E8429.4336
G1 X101.400 Y101.400 E8431.1016
G0 F3900 X101.000 Y101.200
;TYPE:GAP-FILL
;WIDTH:0.400
G1 F3600 X101.000 Y148.800 E8432.7838
;WIDTH:0.468
G1 X101.200 Y149.000 E8432.7954
;WIDTH:0.400
G1 X148.800 Y149.000 E8434.4776
;WIDTH:0.468
G1 X149.000 Y148.800 E8434.4893
;WIDTH:0.400
G1 X149.000 Y101.200 E8436.1714
;WIDTH:0.468
G1 X148.800 Y101.000 E8436.1831
;WIDTH:0.400
G1 X101.200 Y101.000 E8437.8652
;WIDTH:0.468
;WIDTH:0.469
G1 X101.034 Y101.034 E8437.8723
G1 X101.000 Y101.200 E8437.8793
;PRINTING_TIME: 5834
;REMAINING_TIME: 401
;LAYER:184
;Z:46.250
;HEIGHT:0.250
;FLOW:100.0
;PRINTING: Flow_Calibration_Cube_0.4_mm.stl
;PRINTING_ID: 0
G1 F2400 E8436.8793
G1 F300 Z46.450
G0 F3900 X100.200 Y100.200
G0 F300 Z46.250
;TYPE:WALL-OUTER
;WIDTH:0.400
;FLOW:95.0
G1 F300 Z46.250
G1 F1500 E8437.8793
G1 F2400 X149.800 Y100.200 E8439.8383
G1 X149.800 Y149.800 E8441.7973
G1 X100.200 Y149.800 E8443.7563
G1 X100.200 Y100.200 E8445.7154
G1 F2400 E8444.7154
G1 F300 Z46.450
G0 F3900 X100.700 Y100.610
G0 X101.800 Y101.300
G0 X101.800 Y101.800
G1 F300 Z46.250
G1 F1500 E8445.7154
G1 F2400 X101.800 Y148.200 E8447.5480
G1 X148.200 Y148.200 E8449.3806
G1 X148.200 Y101.800 E8451.2133
G1 X101.800 Y101.800 E8453.0459
G1 F2400 E8452.0459
G1 F300 Z46.450
G0 F3900 X100.600 Y100.600
;TYPE:WALL-INNER
;WIDTH:0.400
;FLOW:85.0
G1 F300 Z46.250
G1 F1500 E8453.0459
G1 F2400 X149.400 Y100.600 E8454.7704
G1 X149.400 Y149.400 E8456.4950
G1 X100.600 Y149.400 E8458.2195
G1 X100.600 Y100.600 E8459.9440
G1 F2400 E8458.9440
G1 F300 Z46.450
G0 F3900 X101.400 Y101.400
G1 F300 Z46.250
G1 F1500 E8459.9440
G1 F2400 X101.400 Y148.600 E8461.6120
G1 X148.600 Y148.600 E8463.2800
G1 X148.600 Y101.400 E8464.9480
G1 X101.400 Y101.400 E8466.6160
G0 F3900 X101.000 Y101.200
;TYPE:GAP-FILL
;WIDTH:0.400
G1 F3600 X101.000 Y148.800 E8468.2982
;WIDTH:0.468
G1 X101.200 Y149.000 E8468.3099
;WIDTH:0.400
G1 X148.800 Y149.000 E8469.9920
;WIDTH:0.468
G1 X149.000 Y148.800 E8470.0037
;WIDTH:0.400
G1 X149.000 Y101.200 E8471.6858
;WIDTH:0.468
G1 X148.800 Y101.000 E8471.6975
;WIDTH:0.400
G1 X101.200 Y101.000 E8473.3796
;WIDTH:0.468
;WIDTH:0.469
G1 X101.034 Y101.034 E8473.3867
G1 X101.000 Y101.200 E8473.3937
;PRINTING_TIME: 5859
;REMAINING_TIME: 376
;LAYER:185
;Z:46.500
;HEIGHT:0.250
;FLOW:100.0
;PRINTING: Flow_Calibration_Cube_0.4_mm.stl
;PRINTING_ID: 0
G1 F2400 E8472.3937
G1 F300 Z46.700
G0 F3900 X100.200 Y100.200
G0 F300 Z46.500
;TYPE:WALL-OUTER
;WIDTH:0.400
;FLOW:95.0
G1 F300 Z46.500
G1 F1500 E8473.3937
G1 F2400 X149.800 Y100.200 E8475.3527
G1 X149.800 Y149.800 E8477.3117
G1 X100.200 Y149.800 E8479.2707
G1 X100.200 Y100.200 E8481.2298
G1 F2400 E8480.2298
G1 F300 Z46.700
G0 F3900 X100.700 Y100.610
G0 X101.800 Y101.300
G0 X101.800 Y101.800
G1 F300 Z46.500
G1 F1500 E8481.2298
G1 F2400 X101.800 Y148.200 E8483.0624
G1 X148.200 Y148.200 E8484.8950
G1 X148.200 Y101.800 E8486.7277
G1 X101.800 Y101.800 E8488.5603
G1 F2400 E8487.5603
G1 F300 Z46.700
G0 F3900 X100.600 Y100.600
;TYPE:WALL-INNER
;WIDTH:0.400
;FLOW:85.0
G1 F300 Z46.500
G1 F1500 E8488.5603
G1 F2400 X149.400 Y100.600 E8490.2848
G1 X149.400 Y149.400 E8492.0094
G1 X100.600 Y149.400 E8493.7339
G1 X100.600 Y100.600 E8495.4585
G1 F2400 E8494.4585
G1 F300 Z46.700
G0 F3900 X101.400 Y101.400
G1 F300 Z46.500
G1 F1500 E8495.4585
G1 F2400 X101.400 Y148.600 E8497.1265
G1 X148.600 Y148.600 E8498.7944
G1 X148.600 Y101.400 E8500.4624
G1 X101.400 Y101.400 E8502.1304
G0 F3900 X101.000 Y101.200
;TYPE:GAP-FILL
;WIDTH:0.400
G1 F3600 X101.000 Y148.800 E8503.8126
;WIDTH:0.468
G1 X101.200 Y149.000 E8503.8243
;WIDTH:0.400
G1 X148.800 Y149.000 E8505.5064
;WIDTH:0.468
G1 X149.000 Y148.800 E8505.5181
;WIDTH:0.400
G1 X149.000 Y101.200 E8507.2002
;WIDTH:0.468
G1 X148.800 Y101.000 E8507.2119
;WIDTH:0.400
G1 X101.200 Y101.000 E8508.8940
;WIDTH:0.468
;WIDTH:0.469
G1 X101.034 Y101.034 E8508.9011
G1 X101.000 Y101.200 E8508.9081
;PRINTING_TIME: 5885
;REMAINING_TIME: 351
;LAYER:186
;Z:46.750
;HEIGHT:0.250
;FLOW:100.0
;PRINTING: Flow_Calibration_Cube_0.4_mm.stl
;PRINTING_ID: 0
G1 F2400 E8507.9081
G1 F300 Z46.950
G0 F3900 X100.200 Y100.200
G0 F300 Z46.750
;TYPE:WALL-OUTER
;WIDTH:0.400
;FLOW:95.0
G1 F300 Z46.750
G1 F1500 E8508.9081
G1 F2400 X149.800 Y100.200 E8510.8671
G1 X149.800 Y149.800 E8512.8261
G1 X100.200 Y149.800 E8514.7852
G1 X100.200 Y100.200 E8516.7442
G1 F2400 E8515.7442
G1 F300 Z46.950
G0 F3900 X100.700 Y100.610
G0 X101.800 Y101.300
G0 X101.800 Y101.800
G1 F300 Z46.750
G1 F1500 E8516.7442
G1 F2400 X101.800 Y148.200 E8518.5768
G1 X148.200 Y148.200 E8520.4094
G1 X148.200 Y101.800 E8522.2421
G1 X101.800 Y101.800 E8524.0747
G1 F2400 E8523.0747
G1 F300 Z46.950
G0 F3900 X100.600 Y100.600
;TYPE:WALL-INNER
;WIDTH:0.400
;FLOW:85.0
G1 F300 Z46.750
G1 F1500 E8524.0747
G1 F2400 X149.400 Y100.600 E8525.7992
G1 X149.400 Y149.400 E8527.5238
G1 X100.600 Y149.400 E8529.2483
G1 X100.600 Y100.600 E8530.9729
G1 F2400 E8529.9729
G1 F300 Z46.950
G0 F3900 X101.400 Y101.400
G1 F300 Z46.750
G1 F1500 E8530.9729
G1 F2400 X101.400 Y148.600 E8532.6409
G1 X148.600 Y148.600 E8534.3089
G1 X148.600 Y101.400 E8535.9769
G1 X101.400 Y101.400 E8537.6448
G0 F3900 X101.000 Y101.200
;TYPE:GAP-FILL
;WIDTH:0.400
G1 F3600 X101.000 Y148.800 E8539.3270
;WIDTH:0.468
G1 X101.200 Y149.000 E8539.3387
;WIDTH:0.400
G1 X148.800 Y149.000 E8541.0208
;WIDTH:0.468
G1 X149.000 Y148.800 E8541.0325
;WIDTH:0.400
G1 X149.000 Y101.200 E8542.7146
;WIDTH:0.468
G1 X148.800 Y101.000 E8542.7263
;WIDTH:0.400
G1 X101.200 Y101.000 E8544.4085
;WIDTH:0.468
;WIDTH:0.469
G1 X101.034 Y101.034 E8544.4155
G1 X101.000 Y101.200 E8544.4225
;PRINTING_TIME: 5910
;REMAINING_TIME: 325
;LAYER:187
;Z:47.000
;HEIGHT:0.250
;FLOW:100.0
;PRINTING: Flow_Calibration_Cube_0.4_mm.stl
;PRINTING_ID: 0
G1 F2400 E8543.4225
G1 F300 Z47.200
G0 F3900 X100.200 Y100.200
G0 F300 Z47.000
;TYPE:WALL-OUTER
;WIDTH:0.400
;FLOW:95.0
G1 F300 Z47.000
G1 F1500 E8544.4225
G1 F2400 X149.800 Y100.200 E8546.3815
G1 X149.800 Y149.800 E8548.3405
G1 X100.200 Y149.800 E8550.2996
G1 X100.200 Y100.200 E8552.2586
G1 F2400 E8551.2586
G1 F300 Z47.200
G0 F3900 X100.700 Y100.610
G0 X101.800 Y101.300
G0 X101.800 Y101.800
G1 F300 Z47.000
G1 F1500 E8552.2586
G1 F2400 X101.800 Y148.200 E8554.0912
G1 X148.200 Y148.200 E8555.9239
G1 X148.200 Y101.800 E8557.7565
G1 X101.800 Y101.800 E8559.5891
G1 F2400 E8558.5891
G1 F300 Z47.200
G0 F3900 X100.600 Y100.600
;TYPE:WALL-INNER
;WIDTH:0.400
;FLOW:85.0
G1 F300 Z47.000
G1 F1500 E8559.5891
G1 F2400 X149.400 Y100.600 E8561.3137
G1 X149.400 Y149.400 E8563.0382
G1 X100.600 Y149.400 E8564.7627
G1 X100.600 Y100.600 E8566.4873
G1 F2400 E8565.4873
G1 F300 Z47.200
G0 F3900 X101.400 Y101.400
G1 F300 Z47.000
G1 F1500 E8566.4873
G1 F2400 X101.400 Y148.600 E8568.1553
G1 X148.600 Y148.600 E8569.8233
G1 X148.600 Y101.400 E8571.4913
G1 X101.400 Y101.400 E8573.1593
G0 F3900 X101.000 Y101.200
;TYPE:GAP-FILL
;WIDTH:0.400
G1 F3600 X101.000 Y148.800 E8574.8414
;WIDTH:0.468
G1 X101.200 Y149.000 E8574.8531
;WIDTH:0.400
G1 X148.800 Y149.000 E8576.5352
;WIDTH:0.468
G1 X149.000 Y148.800 E8576.5469
;WIDTH:0.400
G1 X149.000 Y101.200 E8578.2290
;WIDTH:0.468
G1 X148.800 Y101.000 E8578.2407
;WIDTH:0.400
G1 X101.200 Y101.000 E8579.9229
;WIDTH:0.468
;WIDTH:0.469
G1 X101.034 Y101.034 E8579.9299
G1 X101.000 Y101.200 E8579.9369
;PRINTING_TIME: 5935
;REMAINING_TIME: 300
;LAYER:188
;Z:47.250
;HEIGHT:0.250
;FLOW:100.0
;PRINTING: Flow_Calibration_Cube_0.4_mm.stl
;PRINTING_ID: 0
G1 F2400 E8578.9369
G1 F300 Z47.450
G0 F3900 X100.200 Y100.200
G0 F300 Z47.250
;TYPE:WALL-OUTER
;WIDTH:0.400
;FLOW:95.0
G1 F300 Z47.250
G1 F1500 E8579.9369
G1 F2400 X149.800 Y100.200 E8581.8959
G1 X149.800 Y149.800 E8583.8549
G1 X100.200 Y149.800 E8585.8140
G1 X100.200 Y100.200 E8587.7730
G1 F2400 E8586.7730
G1 F300 Z47.450
G0 F3900 X100.700 Y100.610
G0 X101.800 Y101.300
G0 X101.800 Y101.800
G1 F300 Z47.250
G1 F1500 E8587.7730
G1 F2400 X101.800 Y148.200 E8589.6056
G1 X148.200 Y148.200 E8591.4383
G1 X148.200 Y101.800 E8593.2709
G1 X101.800 Y101.800 E8595.1035
G1 F2400 E8594.1035
G1 F300 Z47.450
G0 F3900 X100.600 Y100.600
;TYPE:WALL-INNER
;WIDTH:0.400
;FLOW:85.0
G1 F300 Z47.250
G1 F1500 E8595.1035
G1 F2400 X149.400 Y100.600 E8596.8281
G1 X149.400 Y149.400 E8598.5526
G1 X100.600 Y149.400 E8600.2771
G1 X100.600 Y100.600 E8602.0017
G1 F2400 E8601.0017
G1 F300 Z47.450
G0 F3900 X101.400 Y101.400
G1 F300 Z47.250
G1 F1500 E8602.0017
G1 F2400 X101.400 Y148.600 E8603.6697
G1 X148.600 Y148.600 E8605.3377
G1 X148.600 Y101.400 E8607.0057
G1 X101.400 Y101.400 E8608.6737
G0 F3900 X101.000 Y101.200
;TYPE:GAP-FILL
;WIDTH:0.400
G1 F3600 X101.000 Y148.800 E8610.3558
;WIDTH:0.468
G1 X101.200 Y149.000 E8610.3675
;WIDTH:0.400
G1 X148.800 Y149.000 E8612.0496
;WIDTH:0.468
G1 X149.000 Y148.800 E8612.0613
;WIDTH:0.400
G1 X149.000 Y101.200 E8613.7434
;WIDTH:0.468
G1 X148.800 Y101.000 E8613.7551
;WIDTH:0.400
G1 X101.200 Y101.000 E8615.4373
;WIDTH:0.468
;WIDTH:0.469
G1 X101.034 Y101.034 E8615.4443
G1 X101.000 Y101.200 E8615.4513
;PRINTING_TIME: 5960
;REMAINING_TIME: 275
;LAYER:189
;Z:47.500
;HEIGHT:0.250
;FLOW:100.0
;PRINTING: Flow_Calibration_Cube_0.4_mm.stl
;PRINTING_ID: 0
G1 F2400 E8614.4513
G1 F300 Z47.700
G0 F3900 X100.200 Y100.200
G0 F300 Z47.500
;TYPE:WALL-OUTER
;WIDTH:0.400
;FLOW:95.0
G1 F300 Z47.500
G1 F1500 E8615.4513
G1 F2400 X149.800 Y100.200 E8617.4103
G1 X149.800 Y149.800 E8619.3694
G1 X100.200 Y149.800 E8621.3284
G1 X100.200 Y100.200 E8623.2874
G1 F2400 E8622.2874
G1 F300 Z47.700
G0 F3900 X100.700 Y100.610
G0 X101.800 Y101.300
G0 X101.800 Y101.800
G1 F300 Z47.500
G1 F1500 E8623.2874
G1 F2400 X101.800 Y148.200 E8625.1200
G1 X148.200 Y148.200 E8626.9527
G1 X148.200 Y101.800 E8628.7853
G1 X101.800 Y101.800 E8630.6179
G1 F2400 E8629.6179
G1 F300 Z47.700
G0 F3900 X100.600 Y100.600
;TYPE:WALL-INNER
;WIDTH:0.400
;FLOW:85.0
G1 F300 Z47.500
G1 F1500 E8630.6179
G1 F2400 X149.400 Y100.600 E8632.3425
G1 X149.400 Y149.400 E8634.0670
G1 X100.600 Y149.400 E8635.7915
G1 X100.600 Y100.600 E8637.5161
G1 F2400 E8636.5161
G1 F300 Z47.700
G0 F3900 X101.400 Y101.400
G1 F300 Z47.500
G1 F1500 E8637.5161
G1 F2400 X101.400 Y148.600 E8639.1841
G1 X148.600 Y148.600 E8640.8521
G1 X148.600 Y101.400 E8642.5201
G1 X101.400 Y101.400 E8644.1881
G0 F3900 X101.000 Y101.200
;TYPE:GAP-FILL
;WIDTH:0.400
G1 F3600 X101.000 Y148.800 E8645.8702
;WIDTH:0.468
G1 X101.200 Y149.000 E8645.8819
;WIDTH:0.400
G1 X148.800 Y149.000 E8647.5640
;WIDTH:0.468
G1 X149.000 Y148.800 E8647.5757
;WIDTH:0.400
G1 X149.000 Y101.200 E8649.2579
;WIDTH:0.468
G1 X148.800 Y101.000 E8649.2695
;WIDTH:0.400
G1 X101.200 Y101.000 E8650.9517
;WIDTH:0.468
;WIDTH:0.469
G1 X101.034 Y101.034 E8650.9587
G1 X101.000 Y101.200 E8650.9657
;PRINTING_TIME: 5985
;REMAINING_TIME: 250
;LAYER:190
;Z:47.750
;HEIGHT:0.250
;FLOW:100.0
;PRINTING: Flow_Calibration_Cube_0.4_mm.stl
;PRINTING_ID: 0
G1 F2400 E8649.9657
G1 F300 Z47.950
G0 F3900 X100.200 Y100.200
G0 F300 Z47.750
;TYPE:WALL-OUTER
;WIDTH:0.400
;FLOW:95.0
G1 F300 Z47.750
G1 F1500 E8650.9657
G1 F2400 X149.800 Y100.200 E8652.9247
G1 X149.800 Y149.800 E8654.8838
G1 X100.200 Y149.800 E8656.8428
G1 X100.200 Y100.200 E8658.8018
G1 F2400 E8657.8018
G1 F300 Z47.950
G0 F3900 X100.700 Y100.610
G0 X101.800 Y101.300
G0 X101.800 Y101.800
G1 F300 Z47.750
G1 F1500 E8658.8018
G1 F2400 X101.800 Y148.200 E8660.6344
G1 X148.200 Y148.200 E8662.4671
G1 X148.200 Y101.800 E8664.2997
G1 X101.800 Y101.800 E8666.1323
G1 F2400 E8665.1323
G1 F300 Z47.950
G0 F3900 X100.600 Y100.600
;TYPE:WALL-INNER
;WIDTH:0.400
;FLOW:85.0
G1 F300 Z47.750
G1 F1500 E8666.1323
G1 F2400 X149.400 Y100.600 E8667.8569
G1 X149.400 Y149.400 E8669.5814
G1 X100.600 Y149.400 E8671.3060
G1 X100.600 Y100.600 E8673.0305
G1 F2400 E8672.0305
G1 F300 Z47.950
G0 F3900 X101.400 Y101.400
G1 F300 Z47.750
G1 F1500 E8673.0305
G1 F2400 X101.400 Y148.600 E8674.6985
G1 X148.600 Y148.600 E8676.3665
G1 X148.600 Y101.400 E8678.0345
G1 X101.400 Y101.400 E8679.7025
G0 F3900 X101.000 Y101.200
;TYPE:GAP-FILL
;WIDTH:0.400
G1 F3600 X101.000 Y148.800 E8681.3846
;WIDTH:0.468
G1 X101.200 Y149.000 E8681.3963
;WIDTH:0.400
G1 X148.800 Y149.000 E8683.0784
;WIDTH:0.468
G1 X149.000 Y148.800 E8683.0901
;WIDTH:0.400
G1 X149.000 Y101.200 E8684.7723
;WIDTH:0.468
G1 X148.800 Y101.000 E8684.7840
;WIDTH:0.400
G1 X101.200 Y101.000 E8686.4661
;WIDTH:0.468
;WIDTH:0.469
G1 X101.034 Y101.034 E8686.4731
G1 X101.000 Y101.200 E8686.4801
;PRINTING_TIME: 6010
;REMAINING_TIME: 225
;LAYER:191
;Z:48.000
;HEIGHT:0.250
;FLOW:100.0
;PRINTING: Flow_Calibration_Cube_0.4_mm.stl
;PRINTING_ID: 0
G1 F2400 E8685.4801
G1 F300 Z48.200
G0 F3900 X100.200 Y100.200
G0 F300 Z48.000
;TYPE:WALL-OUTER
;WIDTH:0.400
;FLOW:95.0
G1 F300 Z48.000
G1 F1500 E8686.4801
G1 F2400 X149.800 Y100.200 E8688.4391
G1 X149.800 Y149.800 E8690.3982
G1 X100.200 Y149.800 E8692.3572
G1 X100.200 Y100.200 E8694.3162
G1 F2400 E8693.3162
G1 F300 Z48.200
G0 F3900 X100.700 Y100.610
G0 X101.800 Y101.300
G0 X101.800 Y101.800
G1 F300 Z48.000
G1 F1500 E8694.3162
G1 F2400 X101.800 Y148.200 E8696.1488
G1 X148.200 Y148.200 E8697.9815
G1 X148.200 Y101.800 E8699.8141
G1 X101.800 Y101.800 E8701.6467
G1 F2400 E8700.6467
G1 F300 Z48.200
G0 F3900 X100.600 Y100.600
;TYPE:WALL-INNER
;WIDTH:0.400
;FLOW:85.0
G1 F300 Z48.000
G1 F1500 E8701.6467
G1 F2400 X149.400 Y100.600 E8703.3713
G1 X149.400 Y149.400 E8705.0958
G1 X100.600 Y149.400 E8706.8204
G1 X100.600 Y100.600 E8708.5449
G1 F2400 E8707.5449
G1 F300 Z48.200
G0 F3900 X101.400 Y101.400
G1 F300 Z48.000
G1 F1500 E8708.5449
G1 F2400 X101.400 Y148.600 E8710.2129
G1 X148.600 Y148.600 E8711.8809
G1 X148.600 Y101.400 E8713.5489
G1 X101.400 Y101.400 E8715.2169
G0 F3900 X101.000 Y101.200
;TYPE:GAP-FILL
;WIDTH:0.400
G1 F3600 X101.000 Y148.800 E8716.8990
;WIDTH:0.468
G1 X101.200 Y149.000 E8716.9107
;WIDTH:0.400
G1 X148.800 Y149.000 E8718.5928
;WIDTH:0.468
G1 X149.000 Y148.800 E8718.6045
;WIDTH:0.400
G1 X149.000 Y101.200 E8720.2867
;WIDTH:0.468
G1 X148.800 Y101.000 E8720.2984
;WIDTH:0.400
G1 X101.200 Y101.000 E8721.9805
;WIDTH:0.468
;WIDTH:0.469
G1 X101.034 Y101.034 E8721.9875
G1 X101.000 Y101.200 E8721.9945
;PRINTING_TIME: 6035
;REMAINING_TIME: 200
;LAYER:192
;Z:48.250
;HEIGHT:0.250
;FLOW:100.0
;PRINTING: Flow_Calibration_Cube_0.4_mm.stl
;PRINTING_ID: 0
G1 F2400 E8720.9945
G1 F300 Z48.450
G0 F3900 X100.200 Y100.200
G0 F300 Z48.250
;TYPE:WALL-OUTER
;WIDTH:0.400
;FLOW:95.0
G1 F300 Z48.250
G1 F1500 E8721.9945
G1 F2400 X149.800 Y100.200 E8723.9536
G1 X149.800 Y149.800 E8725.9126
G1 X100.200 Y149.800 E8727.8716
G1 X100.200 Y100.200 E8729.8306
G1 F2400 E8728.8306
G1 F300 Z48.450
G0 F3900 X100.700 Y100.610
G0 X101.800 Y101.300
G0 X101.800 Y101.800
G1 F300 Z48.250
G1 F1500 E8729.8306
G1 F2400 X101.800 Y148.200 E8731.6633
G1 X148.200 Y148.200 E8733.4959
G1 X148.200 Y101.800 E8735.3285
G1 X101.800 Y101.800 E8737.1612
G1 F2400 E8736.1612
G1 F300 Z48.450
G0 F3900 X100.600 Y100.600
;TYPE:WALL-INNER
;WIDTH:0.400
;FLOW:85.0
G1 F300 Z48.250
G1 F1500 E8737.1612
G1 F2400 X149.400 Y100.600 E8738.8857
G1 X149.400 Y149.400 E8740.6102
G1 X100.600 Y149.400 E8742.3348
G1 X100.600 Y100.600 E8744.0593
G1 F2400 E8743.0593
G1 F300 Z48.450
G0 F3900 X101.400 Y101.400
G1 F300 Z48.250
G1 F1500 E8744.0593
G1 F2400 X101.400 Y148.600 E8745.7273
G1 X148.600 Y148.600 E8747.3953
G1 X148.600 Y101.400 E8749.0633
G1 X101.400 Y101.400 E8750.7313
G0 F3900 X101.000 Y101.200
;TYPE:GAP-FILL
;WIDTH:0.400
G1 F3600 X101.000 Y148.800 E8752.4134
;WIDTH:0.468
G1 X101.200 Y149.000 E8752.4251
;WIDTH:0.400
G1 X148.800 Y149.000 E8754.1072
;WIDTH:0.468
G1 X149.000 Y148.800 E8754.1189
;WIDTH:0.400
G1 X149.000 Y101.200 E8755.8011
;WIDTH:0.468
G1 X148.800 Y101.000 E8755.8128
;WIDTH:0.400
G1 X101.200 Y101.000 E8757.4949
;WIDTH:0.468
;WIDTH:0.469
G1 X101.034 Y101.034 E8757.5019
G1 X101.000 Y101.200 E8757.5089
;PRINTING_TIME: 6060
;REMAINING_TIME: 175
;LAYER:193
;Z:48.500
;HEIGHT:0.250
;FLOW:100.0
;PRINTING: Flow_Calibration_Cube_0.4_mm.stl
;PRINTING_ID: 0
G1 F2400 E8756.5089
G1 F300 Z48.700
G0 F3900 X100.200 Y100.200
G0 F300 Z48.500
;TYPE:WALL-OUTER
;WIDTH:0.400
;FLOW:95.0
G1 F300 Z48.500
G1 F1500 E8757.5089
G1 F2400 X149.800 Y100.200 E8759.4680
G1 X149.800 Y149.800 E8761.4270
G1 X100.200 Y149.800 E8763.3860
G1 X100.200 Y100.200 E8765.3450
G1 F2400 E8764.3450
G1 F300 Z48.700
G0 F3900 X100.700 Y100.610
G0 X101.800 Y101.300
G0 X101.800 Y101.800
G1 F300 Z48.500
G1 F1500 E8765.3450
G1 F2400 X101.800 Y148.200 E8767.1777
G1 X148.200 Y148.200 E8769.0103
G1 X148.200 Y101.800 E8770.8429
G1 X101.800 Y101.800 E8772.6756
G1 F2400 E8771.6756
G1 F300 Z48.700
G0 F3900 X100.600 Y100.600
;TYPE:WALL-INNER
;WIDTH:0.400
;FLOW:85.0
G1 F300 Z48.500
G1 F1500 E8772.6756
G1 F2400 X149.400 Y100.600 E8774.4001
G1 X149.400 Y149.400 E8776.1246
G1 X100.600 Y149.400 E8777.8492
G1 X100.600 Y100.600 E8779.5737
G1 F2400 E8778.5737
G1 F300 Z48.700
G0 F3900 X101.400 Y101.400
G1 F300 Z48.500
G1 F1500 E8779.5737
G1 F2400 X101.400 Y148.600 E8781.2417
G1 X148.600 Y148.600 E8782.9097
G1 X148.600 Y101.400 E8784.5777
G1 X101.400 Y101.400 E8786.2457
G0 F3900 X101.000 Y101.200
;TYPE:GAP-FILL
;WIDTH:0.400
G1 F3600 X101.000 Y148.800 E8787.9278
;WIDTH:0.468
G1 X101.200 Y149.000 E8787.9395
;WIDTH:0.400
G1 X148.800 Y149.000 E8789.6217
;WIDTH:0.468
G1 X149.000 Y148.800 E8789.6334
;WIDTH:0.400
G1 X149.000 Y101.200 E8791.3155
;WIDTH:0.468
G1 X148.800 Y101.000 E8791.3272
;WIDTH:0.400
G1 X101.200 Y101.000 E8793.0093
;WIDTH:0.468
;WIDTH:0.469
G1 X101.034 Y101.034 E8793.0163
G1 X101.000 Y101.200 E8793.0234
;PRINTING_TIME: 6085
;REMAINING_TIME: 150
;LAYER:194
;Z:48.750
;HEIGHT:0.250
;FLOW:100.0
;PRINTING: Flow_Calibration_Cube_0.4_mm.stl
;PRINTING_ID: 0
G1 F2400 E8792.0234
G1 F300 Z48.950
G0 F3900 X100.200 Y100.200
G0 F300 Z48.750
;TYPE:WALL-OUTER
;WIDTH:0.400
;FLOW:95.0
G1 F300 Z48.750
G1 F1500 E8793.0234
G1 F2400 X149.800 Y100.200 E8794.9824
G1 X149.800 Y149.800 E8796.9414
G1 X100.200 Y149.800 E8798.9004
G1 X100.200 Y100.200 E8800.8594
G1 F2400 E8799.8594
G1 F300 Z48.950
G0 F3900 X100.700 Y100.610
G0 X101.800 Y101.300
G0 X101.800 Y101.800
G1 F300 Z48.750
G1 F1500 E8800.8594
G1 F2400 X101.800 Y148.200 E8802.6921
G1 X148.200 Y148.200 E8804.5247
G1 X148.200 Y101.800 E8806.3573
G1 X101.800 Y101.800 E8808.1900
G1 F2400 E8807.1900
G1 F300 Z48.950
G0 F3900 X100.600 Y100.600
;TYPE:WALL-INNER
;WIDTH:0.400
;FLOW:85.0
G1 F300 Z48.750
G1 F1500 E8808.1900
G1 F2400 X149.400 Y100.600 E8809.9145
G1 X149.400 Y149.400 E8811.6390
G1 X100.600 Y149.400 E8813.3636
G1 X100.600 Y100.600 E8815.0881
G1 F2400 E8814.0881
G1 F300 Z48.950
G0 F3900 X101.400 Y101.400
G1 F300 Z48.750
G1 F1500 E8815.0881
G1 F2400 X101.400 Y148.600 E8816.7561
G1 X148.600 Y148.600 E8818.4241
G1 X148.600 Y101.400 E8820.0921
G1 X101.400 Y101.400 E8821.7601
G0 F3900 X101.000 Y101.200
;TYPE:GAP-FILL
;WIDTH:0.400
G1 F3600 X101.000 Y148.800 E8823.4422
;WIDTH:0.468
G1 X101.200 Y149.000 E8823.4539
;WIDTH:0.400
G1 X148.800 Y149.000 E8825.1361
;WIDTH:0.468
G1 X149.000 Y148.800 E8825.1478
;WIDTH:0.400
G1 X149.000 Y101.200 E8826.8299
;WIDTH:0.468
G1 X148.800 Y101.000 E8826.8416
;WIDTH:0.400
G1 X101.200 Y101.000 E8828.5237
;WIDTH:0.468
;WIDTH:0.469
G1 X101.034 Y101.034 E8828.5307
G1 X101.000 Y101.200 E8828.5378
;PRINTING_TIME: 6110
;REMAINING_TIME: 125
;LAYER:195
;Z:49.000
;HEIGHT:0.250
;FLOW:100.0
;PRINTING: Flow_Calibration_Cube_0.4_mm.stl
;PRINTING_ID: 0
G1 F2400 E8827.5378
G1 F300 Z49.200
G0 F3900 X100.200 Y100.200
G0 F300 Z49.000
;TYPE:WALL-OUTER
;WIDTH:0.400
;FLOW:95.0
G1 F300 Z49.000
G1 F1500 E8828.5378
G1 F2400 X149.800 Y100.200 E8830.4968
G1 X149.800 Y149.800 E8832.4558
G1 X100.200 Y149.800 E8834.4148
G1 X100.200 Y100.200 E8836.3738
G1 F2400 E8835.3738
G1 F300 Z49.200
G0 F3900 X100.700 Y100.610
G0 X101.800 Y101.300
G0 X101.800 Y101.800
G1 F300 Z49.000
G1 F1500 E8836.3738
G1 F2400 X101.800 Y148.200 E8838.2065
G1 X148.200 Y148.200 E8840.0391
G1 X148.200 Y101.800 E8841.8717
G1 X101.800 Y101.800 E8843.7044
G1 F2400 E8842.7044
G1 F300 Z49.200
G0 F3900 X100.600 Y100.600
;TYPE:WALL-INNER
;WIDTH:0.400
;FLOW:85.0
G1 F300 Z49.000
G1 F1500 E8843.7044
G1 F2400 X149.400 Y100.600 E8845.4289
G1 X149.400 Y149.400 E8847.1535
G1 X100.600 Y149.400 E8848.8780
G1 X100.600 Y100.600 E8850.6025
G1 F2400 E8849.6025
G1 F300 Z49.200
G0 F3900 X101.400 Y101.400
G1 F300 Z49.000
G1 F1500 E8850.6025
G1 F2400 X101.400 Y148.600 E8852.2705
G1 X148.600 Y148.600 E8853.9385
G1 X148.600 Y101.400 E8855.6065
G1 X101.400 Y101.400 E8857.2745
G0 F3900 X101.000 Y101.200
;TYPE:GAP-FILL
;WIDTH:0.400
G1 F3600 X101.000 Y148.800 E8858.9566
;WIDTH:0.468
G1 X101.200 Y149.000 E8858.9683
;WIDTH:0.400
G1 X148.800 Y149.000 E8860.6505
;WIDTH:0.468
G1 X149.000 Y148.800 E8860.6622
;WIDTH:0.400
G1 X149.000 Y101.200 E8862.3443
;WIDTH:0.468
G1 X148.800 Y101.000 E8862.3560
;WIDTH:0.400
G1 X101.200 Y101.000 E8864.0381
;WIDTH:0.468
;WIDTH:0.469
G1 X101.034 Y101.034 E8864.0451
G1 X101.000 Y101.200 E8864.0522
;PRINTING_TIME: 6135
;REMAINING_TIME: 100
;LAYER:196
;Z:49.250
;HEIGHT:0.250
;FLOW:100.0
;PRINTING: Flow_Calibration_Cube_0.4_mm.stl
;PRINTING_ID: 0
G1 F2400 E8863.0522
G1 F300 Z49.450
G0 F3900 X100.200 Y100.200
G0 F300 Z49.250
;TYPE:WALL-OUTER
;WIDTH:0.400
;FLOW:95.0
G1 F300 Z49.250
G1 F1500 E8864.0522
G1 F2400 X149.800 Y100.200 E8866.0112
G1 X149.800 Y149.800 E8867.9702
G1 X100.200 Y149.800 E8869.9292
G1 X100.200 Y100.200 E8871.8883
G1 F2400 E8870.8883
G1 F300 Z49.450
G0 F3900 X100.700 Y100.610
G0 X101.800 Y101.300
G0 X101.800 Y101.800
G1 F300 Z49.250
G1 F1500 E8871.8883
G1 F2400 X101.800 Y148.200 E8873.7209
G1 X148.200 Y148.200 E8875.5535
G1 X148.200 Y101.800 E8877.3862
G1 X101.800 Y101.800 E8879.2188
G1 F2400 E8878.2188
G1 F300 Z49.450
G0 F3900 X100.600 Y100.600
;TYPE:WALL-INNER
;WIDTH:0.400
;FLOW:85.0
G1 F300 Z49.250
G1 F1500 E8879.2188
G1 F2400 X149.400 Y100.600 E8880.9433
G1 X149.400 Y149.400 E8882.6679
G1 X100.600 Y149.400 E8884.3924
G1 X100.600 Y100.600 E8886.1169
G1 F2400 E8885.1169
G1 F300 Z49.450
G0 F3900 X101.400 Y101.400
G1 F300 Z49.250
G1 F1500 E8886.1169
G1 F2400 X101.400 Y148.600 E8887.7849
G1 X148.600 Y148.600 E8889.4529
G1 X148.600 Y101.400 E8891.1209
G1 X101.400 Y101.400 E8892.7889
G0 F3900 X101.000 Y101.200
;TYPE:GAP-FILL
;WIDTH:0.400
G1 F3600 X101.000 Y148.800 E8894.4711
;WIDTH:0.468
G1 X101.200 Y149.000 E8894.4827
;WIDTH:0.400
G1 X148.800 Y149.000 E8896.1649
;WIDTH:0.468
G1 X149.000 Y148.800 E8896.1766
;WIDTH:0.400
G1 X149.000 Y101.200 E8897.8587
;WIDTH:0.468
G1 X148.800 Y101.000 E8897.8704
;WIDTH:0.400
G1 X101.200 Y101.000 E8899.5525
;WIDTH:0.468
;WIDTH:0.469
G1 X101.034 Y101.034 E8899.5596
G1 X101.000 Y101.200 E8899.5666
;PRINTING_TIME: 6160
;REMAINING_TIME: 75
;LAYER:197
;Z:49.500
;HEIGHT:0.250
;FLOW:100.0
;PRINTING: Flow_Calibration_Cube_0.4_mm.stl
;PRINTING_ID: 0
G1 F2400 E8898.5666
G1 F300 Z49.700
G0 F3900 X100.200 Y100.200
G0 F300 Z49.500
;TYPE:WALL-OUTER
;WIDTH:0.400
;FLOW:95.0
G1 F300 Z49.500
G1 F1500 E8899.5666
G1 F2400 X149.800 Y100.200 E8901.5256
G1 X149.800 Y149.800 E8903.4846
G1 X100.200 Y149.800 E8905.4436
G1 X100.200 Y100.200 E8907.4027
G1 F2400 E8906.4027
G1 F300 Z49.700
G0 F3900 X100.700 Y100.610
G0 X101.800 Y101.300
G0 X101.800 Y101.800
G1 F300 Z49.500
G1 F1500 E8907.4027
G1 F2400 X101.800 Y148.200 E8909.2353
G1 X148.200 Y148.200 E8911.0679
G1 X148.200 Y101.800 E8912.9006
G1 X101.800 Y101.800 E8914.7332
G1 F2400 E8913.7332
G1 F300 Z49.700
G0 F3900 X100.600 Y100.600
;TYPE:WALL-INNER
;WIDTH:0.400
;FLOW:85.0
G1 F300 Z49.500
G1 F1500 E8914.7332
G1 F2400 X149.400 Y100.600 E8916.4577
G1 X149.400 Y149.400 E8918.1823
G1 X100.600 Y149.400 E8919.9068
G1 X100.600 Y100.600 E8921.6313
G1 F2400 E8920.6313
G1 F300 Z49.700
G0 F3900 X101.400 Y101.400
G1 F300 Z49.500
G1 F1500 E8921.6313
G1 F2400 X101.400 Y148.600 E8923.2993
G1 X148.600 Y148.600 E8924.9673
G1 X148.600 Y101.400 E8926.6353
G1 X101.400 Y101.400 E8928.3033
G0 F3900 X101.000 Y101.200
;TYPE:GAP-FILL
;WIDTH:0.400
G1 F3600 X101.000 Y148.800 E8929.9855
;WIDTH:0.468
G1 X101.200 Y149.000 E8929.9972
;WIDTH:0.400
G1 X148.800 Y149.000 E8931.6793
;WIDTH:0.468
G1 X149.000 Y148.800 E8931.6910
;WIDTH:0.400
G1 X149.000 Y101.200 E8933.3731
;WIDTH:0.468
G1 X148.800 Y101.000 E8933.3848
;WIDTH:0.400
G1 X101.200 Y101.000 E8935.0669
;WIDTH:0.468
;WIDTH:0.469
G1 X101.034 Y101.034 E8935.0740
G1 X101.000 Y101.200 E8935.0810
;PRINTING_TIME: 6185
;REMAINING_TIME: 50
;LAYER:198
;Z:49.750
;HEIGHT:0.250
;FLOW:100.0
;PRINTING: Flow_Calibration_Cube_0.4_mm.stl
;PRINTING_ID: 0
G1 F2400 E8934.0810
G1 F300 Z49.950
G0 F3900 X100.200 Y100.200
G0 F300 Z49.750
;TYPE:WALL-OUTER
;WIDTH:0.400
;FLOW:95.0
G1 F300 Z49.750
G1 F1500 E8935.0810
G1 F2400 X149.800 Y100.200 E8937.0400
G1 X149.800 Y149.800 E8938.9990
G1 X100.200 Y149.800 E8940.9580
G1 X100.200 Y100.200 E8942.9171
G1 F2400 E8941.9171
G1 F300 Z49.950
G0 F3900 X100.700 Y100.610
G0 X101.800 Y101.300
G0 X101.800 Y101.800
G1 F300 Z49.750
G1 F1500 E8942.9171
G1 F2400 X101.800 Y148.200 E8944.7497
G1 X148.200 Y148.200 E8946.5823
G1 X148.200 Y101.800 E8948.4150
G1 X101.800 Y101.800 E8950.2476
G1 F2400 E8949.2476
G1 F300 Z49.950
G0 F3900 X100.600 Y100.600
;TYPE:WALL-INNER
;WIDTH:0.400
;FLOW:85.0
G1 F300 Z49.750
G1 F1500 E8950.2476
G1 F2400 X149.400 Y100.600 E8951.9721
G1 X149.400 Y149.400 E8953.6967
G1 X100.600 Y149.400 E8955.4212
G1 X100.600 Y100.600 E8957.1458
G1 F2400 E8956.1458
G1 F300 Z49.950
G0 F3900 X101.400 Y101.400
G1 F300 Z49.750
G1 F1500 E8957.1458
G1 F2400 X101.400 Y148.600 E8958.8138
G1 X148.600 Y148.600 E8960.4817
G1 X148.600 Y101.400 E8962.1497
G1 X101.400 Y101.400 E8963.8177
G0 F3900 X101.000 Y101.200
;TYPE:GAP-FILL
;WIDTH:0.400
G1 F3600 X101.000 Y148.800 E8965.4999
;WIDTH:0.468
G1 X101.200 Y149.000 E8965.5116
;WIDTH:0.400
G1 X148.800 Y149.000 E8967.1937
;WIDTH:0.468
G1 X149.000 Y148.800 E8967.2054
;WIDTH:0.400
G1 X149.000 Y101.200 E8968.8875
;WIDTH:0.468
G1 X148.800 Y101.000 E8968.8992
;WIDTH:0.400
G1 X101.200 Y101.000 E8970.5813
;WIDTH:0.468
;WIDTH:0.469
G1 X101.034 Y101.034 E8970.5884
G1 X101.000 Y101.200 E8970.5954
;PRINTING_TIME: 6210
;REMAINING_TIME: 25
;LAYER:199
;Z:50.000
;HEIGHT:0.250
;FLOW:100.0
;PRINTING: Flow_Calibration_Cube_0.4_mm.stl
;PRINTING_ID: 0
G1 F2400 E8969.5954
G1 F300 Z50.200
G0 F3900 X100.200 Y100.200
G0 F300 Z50.000
;TYPE:WALL-OUTER
;WIDTH:0.400
;FLOW:95.0
G1 F300 Z50.000
G1 F1500 E8970.5954
G1 F2400 X149.800 Y100.200 E8972.5544
G1 X149.800 Y149.800 E8974.5134
G1 X100.200 Y149.800 E8976.4725
G1 X100.200 Y100.200 E8978.4315
G1 F2400 E8977.4315
G1 F300 Z50.200
G0 F3900 X100.700 Y100.610
G0 X101.800 Y101.300
G0 X101.800 Y101.800
G1 F300 Z50.000
G1 F1500 E8978.4315
G1 F2400 X101.800 Y148.200 E8980.2641
G1 X148.200 Y148.200 E8982.0967
G1 X148.200 Y101.800 E8983.9294
G1 X101.800 Y101.800 E8985.7620
G1 F2400 E8984.7620
G1 F300 Z50.200
G0 F3900 X100.600 Y100.600
;TYPE:WALL-INNER
;WIDTH:0.400
;FLOW:85.0
G1 F300 Z50.000
G1 F1500 E8985.7620
G1 F2400 X149.400 Y100.600 E8987.4865
G1 X149.400 Y149.400 E8989.2111
G1 X100.600 Y149.400 E8990.9356
G1 X100.600 Y100.600 E8992.6602
G1 F2400 E8991.6602
G1 F300 Z50.200
G0 F3900 X101.400 Y101.400
G1 F300 Z50.000
G1 F1500 E8992.6602
G1 F2400 X101.400 Y148.600 E8994.3282
G1 X148.600 Y148.600 E8995.9962
G1 X148.600 Y101.400 E8997.6641
G1 X101.400 Y101.400 E8999.3321
G0 F3900 X101.000 Y101.200
;TYPE:GAP-FILL
;WIDTH:0.400
G1 F3600 X101.000 Y148.800 E9001.0143
;WIDTH:0.468
G1 X101.200 Y149.000 E9001.0260
;WIDTH:0.400
G1 X148.800 Y149.000 E9002.7081
;WIDTH:0.468
G1 X149.000 Y148.800 E9002.7198
;WIDTH:0.400
G1 X149.000 Y101.200 E9004.4019
;WIDTH:0.468
G1 X148.800 Y101.000 E9004.4136
;WIDTH:0.400
G1 X101.200 Y101.000 E9006.0958
;WIDTH:0.468
;WIDTH:0.469
G1 X101.034 Y101.034 E9006.1028
G1 X101.000 Y101.200 E9006.1098
;PRINTING_TIME: 6235
;REMAINING_TIME: 0
M106 S0
G1 F2400 E9005.1098
G1 F300 Z50.200
G0 F3900 X101.000 Y101.200
G0 F300 Z55.000
M221 T0 S100
G92 E0
M1002
M104 T0 S0
M104 S0 ;extruder heater off
M140 S0 ;heated bed heater off (if you have it)
G91 ;relative positionion
G1 E-1 F300  ;retract the filament a bit before lifting the nozzle, to release some of the pressure
G1 Z+10 E-5 F9000 ;move Z up and retract filament even more
M84 ;steppers off
;Data start:151028:c774fc021775f4021bece5ddfb31f152
;SURFQSAtIFBSSU5UREFUQUlZDHzi6E17riyBkcQfrmfLd1s3GHh8P88S6dV8SnsUc1VfPeij/31NB0U
;e3AVV6+HNGzdCqDk/Axa21QxKQxR8VX097aPkfUoHfx78BTfr981uN1OoLz8cFrvVfkokFGpVST3ko/
;B9VAdBHsUFAuvMzQU3XKgOPzgWj9UkShcURlUtLoGjkRxaZEVyy3cGn9eiNGhuxwhLOHvp1E1KexQjF
;VJ9gbiRfTlmQ33LaQKZ37kzWGL3HlAjYoa4EjkOZkU0TliBopF9OQcgXtFFZ/O+zVpWb8sZUzJkiKEk
;JRVLRTxfTvX8/RxAYlIerwVn677NGkhMqG8/VxaIti4vF3FRNFlU7s3OFFdhSXLCBWbrvs1aN0zXPD9
;PFunVLCkYcU8wX1z1yv4TZm5ObctxOILQoz9FDKl8P1cW6ZUyCnsMI1UtXOLA9BFcdUFqx2oJtNejKV
;J49xNKI3Ob1UxKexQjVW1CwaODfTkHQX3NYAuOzKwuXmPGI08lf4ehTUt7FCNVLX3+45FpOQcgf81mA
;ofbvztDZccSYCRjmaUiOA8UIlUtPYGj0QJ5BzAergUGiN2oNlJ+yQhWOHi2oSI6exUjVS09gePuPTkf
;IB6uZASI26E/RW3cFVA5SZ26PRUIYVEzTF7ko5B9OQcgHu56J+utzVo3bcsfWjtzm7Q5IxR6fCFfXPf
;G/X04ByAergUnlP7NeDcMqB1cNHOFsD8rD31MO3JJ88LnGFVYU3bBdxO02qQpQ23GH1pXF+nVTUp7FC
;NVLRSBo5EcT2hJevFxFYrIqDZoZMcQWiRJmbQ5IiR5Qi1yUeTN9glRWEZ/zXEImb7MWjcMqHw/Plbp/
;E1Ke3VVOkRZ3tfjHE9iTEHGaguOzZIqVnjAI1I2bra7IhUJcVcnTF71yv4TOQYgHq4FZ+u+zVo8DKh8
;XTJ6nYoiLB1nRiEtPIGjkX05B/AhrhNn676vP1t49w5eMWK2tC4pHnhGJ0xJ6Mz/fTgHIB6uBSeU/s1
;KNwyoHlo7YranLCwPS0I8X1rg05F8OQcgHq4Fh9S+31o3DMoZUyNJm7QrPiRyTzpaT+DX9H04ByAerg
;Vnsv7NVDcMqB5aO2K2pywsD0tJMF9WgaKRfTkHIB66RWf7vs1aVWnECGAld4+hEiUdclAwWT2Ao5F9O
;Qcg7pEFaOu+zThSYNwjTTZwnYo+Oh5xR1UsPYGjkX05KWAevQVn69yoNkNT2h1ZI0mdvSQpEHpGJl49
;gKORfTkHIOaRBXXrvs04UmDcI0g2eoWKKyYUY1E0WViBopF9OQcgHvdFZ/++zVpVacQIYCB3hbkSJh5
;6RCFFYuzK/304ByAergVnG4HNVTcMqB5aO2K2oiwmF0tQJUhY5aOQfTkHIB6uISfroM1aN27aFVswf4
;eyEi8DYFEgXlTuzc4KUGNUdvF3Bp/Xolo2DKh8P1cWsJVNWHsUIzdfVOXE+BNeWEZ/wFoUm9uoPjcNq
;Hw/VxbpjA1KbxQjVU9P6Mf2FFdgf3jHfQKP4aw0UGDNfD5XFunVTUp7FCNMLT2BweMUXWBJcMlaAYfR
;rC5SaPcdTTJ3trgkJHsVI1UtPYGjpT05FiAermcVgtqqM1lr9xpTOGGbtDkvexUjVS09gaPIPTkfIB6
;uZxWC2qozWWv3D1cyeoWmEiwXe1QnTEnko5B9OQcgHq5cJ+urzVo3btoVWzB/h7ISORNxTzleYvLT9B
;hdByEergVn676JGjcCqHw/NWSAsSojFXN8Jl1Y5MeRfDkHIB6uBSmrvuxaNwzKDlYzcYC7KhUIYVMlQ
;k/1xvUiWHVFf/F3Bp/XogVabdB8PlcW6dVNSjJUI1otPYHB4xRUWEx3wGA4iNG4NEMMqXw/Vxbp1WMK
;ex8jVS1f88r8IlZhRm3LcWfqvs1aNwyofD9XBOnVTSkUdVAhRFPm/PUUSnNBcM1gVuu/zVo3DKh8P1c
;W+9VNShh7QiZZVO/EzhlQdFR/wGYC2b7MWjcMqHw/Vxbp+01Ke3dMO0lU9cr+E1hrf3HAYDiY1qg2W1
;PHEmAjeZmKPj8JckI2SE7ezvgTZmZSe88FZuu+zVo3DKh8P3gW6dUuJRVwSiFEUu/C/SJWaUVB3W0Ch
;9KSNVlT3BNPCGWcpysrGHFQCkBU7/zmFF1zSB6vBWfrvs1aNwyoUz9XFoq6Iy4SYEo6Q1zt/OUSSVhT
;a9xjBojbkjNZasEQUwhmiKE5Lwl6fDhEU97C4xhYByEergVn677NWjc8qHw/NHmHsSQ+EntNNEFi9cz
;hIkpyUnjPZgK016M8XmDEI082Yp2wPyQkeUo7ckrox+UVOQYgHq4FZ+u+zVoiDKh8XDh5hbwjLSR3TD
;BLW+jA+BhXc39/rgRKqKImuAFWl3wqVxbptiIlF31NMnJe7sb3G1BkSXvAcTiJvsyX+8BksPOjqenAT
;Up7d0w6QVTvxM4eVmJGeMdmDo7QuQVUDKl8P1cW6RU/CnsHI1UtXu7M/SJUbk5BwmQejsySLl5hzXw+
;Vxbp1U1KX1QjRC09gcD+ElVYTXfAWgGO26koVnjNfD5XFunVTUpfVCNDLT2Bx/QTSmJ/bdt1F4TMuQV
;RYMcLTTZijNVMSnsUI1UtZMGjjH05B0R7wHYCtM24Kkdj2ghgPniPvCEmJHtWIUFU78bifTgHIB6uBW
;frvs1NNwyoD0onZoanORUfcU0mSGLnyv0RZnVBassFZuu+zVo3DPw8P0oW6dUpLxVnRgpeSPHT/g9NW
;ElwwGAVtNu1KlZi2xVQORbo1U1KexQjVS09kqORfUpyUG7BdxO02qg0RGn3EF4uc5vVTEp7FCNVLT2B
;o4p9OQdEe8B2ArTNuCpHY9oIYDt3kLA/OSR2TCFZUuyjkH05ByAergVn663NWjdozRJMMkmaoD06FGZ
;XCl5N5Mb1fTgHIB6uBWei/s1DNwyoGFY6c4emJCUVS1sscl7uzuEYV3RBasdqCeu/zVo3DKh8P1cW99
;VNSh99TjBDTujM/yJBfn99wWgXjtC+O0NlxxJgP3mFsE1LexQjVS09gaORZDkHIHrCdTiK0LkzVmDBH
;Uw+eI6KKjgabXw4TEWBopF9OQcg/sFFZ/K+zVpTYNgjXjligLQhIxpnSjtKYubR8ARmaklwrgRn677N
;WjcMqHwpVxbpsSE6JHVNIURc7crwDlBpR0HCYBGO0s1bNwyofD9XNqnVWkp7FEc5XWLgzeUUWGtJf91
;sCYzhoD9DZMcYP1YW6dVNSnvkHFUKPYGj9RFJWEJ/3WA4h9+0P0VTyRpLMmS2sDU6FGdWJ0hi9sL4CW
;ZzSXPLBWbrvs1aNwyofD9/FunVKSYLS0E0Xljez/AEXHV/fMtjCJnbkj9PfMcPSiVztqIsIw9LVzxAW
;IGikX05ByAeqkVn977NWlNg2CNdNmWMiiErAnFRCk9S88f0D2ZoRnjdYBPrv81aNwyofD9XFs3VTUof
;eFMKT1zyxs4RWH5FbPFmCIXKoi9FU80ETzhlnKcoFQ99TjAtPIGjkX05Bwheri5n676pNkdTyh1MMkm
;FtDQvCUtGJllU7MLlFFZpf2rHaAK03aI3R2nGD14jf4a7TUt7FCNVLT2Bo5FZOQcgesJ1OInfvj9oYM
;kFWiVJj7whJhJ6RApIRfHM4ghLYn9qx2gC67/NWjcMqHzPaBbw1U1KH3hTCk9c8sbOEVh+RWzxdQic2
;78FWmPMGT9WFunVTUp75BxVDD2Bo/URSVhCf91gOIfftD9FU9odTz5ytrE/JQtLWQpeTeTG9X04ByAe
;rgVny/7NfjcMqBhTJ0mLtD4vJHhCLEhP3tHwDVBjf3LHYxO0xJI+Xn/cHVE0c+nUTUp7FCNVP32BgpF
;9OWNMbvFnBpjbkjZWdc0OYCV3mbwpFRd9RSFyR97Q4RhcYyAfrgVn677NencMi3w/V3KFpRIoGmdGCk
;Fc+MbjIkprT2nxYRWEzpIgaGjBD0s2eIqwTUt7FCNVLT2J45FdOQcgesJ1OInfvj9oYMkFWiVJmrkiP
;SRwUTpdYvv84g1cYkQerwVn677NWhdMqF8/VxaNuT0VGXVQMHJR4Nr0D2Z0THHZWguC2LkFTVPMFUwj
;d4e2KEp6FCNVLT2Bq9F9GQcgHsppF7TcrClSU8QdRjJktqYhJQxLTzxLSd7Zzg5JYkV6rgRn677NWjc
;s6HwbVxbpsSE6JHZCJkhi7cLoGEtYU2vedQiZypI/T3zHD0olc7ahJCceFCJVLT2Bo5FVeQcFHq4FA4
;fOkjhWf80jUzZvjKcSPhN9QD5DWPLQzh5WalB7wHYGn9eiNDcNqHw/Vxbp1U1KXxQjVUlR8fzzHEpif
;3LPfAKZ4bgqR2naI084f4ehEj0afVcKWVTsxpF8OQcgHq4Fh9S+wlo3DMwQTwh0iKYoFRd1WjBfToGi
;kX05ByAejkVn9L7NWlNg2CNcP3eEtyg4JHxGNFlI8fziCVhpRHzXWhOC06haNgyofD9XFv2VTWp7FCM
;xQU3ewPkcVGVFbPF1FYLQuTNZa/cIWjpmjKcsPg5mRlUsPYGjkX25RmAevwVn69qhKmhvxxJLOGObij
;ojH2BLVSw9gaORfTkPYB6hBWfr2qEqaGjaBVY5cbahJCceFCJVLT2Bo5FpeQczHq4FA4fOkj9Ta80jX
;Ttjm4ohLw1xT1UsPYGjkX059x8ejQVn69qhKmhqwQ5SIHebsBIrGHdGOUhP4Nf4EldYWkHKYAGKy6Eu
;Nw2ofD9XFunxDUpgFCNVSVHx/PcUS2pXf9xgOIHbvzFodvcYWjF3nLk5SnoUI1UtPYFTrn0hByAeymk
;XtNikKFp7yQ5aCGWZsCguJG58OExFgaKRfTkHIB66RWfwvs1aU2DYI1cyd52KLj8JfU0ycknkzuEYS2
;ZUa9xgZ+q+zVo3DKgyf1cB6dVNLhdkfDxAXObGzglLZk5tyGAVtMqkN1IMqdJ4tmz9e1gKewcjVS1Z7
;dPOFEprQXDKWgaZ26wFWmXGfD5XFunVTUqDKyNOLT2Bx/0NZmtBZ8t3OIbbvz1SU8sQUCRztrMsKR5n
;I1QtPYGjkX05ByAFrgVnj9K9BVo4mExgNHmEuCwkH0tHMEFc+PzlFFRiIB+dNlTYjf6JCAyBfD9XcoW
;lEicScEc5SGLtwugYS1hBeNpgFbTbtSpYf90OWghhiLw5FQ99TjAtPIGjkX05ByAeri9n676pNkdTxR
;VbM3qMiiErAnFRCk9Y58zjGGZiWG7BdhKZ25ItVmXcI0s+e4zVTEp7FCNVLTnBo499OQdEct5aCoLaq
;TZSU8QdRjJktrciOB9xUQpCW+fQ9Ak5BiAergVn677NWhEMqHxbO2a2uCQuH3hGCkFc+MbjIlpoTmrB
;cBW027UqWH/dDloIYoC4KEp6FCNVLT2Bg9F9FAcgHsppF7TTpD5TYM0jUzZvjKcSLwhgSjhMSejM/yJ
;Nbk178WYIhs6oNERt3BVQORbo1U1KexQjVS09qKORfV1rUEHDbAOP0qgFW23RGU0Ic5GlIjkOZkYKWV
;Tsxs4JS2ZObcdxDoTQzVs3DKh8P1cW6dVrSnsURzldYuzK9RlVYn9yz3wCmeGrM1tgwRJYCHORpSI5D
;mZGCllU7MaRfDkHIB6uBZfUvtZaNwzMEE8Ie4CxKSYeS080VFjz/OESTmJSQcNqA46+zFo3DKh8P6cp
;6fZNSntwTyVyUOjH9RFcWEx/12AVtMysKl5o9xhNOGa2rxI5C3FGMS08gaORfTkHAF6uI2frvqk2R1P
;FFVszeoyKISsCcVEKX1zxyvUiVW5GavF/OI/Xvi5WYssZP1YW6dVNSnsUY1UOPYGj9RFJWE13ymELju
;GhO05p2iNNNmaAsRImEnJXCldi8tP0GF0HIR6uBWfrvu0aNymofD8zepmKICMfcE8wclHg2vQPZnRMc
;dlaA5nRvQVNU8wVTCN3h7YoSnoUI1UtPYGj0X0bByAeymkXtNOkPlNgzSNTNm+MpxI5F3tUCklP7tPO
;B2Z0UHvLYWfqvs1aNwyoXH9XM+nVTS4XZHw4RFnlz/QiVWZZe9xaFIfRugVbZc4IYC1Jjbw+Php6QDA
;tPIGjkX05ByBeridn676pNkdTxRVbM3qMiiErAnFRCl5R7tTOEVBhVEHUWhSb26g+Nw2ofD9XFun1DU
;pdFCNVSVHx/PwUXWNMe/FpBpLbvwVEedgMUCVitrA1OhRnVidIYvXK/Bg5BiAergVn656NWhEMqHxbO
;2a2uCQuH3hGCkFc+MbjIkx3UHvcWheE16MuaHvJFUsIYoC4KEp6FCNVLT2Bo5F9KAcgHsppF7TTpD5T
;YM0jUzZvjKc+SnoUI1UtPYGD0X0QByAeymkXtNCiKFptxCNTNm+MpxIrHWBGJ3JY+dP+Dkx1RUHZZA6
;f4bkzWmmofT9XFunVTUp7FAlVLT3lz+EiV2hSc89pOIfftD9FU8oZWThkjIooMgt7UCBfWN7U8BRNWF
;R3w2Bn6r7NWjcMqHx/Vwjp1U0uF2R8O0JP7ML9IlVmWXvcWgWEzKk/RVPHGlkkc53VTEp7FCNVLT2Bo
;7d9OQdEct5aCYTMoDtbU8QdRjJktrYiJA97VidyWPnT/g5MdUVB2mwKjr7MWjcMqHw/R1bp+E1Ke3BP
;JXJT7tH8HFVYTH/XYBW0274uXmHJCFY4eLahJCceS0A6QE3kzeIcTW5PcK4EZ+u+zVo3DKh8GVcW6bE
;hOiR6TCdAXO38/RxAYlJByGwLh9ejPWhp0AxQJGObsBI+EnlGVSw9gaORfTkXYB61BWfr2qEqaGLHDl
;I2era5LDMeZnwlQkrk0c4QVmNFHq8FZ+u+zVrHM6hfP1cWjbk9FRV7UThMUd7P8ARcdX9sz3UOj+GpK
;Fh89wZgJGaMsClKehQjVS09gYvRfR8HIB7KaRe00KIoWm3EI1M2b4ynEjgaZEoxclHoxeUiQ1hEd91x
;BoXdqFo2DKh8P1cW6ZVNaXsUIzFBTd7N/g9UZkxBwmQejsySKFZ8wRhgO3+PoRIwJGdTMEhZgaKRfTk
;HIB6GRWfOvs1aU2DYI1E4ZIS0IRUXdVowX2Lyz/4KZmNScd5aHbTapClDbcYfWlcX6dVNSnsU02otH4
;GjkRlVd39wwXcKitKSNlZ1zQ5gJHqGohIuCXtTCldi8tP0GF0HIR6uBWfrvuUaNymofD8zepmKIyUJe
;UI5clHg2vQPZnRMcdlaC4LYuQVNU8wVTCN3h7YoSnoUI1UtPYFTrn0bByAeymkXtNCiKFptxCNTNm+M
;pxI5F3tUCkFU59fOB2Z0UHvLYWfqvs1aNwyoaH9XMOnVTS4XZHw7Qk/swv0iVWZZe9xaFJ7OvTVFePc
;ZRyd5mqA/LyRgSjhIPYCjkX05ByAE7gVB677NPlt89xJQJXuIuRImGm1GJ3JI8dP0D2Z3T3fAcTic36
;QuaHjBEVpXF+nVTUp7FCNVLSOBo5EZVXd/bMtoCJ3bkjhCbsoQWghhiLw5IxVzfCFEUOSjkE4KNBMtn
;dZY67PNWjdoxAxgJHWIuSQkHEtbVSw9gaORfTleYB6jBWfr2qEqaH/LHVM+eI6KNEp6FCNVLT2B+tF9
;KgcgHsppF7TNoTNUafcIUDtzm7QjKR4UIlUtPYGjkX05BxIergUDh86SKUJ+zh1cMkmavCkvJGBGLVl
;I88bOGVB0QXzCYDiE0JI1QWnaFF45cba0Iy0XcSNULT2Bo5H9eEcgPa4FZ4/SvQVEedoaXjRztqYkLh
;5LVzBVSfTR9CJLYlNxwnATgtGjWjaWMeWmzo9Q6k1oexQjMUFN3tDkD19mQ3vxdg6P25IuUnTcCU0yS
;ZGsEiUdclAwWT2Ao5F9OQcg/pEFcOu+zT5bfPcIWjpmjKcsPg5mRgpOVeDO8xhLByEergVn6z6MGjcc
;qHw/M3qZijorCHxKO0pi7Mz1GDkGIB6uBWfrTvJaOAyofFovYpugKS8JS0I4Qkjv15F8OQcgHq4Fl9S
;+2lo3DM0ESyVjjbA/FR5sQD1MU+bGzglQakUvrgRn677NWjcMqHwoVxbpsDU+CWFHMF9i5NvyFVhpR3
;vxcQ6G2/9aNgyofD9XFunVTVh7FCMwVUnz1vUYS1hPeMh2Ap/htWs3Dah8P1cW6ewNSmkUI1VIRfXR5
;BlcdX9xyGMUjsqSIgUMqXw/Vxbp1U1KewYjVS1Y+dfjCF1iUkHBYwGY27kFTz+ofT9XFunVTUp7FDFV
;LT3k2+UPTGNFbPFqAY3NqC5odZl8PlcW6dVNSnsUI0ctPYHG6QlLckR73FoIjdi+P0NT0U4/Vhbp1U1
;KexQjVT89gaP0BU11VXrLdziE2KspUnj3BQxXF+nVTUp7FCNVLQ6Bo5EYQXNSa8pgFbTNujNDb8AjXD
;h5hbwjLSR8RjRZSPH88BlPZk59y1oTjtO9P0Vt3AlNMifp1E1KexQjVUR9gZCRfTliWGrccAOOzJIpQ
;GXcH1cIdYa6ISMVc3w9SFz11uEiWGNWf8BmArTKqDdHadodSyJkjOdNS3sUI1UtPejjkVY5ByB71nEV
;ntqoKGh/3xVLNH62tiIlF31NMnJV5MLlCElYQXrYZAmI25IuXmHNfD5XFunVTUo/VCNLLT2BxukJS3J
;Ee9xaFJzXuTlfU8sTUDt/h7ISOhpmSApVPYCjkX05ByAg7gV5677NP0942glbMmS2pjojD3dLCk5S7s
;/4E15YUH/cbjiSvsxaNwyofJ8JVunxTUp7cVshX0jlxuMiSnBJas1tOIjRojZeYs8jSzJ7mbA/Kw9hU
;TAcPYCjkX05B6B47gVD677NP0942glbMmS2pjojD3dLCk5S7s/4E15YVHvDdQKZ37kvRWmafD5XFunV
;TcodVCNMLT2B0fQOTWZSavFgH5/MrAVTeckQYDZ7hqAjPnsVI1UtPYGjkX05IiAermAfn8y4PlJ+9w9
;IPmKKvRI4HmdXNF9J3sbpCUtmf3/DahKFyv9aNgyofD9XFunVTVh7FCMnSE71wuMJZmNVf8JaFJvbqD
;43Dah8P1cW6eENSmUUI1VIRfXR5BlcdX9t2WwTiNaSKFJ/3B1NI0mapSgvHyYjVC09gaORfQ1HIAiuB
;WeZ27koVm/cFVA5SY2gLCYkdU46WFP1o5B9OQcgHq4hJ+uczVo3adAITSJyjKcSOQx9VzZFYvPG5Q9Y
;ZFR3wWs4itOiL1l4mnw+Vxbp1U1KX1QjQC09gdH0CUtmQ2rHagm02rg7W1PbDFoycunUTUp7FCNVGX2
;BgpF9OWJYatxwA47MkilAZdwfVwhkjKE/KxhgSjpDYvLT9BhdNSAfrgVn677NbncMu3w/V3ORoT8/H3
;FRClpU8cbOCVBqRS+uBGfrvs1aNwyofCxXFumwNT4JYUcwX2L2yuEYZnNJc8s3Z+q+zVo3DKh8P1cZ6
;dVNLwNgUSBeVO7NzgpQY1R2rgT9cidUw67Vl3wuVxbpsDU+CWFQPEJT3tT4GU1vfyyuBP1yJ1TDrtWX
;fCxXFumzLCQkdk88XWLxwuQOXFhNbctmZ+q+zVo3DOgDf1cE6dVNLBp6fDdBVPH85RVLYlN2wWkD67/
;NWjcMqHwBFxbg1U1KHXVNCl5N5Mb1fTgHIB6uBWey/s1XNwyoGl45SZqlKC8fS040VT2Ao5F9OQcgSu
;4Fduu+zTxeYMkRWjlitrEkKxZxVzBfPYCjkX05ByDikQV1677NPF5gyRFaOWK2sSQrFnFXMF8PgaKRf
;TkHIB5SOmf5vs1aUWXEHVIyeJ2KKSMaeUYhSE+yo5B9OQcgHq4FZ+uszVo3asEQXjpzh6ESLhJ1TjBZ
;WPOXkXw5ByAergVn677AWjcMzhVTNnuMuzkVHXhMIi08gaORfTkHeV6uC2frvqszW23FGVEjSY+5Ij1
;KFCJVLT2Bo1EqeQcuHq4FAYLSrDdSYtwjWTt5nudNS3sUI1UtvdfjkXA5ByB4x2kGhtujLmh40QxaVx
;fp1U1KexQjFS0zgaORG1BrQXPLaxO0yrQqUj6ofT9XFunVTUo7FANVLT3nyv0JXHV/cdtxOJjTrDZbU
;9gdTSNJmrw3LyRmQiFEUoGikX05ByAe90Vnzr7NWlFl2g9LCHqIrCg4JHBKOEhT8sr+E2Z/WUHNagqb
;26MpVnjBE1FXF+nVTUp7FCNVLReBo5EbUHVTavFpBpLbvwVTZcUZUSR/hrsSMgJLQDpATeTN4hxNbk9
;w8W0Ih9vNWzcMqHw/Vxbp1WxKexRFPF9O9fz9HEBiUkHLfROZy74zWGL3C1YzYoGKPysPfUxVLD2Bo5
;F9OV5gHrYFZ+vYpChEeMQdRjJktrMkJhp5RjtZYufP/go5BiAergVn6+eNWicMqHxdOGKduiAVD3xKN
;kZT5NDifTgHIB6uBWc7gc1INwyoGlYlZZ2KISsCcVEKXlXkz/0OOQYgHq4FZ+uqjVoZDKh8WT5kmqES
;JhptRidyTu7P+Blmbk54x2kLtNu1LkV52xVQOUmevCk+E0tRNFlU7qOQfTkHIB6uXCfrn81aN2rBDkw
;jSYW0NC8JS1A6QVTl/PgTX25McvFjC4TJvztDaah9P1cW6dVNEzsUPVUtPefK4w5NWEx/12AVtM2iNl
;5o9xVRMX+FuRI5C3FGMS08gaORfTkHZF6uF2frvq81Q3jHEWA7d5CwPxUIZEYwST2Ao5F9OQcgWu4Fd
;Ou+zT1WfPcaVjt6trgkJCR4RjtKSemjkH05ByAergVn65LNWjdryQxgMX+FuRI5EnpEOUhi5NvlD0x0
;SXHAWgSE070/WX/JCFY4eLanLD4SeyNULT2Bo5H9aUcgPa4FZ4zfvQVRZcQQYCR/h7IhLyRxWyFfSPL
;K/hNmdUFqx2o4ht+1WjYMqHw/VxaAlU1pexQjMkxN3sX4EVVYU3fAYguO4agiQ37dD1Y4eLanLD4Se3
;w4RFOBopF9OQcgnu5FZ/S+zVpQbdgjWT56hYo+IxVzTzByWPnX4whKbk9w8XYXjtupWjYMqHw/VxbQl
;U1EexQjMkxN3sX4EVVYU27LYAPrv81aNwyofHEXFvnVTUocd0wxSGL12uEYZm5Oest9Z+q+zVo3DKh8
;P1cF6dVNLRh7RzByS+TR+BtAWEx7wGITg77MWjcMqJyBTFfpxk1Ke3NAOklY3tX0D1BhWUHBYwGY27l
;aNgyofD9XFunVTUV7FCMyQVLjwv0iVmFGbctxOJO+zFo3DKh8P1cW6dpNSntzTzpPXO38/htfdEVq8X
;xn6r7NWjcMqHw/Vxnp1U0tF3tBNEFi7sX3Dlxzf2SuBGfrvs1aNwyofCpXFum9KCsPfU0ycl7uxvcbU
;GRJe8BxOIq+zKBJZhQIrD+p6cBNSnt8RjRZVO/Ezh5WYkZ4x2YOjtC5BVUMqXw/Vxbp1U0KewEjVS1V
;5MLlFFdgf33BYAGN164zUmLcI1xXF+nVTUp7FG0VLSGBo5EVXGZUd8BiOJ/XoD9oadsIVjp3nbwiJCR
;gWiVIPYCjkX05ByAergVy677NMlJt3AlPCHGKuikvJGdGJFhY78D0fTgHIB6uBWfrvs16NwyoFVExf4
;W5EisfdVMhREvk/PgTX25McvF3Bp/XogVabdB8PlcW6dVNSkVUI3UtPYHK/xtQa0xBz2EGm8qkLFJTw
;RJZPnqFij8rD31MCkBU76OQfTkHIB6uESfroc1aN2XGGlY7era0KSsLYEojSGLozf8YS1hFZt5kCZjX
;ojQ3DTLlps6PcDxySm0UI1VEU+fK/RFmZkR/3nEOnduSNlZ1zQ5MVxfp1U1KexQ3FS0ngaORFFdhSXL
;CWgaP370uXnrNI00ycpy2OSMUelBVLD2Bo5F9OQdgHrcFZ+vXozxeYMQjXjN3maEkPB5LVDxJSen8/B
;RXByEergVn677FGjcXqHw/PniPvCEmJHVNNkVS8/z9GFdgVHbxYwaIyqIoNw2ofD9XFunVTUp0FCNVR
;FPnyv0RZmZSe89aCoLQzVs3DKh8P1cW6dVRSnsUSjtLVO3Pzg5JZlJty1oEhNOvM1lp9xBeLnObpk1L
;exQjVS09cZyRYTkHIHfAYw6H0pI/T3jaCUw+eYeKOiMfYEsKX1z1yv59OAcgHq4F573+zU43DKgVUTF
;/hbkSLBJ4QjhIU/X89xFWcCAfrgVn676ND3cMp3w/V3+HsyQmF0tMM0tO5NfOBTkGIB6uBWfrvs1aOA
;yofFY5cIC5IRUUckUmSEne2pF8OQcgHq4FZ+u+wVo3DM4VUztJhqMoOBd1U1UsPYGjkX05E2AeogVn6
;9ikNltTzBlRJH+drE1LexQjVS09leORcDkHIHfAYw6H0pIpX2nEEExXF+nVTUp7FCNVLTGBo5EUV2FJ
;csJaFJvbqD43Dah8P1cW6ZsNSmsUI1VEU+fK/RFmcEl62m04htejWjYMqHw/Vxbp1U1uexQjPENT5NH
;OH0tuRHnHawC027UuRXnbFVA5SZ68KT4TS1E0WVTuo5B9OQcgHq5cJ+upzVo3ZcYSWiVJi6ckLhx9TT
;JyW+3M5g9Yc0UerwVn677NWm5MqGg/VxaAuyMvCUtBJ0RZ5sr/GmZ0UHvLYWfqvs1aNwyoMn9XN+nVT
;SMVZ0YhclTvzfQPZmJYatxwFILRowVAZcwIVwhkiKEkJXsVI1UtPYGjyD05EyAermwJmNu5BV5ixhlN
;CHCFujo4GmBGVSw9gaORfXlSYB6iBWfr16MpUnjQI0wnc4yxTUt7FCNVLT3F45FcOQcgd8B2Ap/hoi9
;DadojWi9im6A+IxR6fCJEWfXLzg9Yc0lxrgRn677NWjdV6HwrVxbpvCM5HmB8OlhJ5NHOG1VoV2zPcQ
;Lrv81aNwyovGgXFuXVTUoSelAwWQ3e0OEYXGMgH64FZ+u+zR53DLZ8P1d/h6EoOBd7QD5EU+b88xJMa
;UR/3Hw4j9e+LlZiyxk/Vhbp1U1KexRjVTo9gaP4E01iUnLBZgyC0KoFVGnEEGA2eI65KEp6FCNVLT0B
;ldF9IQcgHsdrE47MoTVUZ8ESWAh1jLkhFRd1WjBfToGikX05ByAerkVn/L7NWl5i3BlNO3mKviQkHEt
;AMEFR3tT4GU1vIB9Pf3NF+SywCAy6fD9Xf4ehKDgXe0A+RFPm/PUYSXNIHq8FZ+u+zVo3TKhxP1cWgK
;ciJBJ6RApMU+bP9H04ByAergXnvf7NSjcMqBVNOHiAuyoVHXhMIl9c9caRfDkHIB6uBXOrvsBaNwzBD
;lA5f4eyEiMVZ0YhLTxg2YXTfubqIa4QZ+u+pChYYsESWAh6gLsoFR99UCFMU+LGkXw5ByAergVn677A
;WjcMwQ5QOX+HshI5C3FGMS08gaORfTkHBF6uDmfrvqc/RWf3HlAjYoa4TUt7FCNVLT2V45FuOQcgdMt
;3DLTcoi5DY8UjTCJkj7QuL3sVI1UtPYGjhT05FyAerm8CmdWSPF5+2whgO3eQsD9KehQjVS09gbfRfT
;IHIB7EYBWA4aQ0UWXEED9WFunVTUp7AGNVPT2Bo/sYS2x/d8B2Ap/hpDRZadp8PlcW6dVNSm9UI0UtP
;YHJ9A9SWElw3WATtNG4LlJ+qH0/Vxbp1U1eOxQpVS0968bjFmZ3UnfAcWfqvs1aNwyoaH9XGunVTSAe
;ZkgKXkjx0/4PTQchHq4FZ+u+2Ro3BKh8Pz1zm74SPhRkI1QtPYGjkX0tRyAOrgVngdu/MWh4xwxgJGO
;bsywpHhQiVS09gaORaXkHKx6uBQ2OzKYFQ37JClo7FujVTUp7FCNBbT2Ko5F9SXVJcNpaFJvbqD43Da
;h8P1cW6ZENSncUI1VBXPjG4yJRYkl5xnFn6r7NWjcMqKwAVzDp1U0mGm1GJ3JV5Mr2FU1YQXrPdROCy
;KgFWm3QI1cyf469ORUJdVc8Qj2Ao5F9OQcgUO4FQeu+zTZWdc0OYD9zgLIlPiR1RzRdSejV9CJUbk5B
;xmAOjNa5BUVt3BVQVxfp1U1KexQaFS0egaOREVh+RWzxbQKC2aUuaG3MHU8jf5+wEjkaeVM5RFPm/OI
;JXHcgH9URyaxft94IDIN8P1d6iKwoOCR8RjxKVfX88BlYd1R32GA4mMqoKlh6zQ5gNXmdoSInJGZCIU
;RSgaKRfTkHIB7nRWfDvs1aW23RGU0Ifoy8KiIPS0IxTE31yucYZnRUe95qEY7Mki5YfPcOXiN/htVMS
;nsUI1UtdMGjhn05B0x/12AVtNOoKFBp9x9TOGWMiisrGHFQVSynGDoI5KC+Hx62BWfr0qwjUn73D1ow
;e4y7ORUXcU0yWVXezvgTOQa6hzec/nIH8lo8DKh8SDZ6hYo+Ih54TyYtPIGjkX05BzBerhFn676hO05
;p2iNMP3OFuT4VFGJGJ0Fc8aOQfTkHIB6uTCfrk81aN2DJBVolSZqhLDgPS1M6RFP1/OIeWHVGQcRqDo
;XKkjtZa8QZYCN+m7A+IhR4R1UsPYGjkX1ZZGAeigVn69KsI1J+9w9LNmSdij0lEnpXCl5e4NH3IlNoS
;XDaWguO0KouXwypfD9XFunVeQp7PSNVLVHg2vQPZnRUf9xxOJvRpDRDU9sfXiVwtr8iIxVgfCZdWOTH
;zg9Yc0lxrgRn677NWjdV6HwPVxbpuSwzHmZ8Jllc89fODVZuTmrxdgSKzKsFXWPBEksIZZ20Pz4kfEY
;8SlX1/OMcTW5PHq8FZ+u+zVo3DKhfP1cWhbQ0LwlLUCFMT/X84RJQaVRB3WYGmdiSMFhlxghgJGKMpT
;5KehQjVS09gYfRfSwHIB7CZB6OzJIpQ23aCE84f4ehEj4CZEZVLD2Bo5F9OQ9gHr0FZ+vYpCJSaPcQX
;i5zm4o+PhpmVwpVPYCjkX05ByAergV0677NPF50zRhgO3eQsD8VCGBCJ1li+KOQfTkHIB6uBWfroc1a
;N2HJCGA0eYezfBUdfU80QFjv184eVmpQe8B2Bp/XojQ3Dah8P1cW6YwNSmEUI1VAXPX88hJXYRFByGw
;LitOoNENTzBlRJH+drE1LexQjVS1dEuORZjkHIHPPcTiI0aM8BlPOFVM2e4y7ORUffUI4SEnk0ZF8OQ
;cgHq4Fm9S+1lo3DMUdSwh1hrsreyRySjlMUOTN5SJJdUl9y1oEhb7MWjcMqHzfP1bpzk1Ke3lCIXJe7
;s33TGZhSXLPaAKFypIqRWXLGWA9ZunUTUp7FCPdnn2Bv5F9OWpBavFmCIXY/AVRZcQdUjJ4nYo9OBJ3
;RgpGUvOjkH05ByAe7ton66XNWjdhyQhgNHmHs3wVHX1PNEBY79fODUtuQ3vxcBTrv81aN6zYgQcXFsX
;VTUoWdVcKTlLvxaAiX25Mf8NgCZ/hvj9DeMESWCRJj7whKxZxTSFyWeTN4hRNfiAfrgVn676tyXcMhX
;w/V3uIoRIpFHpFZHJb6M/wEFxpVEHdYBOf16M9RFPOFVM2e4y7ORUffUI4SEnk0ZF8OQcgHq4Fm9S+4
;Fo3DMUdSwh1hrsreyRySjlMUOTN5SJKYlRqx2sAmOGrM1ttxRlRI0mPuSI9CXVXMC08gaORfTkHeV6u
;L2frvqA7Q1PLE1ExJ7azJCYaeUY7WWLyxuUJUGlHbfFjDoffoD9ZePcMTT51jNVMSnsUgyXQBcGjv30
;5B01/2loEhNCra2hqwRBeOnOHoRI5HmBXPENa8vz3FFVmTXvAcTid278zUXX3FVtXF+nVTUr7hOAVLS
;GBo5EQWHN/fcFrAdrhqzNbbcUZUSNJn7A/Ix1tfDxJPYCjkX05h7Dd7gV4677NN1Z49x9QOXDbiisjF
;3VOMENJ3sD+EEliTm3PcQ6E0M1bNwyofD9XT6nVV0p7FE40WWLizP8bC1hGd8JkCo7QuQVTacYPViNv
;6dRNSnsUIzW+fYG4kX05akFq8WYIhdj/BVFlxB1SMnidiikjGnlGIUhPgaKRfTkHIB5SOmfwvs1aWm3
;cI1w4eI/nEiwSeEI4SFP1/OEPUGRFQc1rZ+q+zVo3DEgUf1cN6dVNJxpgfDZCU+eRzhtQa0Fzy2sTtM
;6/M1Rp9xZPVxfp1U1Ke5yQFS0hgaOREFhzf33BawHZ4aszW23FGVEjSZmnJCkeS0g6Xz2Ao5F9OQdgw
;e4FfOu+zTdWePcfUDlw24orIxd1TjBDSd7T4xRaYn9r3QVm677N+kfxkDw/exbp1SArD0tAOkNbs/z3
;FFVmTXvAcTiY27kuXmLPD2Axf4W0IC8VYHwxSFPyyuUEOQYgHq4FZ4stjVoaDKh8UjZitrYiJB0mfDN
;EUeDO9BNNWFN72nEOhdm+BVFlxB1SMnidiikjGnlGIUhPgaKRfTkHIB5SOmfGvs1aWm3cI1w4eI/nEi
;wSeEI4SFP1/OIYTXNJcMl2OI3XoTtaacYIYDF6hqI/Kw9xI1QtPYGjkX1gRyA0rgVnht+5BVRjxhoNC
;HCAuSwnHnpXCl5Y9df4E150f3jHaQaG26MuaHzaFVwyFujVTUrbZN5tbT2vo5F9VGZUQc1qCY2Mkjxe
;YMkRWjlitqYoPg99TTJeYufK/RxUYk5q8XMCmderI2hlzHw+Vxbp1c3auFQjSS09gc7wCWZkT3DINzi
;N16E7WmnGCGAhc5u8KzMkfUdVLD2Bo5H9qcRgHrkFZ+vTrC5SfsEdUwhlirQhLyRyQjZZUvP86X04By
;AergVnsv7NTTcMqBFeI3ObvCwmJGdANEFY3sXwHk1oUkHXBWbrvs1aNwzxPD9AFunVICsPcVE8TFHe0
;PIcVWJ/eM9mE4TMkiA3Dah8P1cW6YwNSm4UI1VAXPn85xJVck172ncOiOG+KlJpzE0/Vhbp1U1KexQj
;VTg9gaP8HEFYVnHCcAqOyr8zVFPbDFoyctvVTEp7FCNVLT2Bo4x9OQdNccpgC7TOvz9UZdsZYC1JgbA
;kLRNgfDlMROTR4n04ByAergVn//7NUTcMqBJQLWyFsBI5Em5GVSw9gaMx5KDeHx6gBWfryaw2W1PcFF
;Y0fYewPjl7FbnMtKQYOnhCORUgHq52EpvOoihDU9IjWz5lnbQjKR4UImYeDrKQor4GBzUergUIndu/M
;lZizyNMP3OFuT4VGnpEOUg9gKORfTkHICDuBX7rvs01QWnaFF45cbamJS8XeFAKS1zv/OINXGJEHq8F
;Z+u+zVpuTKhkP1cWhqMoOBN1TTJyTunG/RFKWEZywXIVisqoWjYMqHw/VxawlU1fexQjOltY88vwE15
;YU3bLaQuY4b4qUmnMfD5XFunVTUoyVCNELT2B0+MYSnRVbMtaBo/IrDRUaZl8PlcW6dVNSnsUI0QtPY
;HT4xhKdFVsy1oGj8isNFRpmnw+Vxbp1U1KexQjTS09gdPjGEp0VWzLWgaPyKw0VGn3FVExf4W5fEp6F
;CNVLT2Bo5F9IQcgHt53ApjNuChSU8kYSTZ4irASIxVySjlBD4GikX05ByAergVn9r7NWkd+zQ9MImSM
;iiwuDXVNNkhi6M3iGE1YSXDAYBXavsxaNwyofD9XFunITUp7ZFEwXk700fQiWGNWf8BmArTXoylSePc
;VUTlzm+dNS3sUI1UtPYGjkWA5ByBu3GAUmMu/P2htzApeOXWMiiQkCHFXCkJI9cbjTDkGIB6uBWfrvs
;1aKgyofE8lc5qmODgeS0IxW1zvwPQiUGlTe9paCJ7KqCgFDKl8P1cW6dVNSnsJI1UtTfPG4g5MdUVBz
;2ERitCuP2h4xwxgJGObsywpHiUjVC09gaORfTkHIAOuBWebzKgpRHnaGWA2cp+0IykeS1c6XWLy1uMb
;WGRFLK4EZ+u+zVo3DKh8E1cW6aU/IxVgRidyXu7N9yJcf1Rs22ECmY+SOVtpyQ5eOXWMii8rGH98Okt
;b8sblfTgHIB6uBWfrvs1zNwyoDE0+eJ2wPxUYe00zclj51+MIXWJSL/FmC47fvztZb80jWi9im6ApLw
;kUIlUtPYGjkX05Bw0ergUXmdejLlJ+9x9QOXC2sDU+CWFHMF8M3sD9GFh1QXDNYDiNzKI0Q1PHGlkkc
;53VTEp7FCNVLT2Bo719OQdQbMdrE47MkjlYYs4jWi9im6ApLwklfDZBWODR8BNaYn9yy2MTtNGrPERp
;3Hw+Vxbp1U1KexQjeC09gdPjFFdzRWzxZgiF2JI/T3jaCVsyZNiKLiYedVE0Q17k/OMUXm9UQcFjAZj
;buVo2DKh8P1cW6dVNensUIyVfVO/X9A9mZE9wyFoCk8q/L1Np2k1gNGOaoSInJGRRPENJ4MH9GGZ1RX
;nHagm0xs1bNwyofD9XFunVeUp7FFMnRFP1xuMiWmhOePFgH5/MuD5SfpkjXCJlnbogFQtmSjtZXOPP9
;CJLYkd3wWs4k82kIFIMqXw/VxbpVSYKeyQjVS1N88r/CVx1f33BawG027UuRXnMGU1mSYqgPj4UeXwl
;X1Tv1/AfVWJ/bMtiDoTQkiM3Dah8P1cW6dVNSk8UI1VdT+jN5RhLWENxwGM4jsa5KEJozQ4OCHWcpjk
;lFktTJ0RT9cLzEVxYUnvJbAiF4bQpXnbNfD5XFunVTcoQVCN5LT2B0+MUV3NFbPFmCIXYkj9PeNoJWz
;Jk24ouJh51UTRDXuT88xxabH9xyGMUjsrNWzcMqHw/Vxbp1WRKexRTJ0RT9cbjIlpoTnjxYB+fzLg+U
;n6aI1w7c4inLCQYcXwwVUnz1vUYSwchHq4FZ+u+PWU3Iah8PydkgLs5LwlLQDpDW97G6QlLckR73Dc4
;iNKoO0Vtxh9aCHCbuiM+JHtFM15Y9aOQfTkHIB6uBWfrks1aN3zaFVEjc5uKLiUVcnwwVUnz1vUYSzV
;/fcJgBpnfozlSU8QZWSNJhrMrOR5gI1QtPYGjkX05ByAzrgVnm8ykNENp2iNcOHiPiigyD2ZWMUhPs/
;zyEVxmUn/AZgK0zKQ9X3j3E1kxZYyhTUt7FCNVLT2Bo5FNOQcgbtxsCZ/bvwVUY8YaYDJunac4Lh5mE
;QpOSPLX/hBmd1J3wHEGidKoBUVpzxVQOUmR1UxKexQjVS09gaOlfTkHUGzHaxOOzJI5WGLOI1ovYpug
;KS8JJnw2WE71zPwiSXVJcNpkBYfbkihSa8ETUQhumrw3L3sVI1UtPYGjkX05NyAernUVgtC5P0VTyxN
;RMUmMrTk4DnBGJx9i4tbiCVZqf27cbAmf3682UlPaGVg+eYeKNEp6FCNVLT2Bo5F9DQcgHt53DoXKqC
;hob8cSWQhzkaE/Px9xUWdyXvTQ5RJUWFBsx2sTityhP2h+zRtWOHi2rD4jAXEjVC09gaORfTkHIASuB
;WebzKQ0Q2naI1w4eI+KKisVYFEsclXkyvYVTQchHq4FZ+u+zVo3Eah8PydkgLs5LwlLQDpDW97O8B5R
;bk578WcGntq/O0NpqH0/Vxbp1W1GOhQ9VS098dH4E01iUkHNagmN4aA7VGTBEloIdIyxEjkTdVMwLTy
;Bo5F9OQcgHq4kZ+u+vSheYtwZTQh1hrsrFRZ1QD1EU+T88xhdWFR7w3U4ht+1WjYMqHw/V5aylU1sex
;QjJV9U79f0D2ZkT3DIWgqK3aUzWWn3Hlo7YrayLCQPZloKTFPmz/R9OAcgHq4F563+zXk3DKgMTT54n
;bA/FRh7TTNyUODA+RRXYn99wWgXjtC+O0NlxxJgLxbo1U1KexQjDG09oqORfUl1SXDaYBW03aI0UVPF
;HVw/f4ewEikUeVMwQ07g1/gSV1hZHq8FZ+u+zVpuTKhTP1cWmackJA9xUQpOUu/FzhBYZEh3wGA4j9+
;5O2hqwRBaCGKBoCAoFXVKOXJV5Mr2FU0HIR6uBWfrvkkaNyKofD8nZIC7OS8JS0A6Q1vezvAeUW5Oe/
;FhBp/fkjxeYM0jSz9jhLcjKxJ4fCJEWfXLkXw5ByAergXjq77XWjcM2A5WOWKMpxIpFHpFCkBc4sv4E
;1xYRHfDWh/rv81aNwyoPFAXFvPVTUoLZko7WVjz/PISV2F/c89mD4LQqAVTZcUjRlcX6dVNSntUTBUt
;J4GjkQ1Lbk5qy3c4iNGjPGhhyR9XPniMiikjFktZVSw9gaORfXloYB6HBWfrzr8zWXjNDmA0eYezEic
;ad0s8Q1jex/gOTWZOfctaAZnRoAVVY9oYWiUW6NVNSnsUI1FtPaCjkX1JdUlw2mAVtN2iNFFTxR1cP3
;+HsBIvA2BRIElY8/z/CFQHIR6uBWfrvj1lNyuofD8nZIC7OS8JS0A6Q1vezvAeUW5Oe/FgH5/MuD5Sf
;vcTWTFljKESMkkUIlUtPYGjkUR5BwcergUXmdejLlJ+9x9QOXC2uCwpE31NMHJY+dfjCF1iUkHBYwGY
;27kFTj6ofT9XFunVTUp7FDxVLT3x0fgTTWJSQc1qCY3hoDtUZMESWghwgLksJx56VwocPYCjkX05ByA
;e7gV4677NKkVlxghaJUmKuiMsJHlCNkVU78bOG1BrQXPLaxO0jM1bNwyofD9XFqnVfUp7FFMnRFP1xu
;MiWmhOePFoBojWpDRSU84VTTphiKcoFRp3QDBBWPPC5RRWaX978WgGk77MWjcMqHy3lFbp5k1Ke2RRP
;ENJ5NHOHlZpRkHDZASD16M/aGrBDlIgd5uwEisYd0Y5SE/g1/gSV1hQbMdrE4LQqlo2DKh8P1dWZpVN
;eHsUIyVfVO/X9A9mZE9wyFoKit2lM1lp9xpWJXuetD8vJHVANkhR5NHwCVBoTkHcYBOZ364uNw2ofD9
;XFplyDUpKFCNVXU/ozeUYS1hDccBjOIbfrjJeYs0jWT5khKIsOB5LQjZOWO3G4xxNbk9w8XEVisioNj
;cNqHw/VxapWg1KSxQjVV1P6M3lGEtYQ3HAYziG364yXmLNI1k+ZISiLDgeS0I2TljtxuMcTW5PcPF9O
;IbftVo2DKh8P1eCKJVNensUIyVfVO/X9A9mZE9wyFoKit2lM1lp9xpWJXuetD8vJHVANkhR5NHwCVBo
;TkHXWgqKxs1bNwyofD/D16nVfUp7FFMnRFP1xuMiWmhOePFoBojWpDRSU84VTTphiKcoFRp3QDBBWPP
;C5RRWaX9k8WgGk77MWjcMqHw/Dlbp+U1Ke2RRPENJ5NHOHlZpRkHDZASD16M/aGrBDlIgd5uwEiwecU
;cnTEnk/PQiVGZYHq8FZ+u+zVoOTKhQP1cWmackJA9xUQpOUu/FzhBYZEh3wGA4jde/N0Bt2hlgMXOMs
;T8rD3F8LXJQ4NuRfDkHIB6uxRWrvuFaNwzYDlY5YoynEikUekUKQFziy/gTXFhGd9xoEIrMqAVRac0Y
;TTZijIo0FRZ1W1UsPYGjkX35dWAeggVn686/M1l4zQ5gNHmHsxInGndLPENY3sX4D1RwQWzLWgGO26k
;oVnjNI0UIe4itTUt7FCNVLT2V45FZOQcgbtxsCZ/bvwVUY8YaYDp3ir0kJB5LRTxfUPbC4xhmbUVsxV
;oC67/NWjcMqHwrFxbN1U1KC2ZKO1lY8/zyEldhf3PPZg+C0KgFUWXaEUg2ZIyKJy8Jf3wtLTyBo5F9O
;QcIXq4hZ+u+vSheYtwZTQh1hrsrFRZ1QD1EU+T89xRLald/3GA4gdu/MWh1qH0/Vxbp1U1iOxQHVS09
;8dH4E01iUkHNagmN4aA7VGTBEloIcICnID0aZkYKR1jzyM4HOQa6hzec/nJn8loWDKh8TyV/h6EoOCR
;3TDtLYuzC8hVQaUVByWYIj9uSO1R4wRNRVxfp1U1KexQjVS0WgaORDUtuTmrLdziI0aM8aGHJH1c+eI
;yKKikUcEYKWVX0zvMTWG5MQcZgDozWuVo2DKh8P1cWgJVNYHsUIyVfVO/X9A9mZE9wyFoKit2lM1lp9
;xtcOHKMijkiDnlBO0xU7fzmFF1zSB6vBWfrvs1aXkyoUD9XFpmnJCQPcVEKTlLvxc4QWGRId8BgOIff
;vi5oedgQUDZytqYoOA1xUQpZRPHGkXw5ByAergVn677pWjcM2A5WOWKMpxIpFHpFCkBc4sv4E1xYTnH
;UfwuO4akzVmHNCFolFujVTUrbjbqMEj2no5F9SXVJcNpgFbTdojRRU8UdXD9/h7ASJBRuWTlIYuXK8B
;Bcc0Vs8Tdn6r7NWpeVMaUAVzDp1U06CX1NIUhP3sD+E19YTX/NbQ6F25I0WHbSEFoIYoy4PRUWdVsKH
;D2Ao5F9OQdAbe4FQeu+zSpFZcYIWiVJirojLCR5QjZFVO/GzhNWfVpyy1oTjtO9BVpt0CMNVxfp1U1K
;e3RQFS0igaORDUtuTmrLdziI0aM8aGHJH1c+eIyKPTgSelcKQFLlxpF8OQcgHq4FZ+u+41o3DNgOVjl
;ijKcSKRR6RQpAXOLL+BNcWFBswWgXn+G4KVJT2h1ZI0mdvT8vCHxMOUk9gKORfTkH4HzuBX3rvs0qRW
;XGCFolSYq6IywkeUI2RVTvxs4OTWJQe64EZ+u+zVo3DKh8EFcW6aU/IxVgRidyXu7N9yJUZkN2x2sCt
;MikKEN5yRBgMm6dpzguHmZ8Oktb8sblIkE1IB+uBWfrvs1jdwyHfD9XZpu8Iz4eZnw2QlPn/PwcWm9J
;cMtaEYLMuS9WYPcZRyNknLEoOCR7RTNeWPX86E85BiAergVn677NWjwMqHxNNnCdiiwjCXNCJS08spC
;iTgo04yGuFmfrvr87UXj3Hl4kc7a5JCQeY0oxWVWBogvkoJ65h0c6Z/S+zVpFbc4IYDV3mrASLwNgUS
;BeVO7NzgpQY1R28XcGn9eiWjYMqHw/VxaAlU1cexQjJ0xb9fzzHEpif3fAYw6H0pI7WWvEGT9WFunVT
;Up7FCNVOz2Bo+McX3N/fM92ArTXozxeYMQjTTZigLpNS3sUI1UtvcHjkW45ByBsz2MTtNysKVJT3BRW
;NH2HsD45exUjVS09gaNxQjkXIB6udwaNypI4Vn/NI1M2b4ynPkp6FCNVLT2Bo9F9KAcgHtxkAZ/hoTN
;ZafcPTzZ1gLsqSnoUI1UtPYGr0X02ByAe3GQBn+GvO0Rp9w9PMnON1UxKexQjVS0dwaOJfTkHUn/IcT
;iC0Lk/RWrJH1oIeoC7KD0ScFc9LTyykKJOCjTDIa4hZ+u+vztRePcVUSNzm7MsKR5LRi1ZT/TQ+BJXW
;Fd3ynEPtMysLl5jqH0/Vxbp1Y0oOxQ4VS0988L3CWZuTmrLdwGK3agFXmLOFVM7SYi7KiYeFCJVLT2B
;oxEreQc7Hq4FFYrYuQVeYtwZTTF3irASIxVySjlBYvPC5RRWByEergVn676EGjcUqHw/JXePoRIjFWB
;GJ0tc4sbOCVFuQ3XAYBSYvswIjxItl26PKenATUp7ZkIzWWLozeUYS2FBfctaC4rHqChEDKl8P1cW6d
;W9dXsCI1UtT+DF5SJQaVR73GMGiNuSKUdtyxVRMBbo1U1KexQjpRI9laORfUtmRmrxbAmf2788Vm/NI
;0wnc4yxTUt7FCNVLT2/45F2OQcgbM9jE7TTrChQZcZ8PlcW6dVNSm9UI0MtPYHR8BtNWFNr3GMGiNuS
;Nl5izQtWM2KB1UzQ4o26zLTkvqOzfTkHUn/IcTiYy788Vm/NI1ovYpugPiMUenwiRFn1y84PWHNJca4
;EZ+u+zVo3Veh8KlcW6acsLA9LUCBfW+DA9CJfa09p3GQTjr7MWjcMqHyfMlbpzE1Ke2ZCM1li8tbjG1
;hkRUHHawGC0qEFVmLPEFpXF+nVTUp7FB0VLSuBo5EPWGFUQd1wFY3frj9oasEQUwhkiKEoSnoUI1UtP
;cH20X0vByAe3GQBn+G+L0VqyR9aCGKBvC4hFXFQJi08qP8ev8wv7CGuFmfrvr87UXj3D0olcIi2KBUX
;dVowX06BopF9OQcgHq5FZ/++zVpFbc4IYCRjm7MsKR5LUCVMXujN9n04Dfe93jhtPIHNSDcMqA5eMWK
;2pjg4HXVAMHJO8cb0GTkGIB6uBWfr8I1aIwyofE02cJ2KOTgaYkY5ckX4/OINXGJEHq8FZ+u+zRpnTK
;hoP1cWm7A+PhpmVwpIRfXR8CJYak9rwHFn6r7NWjcMqHw/VwDp1U04HmdXNF9J3sbpCUtmf3/DahKFy
;pJoNw2ofD9XFunVTUp2FCNVX1jy1/APTVhTbstgA+u/zVo3DKh8BhcW5tVNSglxUCFMT/X84g1cYkRB
;nAVm677NWjcMkTw/Rhbp1T8vD2ZCNllU7s3OHFRoVXDaBWbrvs1aNwxYQz9EFunVPy8PZkI2WVTuzc4
;cVGhVcNpaVeu/zVo3DKh8z2gW/tVNSglxVydMXvXK/hNmY1Vsx2sAtMmkKlI+qH0/Vxbp1U1KexQEVS
;0988blD1hkVHfBaziO0Kw4W2n3E0ojZYCxKBUZe1chQlDez/AEXHVTHq8FZ+u+zVrHM6hYP1cWm7A5O
;Bp3VzxCU97G/xxba0VBwXATmNepP2h4xwxgO3eQsD85exUjVS09gaORPTkbIB6udwKfzKw5Q2XHEmA6
;f4e8ICsXS0YtWU/00PgSVwchZbqrIArEWWU3Eqh8PyVznacsKQ99TDtyUOjN+BBYa3971nEVns2kNVl
;Tmnw+LAJHkqww7ysjQC09gdH0CUtmQ2rHagm006Q0aHjaHUkyeunUTUp7FCNV3QKBtJF9OXVFatxkBJ
;/XojRoYcESYCNkiKMoJiQmI1QtPYGjkX3JOCAOrgVnmdu5KFZv3BVQOUmapSgvHxQiVS09gaOROXkHM
;h6uBRWOyr87VHjBE1EIZZmwKC4kJiNULT2Bo5F9fUcgEK4FZ5nbuShWb9wVUDlJgbo9SnqOusy0pBhq
;rn0pByAe3GATmd+uLl5jxiNXOGa2501L4Y26zLSkSJyRZzkHIGzLcRWK3bkzWGL3Blc4Zra2IiQffVc
;8QlOwo5B9OQcgHq4FZ+ukzVo3fs0ITTZ1nbwiJCRuSzpdYuLM/xlQc0lxwDdn6r7NWjcMqHw/VwXp1U
;05HndMO0li7cLoGEtYWkHCbAGfvsxaNwyofD9XFunHTUp7Z0swQVHeyv8bUGtMQcF3A47MzVs3DKh8P
;1ceqdVBSnsUUD5ET/X8/RxAYlJtrgRn677NWjf8l3wvVxbppiYjCWB8OUhT5tf5IlRuTh6vBWfrvs1a
;NwyobD9XFpq+JDgPS088Q1jewP4IV3MgH64FZ+u+zXR3DLx8P1dlgrw/PiR5SjtEUODPzhFcaUdqxgV
;m677NWjfMyjw/Xhbp1T4hEmZXCkpc8aOQBi2pZ//UgVjrtc1aN3/DFU0jSZqlKC8fFCJVLT2Bo5FTeQ
;c6Hq4FFIfRugVTY98SYDF/m6Y5FR1xVApBXPjG4w45BiAergVn67aNWioMqHxMO2W2tCQ4JHlMMUhi5
;Nv5HEx0VEHedwKYzbgoUgypfD9XFunVeQp7CCNVLU7t0M4cUHV/c8FhArTOoT9ZecUjTyVzmqY4OB4U
;IlUtPYGjkVl5BwcergUUh82SOFh43BNSCGWcpysrGHF8NkJT9czkD2ZkT2zAYBW02qg2VnWofT9XFun
;VTRM7FAhVLT3yz+IiW2hUasFoOJjLvzxWb80jXDh4nbo4OCRxTTFyXu7O4RhXdEFqx2oJ67/NWjcMqH
;w/VxbN1U1KCHhQCk9S9df+EGZ0VWzIZASO4a41WXjHCU0Ic4exEi4eeEIsLTyBo5F9OQcgHq4vZ+u+v
;jZEU8oTSyN5hIo+PwlyQjZIYuLM/wlWclJBwmQUjsySNVFq9xhaO3eQ1UxKexQjVS1kwaO4fTkHU3Ld
;WgWEyrk1WlPbCU0xd4qwEikUelc6WE/ez/AOXHV/ccBaA47SrCM3Dah8P1cW6dVNSl0UI1VeUfL88xJ
;Nc09z8XYSmdisOVJTyxNRI3mcpxImGmdGJ3JN7tT0DzkGIB6uBWfr941aHwyofEw7Zba3Ij4Pe04KXk
;jzxfAeXFhDccBxCJ7MkjZeYs0jWz5lnbQjKR4UIs+0pBg6CMQGBwAergUUh82SOFh43BNSCGWcpysrG
;HF8NkJT9czkD2ZrT3Hedmfqvs1aNwyojABXN+nVTTkXZ3w3Qkn1zPwiSnJSeM9mArTdojRDY90OYDhw
;j6YoPnsVWEGDemDZJcI5LiAernYLmOGvNUN4xxFgJGObsywpHktAOkNJ7tbjIkpkQXDAbAmM4a41QmL
;cfD5XFunVTUqLKyN8LT2B0P0OZmVPatpqCrTNuChRbcsZYDR5h6EiPwlLUDZMU+/K/xpmdFB7y2Fn6r
;7NWjcM5KF/Vzvp1U05F2d8N0JJ9cz8IkpyUnjPZgK03aI0Q2PdDmAjeba8IywSeE8KSVTy1/ATWmIgH
;9URyaxft/4IDI58P1dlhaYSKBRgVzpAYvLW4xtYZEVBx2sBgtKhBVRj2hJaJUmNsCErAhQiVS09gaOR
;JHkHCh6uBRSHzZI4WHjcE1IIZZynKysYcXw8Q1voz/0iXGlEQc1qCpvboylWeMETUVcX6dVNSnsUI1U
;tHoGjkQ5VdH98wXEThNOSKUJ+zh1cMkmAuysjF3h8MENZ3sf0EVh+IB+uBWfrvs1aNwyBfD9XZYWmEi
;gUYFc6QGLy1uMbWGRFQcdrAYLSoQVbbdsZTQh5j7MSLh54QiwtPIGjkX05B3leri1n676+NkRTyhNLI
;3mEij4/CXJCNkhi6M33FFVrf3LPdgKZ4aI0aGjNEF4uFujVTUp7FCNVLT2ko5F9SmtTQcxqE5/RoAVE
;edoaXjRztrwjLBJ4TwpBXPLG4yJJaFd73AVm677NWjcM4Tw/cBbp1T4mCEtBOllJ7s7ODkx1Rn/NYDi
;C0KszW2D3EFY5c7axJDkPdU02SD2AOQjkoJ65p5EFRuu+zSlbf/ceUCNihrgSOQ5mRTROWN7K/xtQa0
;xBwXMCmdKsKjcNqHw/Vxbp1U1KUxQjVV5R8vzzEk1zT3PxdhKZ2Kw5UlPBElk+eoWKPikaek08Q1rew
;P4IV3MgH64FZ+u+zaoIDJh8P1dlhaYSKBRgVzpAYvLW4xtYZEVBx2sBgtKhBURvyRJRPniOii4lDnpX
;Ck9E3s/4E1wHIR6uBWfrvj1lNySofD8kepqKLyUPYEw4ck700fccWmJ/d8BjDofSkilUbcYSVjlxtqY
;9Lx5wI1QtPYGjkTHkRyAHrgVnmNK+BVVj3AhQOkmaoD8sGndGCkFc+MbjDjkGIB6uBWfrvs1aKwyofE
;w7Zba3Ij4Pe04KXkjzxfAeXFhUdtxgFIPRoT43DRBiurxHUWtySl8UI1VeUfL88xJNc09z8XYSmdisO
;VJT3BNgOXmbuCwmJHtVMF9R4NORfDkHIB6uBWfrvuRaNwzbEEwIdIahOSUWS1AgX1vgwPQiTWh/asF1
;OJjLvzxWb80jUCFzm7ksOnsVI1UtPYGjkX05HyAernYLmOGuNVl4xwlNCHWGpyMvCUtHMEFc+KOQfTk
;HIB6uXCfros1aN3/ED2A0eYehIj8JS0Y7SWLizPwNXGlTf9psCIW+zFo3DKh8P1cW6cBNSntnTyZyXu
;7N5RJMdX97wGE4j9uhO04MqXw/Vxbp1U1Kew8jVS1O7dDOHlZpVHHbdziH374/RVPHGlkIcoy5LDN7F
;SNVLT2Bo8g9OR0gHq52C5jhrjVZeMcJTQh6iKYoOCR7TQpJWO3C6H04ByAergVn677NTTcMqA9TJEmK
;uiM+FGFRCkFc8sbjIkloV3vcBWbrvs1aNwzhPD9LFunVPiYIS0A6Q0nu1uMiVWJOedptOJ/Wvz9EZMc
;QW1cXUcvIoSqs7WotJIGjkQ5VdH99wWsThMu/BVtlxhlgM3+aoSwkGHEjVLekGDoI5IA4IA+uBWeY0r
;4FVGPGCFAiZLa5IiULZyNULT2Bo5F9yTggDK4FZ5jSvgVUY8YIUCJktrorLAhxV1UsRpUN1pxDs58et
;AVn682hKWhvxxJLOGObij4pGnpNPENa3sD+CFdzIB+uBWfrvs2qCAyyfD9XZYWmEikUelc6WE/e0PIc
;V2lJcMlaFJvbqD43Dah8P1cWpQgNSmUUI1VeUfL88hJXc09r3FoThOGkNFFlxBBgM3+aoSwkGHEjVFY
;pL+RwB504IDKuBWeY0r4FVGPHEFY5cba2NCYSekcwX2LtzOYYS1hIe89xApnhoDtPU8cJSydjndVMSn
;sUI1Wta8GjvX05B1Ny3VoEhNGhM1lr9x9GO3+HsSg4JGFTJUhP3sv0HE1iUkHDZB+00bguR3ncfD5XF
;unVTcotVCNzLT2B0P0OZmRPccJsCYzhqyhYYtwjViVJgbAsPh5mfDhMRd7M5AlJclQerwVn677N2mFM
;qG4/VxaauT4VGHtMOURT5vz5GFBgSGquBGfrvs1aNyjofCdXFummITkkd0w6QVTvxM4RWH5FbPFtAoL
;ZpS43Dah8P1cW6QVySlwUI1VeUfL88hJWa0lwyVoLjti5BVFpzRhgP3OIoSg4JHlCLXJS9NfhCE0HIR
;6uBWfrPpsaNymofD8kepqKLiUUeEo7SmLtxvcJZm5SQcZgBp/bvwVabdAjUCJimaA5SnoUI1UtPQH10
;X0dByAe3WkUtN2iNVtlxhtgJ3+aoSIkJHxGNFlY8/z8HEFYT2vadRKfvsxaNwyofL8BVunxTUp7Z08m
;cl7uzP0UV2B/bsFyA47MkjxSacwVUTBJnbwgLyRxVTBDPYCjkX05ByAergVE677NKVt/9x9QOHqAuyo
;VC3tUMUhP3sX0GF1uTnnxcQ6G25I1U2iofT9XFunVTUp7FAZVLT3yz+IiWmhPcsdrALTMqDtFU8EOYD
;9ziKEoOCR5Qi1yUvTX4QhNByEergVn6z6bGjcWqHw/JHqaii4lFHhKO0pi88byElhzRWzxdheO26laN
;gyofD9XloKVTWJ7FCMmQU7ewP4SVW5OefF3DozWuQVRac0YYD9ziKEoOCR5Qi1yUvTX4QhNByEergVn
;6z6bGjcqqHw/JHqaii4lFHhKO0pi88r2FU1YSWzxbQKKyqgoaGHJBGA4Y52lOD57FSNVLT2BI8c9OR4
;gHq52C5jhqjtHU84VUztJiro/JB5mfDFIUeDakXw5ByAergU+q77QWjcM2xBMCHGIpRIsEnhPCkhT5f
;zyElR3RXDdZBOC0aNaNgyofD9XFunVTVx7FCMmQU7exPANZmFJcsJaAoXakj5SYMkFP1YW6dVNSnsUI
;1UxPYGj4hFKWEd/3loBgtKhBVtt2xlNCHmPsxIuHnhCLC08gaORfTkHeV6uHmfrvr42RFPPHU8IcIC5
;IRUXdVAwX2Luzc4ZXGtBZ64EZ+u+zVo3DKh8J1cW6aYhOSRzQiVyW+jP/SJVZlN73FoXhMmoKDcNqHw
;/VxbpnA1KZhQjVV5R8vz2HElYRnfCaTiH26M9Q2T3CFclc5q9IiYfFCIuOZPGQuv5Bgc7Hq4FFIfNkj
;1WfPcaVjt6tqYuKxV6SjtKYuLM5BNNByEergVn6749ZTcXqHw/JHqaiiorC0tFPEFR3tDyHFdpSXDJW
;hSb26g+Nw2ofD9XFqUIDUpsFCNVXlHy/PgTX25McvFmCJnQqChoaM0QXi4W6NVNSnsUIwxtPZqjkX1K
;a1NBx2sBgtKhBVJizCNcOHuZsCM5GmBKOkM9gKORfTkHIB6uBXPrvs0pW3/3FVExf4W5Ei8VcHwxSFH
;g2pF8OQcgHq4FZ+u+7Vo3DNsQTAh/h7MkJhdLRDRdYufK/RFmZE9swGAVtNqoNlZ1qH0/Vxbp1U0TOx
;QHVS098s/iIlBpRnfCaTiM370FUWXEEGAyeI2KLiUWZEY7Xlz1yv4TOQYgHq4FZ+u+zVoqDKh8TDtlt
;rwjLBJ4TwpKXPH89xRVa397wGE4j9uhO04MqXw/Vxbp1U1Kez0jVS1O7dDOFFdhSXLCWgCKzpI8XmDE
;I1c2Yoq9Ei4SZ1c0Q17k/PccWnNPbK4EZ+u+zVo3/Jd8HFcW6aYhOSR9TTNEUe389hxJWEZ3wmk4h9+
;+P0VTxxpZCHKMuSwzexUjVS09gaPIPTklIB6udguY4aQ0UWXEEGAwd5mKKyMXeHw5TE7k0c4SV1hEe8
;JkHuu/zVo3DKh8P1cW9tVNSgh4UApEU+fK/RFmYEFu8WMOh9KSNlZ/zQ5gJ3mesD9KehQjVS09gerRf
;R0HIB7daRS016M8XmDEI1g2ZrazJCYXS08wQ1r1y84JUXVFbcZqC4++zCEjou+dRdMp6fdNSntnTyZy
;VO/F+BFVWEd/3loBgtKhBURvyRJRPniOii4lDnpXVSw9gaORfTn3Hx6MBWfrzaEpaGXGGlY7erayLDo
;kcko5QWLywPATV25OefF2F47bqVo2DKh8P1daNJVNUHsUIyZBTt7K/xtQa0xBwmQUjsySNVFq9xhaO3
;eQ1UxKexQjVS1kwaOIfTkHU3LdWg6F2KQ2W1PEHUwyZLa6IxUfcU80VD2Ao5F9OQcgHq4Fceu+zSlbf
;/cVUTF/hbkSJhpnRidyTe7U9A85BiAergVn6/eNWi8MqHxMO2W2vCMsEnhPCkFU78bOGVB0VH/AZgLr
;v1fDrpUx5YZoFvDVTUoIeFAKRFPnyv0RZnRDf8BrDoXZkjlYecYIP1YW6dVNSnvkHFUMPYGj4hFKWEl
;wyGwLh+G+OVZixhVRMEmKujgkD0tBLHJR6M30fTgHIB6uBWcbgc1DNwyoD1MkSYC7KyMXeHwmTlzvzf
;gTXlhTbstgA+u/zVo3DKgw4hcW/NVNSgh4UApHSOzTzhFcaUdqxloLgtOkLjcNqHw/Vxbp8Q1KaRQjV
;V5R8vz7CFR3f3PPfTiP26E7TgypfD9XFumVGAp7BiNVLU7t0M4XTGpQQcNsCbTaqDZWdah9P1cW6dVN
;bjsULVUtPfLP4iJTck1u8XYXjtupWjYMqHw/V1o0lU1dexQjJkFO3s/wBFx1f3zBdwOOzJI1UWrbGUt
;XF+nVTUp7FCNVLSaBo5EOVXR/cs98ApnhoD9Fa80jXDt5mrASLBp3RiYtPIGjkX05ByAerh5n676+Nk
;RTxR1LMmSAtCEVCHdCOUhi58LyCVZ1f2auBGfrvs1aN1XofCRXFummITkkeUIhSE/owv0iSmRBcstaA
;YrduTVFU9F8PlcW6dVNSiJUI04tPYHQ/Q5makFqy3cOitKSKVRtxBlgMXeKoSI4JG4jVC09gaORfWBH
;IDyuBWeY0r4FWWXcDlAwc4eKICUfcXwwVVXg1uIJZndSe912EpnbzVs3DKh8P1ciqdVsSnsUUDleYu/
;K5Q9WYEVw8WgIj9uSKltpxglSCGabsD45DmZGVSw9gaORfTkjYB63BWfrzaEpaGLHDlI2era8IywSeE
;8KQkvk0f0cSQchHq4FZ+u+zVo3Lah8PyR6moojJQl5QjlySe785RJJWFNr3GMGiNuSNUFp2hBeJxbo1
;U1KexQjVS09k6ORfUprU0HBfR6M26MFVGPGCFo5YunUTUp7FCNVOX2BgpF9OXRMbfF1CJzaqChoas0Z
;Wz54joo/JQ91VzxCU97R8AlQaCAfrgVn677NqggMnnw/V2WFphI6FGNHMF9i58b0GVBpR0HcahOKyqQ
;1WVPaHUs+ebazOCQYYEo6Q2Lg0fQcZmFBfdpqFeu/zVo3DKh8P1cWxtVNSgh4UApdUvbH9A9mYUV7ym
;wJjOG/NUNt3BVQOUmbtDkjFEtFIENe9cr+E2ZlQW3LBWbrvs1aNwyofD9gFunVPiYIS1M6Wlnk0c4bX
;GJEd8BiOJnRuTtDZccSYCV3nbwiFR1hTTZZVO7Nzh5WalB7wHYGn9eiNDcNqHw/VxbpJXJKXxQjVV5R
;8vzhEk5jRWzxbQKKyqQ0UFPLE1Inc4emLD4Se00KWVTsxpF8X2FGeMhje6u+4lo3DNsQTAhmm7AlLxp
;gSjtKYuLa/RRXY0Vs8WkInNu/BV9pyQhaJUmEtDUVFGFXJVhJgaKRfTkHIJ74RWfEvs1aRGDbI08lc4
;GwLD4SekQKTkTtyv8ZXHV/a951ApnhpT9WeM0OYDp3kYoiPw9kViEtPIGjkX05h3Zerixn676+NkRT2
;A5aP3OIoSQkHEtFJ0JT9fz4D2ZvRX/aYBW006wiaGPdCE8iYunUTUp7FCPVe32BtpF9OXRMbfF1FY7W
;qDtDZcYbYD9zgLIlPnsVI1UtPYGjuT05HCAernYLmOG9KFJkzR1LPniOiiErAnFRCkVY6MT5CTkGIB6
;uBWfrbvJaHQyofEw7ZbalPy8TcUIhRFPm/P0YX3N/eMtgA7TWqDtDadojUjZutro4PgthV1UsPYGjkX
;25UWAehgVn682hKWh82hlXMnedvCMtJHhGM1li6NHOFVxmVHvcWgqKxpI1QnjYCUtXF+nVTUp7lHUVL
;RqBo5EOVXR/btxgD47fuTNZa/cMViRihrsSIh51VzBfYuzC6SJWclRu23Fn6r7NWjcMKCp/VzHp1U05
;F2d8JV9Y6cbwCVBpR0HeahCP278FUWnNGFY5cbahJCceS0YjSFOBopF9OQcgHq4FZ82+zVpEYNsjTyV
;zgbAsPhJ6RApdUvbH9A9mYUV7ymwJjOG5M1pp9xNbMxbo1U1KexQjVS09qaORfUprU0HedwKD26wuXm
;LPI00yd5uKJDgkfEY0WVjz/PwcQVhPa9p1Ep++zFo3DKh8vwFW6chNSntnTyZyTfPG+RhYc0lwyVoVj
;t2iO0Np2iNMJ3OMsU1LexQjVS296uORVjkHIG3CdjibzKgyUm3cFVEwSZu8KiIPS0UwSFney/QcTWJS
;QcNkH7TRuC5Hedx8PlcW6dVNyi1UI3wtPYHQ/Q5md1J7xmAGn9ejPWh+wRtXI0mApxIiHnVXMF9i7ML
;pIlZyVG7bcWfqvs1aNwwoKn9XO+nVTTkXZ3wlX1Tv1/gTXlhDZ8JsCY/bvwVbY98ZTQh+jLQ5LwlLTj
;RVYu7W5Q1McyAfrgVn675NDHcMhXw/V2WFphI6CX1NIURT5vzyBFVuTnrLdziezr0/RVPAGV4jc5uKI
;CsDS0wgWU3015F8OQcgHq6FMau+6lo3DNsQTAhmm7wjPhJ6RApLT+7N5SJQdX92y2QTjsySN1Z09xNK
;I2acoU1LexQjVS291+ORVTkHIG3CdjibzKQ0Q2XGG2A7c4+hEiwecUcKRVjg1/QPZmpBZvFqEp/OuC4
;3Dah8P1cWaYMNSl0UI1VeUfL84Q9QaVR3wGI4h9urLmhl2iNXMnedsD8VFnVbCkJI9dPkCTkGIB6uBW
;dr6I1aEgyofEw7ZbalPyMVYEo7SmLxyuIJVml/dstkE47MkjdWdPcTSiNmnKFNS3sUI1UtvdfjkVg5B
;yBtwnY4m8ykNENlxhtgJ3mesSg4JHJGMElU78TOCVBqRUHLcwKFvsxaNwyofD9XFunxTUp7Z08mck3z
;yv8JUGlHQd5qEI/bvwVRac0YVjlxtqEkJx5LTDFJPYCjkX05ByAergVB677NKVt/9wxNPnidvCMtJGZ
;GNF9i6NHOFVxmVHvcWgqKxpI1QnjYCUtXF+nVTUp7lHUVLSaBo5EOVXR/btxsCZ/Xoz1ofs0fUDZijK
;cSOQtxRjEtPIGjkX05h0terixn676+NkRT2A5WOWKAuyoVCX1EPVli58b0GWZvRX/aYBW006wiaGPdC
;E8iYunUTUp7FCPVe32BhJF9OXRMbfF1FYLQuTNZa/cOVjB+nYokOCR8RjRZWPP8/BxBWE9r2nUSn77M
;WjcMqHy/AVbpwk1Ke2dPJnJP7srOD1xgSXHAWgSO0Lk/RVPQfD73DMYIaexF1CNCLT2B0P0OZnVPd/F
;3AozXojRob80SSzJktqxNS/JVQ7D9379jkWg5ByBtwnY4mdGkBUVpzxVQOUmbtCkjDmcjVC09gaORfQ
;dHIAOuBWeY0r4FRWPBI00ycYC6IxUPfFEwXlXuz/UiWHVFf64EZ+u+zVo3KOh8KVcW6aYhOSRnRjJAW
;O/XzhFcaUdqxloKgtDNW81ywsBLxJ7W1WpKexRQOV5i8sv4GFVjf3zBcROE05I5WGLcE0olSYW8Iy8k
;cEomWVzvwPR9OJ25hzec/lKBzUU3DKgPUyRJmr0kLxdwfDdCSfXM/CJaaE5qwXAVtNKiNUd/qH0/Vxb
;p1U1eOxQPVS098s/iIkpvSXvCYTiJ0bkuWGH3H1A5YoagPxUPe3w8Q1voz/0iXW5Tas9rBI6+zCEjou
;+dRfMp6c5NSntnTyZyTunK9BFdWEJx2nEIhuGoIkdtxg9WOHjp1E1KexQjVTl9gYWRfTl0TG3xdg+C2
;6E+aG7HCEs4e7a8IywSeE8KQVTvxs4ZUHRUf8BmAuu/V8OulTHlhmgW8dVNSgh4UApeVejG/RlmZU9q
;2moKtNKsI1J+23w+Vxbp1U1KX1Qjdy09gdD9DmZ0SHfLaQO03KIuQ2PFI08leYOwLj4ecHw5TETk0eJ
;9OAcgHq4FZ7L+zXo3DKgPUyRJmr0kLxdwfDZCU/XM5A9ma0lwy1oDgs25O1lvzXw+zY9wTNTTwisjTS
;09gdD9DmZ0SHfLaQO03aI0Q2PdDmA7eYalPkp6FCNVLT2Bt9F9LgcgHt1pFLTNpTNSYMwjXDhkh7A/F
;R9xTzRUPYCjkX05ByBH7gV8677NKVt/9w9XPnOFsRIvFXB8NkJQ8cb/DlhzSXHABWbrvs1aNwyofD9D
;FunVPiYIS1A9RFjtx84YV2N/estpBpK+zFo3DKh8P1cW6cFNSntnTyZyTunK9BFdWEVm3mQJmNeiNDc
;NqHw/VxbpJXJKZBQjVV5R8vziFVBiTHrxYw6HyqgoaGLJDk04YbanKC0Se01VLD2Bo5F9OQ9gHrEFZ+
;vNoSlof8AVWjtytrwjLBJ4TwpBVO/GzhlQdFR/wGYC67/+aQQ/m0/saBbz1U1KCHhQCl5V6Mb9GWZrQ
;W3LdziE2KsFU2nEHUZXF+nVTUp7FHoVLSSBo5EOVXR/bcZsAofakjZWf80OYDh4trEoJhptI1QtPYGj
;kX05ByAIrgVnmNK+BURkwRlTM0mFtD4vCUtTOlpY86OQfTkHIB6uESfrr81aN3/ED2AkfoCwIS4ke0U
;zXlj1o5B9OQcgHq4FZ+unzVo3f8QPYCR+gLAhLiRnQDRDU+jN9iJKd0V7ygVm677NWjdAdTw/dBbp1T
;4mCEtQIF9b4MD0IkpuRHvxcQKTyrgoUlPaGUw4epyhJCUVFCLPtKQYOgjEBgcCHq4FFIfNkilCfs4dX
;DJJmrwpLyRgRi1ZSPPGzgVAWE94yHYCn77MWjcMqHw/tynp501Ke2dPJnJJ6cbjEFhrf3vAZguEzbgo
;UlPKHUwySY28Pj4aekAwcknu/PcUS3RUQcJkHo7MzVs3DKh8P1fm1tVqSnsUUDleYvXL+BNmcEFywlo
;DhMuvNlJTxBVRMmW2tiI4FXFRCklY7cLofTgHIB6uBWey/s1xNwyoD1MkSZ29JCQkY0I5QWLlzOQfVW
;J/csdrApjhqDRTU8sTUidzh6YsPhJ7TVUsPYGjkX05ByAeigVn682hKWh4wBVRCGGIuSEVH3tWN0FY3
;s/4E1x0f3vAYTiP26E7TgypfD9XFunVTUp7PiNVLU7t0M4JUW5OQdlkC4fhqTVCbsQZYDt/h7A+FRd1
;UDBfYu7F9yJdYkx/1wVm677NWjcM8Tw/fhbp1T4mCEtXPURT3tTwEVVYRHHbZwuO4aEzWWnbI1M2ZYy
;nEiUVS0cwQVz4o5B9OQcgHq4FZ+uYzVo3f8QPYCN+gLsSPRp4TwpJUvTB/Rhma0lwy3Y4h9++P0VT2B
;NIMmTp1E1KexQjVWR9gYqRfTl0TG3xcQ+C0JItVmDEI1s4Y4u5KBUXfU0wXmLywPATV25OefFmCJ7Qu
;Vo2DKh8P1cWGepNY3sUIyZBTt7X+RRXWFd/wmk4j9G4OFtp9xBWOXOaij4pGnpNPENa3tDhGFxjIB+u
;BWfrvoGHdwyOfD9XZYWmEj4TfU0KWlztz84OUGlHcstaC4LQqAVUY9oSWiVJjbAhKwIUIlUtPYGjkSR
;5BwoergUUh82SLl9lxiNINnqFij4jFXNPMHJR6M30IlxpREHNagqb26MpVnjBE1FXF+nVTUp7FCNVLR
;6Bo5EOVXR/asZsCbTJrDZbU9sVUTB6jIohIxVxfDBDWd7H9BFYfiAfrgVn677NWjcMgXw/V2WFphI+E
;31NClpc7c/ODlBpR3LLWguC0KgFW23bGU0IeY+zEi4eeEIsLTyBo5F9OQd5Xq4tZ+u+vjZEU9wUVjlJ
;nrQhJiRnSjtKUeT8/RRXYn9yz3YCmeGiNGhozRBeLhbo1U1KexQjVS09pKORfUprU0HabQ6F4bo7W2D
;3D1Y5cYWwEiYSekYKQVzyxuMiSWhXe9wFZuu+zVo3DOE8P38W6dU+JghLVz1EU97U8BFVWFN3wGILju
;GhM1lp9w9cNniHvCMtJHdMIENJgaKRfTkHIB5eOmfDvs1aRGDbI0s/f4eKOisXeHwmRFPmz/QiVW5Oe
;/F2BIrQozNZa/cPTzJzjdVMSnsUI1Vh4MGjtX05B1Ny3VoThM6SKUJ+zh1cMkmKuiM+FGFRCk5S8830
;D2ZjRXLPfGfqvs1aNwyoJX9XPunVTTkXZ3whQk3e0OQPX2ZDe/FmCIXKoi9FU80SWwh1hrg9LxVnQiF
;EUu+jkH05ByAergVn65/NWjd/xA9gI3mZij4/CXJCNkhi4sz/CVZyUkHLawO02qg2VnWofT9XFunVTU
;p7FARVLT3yz+IiTWhQQd1wFY3frj9ob8cSSzhjm4ohKwhxUQpCW+f89RhVZlkerwVn677NWm5MqFo/V
;xaauT4VD3tTCl5I88XwHlxYQ3HAcQiezJI2Vn/NDmA4eLaxKCYabSNULT2Bo5F9OQcgPa4FZ5jSvgVD
;Y9gjTCJkj7QuLyR3TDtZUvTRzhFYdEVs8XUInNu/WjYMqHw/VxaglU1vexQjJkFO3tf+DWZ0VWzIZAS
;O4a41WXjHCU0IeoC7KBUffVAhTFPixpF8o565hzec3tS+0Fo3DNsQTAhihqUSOQ5mRTROWN7A/hNNaF
;Vs8WkIhM6+WjYMqHw/VxYZ6k1UexQjJkFO3tf+DWZ0VWzIZASO4a41WXjHCU0IeY+zPi8PFCIuOZPGQ
;uvJhgcGHq4FFIfNki5YfPcPSiVwiLYoFRh7TSFCSPP84h5YaU53wGI4iNG4NEMMqXw/Vxbp1b11ezIj
;VS1O7dDOCVZ3f23bdwGK3agFVGPGCFAiZLamLisVeko7SmLy0/QYXQchHq4FZ+vyEBo3Jqh8PyR6moo
;5JQtLUCBfW+DA9CJaaE5qwXAVtMqiBV5izhVTO0mNvD4+GnpAMC08+rc/Oth9hCGuJmfrvr42RFPcE0
;8IZZynKysYcXw8Q1voz/0iWmhScMt3OI/boTtODKl8P1cW6dUUCnszI1UtTu3QzglWd39t23cBit2oB
;V5izhVTO0mMuykVGHtOJUhT8sLlFFZpIB+uBWfrvs1aNwyIfD9XZYWmEj4UZHwmWE/nwvIYZm5OeMdp
;C7Tboz5oaM0QXi4W6NVNSnsUI1UtPaejkX1Ka1NB2moXtM24KFFtyxlgPniPvCEmJHhCJkhP3sz3G2Z
;jRXLPfGfqvs1aNwyoJX9XM+nVTTkXZ3whQk3e0OQPX2ZDe/FsCY3XoTZoYMkPWiVJhrsSLh54QiwtPI
;GjkX05ByAeridn676+NkRT3BNPCGWcpysrGHF8PENb6M/9IlVmU3vcWheEyagoNw2ofD9XFumcDUpfF
;CNVXlHy/OUSSVhTa9xjBojbkjNZasEQUwh6gLsoFR99UCFMU+LGkXyjnrmHN5ze1L7oWjcM2xBMCGKG
;pRI5DmZFNE5Y3sr/G1BrTEHdZgaF0KQ0UFPLE0o5YunUTUp7FCNV3QKBjpF9OXRMbfFxCJvhvi9Fask
;fWgh/h7MkJhdLUDZMU+/K/xpmZE9rwHE4iceSNl5izXw+Vxbp1U1KiysjcC09gdD9DmZzT27xdhKZ2K
;w5UlPBElk+eoWKPikaek08Q1re0OEYXGMgH64FZ+u+gYd3DL58P1dlhaYSPhRkfCZYT+fC8hhma0Fny
;3cU67/NWjcMqHw/Vxbw1U1KCHhQCllS8fziCEthQX3LWhODzKgpX2PEGD9WrvdQphvDqhxVPz2Bo+IR
;SlhYZ/F2Bo3bkihWaMEJTFcX6dVNSnsUw2otKoGjkQ5UZkxy8WMCisq4KFJ/9xhWNnuMoSg4exUjVS0
;9gaO1PTkbIB6udgqK0qEFUWnJCEolc5qKJSUXcXwxRFzsxuUYSwchHq4FZ+u+0Ro3F6h8PyR7iLkhFR
;1xQiFYT+TQzhRXYUlywloVisqkNTcNqHw/VxbpjA1KYRQjVV5Q4M/9Il9iQWrbdwKY4b4qUmnMI002Y
;oC6TUt7FCNVLT3I45FfOQcgbcFpDo/hrzVDeMcRYDJunac4ORJ7TQpaVOXX+SJLZlR3wQVm677NWjcM
;8Tw/TRbp1T4lF31HCk9S9df+EGZhSXLPaAKFypI8W2PffD5XFunVTQouVCNHLT2B0P4RUGN/fMFxE4T
;TkjZWdc0OP1YW6dVNSnsAY1U/PYGj4hJVbkRBzGoTn9GgBUR8zRlbVxfp1U1KexRtFS0ngaORDlZrSX
;rxYw6H0pI0Vn7aE0gIcIW6OjgaYEZVLD2Bo5F9eVJgHrgFZ+vNojZeaPcVUTF/hbkSLwNkQjteVO7Nk
;Xw5ByAergVn677vWjcM2xNTPnK2vCMsEnhPCkhF8cL/DlBoTkHcYAqEyKgFX2PEGT9WFunVTUp7FCNV
;Pj2Bo+ISVW5EQcdrAYLSoQVEZM0QUyQW6NVNSnsUI1UtPZejkX1KaEx3yloOhdikNltT3xVbI362uCQ
;kexUjVS09gaORfTkYIB6udgiH16kFQ2PYI1ovYpugPiMUenwiRFn1y84PWHNJca4EZ+u+zVo3Veh8KF
;cW6aYiJhJwfCFCTd7F+BFYakVw2loBh9G6WjYMqHw/V1a8lU1FexQjJkJR6MfOCVZ3f3LPfAKZvsxaN
;wyofD9DVunaTUp7Z0w5RFne1/4NZnRQe8thZ+q+zVo3DKgyf1c36dVNOQ5kUzpfSd7C9RxJc0loy1oO
;hdikNltT2h1LPnm2uCwyexUjVS09gaPVPTkmIB6udhKbzqIoQ1PJGF4nYoCjKBUSekU8QVHe0fAJUGh
;/c8drZ+q+zVo3DKhYf1c26dVNOQ5kUzpfSd7C9RxJc0loy1oOhdCoKGhp0AxeOWWAuiNKeo66zLSkGH
;qufS4HIB7dcBeb0b8uaG3MHU8jf5+wEiYabUYnXj2Ao5F9OQcgCu4FfOu+zSlCfNgTTSNJiLEsOg99V
;TByT+TH5B5Nbk9w3QVm677NWjcMqDw/TRbp1T4/C2RMJ1li4MfwDU1uVnvxcg6PyqUFWmXGfD5XFunV
;TUpzVCNGLT2B0OQNSWhSavFnBpjbkjZWdc0OTFcX6dVNSnsUI1UtJIGjkQ5Md1Bx3HE4id++P2hgyQV
;aJWW2pj0vHnAjVC09gaORfXBHIAuuBWeYy70qWH7cI10lf42yKBUXdVowX06BopF9OQcgHq4FZ/m+zV
;pEedgMUCVitrc/IxZLVDxJSemjkH05ByAergUn66DNWjd/3QxPOGSdii4lFXpGNllU7s3OBUBYRHfdc
;QaF3ahaNpYx5abOj1DqTVd7FCMmWE3xzOMJZmJYatxwFILRowVAZcwIVwhkiKEkJXsVI1UtPYGjyD05
;EiAernYSm86iKENTzhVTNnuMuzkVHXhMIi08gaORfTkHeV6uHGfrvr4vR3zHDksIf4ezJCYXS08wQ1r
;1y84QUGkgH64FZ+u+zVo3DL98P1dlnKU9JQlgfDxDW+jP/SJWclRyx2sCmL7MWjcMqHw/VxbpxE1Ke2
;dWJV1S89fOG1BrTEHcZBOOvsxaNwyofD9pVunYTUp7Z1YlXVLz184cV2BMe64EZ+u+zVq3Suh8LFcW6
;aY4Ogt7USFyTejP/RxLWFN31GBn6r7NWjcMqGx/Vz3p1U05DmRTOl9J3tD8HFVrf3jCagaf26kFUWnJ
;CEolc5qKNTMkcVslTFPyyv4TOQYgHq4FZ+tO8lo6DKh8TCJmmbo/PiRnUzBIWYGikX05ByAe50Vn9r7
;NWkR52AxQJWK2oT8vHktBJ0xT4svOHFdgTHvxaAaTvsxaNwyofL8RVunOTUp7Z1YlXVLz184JS2JFQc
;x3BoXdpQVTacYPViNv6dRNSnsUI1UTfYG/kX05dFVu3moVn+G5KFJp9x5NNniKvRIuEnVOMFlY86OQf
;TkHIB6uBSfrks1aN3/dDE84ZJ2KOTgecXw3X1zvwPkiXW5Bc8txApnhqTVCbsQZYDhjnbkkJB5nI1Qt
;PYGjkX0xRyA+rgVnmMu9Klh+3CNLJXOMii84GnpAPXJZ6ML8GE1iUkHDZB/rv81aNwyofBEXFv3VTUo
;IYVMlQk/1/OkEZmJYbs9rFILRo1o2DKh8P1cW6dVNWXsUIyZYTfHM4wlmf1lBymwUn9+jOVIMqRpZMX
;CPs6t1ewgjVS1O9NPhEktzf2TxagGNzaguaGjHC1EIeoisKDgIFCJVLT2Bo5GNBgc6Hq4FFJ7OvTVFe
;PcGYDhwj6YoPiRhUwpBXPjG4w45BiAergVn607yWigMqHxMImSPtC4vJGdKMUhi9cbpCUx1RUHcYBSE
;0rguXmPGfD7Nj3BM1NOyKyNLLT2B0OQPX2ZDe/F2Do/bki5SdNwJTTJJkawSJR1yUDBZPYCjkX05ByD
;ukQV5677NKUJ+zh1cMkmauiEjH0tBOllJ7s7OGEF3QXDdbAiFvsxaNwyofD9XFun/TUp7Z1YnS1zixs
;4OVmtJevFnCJ/KojdoadAITSJlgLojFQx9RyFFYvPC5RRWByEergVn676UGjcRqHw/JGObsywpHktQO
;kFU5fzzEk1zT3PxYwuEyb87Q2mofT9XFunVzRE7FDhVLT3y1uMbWGRFQd1qC4LakjhYeNwTUgh6iKwo
;OAgUIlUtPYGjkX05BzoergUUnsyrO1Rp9w9QO3+Nii8lD2BMOHJO8cb0GTkGIB6uBWfr8I1aLAyofEw
;iZI+0Li8kZ0w5RFne1/4NZmJYbs9rFILRo1o2DKh8P1cW6dVNbXsUIyZYT+fC8hhmdE9yx2E4n9G9BV
;J03A5KJH+GuxI9EnBXPXJP4Nf4EjkGIB6uBWfr541aLQyofEwiZI+0Li8kZ0w5RFne1/4NZmFMcdl3B
;p/bzVs3DKh8P9dNqdVVSnsUUCBfW+DA9CJKaEx3yloThM6SNlZ1zQ5MVxfp1U1KexQjVS0cgaORDkx1
;Rn/NYDiY0aEzU1PcE08IeIinPyUMS0U5QkrzwuUYOQYgHq4FZ2vljVogDKh8TCJkj7QuLyRnTDlEWd7
;X/g1mdFB7y2Fn6r7NWjcMqDh/Vwzp1U0+HnlTMF9c9dbjGGZlT2raagq0zbgoUW3LGT9WFunVTUp7fW
;NVBD2Bo+UYVHdFbM9xEpnbkjhYeNwTUghlnKcrKxhxfDRfWOD85RVLYlN2wWkD67/NWjcMqHxWFxbd1
;U1KD3FOJUhP4NfkD1xYRHvNdwKKzag+aH7JGksIZZynKysYcXw4Qlnkz84bUHVTavFpBpLbv1o2DKh8
;P1cW6dVNW3sUIyVfVO/XzglcalB73GQTnsyoWjYMqHw/VxaAlU1YexQjJV9U79fOCVxqUHvcZBOezKh
;oNw2ofD9XFkm8DUppFCNVXU/ozeUiTWJNbst3Bp/Lvz8EDKl8P1cW6dVNSnsGI1UtTfPK/wlmc0Vz3m
;AVisq4KFI4qH0/Vxbp1U1KexQ2VS098dH4E01YQnvKWhOO070/RW3cCU0yFujVTUp7FCMbbT2Oo5F9T
;W9JcPFyBofSkilHac0YP1YW6dVNSntdY1UjPYGj4g1MdVNBw2QfnNepLl8MqXw/Vxbp1a11ew0jVS1J
;6cr/Ik5mTHLxcg6PyqUFRW3cFVAIe4itTUt7FCNVLT3o45FkOQcgasZsCbTJrDZbU98VWyN+tqcsPhJ
;7fDhEU4GikX05ByAel0Vn577NWkN+yQpaO0mapSgvHxQiVS09gaPRLXkHPh6uBROZ37s/W1PSI1g0eY
;2wEi4SZ1c0Q17k/PcUV25Tdq4EZ+u+zVo3GOh8MVcW6a8SPgl1VTBBYvLT9BhdByEergVn677ZGjcdq
;Hw/IXObpiQlFUtPNF5J3sb1FE0HIR6uBWfriwwaNyqofD8heYWgIC8PZko2ck7xxvQZZnRNccFxD7TN
;qD1aacYIYDtzh7I5InsVI1UtPYGjmT05JiAernMIh8ugP0N+wR9gJGaMsCkVCHlMOllV3tf5D1x0SHH
;CYWfqvs1aNwyojABXOenVTTwUeFY4SEnzyvIiSndFe8paFIbRoi5fU9wOXiFzhYohLxVzVz1ySenR9A
;5RaEx6rgRn677NWjcY6HwqVxbpoiQ6HktKO0tU7c/OGVB0VH/AZgLavsxaNwyofD9XFunATUp7Y0olS
;GLozfcUVWt/esd2E4rQrj8FDKl8P1cW6dVNSnsOI1UtSujT9CJWclR73FoOhc2oLmhowQ9LNniKsHxK
;ehQjVS09gaORfSMHIB7ZbBeO4aIvQ2naI1Y5ZYyhEi4SZ1c0Q17kkZF8OQcgHq4FZ+u+2lo3DN8VTzJ
;JhqA5LwlLSjteWPX84g1cYkQvrgRn677NWjdF6HwoVxbpoiQ6HktMIFlY8/z4E0piVEHddQKO2v9aNg
;yofD9XFqCVTWl7FCMiRE3k/OMYTXVBfdpsCIXhrz9RY9oZYCB/mbASLBp3VzpfDIGikX05ByAergVny
;L7NWkBl2BlgJXOdpywpD31MO3Jf5MX+D1xYV3feYDiN364uWH6afD5XFunVTUp7FCNOLT2B1PgNXFhT
;ccJsA7TXozxeYMQjWz5lnbQjKR4lI1QtPYGjkX05ByAFrgVnnNe9P2h/xxBWM0mAuysjF3h8MURO9cL
;/Hlw1IB+uBWfrvs1aNwy+fD9XYYClKBUIYVMlQk/1/PUUSnNBcM1gVuu/zVo3DKh8P1cW/9VNSgx9Uz
;ByTvTT4RJLc396x3YTitCuPwUMqXw/Vxbp1U1KewwjVS1K6NP0Ik1vSXDxcgaH0pI+Xn/cHVE0c9jVT
;Ep7FCNVLT2Bo4l9OQdXd95gOJ/WpDRoe8kQUwhygKY5KxV3RmctPIGjkX05ByAerhBn6766M0dp9whQ
;IHObii84Enl8IkRZ9cuRfDkHIB6uBWervthaNwzfFU8ySZ26Oi8JS0U8VVjl/OESSn8gH64FZ+u+zWN
;3DL18P1dhgKUoFQ97VDBfYufK6RhdWFBx3Xxn6r7NWjcMCCJ/VwLp1U09EmRGCllS9sbjIl9rT2ncZB
;OOj81bNwyofD9XT6nVWUp7FFQ8XVje1/4KXHV/eMJqEJnfuT8FDKl8P1cW6dUUCnsCI1UtSujT9CJNa
;Fd73FoOhdikNltT2h1LMhbo1U1KexQjDG09n6ORfU5uUHvxcQic278FW2PHDEwIc4i2JRUebFcnWFnk
;0ZF8OQcgHq4Fb6u+5lo3DN8VTzJJnbo6LwlLTDZZXObM/xxVWFB3wmkGmeGvNUN4xxFgM3+IuCg+HmY
;jVC09gaORfXBHIDauBWec170/aHjHC1olSYa2OSsce000QWLxyv0RWHV/asF1OI/XrDdSeM0OP1YW6d
;VNSnstY1U/PYGj5hRJYn9qwXICmeGiPFF/zQhHVxfp1U1KexQjlS0vgaORClB3RUHaahCOzJI1UWrbG
;UsuFujVTUp7FCNVbT2Ro5F9Tm5Qe/FxCJzbvwVEfM0ZW1cX6dVNSnsUHRUtKIGjkQpQd0VB2moQjsyS
;LFhg3RFaCHuAu01LexQjVS09oeORbTkHIGnHdQK0yqItUn73C1YzYoHVTEp7FCNVLRXBo4B9OQdPcdR
;gOJjWpD9baPcdUTB6jNVMSnsUI1UtA8Gjgn05B1d33mA4nN+hNmhqxBNIJXedsHxKehQjVS09gfrRfS
;oHIB7ZbBeO4bo7W2D3GlM4YZu0OS9JFCJVLT2Bo5EkeQc2Hq4FCITEqAVEZMEZUzNJhbwjLyR3TCBDS
;YGikX05ByAeXjpn+b7NWlhj0hlgJH6AsCEuJHtFM15Y9aOQfTkHIB6uBSfrsc1aN3vBDFoIYYi5IRUI
;ZEYwST2Ao5F9OQcgV+4FdOu+zTtUb80QWiV3nbwiJCRxTTRPUeSjk3w5GCAermQEiNuhP0Vt3BVQOUm
;PvD85D0tPNFRY8/z0E1hlTHuuB2fros1aN23eE1YzSYC7Pi8JYHwyTlLlxs4JZmRPc8NkCY++z1o3Hq
;h8PyVznacsKQ99TDtyXu7O8xRXYCAcrwVX677NO0FjwRhgI2SIoygmJHxMOUhO3tPwCVFYTX/WWguO0
;KouX1POHVwjeZuKKCQadk8wLT+Bo4F9OQdCe8JxOJnfqy5oacYdXTtz6ddNSmsUI1VPWO3XzgpYa0xB
;y2sGidKoWjUMqHM/VxaLpyQuHH1NMnJY78LzEVwHIh+uHGfrvq8oXmjPFVEwSY+0IxUIZEYwSWLkzfA
;fVWIgHK4FfOu+zThFZcwbVjlxtrMkMh5wfDRDWu3GzhhXZkJyywVl677bWjcMyg5WM3GAuyoVCHxGOU
;FO3sb/HFtrRR6sBWfxvs1aVX7BEWAybp2wPyQaeHwmRVjtz+IiX25SbdoFZeu+31o3DMoOVjpJgLs+I
;x9xfDBDXOPP9H07ByA9rgVniNGsKUNlxhtgMniItyEvJH1NM0RR7fziFFdgTHvxaQ6F2/xaNQyoXz9X
;Foq6LDkPfU0ycljvwvMRXFhJcMhsC4fhvjNZa8QZYDt/h7B/SnkUI0EtPYHA/hJVbk558WMGheGkNFR
;+zR1MMhbr1E1RexQjNkJS7cr/GmZ3UnfAcRSb26g+aH/EE0gzeZ67TUh6FA5VLT3izP4RUGlHQd53Do
;XKvipSacwjTDt5nrEiPRVLQiNCVOX8/ghNYlJB3W0Ch9LNWDcMiXw/V3WGuiEjFXN8IkxU9fzjGFhkS
;EHDbAm00qwjUn73CFY6c+nXTUpfFCNVSVjv0PQiSnJQbsF3E7TfoS5SfsYdSzJJiLsqJh5LRjtMX+3G
;kX85Bz0ergUDjtC+P2h/3QxPOGSdiismFGNRNFlY3sb/HFtrRR6sBWfYvs1aU2nGD1oIZZylPSUJYHw
;8Q1voz/0iTHRFQcJsCY7NkjNZU8AVWD9JjbAjORJgWgpKT+jHkX84BwIergUDjtC+P2h/3QxPOGSdii
;ErAnFRJnJf7tflElRYRXDPZwuOvs9aNyuofD8zepmKLiIaeUEwX2Lx0fgTTW5OefFxAobOqChWeN0OW
;ghzh7QvJh4UIVUtFoGjkRlVd399xmQKidu/BUNpxQxaJXedoD8vJH1NJkhP9fz2HlZjRUHLawaJ0qha
;NQyoXD9XFo25PRUcd0wxSGLnyv0YV2ZNe/FjCJnTrC5oacYdXTtz6ddNSmwUI1VJUfH8/BhLYEVBwXU
;CheG+P1BhzRJLJBbr1E1dexQjMUFN3s70D15if3HYYBWH370FR23aCExXFOjVUUp7FEc5XWLzxvYUVm
;lBcvFgH5vRvi9FafcZUTZ0hbBNSHoUO1UtPeXP4SJLYk1x2GA4icuvOFtp9xlRNnSFsE1IexQKVS095
;c/hIkpyUnjPZgK0zaQ+UlPcGUcjY5uwEikUeEwnclPu0fwcVW5ae8oFZeu+4Vo3DMwQTwhlnKcrKxhx
;fCZEWeT85RhBc1Vsy1oDgs2sOFtp9xNRCHmfsD8iGnpEVS88gbyRfTljTG7xdhKZ2Kw5UlPbFVsySZ2
;wNT4OZkYKSFPgwf0YOQUhHo0FZ+vaoSpof90OWTZ1jIo+Ix9xfCFIRfXW4xhma0l5xnECmeG4KjcOqX
;waVxbpsSE6JGdWJ0tc4sbODlBjRUHaYB+fy78/aGPdCEw+coyKIiQXbSNXLT2fo5F9XWtQQdpgCpvbv
;ztDedoZYDR+iLgvLwlLRjtMX+3GkX84BzUergUCk8qoKFltxCNMP3OFuT4VHX1RJlk9g6KRZDkHIG3L
;cROC0KoFUnTcDkozc5uKfxUeekI3QViBoZF9HAcgHst9E5nLqT9FU9sLViN1gYouJRR4SjtKYuPG9xJ
;LYn9t2WwTiNbNWDcMjnw/V3ORoT8/H3FRCl5K6NfyFWZkT3HCbAmM4aU/VnjdDGA2cp+0IykeFCFVLR
;2Bo5EYQXNSa8pgFbTNujNDb8AjXDh5hbwjLSR9TTROSejV9H07ByA2rgVnjsa5KEJozQ5gJGGAoS4iJ
;HdMOkFU78TODVh1S0HDahGO4ag0Vm7EGT9VF+nxTUp7cVshX0jlxuMiSnBJas1tOJjKoipoe8EMWghh
;iLkhFQ97VDBfPYOjkUo5ByB71nEVntqoKGh/3xVLNH62pjklC0tUPF1Y3tTwEVVYVHHZYBW03aI1W1P
;ME0g5SYytOTgOcEYnLT+Ao559OQdGf8BaBYfXvQVSYskeUzIW69VNWHsUIzNMU97A/hJVbk558WAJit
;yhPzcOqXwZVxbpsywkJHdMOkFU78TOClhuVEHIahW006IsUmHNEksIcIC7JDkTcUdVLz2BqJF9OWFBc
;PFgCYrcoT9TDKp9P0QW6dUrKxV7RTNyWuLM9RhmYk5/zGkC67zMWhsMqHxZPmSaoRImGm1GJ3JZ6M70
;E0puT3DxfR603aI3R2nGD14jf4a7Ei8VdUE5SD2Do5FkOQcgeMd3FJ/hoTtOadojTD9zhbk+FR56Qjd
;BWIGhkX0MByAeyGwVmMqSNlZ1zQ5gJHmFvCkVEnpFPEFR3sbpCUtyU3fBazic16kuX1PaHUs+ebawIy
;sZeEZVLz2Bi5F9OWFJbN1xOIfftD9FU9sTUz5ytrwjLBJ4TwpLUe7U4xxNYn97wGQFh9vNWDcMjXw/V
;3CApz4+JHhCLEhP3tD+EVBjf3fAYw6H0pIpR2nNGGAyeIi3IS97FiNVNj2Bo/cRVnBSf9pgOJnbvj9D
;U88fUDNztrAjKxl4RlUvPIGCkX05YEFu8WMOh9KSNVlg0SNLOGa2tyI+D3tOCl5I88XwHlx0IByuBWj
;rvs09Vnz3GlY7eramJS8XeFBVLzyBupF9OWBBbvFjDofSkileYs8QWghzkaE/Pwh9TDstP4CjvH05B0
;d/3loBgtKhBURlxhtTMkmMrTk4DmdKOkNi4sz8DVxpU3/abAiF4ag0Vm7EGT9VFun0TUp7c0A6SVjex
;v8ZZnNVbMBqAY3hozVNdscQWgh+jLQ5IxVzI1csPZ2jkX1eZE96y1oBgtKoNFZhzSNZOGSEtDkVHnpC
;N0FYgaGRfSEHIB7GYAaf16M9aHjBEVoIdYi5LhUeekI3QViBoZF9IwcgHsdrFI7MuQVfackISidJjrY
;iLh5LRjtMX+3GkX84BzUergUPjt+5L0dTzx9QM3O2oywmEnBCIUg9g6KRZjkHIHfAYw6H0pJrBzz3CU
;wySZq6ISMfS0o7S1Ttz5F/OQc2Hq4FDoXYpDZbU8kYXidigKMoFR56QjdBWIGhkX0dByAex2sBgtKhB
;VRjxh9aOWKbvC4VCHtPPEli9ND0Il5mUEHIbAuHvs9aNxSofD8+eI+8ISYkd0w7Q1ji184YV2NQccdr
;E5i+z1o3AKh8Pz54j7whJiRySideSYGhkH0jByAex2sBgtKhBURkzRBTJEmcpigVHHVTCktU7c+Rfzk
;HBR6uBQ6F2KQ2W1PdD1oIeoC7KDkkfU0KRVTmy84ZXGlTd9p8OIzMpD43Dql8LFcW6bwjPh5mTzpOVu
;jN9iJcaUF8wmBn6b7NVDcMqBVNOHiAuyoVHnpCN0FYgaGRfSgHIB7HdwiF16M9aGHHElAjeYe8Lkp5F
;CNHLT2ByfQPUlhEe8JxBrTOvzNZeM0OP1UW6d5NSnt+RidGYuTN8B9VYiAcrwVw677NMFJ+wyNZPmSa
;oRImGm1GJ3JY78LzEVwHIh6uH2frvqszT1PAE00lf4u5KBUOZ0YKQk3kzc4fUHNTHqwFZ/e+zVpbbdE
;ZTQh+jLwqIg9LQjFMTfXK5xhmYk5/zGkC67zNWiwMqHxTNm+MpxI5E3FPOV5i7tH1GEtYT27abAqCxK
;haNQyoUz9XFoW0NC8JS1AhTE/1/OESUGlUQd1mBpnYkjBYZcYIYDZ6hbo6FRJ6TTBfYvLL9BFVByIfr
;jRn676hO05p2iNMI3eboRI6FH1NIXJO4sLjG2ZtT3fAcTiKzKIvWWj3GVEjf5uwEjkTcU85LT+Bo7h9
;OQdMf9dgFbTNuTtFePcMUD54nYo+KRpmRQpHUujN5SJaaE56x3EOhNCsNjcOqXwdVxbpuSwzHmZ8Jll
;c89fODVZuTmrxdgKK05I/U2vNI1wyeJ2wP0p5FCN3LT2Bz/AEXHV/bdpkFZ/hvTVeYtwjTDJ3hIogJQ
;1xfDxDSuDR9X07ByA9rgVnh9+0P0VT2wheJWK2pSIjFWB8Jkhc7Pz/EmZoVnvcbQaF2b5aNQ2oVT9XF
;oW0NC8JS1AhTE/1/OESUGlUQd1gBobhozVZU9gTUy5xhrsSPB5mVzBVPYOjkVU5ByByz3wCmeG+LlZ+
;3CNPOH+HoRI5HnVOCl9Y7cLlFE9if27Bdg6f16I0Nw6ofAxXFum4LD4kd0w7SwzexfgRWGpFcNpaFI7
;KuTNZa9sjUCFzm6ckLh5LUDlEXuT84hhNc0lwyXZn6b7NaTcMqBFeI0mKuiMsSUtFPEFc7Mb/CWZ0RW
;rabAmMzZI1QWnaDlYzc7amISMYcXwmSEn1yv8aSgciHq4lZ+u+qzNPU8ATTSV/i7koFR5sVzBDTujV9
;CJKc0lqzW0OhdnNWDcMtXw/V3CArRIiFGZRPE9R5PzkE1BoTkHBcwKZ0qwqR2nMfD1XFv/VTUoWe0cw
;QWLx0fQeUHRFQdRaD47XqjJDDKp8P0sW6dUgJR99RTxIT97Q+RhVa1NBw2AVjNuSKlZ+zRJLVxTp1UN
;KexRNOlli8sLnGGZ0VH/aYGfpvs1HNwyoGlYvSYG6PzgSdk8wckjvyv4TZmZMcvFxHpvbkjs3Dql8LV
;cW6aYmIwlgfDNCT+LGzhhXZkJyywVl677BWjcM2xNTPnK2tyI+D3tOVS88gaqRfTl0T3LHYTif0b1aN
;Q2odj9XFp68PS8kYEwiSE+BoZF9JwcgHsFrC5LhojRSU9sUWjt6trojFQ97UwpeSPPF8B5cdCAcrgVx
;677NNUFp2hReOXG2piUvF3hQCkhT4MH9GDkFIB6OBWfr0bs/RWTJElgIZYGwISYIS0U0Q2Ly0/QYXVh
;FcM9nC46+z1o3FKh8PzhgjKc/Ix9xfDNEUeDO9BNNWEVwz2cLjr7PWjcVqHw/OGCMpz8jH3F8M0RR4M
;70E01YRXDPZwuOjM1YNgywfD9XZpuwPjkOZkYKTFn3wv8eXFhFcM9nC46PzVg3DLB8P1dmm7A+OQ5mR
;gpMWffC/x5cWEVwz2cLjozNWDcMu3w/V2abvCM+JHtTMENi8sb2EFxpVG2uB2frpM1aN3zaFVEjSZm0
;Pz4IS1AwXEjkzfIYZmhSest3Z+m+zXQ3DKgMTT54nbA/FRh7TTNyWPnX4whdYlIv8WYSmMqiN2h82hV
;RI3eLuSgVCXFEPEJTgaGRfRcHIB7edw6FyqgoaG/HElkIc5GhPz8fcVFncl700OUSVFhQbMdrE4rcoT
;9ofs0bVjh46ddNSmIUI1VdT+jN5RhLWENxwGM4ht+uMl5izSNdMnqd1U9KezkjVS1N88r/CVx1f33Ba
;wG006w5X2XGGWA0Y5qhIickZFE8Q0nozfYiSXVJcdxsE5K+z1o3I6h8PydkgLs5LwlLQDpDW97O8B5R
;bk578WYSmMqiN152zSNLOHmFvSgrH0tGO0xf7cagfTsHIDGuBWebzKQ0Q2naI1w4eI+KICsYfEo7SGL
;i1uIJVmpJZMtaE4TRoTJSbcwjWjl3i7koeHsWI1UIPYGj4Q9QaVR73FoEhNCrBVptyxRWOXO2sSw+Gk
;tAOkNJ5M3lIlhjRB6sBGfJvs1aR37BEksyZLa2IiQdS040TlXozfQiXWZUf/FjDofbkjtTaKh+Plcn6
;dVNOgl9TSFIT97A/hNfWE1/zW0OhduSP0942glbMmS2pjojD3dLClpc6NfOFVxmVHfAYmfpvs16Nwyo
;DE0+eJ2wPxUYe00zclDgwPkUV2J/eM9rOIjRoy5FY8R8PVYWwdVNSgtmSjtZWPP88hJXYX9zz2YPgtC
;oBVFl2hFINmSMij8vD2ZCNllU7s2RfzkHDR6uBReZ16MuUn73H1A5cLa4LCkTfU0wclvo0fwKWHVFQd
;psCo7hqClDZcUdSz55h9VPSns+I1UtTfPK/wlcdX99wWsBtNOsOV9lxhlgMHWGsSgVHktOIEFJ6NP9B
;GZhTHHZBWXrvuVaNwzYDlY5YoynEikUekUKQFziy/gTXFhHfcFhArTKpS9absYdVjtJiLEpSnkUI0gt
;PYHT4xRXc0Vs8WYIhdiSN1ZvwBVRMkmBsCw+JHZGMS0/gKOxfTkHUGzHaxOOzJI5WGLOI1I2dYG8Iy8
;kfUcwVWLy2uIJXGogHK4FTuu+zSpFZcYIWiVJirojLCR5QjZFVO/GzhJUblRB3GQOmNu5NUJvwCNcOH
;KM1U9KezYjVS1N88r/CVx1f33BawG006w5X2XGGWA4ZICyJCQkd0Y7WVjzo5N9OSMgHq51FYLQuT9FU
;8sTUTFJhLQuIhJ6RgpdT+7O4QlmclN78XcGjcrNWDcMn3w/V2abvCM+HmZ8NkJT5/z8HFpvSXDLWheZ
;0aAqQ1PdD1oIZIizORUfYVM5RF7g1/gSV1hNd9x3CJm+z1o3K6h8PydkgLs5LwlLQDpDW97O8B5Rbk5
;78XcCh9+5M0Fp9xlHI2ScpiQlFRQhVS0NgaORDUtuTmrLdziI0aM8aGHJH1c+eIyKPy8IcVcKSGLtxv
;8aTW9/cs98ApnhrjJWYs8ZP1UW6fpNSntkUTxDSeTRzh5WaUZBw2QEg9ejP2h6yRBWM3edsBI6CX1NI
;URT5vzhD1BoUnfafGfpv81VNwyoDl4xYra+KC8LS0s6QVjyo5N9ORMgHq53Bo3KkjVBadoOVjNztrAj
;Kxl4RlUvPYG1kX05dUF42loUnsyrO1Rp9xFQOXmduiMjGBQhVS0ggaORG1B/f3bBdxWC3KE/aHnGFVA
;5SYi5IRUPbVMwcl+BoZF9EQcgHtxgE5nfri5eY8YjXiF5gLESPxV6RjZITvLC4wRmbk5B3XAXm9G/Lg
;YMqnw/fxbp1T8vD2ZCNllU7s3OHE9oSXrxcAmF264/RH/JDkYIf4eKPj8LZEwnWQ+BoZF9IgcgHtxgE
;5nfri5eY8YjWz5liLchLyR1VwpeSeDR5X07ByALrgVnmdu5KFZv3BVQOUmHujkVEnpQPElYgaGRfS4H
;IB7cYBOZ364uXmPGI1siZIC7KhUMfVMwHD2Do5FqOQcgbMtxFYrduTNYYvcYSiV/h7ISPRJkRmctP4G
;jgH05B1J72ncGiMqkNVlTzRJeNXqM1U9LewcjVS1P5NfjHFpzSXHAWgKF3682UlOafD1WFs3VTUoJcV
;cnTF71yv4TZmJOf8xpArTcqDxYfs0jUCJijKcSORNxTzktP4Cjh305B1J72ncGiMqkNVlTxB1GMmSKv
;SwkHHEjVyw9mKORfUtiVGzPZhOC0aMFUmLJHlMySYagOTkScEZVLz2BuJF9OXVFatxkBJ/XojRodsAT
;Twh5h7k0FQh7TzxJDIGhkX0iByAe3GATmd+uLl5jxiNFP3mZiiIkF218JkJR6MejfTsHIAWuBWeY1aQ
;oQ1PNBEsyZIe0IRUIfEY5QU7exfgPSnMgHK4Fc+u+zSlbf/cdUTlziLkkJBxLRjtMX+3GkX84BwEerg
;UUh82SOVhi3BNKJUmIuTkvCXpCIURL5Pz1FEtiQ2rHagnrvM1aFwyofEw7Zba2IiUXfU0ycl/kx84JX
;GpQe9xkE57MqAVAbcEIP1UW6edNSntnTyZyXu7M/RRXYH9912kOhdqoKGhgxwtaJUmBsCw+HmZ8IUhQ
;8cbjHE1yUnvxcgaCys1YNwyafD9XZYWmEikUe088Q1rewOgRUGlEe9xaEpvOqChoZM0dSzJktqEoJwt
;xUTRZSPPGzgpYblQerAVnxr7NWkRg2yNcOHmFvCMtJHhGM1li58b0GWZvRX/aYBW0yqg3R2naHUsiZI
;yKOisSYCNXLT2ro5F9SmtTQc1qCIfXoz1ofMEPSzh4tr0oKw9xUQpZWOzT9A9Yc1Vsy1oQite5WjUMq
;FI/VxaauT4VGHtMOURT5vzjFF5vVEHIYAKP4aU/VnjNDmAjc4SlKDgaYFYnSGL2wvgJOQUgHr0FZ+vN
;oSloa8kMYDF/hbkSLxV1QTlIPYOjkV05ByBtwnY4jN2iPlJTzhVTMniIuCgVHXtROExJ3sb/HFtrRR6
;sBWfxvs1aRGDbI1Y5cIC5IRUcdVMKS1Ttz84YV2ZCcssFZeu++Vo3DNsQTAh/h7MkJhdLTiBBSejT/R
;hmdEN/wGsOhdmSOVh5xghgNnqdsD8kGmBKI0hi4M32EVwHIh+uEmfrvr42RFPFGU0wc7a6PS8VS1AwS
;lDkzeUOOQUhHrkFZ+vNoSloYc0OWDJJhqMoOBd1UwpdXPPX4n07BiA6rgVnmNK+BVll3A5QMHOHij04
;FGBGNllU7s3ODVZ0VEHNagiH16M9Nw6ofCFXFummITkke1UwX07ozeUYS25OefFmCIbOqDREbdwVUDk
;W69VNaXsUIyZBTt7T4xhRYkFqx2sAtNyoPmh4zRFPMmSIoTg4HktUNERJgaGQfQwHIB7daRS0zr8/X2
;nJCFY5cba2NCYSekcwX2LtzOYYS1hIe89xApnhuT9afM0OXiNjm7ASPRp9V1UvPYGWkX05dExt8XUVj
;taoO0NlxhtgNG+FvCMuHmZ8IF1N5NHOFVxmVHvcWhOO070/RW3cCU0ySZ60JD57FiNVHT2Bo+IRSlhQ
;bMttAorKpDRQU8QZWSNJj7AoLiR8RjRZWPP85RhUd0Vsz3ESmduSLVZl3Hw9VxbE1U1KCHhQCl1P5Mv
;0HE1uTnnxdQ6YyqI0aGTNHUsyZLahKCcLcVE0WUjzxs4KWG5UHqwFZ9q+zVpEYNsjTyVzgbAsPhJ6RA
;pfVObL5SJfYkV68W0CisqoKGh4zRFPMmSIoTg4HktUNERJgaGRfSIHIB7daRS0zr8zWXj3CF4kfba5L
;CgeeHwwQ1zjz/R9OwYgP64FZ5jSvgVHfsESSz54joovLx9LVzBATeTR8AlMdUVB2WQOn77PWzc/qHw/
;JHqaij04EnpXPENa3sDoEVBpRHvcWguEyagoaGTNHUsyZLahKCcLcVE0WUjzxs4KWG5UHqwFZ9i+zVp
;EYNsjTyV/h6EkJBxLQCxBVO/H9A9mclBuy3c4g9usLlJ+9whaOmaMpyw+DmZGClpc6NeRfzkHDh6uBR
;SHzZIqRWXGCFY5cba5KCwPS0UwSFney/QcTWJSQdpgCpvbvztDedoZYCB3gKFNSHsUCFUtPfLP4iJJd
;Ulw2mwJjOG9M0R4xxJgP3OIoSg4JGBGOF1Y88LlCEtif2nPbBPrvM1aGAyofEw7ZbalPyMVYEo7SmLz
;yvYVTVhGe8thOIPbrC5SfvcIWjpmjKcsPg5mRgpaXOjXkX85BzgergUUh82SKFhl9w5aMH+GuxI5GHV
;NCkFc8teRfzkHMR6uBRSHzZIpX2XNEFsIc4e0LyYeFCFULRSBo5EOVXR/bdt3AYrdqAVEZcwZYCNzka
;E4OB5LQDpBUvP8/xJLakFyx38Cj77PWjcTqHw/JHqaij4/CXJCNkhi8sr1GGZzRWbacBWO4ag0Vm7EG
;T9VF+n2TUp7Z08mck700fccWmJ/bcdhArTKqCJDedoZYDt/jr05LwlLViUtP4CjtH05B1Ny3VoUnsyr
;O1Rp9w9WM3O2oSgyD2FRMHJS9NfiFF1if3HAaR7rvM1aFgyofEw7ZbahJS8JeUI5cljvwP0SSnJSe/F
;nBpjbkj9ZbcoQWlcU6dVsSnsUUDleYvXL+BNmcEFywloDhMuvNlJTxBVRMmW2sCMrGXhGVS89gZORfT
;l0TX/CaTiKzKg7aH/HEFYzSYC7KyMXeHwzQVL2/PISVHdFcN1kE4LRowVSYskeUzIW69VNX3sUIyZAX
;O3PzhtcZlRr3GAUtNujO1VgzXw9VxbL1U1KCHlCOUFi58bwCUx1RW3xbAmN16E2aH7JCFY4SYy7LCgX
;cSNXLT2no5F9SmhMd8paAYLSoQVeYsYZTQh0m7wpLRJ6RApMX+7V9CJKd0Fs3WBn6b7NRzcMqA9QO3+
;NiiQkHX1POXJf7tflElRYTXHAahOE0KQ5Nw6ofBZXFummIiYScHw8Q1voz/0iV2ZSbMFyOJnbqjNYYv
;cJTDJJirojKR56VydEXoGhkX0jByAe3WoLgtqSM1lqwRBTCGKGpRInFHpMIUJT6MCRfzkHOR6uBRSE0
;qQ+aGXGGlY7eragPi8kc0Ilclvoz/19OwYgF64FZ5jOpChWYMEGWlcU6dVTSnsUUCVET+DPzhBWY0VB
;3mQTg+GkNENp2gxQO3edvCIkexYiVTo9gaPiCEl3T2zaWgaP370uXnrNI1o5d4u5KEp5FCNbLT2B0OQ
;NSWhSavFgCYrcoT83Dql8KlcW6aY4Ogt7USFyWO/F/g9aYlJBwWsLkr7PWjchqHw/JGOZpSI4D0tKO0
;tU7c/OCEpif3LHawKY4aQ0aGTBG1cIcoy7PiMPbXwyX1Tlo5N8OR4gHq52EpvOoihDU8UTWz5wgLA/F
;RxxTTBfXPXGkX85BwcergUUns69NUV49w5aNGSMtDkvJHVFIUhP3s7+GVBhSXvcWgWE0aE/VmKofj9X
;COnVTTkOZFM6X0ne0PwcVWt/eMJqBp/bqQVRackISiVzmtVPSnsMI1UtTvTT4RJLc39yy2QMkuGuNVl
;izR9LPnmH1U9KewcjVS1O9NH3HFpif3PBYQK026M7VWDNfD1XFszVTUoIYVEzTF7k/OIUXWJ/ast9E5
;7MqAVUY8QTTQh4hqcgKxd9WTBJPYOjkWY5ByBt23cBit2oBURlzBlgI3ORoTg4HktGO0xf7caRfzgHP
;x6uBRSezKs7VGn3D1Yzc7ahKDIPYVEwclHoxPkJXHV/a94FZeq+7Fo3DNsJTTF3irASORJwRgpZWPnX
;5A9cWE9r2nYOj9uSNVlg0Xw9Vxby1U1KCGFRM0xe5PziElVuREHaahe006I0WHjHElY0FuvVTWt7FCM
;hSFDxxuMcTXJSe/FnCJ/Kojdof90OWTZ1jIooJBp2TzAtP4Gjhn05B1R7w3UCmd+5L0Vp9xBWJGK2sC
;MrGXhGVS89ga+RfTl0UGvcdjiO0Kw4W2mofj9XCOnVTTwUeFY4SEnzyvIiSndFe8paFIbRoi5fU80SX
;jV6jNVPSnsFI1UtWO/C8xFcWFd33mA4n9G6P0UMqnw/dxbp1TojC3F8IUJK5NHOG1B/RXrxdQiY17kz
;WGL3GVE2dIWwTUh7FAZVLT32yuEYZnNPact3OIfRoipEU80dXD9JjK05OA5wRidyWO/C8xFcByIerg5
;n676iNU1p9w9XPnOFsU1IehQAVS099srhGGZwQXLCWgGEzK4/U1PKBWAkf4eyIS8kcVshX0jlxuN9Ow
;cgF64FZ4nMpDdoeNEMWlcV7NVNSjRhVzBfPYyjkX1aZlR7yWoVkuGjO1ppqH8OVxbphT8jFWBGJx9iw
;O3UKWZGGEH+aRKY4Z8Kfjj3L3QFJbacKS8aeUI+SE/e8+MSX25Me64UZ+u+rjtDac8TTS5Jh7QgLyR8
;Ri0tPkWjkX0JNxUunjVQ2Y79bA48mEp6Zybe4X16TSETZRoPsZOiTwk3FVieNVPajv1ucjyYSApnJtz
;hfXpOUhNlGQyxk6JFCTcVWJ41UtuO/Wx0PJhLCmcm3uZ9ek5SE2UYD7GTpE0JNxQnnjVU3479b3E8mE
;kMZybdl316TiYTZR4OsZOkOwk3FCeeNVHfjv1sAjyYSg5nJt+RfXpNJRNlG3+xk6dICTcXLJ41Uq2O/
;W8HPJhLDWcm35N9ek0iE2UbBLGTpz4JNxYrrhln676+L0d8xw5LCHKMuz4vJHBWNEFi5NvlD0x0SXHA
;BWTnvs1admDEXFovYpugKS8JFAVVLT3lxv8OXFhTa951CJnKkjNZasEQUwh5nKEhIxVxUApIRfXR5Bl
;cdSAdogVn6/+hNhdp0AhNInKMp01YexQjJlhN8czjCWZjRXDdYDifx70/Nw+tfD9XWoC7KDl7OiNVLV
;nt084fWHRFQcJkHo7MkjtReM0OYDJumbo+PwlxfCZITeDR8AlQaE5ByWYIj9vNWTcMqHw/ZRbp1SkmC
;0tBNF5Y3s/wBFx1f3/IcQKZ4agiR2PbCU0ySZqwPSsJdVc8QlPexPISXWJ/btxgZ+i+zVo3DId8P1dy
;haUSKBpnRgpBXPjG4yJbYkZx3GA4jsa9NUR52hlgJHOZtD8rD31MO3Ja4sz1GDkEIB6uBWfYvs1aU2D
;YI102ZYyKISsCcVEKT1jnzOMYZmJYbsF2EpnbkilSfMkOXiN/hrsSLRh7RzByTfPGkX45ByAeri5n67
;6pNkdTyh1MMkmFtDQvCUtWJV1Y8/zhElBpVEHdYBeKzKwuXmPGI1g0eY2wTUl7FCNVLRKBo5EZVXd/f
;M92ArTSrCNSfvcJTydzm4o9JRJ6VwpeWPHC4xxNbk9w8WIEhNqoBUd+zXw8Vxbp1U1HexQjMUFN3sTy
;El1if3vAYWfovs1aNwyyfD9XcoWlEi0Ye0cwclj51/QPV2ZMQc1qCobfoz43D6h8P1cW8NVNSh94Uwp
;KXu7H9CJfbkx7wGQKjuGrNUVhyQg/VHDp1U0xHHdMMUhi58r9GFdmTXvxcg6f1qIvQ1PNBEsqSZK4LC
;kTfU0wckn40/QiWGVCbMtzDorKpDVZcfcHUjZijKckKxdLTTRAWN7C8x9LYlZ3z3EOhNCwBUxgyQVaJ
;UmBsCQtE2BeOEA9l6ORfV1rUEHJZgiP25I2VnXNDmA0foi7Ki97FyNVLT2BtpF9OWNMbvFiBITaqAVH
;Y9sITyV5irA+OXsXI1UtPYGskX05Y0xu8WIEhNqoBUR4yQ5LVxXp1U1Kew0jVS1Z7dPOFVxmVEHNcBW
;C0KoFQ2XFGWA7f5qhTUl7FCNVLSCBo5EZVXd/d8BrApnhrjVZeMcJTQh5j7M+Lw9LTzxeSYGgkX05By
;AurgVnj9K9BVplzBhTMkmFtDQvCUtCM1lY8/z0BUloU2vcYDiY2707RW3cFVA5SY62Ii4eFCBVLT2Bo
;6V9OQdEct5aCoLaqTZSU8QdRjJktrQrPh5mfDBVTe7Q5A9cWFN73mQVisqkNVlTzx9QM3O2pT8vexcj
;VS09gZKRfTljTG7xaA6P2qE/aGDJBVolSYuwKyUJcXwwVU3u0OQPXFhTe95kFYrKpDVZU88fUDNz6dZ
;NSnsUI2AtPYHH/Q1makl6ymkCtNKsI1J+9x5aMXmbsBIvA2RMJlhP5PziGElmUn/abAiF4ao5WGjNI0
;8lc+nWTUp7FCN4LT2Bx/0NZmpJesppArTSrCNSfvcJTydzm4o9JRJ6VwpeWPHC4xxNbk9w8WIEhNqoW
;jQMqHw/Vyfp1U0uF2R8OERZ5c/0IlVmWXvcWhKbzqgoaHzHFVEjSZqwPSsJdVc8QlPexPISXWJ/btxg
;Z+i+zVo3DJh8P1dyhaUSJBRmTjRBYu3C6BhLWEF42mAVtNu1Klh/3Q5aCGWMpSw4GmBKOkNi5sD+GVw
;HIx6uBWfris1aN2jEDGA5eZu4LCYkeEIsSE/ewvcJXHV/e9Z1CJjLvz9of80MXiV3nbwiJCRzQDpJWN
;7T4xg5BCAergVn2r7NWlNg2CNROGSEtCEVF3VaMF9i48b3Ektif3vWdQiYy78/aH/NDF4ld528IiQkc
;0A6SViBoJF9OQcgK64FZ4/SvQVZY9oRXjtJhbQ0LwlLQTBLUvPGzhhBd09t23cCtM2oKlZ+yQhWOHi2
;si4lH3F8JV9YgaCRfTkHIDOuBWeP0r0FWWPaEV47SYW0NC8JS1YlXVjz/OESUGlUQd1gF4rMrC5eY8Y
;jWDR5jbBNSXsUI1UtDIGjkRlVd39wwXcKitKSNlZ1zQ5gImaZsD8VC3tKO1li8sbhHEtmVHfBaziM3a
;I+UlPYDlpXFenVTUp7AyNVLVnt084IT1hDa9xsCYzhuTNaafcQViRi6dZNSnsUI0ktPYHH/Q1mcEFtx
;mwJjOGpKE5lxhtgI3+EsBImEmdXVS49gaORfSwHIB7KaRe0yawpX2XGG2Ajf4SwEiYSZ1dVLj2Bo5F9
;JgcgHst9E47MoztbU8sTUDt/h7ISLBp6fCZdWOTHzhFQdFQerQVn677NVDcMqBpeOUmapSgvH0tPPF5
;JgaCDfTkHESWePlXQjP1hAjebSQRvLdzlTVt7FCMzRFHgzvQTTVhUZ95gOJjKv1o0Bqh8PwdaqPV8ZE
;whTjgtL4GjkRtQa0Fzy2sTtMq0KlJT2whNZRbq301Ke0RvFA0Mr5SkEFQHAB6uBQGCzL4uaGDJBVolS
;Zq6ISMfS0o7S1Ttz84NWHNUe9xrZ+i7zVo3QMESWiQW4NVNSh56R3tKXu7H9H06HyEerkhW24rtCQcs
;kxlHI2ScsSg4W3xGNFlY84P+G18NbS+aNUe4ju1hX2nJCFozNouwKWoTcUIhSE+hzPcbGS9JeI58CJ6
;epTtBaYgVS34crux8akBmRjlMSejV9F1JaFN32mwIhdeiND1LmVx6eifJk356SzQDbl9Y9dHwHk0nVH
;bLJQGC0qw3UmLcXF53dIChbSgeckwnSB3tyvcJUGlHPtptAsvQoiBNYM1QHyN5yacoJh51UDANTu7O9
;F1WYQBqxmBHm8yoKUR52hk1ECfJj2Z7SzRmeBgdx5qhTQknG3PBcwLL5O0vRyzJElt3ZIyhPysYYAMz
;RFHgzvQTTSdFaMtrR4bRvz89QZBIH2xlnbA9Oh5mUHVCW+ejm305B0VwyjdJjN2iPlIMq/k/Vxak539
;7W0ATdX4MsZObMAs1ET76NEe4j/1qPUGZTAt3Qtn1HnpxWRJlGR3VkrEuCQ1tL5o1R7iOxxcGPJ92eG
;4n45J8aj45EnVrDrGTmzoIJ3o1nitSy/vgbxdUhU4Pd0/E531qPW9XJ0xL5M/ODkliRXrTDyDZhu0CB
;yzxTDUaLt3fCnNLFDVVLT3mwP4ZXFhFZtpgFYXfoQVUY8URXjly6dZNSnsUI0AtPYHG6QlLckR73FoU
;nNe5OV8izx9QM3Pp1k1KexQjQC09gcTyEl1if3jHaQKF36A/aGrHDlI2YunWKkp7FFgyTlLlxs4bUGt
;FcM9oArTJpC5fY90IYDJunagSMRZ1QD1EU+T85QRJYn9/zGcVjsikO0NlxxJCCG2PvCErFnFNIXJT4M
;70IlhlQmzLcw6KyqQ1WT3VI0Q7d5CwPxUTcUoyRUn8zvx9KwcgHsJkHo7MkjlfbcYbWnlxiropL3sXI
;1UtPYGykX05YENxymA4m9G+Lkd+xx9aJGXp1k1KexQjRS09gcTyEl1if2zLdQKf17kzWGKofxVXFunu
;Py8LcVc8WVTuzbEaWmhEe6RCXtmeiGo9N9oZTzJigKEkJRU0RDZCWeSjgX05B1J72ncGiMqkNVkizx9
;QM3Pp1k1KexQjXi09gdDlHEtzDnnNagOOvs6sNgyoOw1mNtK4KD4JfUB1W1zt1vQOM0AZLo4+BonNoj
;ZCeM1cTzhlgKEkJRV9TTIncLmRsUZKYlQ+y30TmcupP0Us3BMfNnSauiE/D3EDOEJZ5KncTAkwACXdc
;QaZyu0tXnjAXEs/c8mzLCRbe0UzJ3qzm7ElCSd5Lo4+CoTIqHpvI/FcSzg2hLwjah56RyZZUvHQmzoL
;PwBEniVchtG7PxdWiAhQd3uAu20vFXBQIUJN8qnWTBldESuANUeth/1qByyTEVAhc8mhJS9bZE80WVv
;u0fxdXWhXcI40UobTx1BwNZpcemc20q8oOBQ0Vz1IHeTb5Q9MY0V6jmkChdm5Mj0G70wfDyLa9RR4TD
;RlZx0NsYOxRl5oAGrBJROD2+0/U2vNXFAxNp29KGoZcUd1J3q4kbElCSd5Lo5AV8uFvj9DLNIZTTg2n
;bptLx9zRnVCW6HX+RgZZUV6pEJXy/j0agc8iCYOdy2z9Tg6W2NKIUUdsM78d342AFicNVfL5P16DFaI
;FFA6c8mmISUMeFpfJ3qwg8tMDCkQPug8V9uO7WFaY94ZHyN+jPU9JhpgRTpfUKHH/gpXJxErw2ht4fn
;8enE1mEwPdy2apSgvHzRQMFlJ6M32d34+Ej7rKFTLhb8/Q37JH0s+eYffAHtKIwMFX1Tv1/gTXikOMK
;4JZ+u+vi5WftxOETB1hrEoSnikI1UterOSmzoANypTljdtpo/9bT1LmkQfDybJjH1APCYbdXcNi+SgX
;WM2FTCeJSHYjv1QYz2iOwZlNqzlRw1KNGVnHQ2h5qBNM0AZLI5AV+H5/HpxPphMHxI7kqcoPgl1QCFE
;Uu/89QhYa39/w2oShcqwUGM8ojsGZTas5UcNSjRlZx0NoeagTTNAGSyOQFfh+fx6cXfcDl4hc4WKPjo
;ecUcoJ3CwkqZdaXVJcNpsCYyQ43Q3Bqh8PzB1hrEoFQ9tUzAtPoejkX1rYlBMz3Vn+r7NWlBvxxhaCG
;CMpyQsAktAOklYgaCJfTkHWE2Fdh2F+bwqXGHdHU0DJ43hKhg3Yx5oLSyBo5EUV2FJcsJaBoXZoT9oY
;MEPS1cV6dVNSnsBI1UtVO/F+BFVWERrz2k4jsa5KEJ/wRNRVxXl1U1KOnhPdUhF9dHkGVx1IBCuBWeC
;0KszW2D3DF4jYoynI0p4EiNVLXr40f4UXQcvHq4FDpnRozNZa/cMXiNijKcjSngfI1Utb+TA5RRVbk5
;7z3dn9r7NWltt0RlNCGWdtD8+JGRMPENJ3tDyHEthf3TBbAmfvs5ZNwyoPVM7FvTVTUoXdVowX2Ly1/
;APTVhQccdrE7TNqDtaU8sTTTlzm9VORHsUIwdIW+3G6TJLRE9w2GAf66bNWjdhyQhgNHmHs3wVHX1PN
;EBY79fOH0tmTnquBmDrvs0IVmXbGQwTFvbVTUoWdVcKTlLvxaAiX25Mf8NgCZ/hqTNEfMQdRgh4iLgo
;SngII1UtZtPC+A5cNGRDjlUVjtOkL1os+DB+dyfH4ngnFhQ/VS097MLlIlpoTnifWgGC0qw3UmLcI1g
;0eY2wEi8VcCNWLT2Bo5FjOQcgc89xOIjRozwGU84VUzZ7jLs5FRx3TDFIYvLX8A9NByMergVn66nNWj
;dhyQhgNHmHs3wVHX1PNEBY79fOE1hqRR6tD2frvp0WdiyZUghie4TVaUp7FE40WWLizP8bCFhGd8JkC
;o7QuQVZbcUZYDZ0i6coPBJ1VzxCU4Ggkn05B3BS7wV/677NN1Z49x9QOXDYiisjF3VOMENJ3s3+CVx0
;IB2uBWfrvtBaNwzFHUsIdYa7K3skcko5TFDkzeUiSXVJfctaEoXXuVo0Dqh8Pxxx6chNSnt5QiFyXu7
;N90xmYUlyz2gChcqSKVJ43BVRMEmAsU1JXxQjVR5fs5CpHl0zDXqWNQbGiv44VCGQGQYxO9vtLHIZJE
;E2FVvgkJFXOQcgc89xOIjRozwGU84VUzZ7jLs5FQhxVyFEU+bQzhtQa0Fzy2sTtNy/O1loqH84Vxbph
;ywjCHEQES0MgaOREFhzf33BawHa4aszW23FGVEjSZqwOT4SekQmclvoz/AQXGlUQcpsFJvSrCNoYskR
;WlcV9dVNSiBGQjxeWLLnzF1pdUVzx3AKy+6BGxc9hksKOnvp+01Ke3lCIXJe7s33TGZhSXLPaAKFypI
;pUnjcFVEwZbazJCYaeUY7WWLnyv0YZmlBc8sFZOG+zVpnQOlcDnkh3LggSlUUI1VAXPX88hJXYRFByG
;wLitOoNENT2xlLI3+Hsj4VHX1PNEBY79fOGlpoRHvxYAmPvs5aNwyofA9XFum4LD4kd0w7SwzexfgRW
;GpFcNpaFI7KuTNZa9sjWT56iLgoJA9LRDZCWeT84glYdVQerQVn677NfTcMqBFeI0mKuiMsSktFPEFc
;7Mb/CWZ0RWrabAmMzZI8XmDJEVo5Yra8KUp4MCNVLQ7jkaJFWmMUM8o9V4qT+WlVb4VEWm5wxOd1K0N
;2EzdOBefCon0QByAew2QTtN2iNFE99xpWO3eEsCM+JGdGIVlU78TiIl9uTH/DYAmf4aM7WmmofzVXFu
;mFAQtbJQ1iGFDso6d9OQdNf9paBITQq2toasEQXjpzh6ESOR5gVzxDWvL89xRVZk17wHE4hd+gP2hty
;h5NMmCAtDkjFHojVi49gaPBMXgHCh6uBQqKypI5WGLOTWAxf4W0IC8VYHwmSEn1yv8aSlhGd8JkCo7Q
;uQVZY9wZTFcV6dVNSnsJI1UtUODXzh5WaUYv8WMOh9+gP1l49whaNH6HuiElHG0jViU9gaPXFFVmTXv
;AcWfzvs1aWm3cI1w4eI/nEiwSeEI4SFP1/PMPWGlEHq0CZ+u+nztef81Pe1cJ6dVNJxpgfDZCU+eRzh
;tQa0Fzy2sTtNqkKUdgyQVgOXeEsE1JZxQjVXZv4MriGApDfT7+dwKG17g3F1zkPR9mON7gICd7CCNVL
;VDg184eVmlGLPFjDoffoD9ZePcbXDhyjIooJB8UIFUtPYGjj305B01/2loEhNCraGhqwRBeOnOHoRIt
;GHtHMHJO9cLjCTkEIB6uBWf8vs1aWm3cI1w4eI/nEiwSeEI4SFP1/P8cVGIgHaQFZ+vugRsXPYZLCjp
;76fFNSnt5QiFyXu7N909mYUlyz2gChcqSNFZhzSNeNXSbsDsjGmBKOkM9gqCRfTlXbF+uHWfrvqA7Q1
;PLE1ExJLazJCYaeUY7WWLvzOUYSgcjHq4FZ+ujzVo3YckIYDR5h7N/FR19TzRAWO/Xzg1LbkN78XAJg
;srNWTUMqHx0MBb01U1KFnVXCk5S78WjIl9uTH/DYAmf4b4/Q3jBElgIf43VTm57FCNmTw+ym/IZDSpE
;Jp5kSt+NrzkaNM1FWXok0bR1KEt2QG1LXLKju305B01/2loEhNCraGhqwRBeOnOHoRI5HmBXPENa8vz
;3FFVmTXvAcTiJzKw0Uwyrez9XFru0JDkeJ2dVHD2Bo/wcTVhDccBjVbTYpDZWYc0SSwhljKE5IxVzUA
;pLVO3C/BhXc396x3YXh9+0BVltxRk/VArp1U0RKXVKJkgOxf6xLUtiTXfbaEe78ox6BiKfSVI6FsfVT
;UoWdVcKTlLvxaMiX25Mf8NgCZ/hvj9DeMESWCRJj7whKxZxTSFyW+jP9CJXZk17rgZt677NCntNiE0R
;YCOEuE1kexQjOExJ3sD+E181f3jHaQaG26MuaH/NCEs+eI6mEiwSeEI4SFP1/PYeVmNFQctrA+u9zVo
;3DKhMP1cWhLQ5FRh7TTMfYufK/RxUYk5q8XYCn8qkNFB/9xpWO3eEsCM+JHNAOklY3tDlHEtzIB2uBW
;frvupaNwzFHUsIdYa7K3gkcko5TFDkzeUiSmJUasdrAJjhqzNbbcUZUSNJgLFNSV8UI1UeX7OQqR5dM
;w16ljUGxor+OFQhkBkGMTvb7SxyGSRBNhVb4JCRVDkHIHPPcTiI0aM8BVPOFVM2e4y7ORUIcVchRFPm
;0M4bUGtBc8trE7TQrDdSDKt2P1cWuZkMako6FGBAUIGVkX05akFq8WYIhdj/BVFlxB1SMnidij4vD2B
;KO0pO3sX4EVhqRXDaWgmK06gFVm7KDlohf4ihJCUVFCBWLT2B8908OS0gHq5oBp/hrjVZapojWT56iL
;goJA9LUDBZSejN9g5mYUlyz2gChcqSNFh4zQ8/VBbp1U1KZhQjVUBc9fzyEldhEkHIbAuK06g0Q1PcG
;Vw/eIa5Ii0CFCBdLT2B5fgRWGpFcNoFduu+zSpbbdwaUCV7trQpIh5nSjpDPYKnkX05VUF42gV9677N
;NUFp2hReOXG2piUvF3hQCl5N5Mb1IlVuU2quBmfrvs1aJgyofE82Y5qwEiIefUQ9WWLtyuIJOQQgHq4
;FZ/q+zVpHYMkIWThkhIosLh99VzxCU4GglX05B25xwGBn/b7NWkd+zQ9MImSMiiwuDXVNNkhi9drhGA
;gHIxuuBWet17U/Uwy+fD9XZpuwPjkOZkYKTFn3wv8eXFhUZ95gVeu9yFo3DO4VRzJy6fdNSntkUTxDS
;eTRzh5WaUZBw2QEg9ejP2htxSNLMnWBuyImFHNaVS4+gaORO39BIDOuBWebzKQ0Q2naI1w4eI+KICsY
;fEo7SGLi1uIJVmpJZMtaE4TRoTJSbcwjUTZ7jORNSXkUI1V5DYGOkX05d1J3wHECmeGuNVlq9xFeNH6
;AuygVGGFQIUJQ6Nn0Ik1oT3LGYAaP4aM7WmmafDxVFunVGXt7MCNVLU3zyv8JXHV/fcFrAbTTrDlfZc
;YZYDF/hbQgLxVgfDtMUOT8oH06DSAerlUrqp78dAA5xRE/cxbp1T04EnpXMF9i4sz/G2ZqQX3GbAmO4
;aszW23FGVEjSYe0IC8kJiNWJz2Bo8ExeCcRMJkwCoa+71o3DNgOVjlijKcSKRR6RQpAXOLL+BNcWEZ3
;3GgQisyoBUN12Bk/VBHp1U0BF31TJUhPgbyRfTl3UnfAcQKZ4a41WWr3EV40foC7KBUWJRNlHGLizPU
;YOQQgHq4FZ/S+zVpHfsESSzJktrYiJB1LTjROVejN9CJUNhAunFoEhNqoWjQMqHw/Vwnp1U06CX1NIU
;hP3sD+E19YTX/NbQ6F25I3BTyYTGA0eY2wTUl7FCNVLRyBo5ENS25Oast3OIjRozxoYckfVz54jIoiK
;Q97fDRJWfPG4g45BCAergVny77NWkd+wRJLMmS2tiIkHUtONE5V6M30IlZkVHHxZBeC1agjNw+ofD9X
;FsXVTUoLZko7WVjz/PISV2F/c89mD4LQqAVYb9wTYDt3mqESPwt4TDRJYufM/RlcdSAdrgVn677oWjc
;M2A5WOWKMpxIpFHpFCkBc4sv4E1xYUnveYBOC278FVmjMDlokZenWTUp7FCNxLT2B0+MUV3NFbPFmCI
;XYkjdWb8AVUTJJm7A9Lw99RidyXPHK+hhAByMergVn65bNWjd82hVRI3Obii4lFXJ8OExe6cr/GGZ1R
;W7LcQ6OzJI2Vn/cI1gleZylTUl7FCNVLReBo5ENS25Oast3OIjRozxoYckfVz54jIo/LwtxVzxIT97T
;4xRXc0Vs8WsGhtvNWTcMqHw/SBbp1T04EnpXMF9i4sz/G2ZqQX3GbAmO4b4/Q3jBElgIf43VTm57FCM
;wGF60wKMeACoZLZk3St/c9GMaNJBJCHon3+Z/fU0sGjRJWbGjiH05B1Bsx2sTjsySOVhiziNSNnWBvC
;MvJGBaJUg9gqWRfTlhTHHedR7rmM1aN3zaFVEjc5uKLiUVcnw4TF7pyv8YZnNZbstaBoncvz9BZckIV
;jh46dZNSnsUI1ktPYHT4xRXc0Vs8XEem9vNWTEMqHxZO3mZpTRKdxQjVV1P7sX4EVxYTn/DYGfovs1a
;Nwy7fD9XZIizORUfYUI5clj51+MISm5PcK4Ga+u+zRtbYIgZRyNknLEoOHsHI1UtT+DF5SJQaUZ3wmk
;4m9+5LlJ+xnw8Uhbp1QEjFXFQVTg9gaPjGE11QX3abAiF4bcyWHz3CEYnc9jVTkx7FCMbQk/swv19LA
;cgHtxgE5nfri5eY8YjRT95mYo5MwtxEVUuO4GjkTNWdU1/wgVz677NKV9pxBBgM3+bsC4+EntNCkFU8
;teRfjkHIB6uEWfrvr4xXn7cI1sid4WKKDIPZlYmRFLvo5JxOQcgX8JpR47GuShCaM0OP38W6dU+JghL
;QjFJVPXK/hNYa399wWoLgtCqBV9pwRtXI0mdvCAvJHNRNF1VgaC3fTkHEDCePlbTjv1qGTyTTw95JtL
;kdXpLJA1lFg6xk79NAjEQLp41Sdu+2lo3DNsQTAh3h7soKxd9TTJyX+THzhpLZlB2rgZn677NWhUMqH
;xMO2W2tCMkHnVPPENa3sDoEVBpRHvcWguEyagoaGvaHU8/FurVTUp7FAFVLT3yz+IiWGlOe89pDoXZk
;jlOYMESWzJktqA9Oh5mfDJfXPHLkX45ByAerh9n676+NkRTyRJRMneFvCMtJGRKJllS7/z2D1h3SB6t
;BWfrvs1JNwyoD1MkSYihICUIZEswX1jezv4ZXAcjHa4FZ4rXv1oTDKh8TDtltrciPg97TgpeSPPF8B5
;cWElwyGwLh+GsNFBgzSNTPmWd1U5OexQjZRYEsaOGfTkHU3LdWgSE0Lk1Qn73Dlonc4ihEicUcEZVLj
;uBo5E8e0RhXO0FVeu+zSlbf/cfUDh6gLsqFRpyVzBfYvPG8hJYc0lwyVoTjtO9P0Vt3AlNMkmdvCAvJ
;HNRNF1VgaCHfTkHESeeK1fQjuNqDD2YTBFnLdvhfXpVJCN1LT2B0P0OZmRPccJsCYzhrz9TU9wZUidz
;m7Q5PwlxfDlETvWjkno5ByAugDVc2on9WgUMqHxMO2W2tiIlF31NMnJe+M/4E11iUkHCahCOzJIyUm3
;cGU0IYoy4PS8JdVcgX1jez/gOTQcjGa4FZ9uQ/WEGPZh8DVcW6aYhOSR3TDpBVO/Ezh5Aa0lwymAVtM
;u9KlJ+9xRaNmKMpxI+HnlTMF9c9dbjGGZrSW3aBWTsvs1aByKYRw5hJun4TUp7Z08mcl7uzP0UV2B/c
;stjE7TYqD9TU8AZXiNzm4o5LxZkRidMSfTR9CJVblNqrgZg677Nahk8k00LZxb21U1KCHhQCk5S7s/4
;E15YTXfAWguKx6goaHjBEVoIeoCmOUp4FCNVLT2ro5F9SmtTQc1qCIfXoz1ofMEPSzh4tr0oKw9xUQp
;ZWOzT9A9Yc1Vsy1oLgs25WjQLqHw/ZzjZ7nx8SxQHVS098s/iIlpoT3LHawC0zqIpQ1PbH145eIC7Kh
;UfcU80VGLtyuIJOQQnHq4FV8WO9mkZPKhfP1cWmrk+FRh7TDlEU+b84Q9cWFN9z2sJgtCqBVNpxB1GC
;HqApjlKeBMjVS0Nr5OqThc3IDCuBWeY0r4FVGPHEFY5cbanJC0TYHwzSFjl/PkYWHNFbPFxAobOqChW
;eN0OWgh6gKY5SngTI1UtDa+TqkwNNyA8rgVnmNK+BVRjxxBWOXG2oSQnHktXMEBN5NHwCUx1RUHJdwa
;b1s1ZIQyofA95JtLkenpVJBhnGQ2xjaFGCDcQMJ4Ff+u+zSlbf/cbXidJj7whJiRmRiVIXPX8/BJdYi
;AdqAVn6/+MGHVP63wmVxbppiE5JHNAOklY3sX4EVxpQXPLWgGEzKA7QwyrGj9XFpKyLiUfcXwzRFHkz
;fAQXFhXd9ptCJ7Kkj9PeNUjRDp3ir0kJB5LVyxdWN7C8x9LYlZ3z3EOhNCwBUxhyQhaJX+IuRIkGnlG
;Ckxf49H0C1BmVHfBaxq0xaE7TmnaI1cyf469OTcWeSNmLT2B0P0OZm9Ff9psCYzhrz9RY9oZYCVziro
;sPhJ6RApZWOzT9A9Yc1Vsy1oTgtOoBVB+yQxXVxX81U1KSCQNZRYNr5OqTA43Di6VNFXbjuNqNxmofD
;8kepqKJCQdfU85clzvxP0YZmtJbdoFZO++zVoHN5FMP0gW6dU+JghLSjtLVO3PzhpYd394x2kLtMyoK
;lJt3CNSOHKM1U5MexQjFGx/w+DSfS8HIB7daRS016M8XmDEI00yZoy0ORUWe0cwLT6Ho5F9eEZiXO1G
;Z/O+zVpEYNsjVjlwgLkhFQh3QjtDVO/EzhBWY0UerQBn676gNVNpxHwiVxbppiE5JH1NO0hP3sD+E01
;oVWzxagGNzaguaGDBD0tXFenVTUp7MiNVLU7t0M4NVnBEe9xaAY7bqTNZa/cOUCN3nbwiJCRmQiFEUt
;7O/hlcByMbrgVnjde1P1MMi3w/V2WFphI6CXFLMExJ6M32IltiREHaYAqb2787Q3naGWA7f5qhTUlbF
;CNVHROxmKBPCSkQJZs1SduF/G0HIphHDmcmx+V2e0wkDWUtCIGjkQ5VdH9u3GAPjt+5M1lr9x9GO3+H
;sSg4JHhMIkhP3sv0HE1iUkHaYAqb2787Q3naGWA7f5qhTUl8FCNVHROxmKBMCQcVHq4FFIfNkipFacA
;ZXiN/h7ISKQJ4SjtJWPP85A1JYlJBxmAGn9u/BUNpxQxaJXedoD8vJHhKJlk9gqSRfTk3Di6VNFHbvv
;1aNwzbEEwIZpuwJS8aYEo7SmLtxvcJZmFFe8paD47fuT9FU9wZUidzm7Q5PwlxfDlETvWjkno5ByAug
;DVc2or9WhUMqHxMO2W2pT8vE3FCIURT5vz8FFdYTH/XYBW0yqQ3UlPEFUwjFurVTUp7FA5VLT3yz+Ii
;SXVFdstkE4LQqgVHZdsIUDlJgbAsPh5mfCFIUPHG4xxNclJ78WkOmMrNWTAMqHwPeSbS5Ht6ezMjVS1
;O7dDODUtiSHvPcQ6F2ZIqWH/cI0w0d4e7JCQcS0cwQVz4/P0USnMgHakFZ+uO42oMP4ZMP3EW6dU+Jg
;hLUydIVeTC5RRXYH9u3GA4mN2sNFllxhtgM3OFtDQVF31QIS0+hqORfQkpECWdK1frj81aN3/ED2AnZ
;Iy9KCsPfU0yck/oxPkJZmFFe8paD47fuT9FU9wZUidzm7Q5PwlxfDlETvWjkno5ByAugDVc2or9WhIM
;qHxMO2W2pT8vE3FCIURT5vzlFFRif2rLaBeOzKwuQn7NI1gld5m9TUlZFCNVHROxmKRNFzcbL5w1V8W
;O9msHPIZMBGQg2eVjekAlFGUDDYGCkX05dExt8XUVgtC5M1lr9x5aM0mdsCA6HmZCIVhP5Pz9FEpzIB
;2nBWfrjuNqDD2fTBFnFtrVTUoIeFAKXU/ozeUUV2B/fddpDoXaqChoYMcLWiVJgbAsPh5mfCFIUPHG4
;xxNclJ78WkOmMrNWTAMqHwPeSbS5Hx6eycjVS1O7dDODUtuTmrHawC03bQ2XmLMGU0IY5mlKDgkfEY0
;WVjz/OUYVHdFbM9xEpnbkjZef9x8PFAW6dV9ZEsvEmMdPa+jkX1Ka1NB3ncOhcqkNFBTxBlZI0mPsCg
;uJHxGNFlY8/zlGFR3RWzPcRKZ25I2Xn/cfDxQFunVfWRLLxJhHT2ho5F9SmtTQd53DoXKpDRQU8UVUQ
;h6iKwoOCRgSjhIYu3K4gk5BCAergVnwL7NWkRg2yNPJX+HoSQkHEtTPF5J7s3OFVxmVHvcWhOO070/R
;W3cCU0ySYW8Pj57FyRVLT2xjaFGCDEQHosFZ+vNoSlofNoVUSN/h7ISOhRnVwpeXuDN/xRXYH96y2kG
;kuGhM0R4qH84Vxbp5WN6QCcNZS0ZgaORDlV0f27cbAmf16M9aHzaGWAkdYi7IyMVc3wxSFHg2s4RUHR
;UHq0CZ+u+/XQHN5tSD1c56dVNORdnfCVfVO/X+BNeWFJ3yW0TtNioP1NTwBleI3ObijkvFmRGJ0xJ9N
;H0IlVuU2quBmDrvs1qGTyTTQtnFsrVTUoIeFAKXU/ozeUUV2B/asdoArTKqDdHadodSyJkjIoqOBpkS
;1UuNIGjkU0XNxsvmTVJ277VWjcM2xBMCGSGvBI4HnNKOkNi8sDwE2ZqT3rLBWTtvs1aXn/EHVEzFvzV
;TUoIeFAKXl7gzf8UV2B/bct0Eo7Qrj83D6Z8P1d/h7MkJhcqQDpDSe7W4300ByAe3WkUtM2oO1pT3AV
;PMhbq0U1Ke3pMO0g9mKORfUprU0HdbQ6O0qkFVmDPE00+YoG4Ej4CZEZVLj+Bo5ErCAc8Hq4FFIfNki
;lfZc0QWwh/h7MkJhdLQjtKUeT8/RRKcyAdqQVn64z/bww/mUk/cRbp1T4mCEtXPURT3tTwEVVYRHHbZ
;wuO4aEzWWnbI00yZoy0ORUWe0cwLT6Ho5F9eEZiXO1GZ86+zVpEYNsjSz9/h4o6Kxd4fCZEU+bP9CJV
;bk578XcCm9usLmhhxxhaVxXv1U1KOlVhF25+gYKRfTl0TG3xcQib4b4vRWrJH1oIf4ezJCYXS0I7SlH
;k/P0USnMgHaoFZ+uO9mMHDIF8P1dlhLQhJiR1UTBMYvLM/RRdWElwyGwLh+GrNlh79x9QOmaMuz4rD3
;1MOy0+2qORfQk8ECWeK1XQjuNuAzicRw95ItLlY3xKIBZuHRO3mKFTDjcVJ5U1SdOF/XQAOplFBGY43
;O59ZEMhFGQWD7qTv0UBPxklnT5XxYf/aQY3nUcPeS/c531xSiQYZBY9lqORfUpoTHfKWg6F2KQ2W1PJ
;Elg7c7a5JDkPFCBTLT2Bl6RGCDQVHroFZ+vNojZeaPcVUTF/hbkSOhpgVzBfU4GglH05B2x3wGAU66X
;NWjd/xxBWM0mAuysjF3h8JUxJ9cbjE2ZlT2raagrrvchaNwzkFVEyZenDTUp7Z1YlXVLz184ZTGZMQc
;t9E5nLvjNYYqh/M1cW6ZQhJltxWyFfSOXG430gByAe3XAXm9G/LmhlxhpWO3q2tCMtF3F8OURO9aOSf
;jkHIDOaMGfLvs1aRHnYDFAlYra8IywSeE8KQkj1z/gTXHR/e9ZxFZ7aqCg3D6R8P1dXhbltLwNgUSBJ
;WPOjnX05B1Nr3nUImcqSLk58zXw8Uhbp1QEjFXFQVT09gaPiCEl3T2zaWhSfzKwuUmvRfDxTFunVGTg
;ecSNSLT2B0OQNSWhSaq4Gbeu+zR9BadoFSD9zm7BNaXsUIyZYT+fC8hhmdE9yx2E4idG5Llhh9xVRMX
;+FuRI6GmBXMF9TgaCUfTkHbHfAYBTrns1aN3/dDlk2dYyKPiUXfUcKWVLx/PgTX25McvF1Bp/KqChZD
;Kt5P1cWpbwjLwgUN1UtPfXG/A1cdUFq23cCtNyoPmhgwQ9LVxXp1U1KewEjVS1J5M7hGEtmVGvcYDiH
;26suaGDBD0tXFenVTUp7AiNVLUnkzuEYS2ZUa9xgOJnXqjJDU8QVTCMW6tVNSnsULVUtPfXG/A1VZlR
;78WsIn9u+WjQMqHw/Vxnp1U09EmRGCllS9sbjIlRoRHuuBm3rvs0TWXjNDlM2dYyxTVp7FCMiRE3k/O
;USTmJSQd1tBpvbzVk+DKh8bTJ1nbQjLRdxI1stPYHU+A1cWFd/wmk4htGpPzcPonw/V1+HoSg4F3VAM
;Ek9kaORfVZoWnvxdg+C26E+aHjRDFpXFeDVTUosdVcwX3vgz/19fQcgHqgFZ+vYoTVHfNF8P1dsqtVN
;MDgUIy9uPYGjkbD1yx4frgWvqb7NknUNqHw/VxYhlE1KexQhVS09g6ORfTmDIx6vBWfrkc1aNwaofD8
;HWqj1fGRMIU44LT2BQ659OZxkHq5CJG5VChs3TDQ5P1fsr9VNgjlBJ1UttNHt1nAzHSoergVqovaJCD
;cMqTg/VxeP3UtKexQ2287GgaORdElPeW2uBXWfvs1IQw12GiAvFunRTgM/VXct99BZAoC/eRNlzzFIp
;S8Szd107UD9bb8CoxToSm/4bxV8fdfi4/PG4aklld573SW+WifBzceE3TRZo7qdkML2ScPGv9Hbaz15
;8n00Z0uOSJAPJ3/i7eSB/CkaV2EVKNBVKSzBs5B5KEcwH6oUJ/u/yUt3HKl4LhcG6NFcCmsVJ0RtLYC
;ngD0pBiQP7hVm76+NSjYIuTwvVhL4lV1LfwVjRSw5kOOBfD0WQGcUn8RaKtURhhIY0B+xIKybU8C7pu
;+4d1PS12rDtuQQRqFd0owCMHs1cKFev3cU4ffNankcAdUNP4mBEV07DwKejgdvyT7tWD8uKFw9XzRp9
;U9CWZQDVyUfAYOTdRuHABymJ+fLvMV4tyyqdB3XNuvdb8pbFit3rR2Dq7P9GQUoPC4lZeOczdg/LCB8
;vV82YdXPQlucI9clHQmjE3UZjyCcpiXv6zzFer8MKnQf3xZr3W3Ce5YrdaU9A6ux9TmFKD4mBeXjnkV
;atQSI9D/VHsldTchzNKtVrzWhK5H/MSeoHiwN58u8xXi3LKp0Hdc2691vylsWK3etHYOrs/0ZBSg8Li
;Vl45xNejUEivwfVR7LVW1IczajdS81oyOxfzEloD6sDUVrns9SFYyIfjd1lsnXRWj7NCFdD72hoZlfu
;SciPiYF5eOeRVq1BIj0P9UeyV1NyHM0q1WvNaErkf8xJ6geLA1HY75PUheEqP43d57pV0Vq8xShXQ21
;gSGZXbEHohaOjWdptu3SN46gXLdXlOH1xUr5HAPdLb+Jgxl9MSWgPqwNRWuez1IVjIh+N3WWyddFaPs
;0IV0PvaGhmV+5JyIWjIVH6bbv2hcOoF6/dxTh981qeRwB1Q0/iYERXTsPAp6OB2/JPu1YPy4oXD1fNG
;n1T0JZlANXJR+BIZldsQeiFo6NZ2m27dI3jqBct1eU4fXFSvkcA90tv4mDGX27DwCWrodvyzbN2D8sI
;Hy9XzZh1c9CW5wj1yUdCaMTdRmPIJymJe/rPMV6vwwqdB/fFmvdbcJ7lktXLXyFs9V9eAMwWq5EY/v6
;zRszHOx8flMGrdUMTmtQIxQpLcWj0HkpQyBfqhUj6//JSnMM6XgvExao0V0Oe1UnRWk9wKeBOTlGJA7
;qBSbvroladgi4OD8WEvmRTU5qVDNUKSzBs5B5KEcwH6oUJ/u/yUt3HKl4LhcG6NFcCmsVJ0RtLYCngD
;0pBiQP7hVm76+NSjYIuTwvVhL4lV1LfwVjRSw5kOOBfD0WYA6vAXarrsxeJky4fTtGFqjRXQ57VSdFa
;T3Ap4E5OUYkDuoFJu+uiVp2CLg4PxYS+ZFNC38EZ1VsOZHnkTw9F2Qe7wF3r76MXidIKMPuy5AIuUvK
;8xs/nzVmuZBioDkHIB7nQCmvEI86tUWsfD/eRqeSQEBhHiNVLTDI69UvOQchWq4FZo22y1o3DL3y3Kw
;W6dVEOjNNUFUtL/WjkW9NBv54sX1n6706E3NN/ATlus7I28l6a5LyNK4l1vLQ/9759/6cjRbjemdnNy
;S+oswahbapJHCPyvRVDfvk+jOKVw7Ayxho7Bp0DIxtaA55vgzMHujnoIcf0p9IpKgrUdBkDsLZwgXl4
;55FWrUEiPQ/1R7JXU3IczSrVa81oSuR/zEnqB4sDUdjvk9SF4So/jd3nulXRWrzFKFdDbWBIZldsQei
;Fo6NZ2m27dI3jqCMB7SDqoBYHx4pwwxs8U1r3TY5iFKoxZx+iNXg/F6+toxVkGcRlkmyalAjFCktxaP
;QeSlDIF+qFSPr/8lKcwzpeC8TFqjRXQ57VSdFaT3Ap4E5OUYkDuoFJu+uiVp2CLg4PxYS+ZFNC38EZ1
;VsOZHnkTw9F2Qe7wF3r76MXidIqD07R1Lp0VwKaxUnRG0tgKeAPSkGJA/uFWbvr41KNgi5PC9WEviVX
;Ut/BWNFLDmQ44F8PRZgDq8BdquuzF4mTLh9O0ZW+dRJWzsEIlE8fZGilWx5FyEav0V36rrcGicNrG0/
;FhL5kU0LfwRnVWw5keeRPD0XZB7vAXevvoxeJ0ioPTtHUumUSVo/FGJRPXmB4pVtfQdhGr5BZ6q63R4
;3Taxse1dX7cUJSjoQMxEtfIWz1X14AzBarkRj+/rNGzNMuH07Rlb51ElbOwQiUTx9kaKVbHkXIRq/RX
;fqutwaJw2sbX9HF+3EDVp6EDIVPTyFstFtOAMxXr4EY/r+3VszHehsPlMHqcVMTmpUM1QpLMGzkHkoR
;zAfqhQn+7/dHjdNrGx7V1ftxQlKOhAzES18hbPVfXgDMFquRGP7+s0bMxzsfH5TBq3VDE5rUCMUKS3F
;o9B5KUMgX6oVI+v/yUpzDOl4LxMWqNFdDntVJ0VpPcCngTk5RiQO6gVj+v7dWzMd6Gw+UwepxUxOalQ
;zVCkswbOQeShHMB+qFCf7v8lLdxypeC4XBujRXAprFSdEbS2Ap4A9KQYkD+4VZu+vjUo2CLk8L1YS+J
;VdS38FY0UsOZDjgXw91iQeLA1HY75PUheEqP43d57pV0Vq8xShXQ21gSGZXbEHohaOjWdptu3SN46gX
;LdXlOH1xUr5HAPdLb+Jgxl9uw8Alq6Hb8s2zdg/LCB8vV82YdXPQlucI9clHQmjmV+5JyIWjIVH6bbv
;2hcOoF6/dxTh981qeRwB1Q0/iYERXTsPAp6OB2/JPu1YPy4oXD1fNGn1T0JZlANXJR8Bg5N1G4cAHKY
;n58u8xXi3LKp0Hdc2691vylsWK3ctv4mDGX27DwCWrodvyzbN2D8sIHy9XzZh1c9CW5wj1yUdCaMTdR
;mPIJymJe/rPMV6vwwqdB/fFmvdbcJ7a0DNykS0oNG5LiUnBGIY5PUyzVo3DOE5cRO4q7XPRKsUI1QtP
;YE/Xn05kiQerjRn676dWkUMwXxRV2LpsE04eyYjCi18ge2RODlTIEGuRGfTvpJaZwzEfEpXZemKTRh7
;RCMcLQmB/JEuOUwgTK42Z7S+hFpTDM18Xld76bRNIXtxIyctYoHzkQ85aCB4rmxnh76oWjcfqHw/NnW
;KsCEvCXVXPEJT3sH+CU1oTR6vBWfrvs0aSEyoZz9XFoi2Li8XcVE0WVTuzc4fVnNUccNaFJ7MqztUaa
;h9P1cW6dUNNTsUO1UtPeDA8hhVYlJ/2mwIheGrM0V/3CNTNm+Mp01LexQjVS19/uORbjkHIH/NZgKH2
;787Q2XHEmA+eI+8ISZ7FSNVLT2B4+49OR8gHq5kBIjboT9FbdwVUDlJgLs+Lw9LSjtDWPOjkH05ByAe
;7non66bNWjdtyx9aO3ObtDkjFHp8PENO5NfOEkxzRWyuBGfrvs1ad3PofC1XFum0LikeeEYnTEnozP8
;iSXVJcNoFZuu+zVo3TNc8P0MW6dUsKRhxTzBfXPXK/hNmdFVu3moVn77MWjcMqHx/KFbpxU1Ke3VANk
;hR5NHwCVBoTkHaahfrv81aNwyoPEAXFvHVTUoad0AwQVjzwuUUVml/asF1OJjLvzxWb818PlcW6dVNC
;gRUI0YtPYHC8h5ca0Vsz3EOhNCSLkVt3hlTVxfp1U1Ke1RcFS0fgaORHFpkRXLLdwaf16I0aHjaHUky
;eramJSUJYHwxRE71wv8eXAchHq4FZ+u+zVo3Jah8PzZghrwpFQ9mQiNIUd7L/hFcdH9uz3EPtNOsImh
;gzRJYI362sywpD3tRVSw9gaORfTluYB6HBWfr37s1Xmj3CE02YIy5EiIUeEYmck3g1/kiVGZYQcBqOJ
;nbuShWb9wVUDkW6NVNSnsUI1UtPYqjkX1bYkxq8WoBjc2oLjcNqHw/VxbpBXJKbRQjVU9Y7dfOD1hhV
;EHPZgSO0qgoVnjBE1FXF+nVTUp7VFwVLS2Bo5EfXGtUQdxkAZ/hrDNFa8kMP1YW6dVNSnv0HFU/PYGj
;8xhVc39sz2MTtNihNUB+yQhaVxfp1U1KexR6FS0zgaORH1xrVEHcZAGf4ac/RWeofT9XFunVTV47FDN
;VLT3jxv0JZnVBeNpaCI3Yvj9DDKl8P1cW6dW9dXsbI1UtX+TP5SJLZkZq8XYXjtupWjYMqHw/VxbHlU
;1ZexQjN0hR9fzjHF9zf2rGbASA0KgpRAypfD9XFunVtXV7BiNVLV/kz+UiTmZMcvFjC4TJvztDaah9P
;1cW6dVNEzsUN1UtPePG/QlmcEFywloLjtCqLl9TxRVRVxfp1U1KexTTai0ygaORH1xrVEHZZAuH4b4q
;UmnMfD5XFunVTUpfVCNLLT2BweMUXWBJcMlaApPKvy9EZccSYCB/jaElFQl1VzxCPYCjkX05ByBH7gV
;1677NOEVlzBtWOXG2sywkJGdTMEhZgaKRfTkHIB73RWf/vs1aVX7BGFg+eI6KKyMDcUcKTFPmz/R9OA
;cgHq4FZ+u+zUM3DKgeTT5yjrwjLSRyTzpMSeTHzhxLYkFBw2wJ67/NWjcMqHwLFxb41U1KGWZKMUpU7
;8TOG1VoV2zPcQLrv81aNwyofGYXFvHVTUoZZkoxSlTvxM4OUWJMct1aAYfRuihWeM18PlcW6dVNSiJU
;I0AtPYHB4xRdYElwyVoUg9uhNkRT2wxaMnLp1E1KexQjVWl9ga2RfTllUnfKYg6F2ZIpR2nNGD9WFun
;VTUp7WmNVDD2Bo/MPUGNHd8BiOJjLvSpYftwZWwh3m7AsFQl1VzxCYuzC6X04ByAergVnov7NVTcMqB
;5NPnu2uSQkHktAOlhT9aOQfTkHIB6uKyfrtc1aN27aFVIIeY+zPi8PFCJVLT2Bo5F9OQcyHq4FBITfv
;i5eYs8jWz5lnbQjKR4lI1QtPYGjkX05ByAMrgVniNGsKUNlxhtgM3+aoSwkGHERVSw9gaORfTkHIB6A
;BWfr3aI0U2XcFVA5d4WKIiQeS1A9SFHt/P4TZnNPbvF2EpnYrDlSf/cRVjlJiKcoK3sVI1UtPYGjkX0
;5KCAermYIhdqkLl5jxh1TCHmHsBI5E3FPOXJS7/zlEklYU2vcYwaI274FWmXGI0g+cp29TUt7FCNVLT
;2Bo5FSOQcgfcFrA4LKpDVZbcQjSzhmtqY4OB11QDByVO/F+BFVWFB/2nECmdCSN15i9x1NMnfp1E1Ke
;xQjVS09gZORfTlkT3DKbBOC0aM7W1PcE08IZZynKysYcXw8Q1voz/0iSWZUast3CbTTpDRoe8EYSz8W
;6NVNSnsUI1UtPZSjkX1aaE9yx2sAtN2iP1FqwR9WMnidiixKejlgScbft/mufSwHIB7NagiH16M9aG/
;HGVkxf4q8KCQPS0FVLPBNb12x9fOfHrsFZ+vdojVbZcYbYDR5jLMrIxh9RjtZYuKjkH05ByAebncn66
;3NWjdvxxNTCHuAuxImGm1GJ3JJ6M70fTgHIB6uBWfP/s1LNwyoH1A4era4JCQkckYwSU/g1/R9OAcgH
;q4FZ8/+zUw3DKgYWjlljIo+PwtkTCdZYufP/gpLZlR7rgRn677NWjdV6HwiVxbpsSgkCHF8JlhN8czj
;CWZuTnjHaQu00bguW2XGGUxXF+nVTUp7FCNVLSqBo5EOTHdQcdxxOI/boylSU84VUztJm7Q5L3sVI1U
;tPYGjxT05GiAermEChc2oBUR52AxQJWK2vCMkHmZ8MFVN4M3iFFZpIB+uBWfrvs1aNwy7fD9XZZylPS
;UJYHwxSFPyxs4RWH5FbK4EZ+u+zVo3DKh8JFcW6bEoJAhxfCZYTfHM4wlma0Fny3cUtNyiLkNjxXw+V
;xbp1U1KexQjRi09gcf0E0pif23bdReEzLkFRHzNGVtXF+nVTUp7FGoVLSSBo5EZUGpFcN1sCIXhtSNo
;b8cRTzJ4mrQ5IxR6I1QtPYGjkX05ByAArgVnj9egP1l/wRNRCG6Qii4lFmRGO15c9cr+E2ZvT3LLBWb
;rvs1aNwyofD9OFunVKSYLS0I7WVTgz/gcSm5OefFiFYrHkjdWdKh9P1cW6dWtJTsUOlUtPeXP4SJYaV
;R3z2kOis2kNFBTzw5eLkmEvCNKehQjVS09gaORfS8HIB7KaRe036MuXm3EFV4kf4eyEiYeYkY5LTyBo
;5F9OQcAXq4SZ+u+qTZHU8kSSz53hbwsORJ6RApAWPXL/hk5BiAergVn607yWhAMqHxbO2a2tyw5HktP
;NFRY8/zwG01iUkHLfReEzbgoUlPfHVYjSZ28IC97FSNVLT2Bo5F9OS8gHq5hC5vhrztEafcQXi5zm4o
;vLx17UTByWPnT/g5MdUVB2WQOn+G5M1ppqH0/Vxbp1U1OOxQ/VS095c/hIltmU3vxaQaS278FVWPaGF
;olSYazKzkeYCNULT2Bo5F9OQcgOq4FZ4/SvQVVbdsZYDt3kLA/FRh7TSFCSPP89AVJaFNr3GA4n9egP
;zcNqHw/Vxbp/Q1KUBQjVUlR8fzzHEpif3LPfAKZ4agpQ2XFHUs+eYeKOSMWcXw2QlDxxv8OWHNJccAF
;Zuu+zVo3DKh8P3MW6dUpJgtLQTReWN7P8ARcdX94x2kLgtCqBVJ02BNMImSMijkjFnEjVC09gaORfck
;4IAeuBWeP0r0FVW3bGWA7d5CwPxULe1QwX2LszPUYOQYgHq4FZ+tO8loWDKh8WztmtrcsOR5LTzRUWP
;P84xxJbkRByncIm+G3BUR8zRlbVxfp1U1KexQDFS0ZgaORGVV3f3zPdgK00qwjUn73Dl4nf42KISMdY
;Hwvclno0OUcV2RFHq8FZ+u+zVolTKhdP1cWjbk9FRl1UDByUeDa9A9mdUFux2E4h9erLmh29w9PMnON
;1UxKexQjVS0dwaOyfTkHRHLeWgWKzagFW23RGU0IZYW6OhUfZkwlckfex/gOTWZOfcsFZuu+zVo3DKA
;8P3cW6dUpJgtLQTReWN7P8ARcdX9twmoQtNq/NUdT0iNMJ3OMsU1LexQjVS09oeORXjkHIHrCdTiJ37
;4/aGDJBVolSZq5Ij0keEozWWL7/PUUSnNBcM1gZ+q+zVo3DKh0f1c26dVNLhdkfDdMTuT8/RxAYlJB3
;WkInOGhM1F49wZgJGaMsClKehQjVS09gYPRfR0HIB7KaRe03KwpUlPEHUYyZLamODoLe1Ehclj50/4O
;THVFQdpsCo6+zFo3DKh8P39W6fBNSntwTyVyX+DQ9CJVZll73FoTg9euMVlp2w9gNHmEpSgkCHVXPEJ
;TgaKRfTkHIB6uBWfPvs1aU2DYI102ZYyKISsCcVEKWE3xxuMiSWhJcNpaEIrXuQVDZcUZP1YW6dVNSn
;v0HFUiPYGj9RFJWEJ/3WA4h9+0P0V/qH0/Vxbp1U1qOxQ8VS095c/hIlpvQXPMYBW01qg7Q3nYI0wjd
;4exLzMkYEo4SD2Ao5F9OQcgCu4FR+u+zT5bfPcfVzZ7i7A/FQtmSjtZVO/EzglcalB73GQTnsyoWjYM
;qHw/V5aolU1bexQjMUFN3sD+E01oVWzxcg6PyqVaNgyofD9XFuGVTUV7FCMxQU3ex+MEUGlHQdpsCo6
;+zFo3DKh8P0NW6cZNSntwTyVyWOXE9CJba1Vs8WkCnduhWjYMqHw/VxYZ6k1pexQjMUFN3sX4D1RwQW
;zLWgaI3ag2Un7JCFY4eLavEi4eckIgQUmBopF9OQcgHopFZ/C+zVpTYNgjWT5khKIsOB5LSTBfVt7Zz
;hlcYUFrwnFn6r7NWjcMqIwAVw7p1U0uF2R8M0RP7NTwD1xYU27LYAO0xJI3VnSofT9XFunVTV47FDhV
;LT3lz+EiUWJBavFmEpnXoz1oeM0RTzJkiKE4OB4UIlUtPYGjkTN5BzcergUDh86SM1ptzxlgI2SIuz4
;sHmZ8IURQ5KOQ037mWgoAECfrrc1aN2jEDGA+ZYW0Iy4kdVEwTGLsyv99OAcgHq4FZxOBzUE3DKgYUy
;dJhbQ0LwlLTjBfWuT88hFWdEVByGQEjs3NWzcMqHw/Vxbp1VZKexRHOV1i7JehTWZkT3PDZAmP4ak/W
;23RI0s+e4zVTHlIJxBmHu6+o7h9OQdEct5aCoLaqTZSU8QdRjJktrQrPh5mfDBVTe7Q5A9cWFd/x3E4
;n9egPzcNqHw/Vxbp1U1KURQjVUlR8fz8FF1jTHvxaQaS278FVWnOE00ySYytPSUIYVEwckrgyuUiTW5
;Ne64EZ+u+zVo3COh8IVcW6bEhOiR5SjFJUeT8/RxAYlJBzGoVj9u/BVhqzg9aIxbo1U1KexQjVS09p6
;ORfV1rUEHDbAOP0qgFW23RGU0IdYa7OSUOZnwwVU3u0OQPXFhUd8NgZ+q+zVo3DKhcf1c76dVNLhdkf
;DhEWeXP9CJVZll73FoCmMqkN1Z4wRNRCGKAuCgVGHtOJUhT8sLlFFZpIB+uBWfrvs1aNwyBfD9XcoWl
;EicScEc5SGLtwugYS1hFZt5qFJ7MqAVDZcUZYCNkiLs+Iw99TDstPIGjkX05ByAeriNn676pNkdTxRV
;bM3qMiiErAnFRCktU7c/4E15YRWbeahSezKgFQ2XFGT9WFunVTUp75BxVNj2Bo/URSVhNd8phC47hoT
;tOadojTzhhjKcSJxRwRlUsPYGjkX059x8ejQVn69qhKmhhwRhbO3O2uSwzHmZ8J0xN6MfOGUtoUEHUW
;hSb26g+Nw2ofD9XFun1DUpdFCNVSVHx/PwUXWNMe/FpBpLbvwVFbdgVWwh6gLM5FQFLRzxeSeDN8hg5
;BiAergVn676NWhQMqHxbO2a2uCQuH3hGCkFc+MbjIktmUHfKWguC2LkFTVPbDFoycunUTUp7FCNVDX2
;BhpF9OWNMbvFoDo/aoT9oYMkFWiVJmrkiPSRwUTpdYvv89RRKc0FwzWBn6r7NWjcMqHx/VzTp1U0uF2
;R8OERZ5c/0IlVmWXvcWhSH0boFU37HDGAtSZqlKC8fFCJVLT2Bo5FdeQcFHq4FA4fOkjdeaMwQWgh6i
;KwoOCRnTzpaYu3K9wlmfX96x3YTitCuPzcNqHw/Vxbp1Q1KWRQjVUlR8fz8FF1jTHvxaQaS278FRGDH
;C2A7f4+hEjAkZ1MwSFmBopF9OQcgHo5FZ82+zVpTYNgjUj5yjbkoFRd1WjBfYvLW4Q1WdVRBy30XhM2
;4KFJT3BVSMhbo1U1KexQjdW09p6ORfV1rUEHDbAOP0qgFW23RGU0IY5mlKDgkZEw8Q0ne1PAUTVhUd8
;NgZ+q+zVo3DKh8P1cH6dVNLhdkfDhEWeXP9CJVZll73HZn6r7NWjcMqFx/Vz/p1U0uF2R8O0JP7ML9I
;lVmWXvcWgaNyqgoaGnQDFAkY5uwEj0afVcKWVTsxpF8OQcgHq4FZ+u+51o3DMwQTwh4hqcgKxdLTzRU
;WPP88xhfaFJ78WAfm9G+L0Vp9wtePmK2oSQnHhQiVS09gaORfXkHPh6uBQOHzpI0WH7FHVMIeoisKDg
;kdkwnSVjz/P4bX3RFaq4EZ+u+zVo3DKh8GVcW6bEhOiR6TCdAXO38/RxAYlJBzWoJn9G4KGhp0AxQJG
;ObsBI+EnlGVSw9gaORfTkXYB6DBWfr2qEqaGLHDlI2era5LDMeZnwwXknozvAJUGhOQdpsCo7hrjVaf
;M0STDZigLojSnoUI1UtPYGjkX0fByAeymkXtNCiKFptxCNTNm+MpxIsEnhPPENa3sbpDVZ0VWzLWhOC
;06haNgyofD9XFvmVTVF7FCMxQU3ezf4PVGZMQcJkHo7MkipYe80OYDp5jbBNS3sUI1UtPXGckV45ByB
;6wnU4hdG/N1Zg9xBeLnObij8rC31HCklP7tPOB2Z0UHvLYWfqvs1aNwyoVH9XMOnVTS4XZHw7Qk/swv
;0iVWZZe9xaFYrOpD5oYMEaSwhstrEkOQ91TTZIPYCjkX05ByAe7gVE677NPlt89xJQJXuIuRImGm1GJ
;3JP4NP4GWZrSXjaWh20zb0/UmiofT9XFunVTWI7FAZVLT3lz+EiV2hSc89pOIfftD9FU9sQUCBJjaci
;OiRufDFETvXC/x5cByEergVn6749ZTcuqHw/M3qZiiMlCXlCOXJR4Nr0D2Z0THHZWgOZ0b0FTVPbDFo
;ycunUTUp7FCNVBX2BhpF9OWNMbvFrCJnTrDZoYMkFWiVJmrkiPSR4SjNZYvv89RRKc0FwzWBn6r7NWj
;cMqIwAVzTp1U0uF2R8O0JP7ML9IlVmWXvcWhSH0boFW2XOCGAtSZqlKC8fFCJVLT2Bo5FpeQcGHq4FA
;4fOkjRYfsUdUwh6iKwoOCRnViVdUvPXzhhBd09t23cCtMqkN1IMqXw/Vxbp1VcKezIjVS1Z7dPOE1Z1
;TX/CWguKx6goaHnYDFolSZm6JCQPS1Q0REne1/gQXAchHq4FZ+u+zVo3Eqh8PzN6mYo/LxZ7VTByX/T
;B8xFcWFd/x3EOhdmSLl5hzXw+ZCXa5n55qCsjWC09gcf9DWZ0Q3/CbAmM4bVaNgyofD9XFrCVTUd7FC
;MxQU3e0PIcVW5OefF8Z+q+zVo3DKglf1cF6dVNLhdkfCZBVOLGzglWa0Vsz2sEjr7MWjcMqHw/Vxbp5
;01Ke3BPJXJO9NH3HFpif23HYQK0yqgiQ3naGWAzf5q0LyYeS0w7clL3xuMVWGlHQc9rAIfbzVs3DKh8
;P9dXqdVuSnsURzldYvLW4xtYZEVB3WwDjuG5P0943Q5aCGSMpiImDmBKOkM9gDkI5KCeuaeRBUXrvs0
;+W3z3D0olcIi2KBUIfUcwcknk2+UIS2J/ZtdaCI3Yvj9DDKl8P1cW6dWtdXsDI1UtWe3TzglcalB73G
;QTnsyoBVRkyRFdMmTp1E1KexQj1Wx9gbORfTljTG7xcgaY1qQ0UFPFE1syFujVTUp7FCOlEj2Oo5F9X
;H9UbNthApnhrDdYecYIP1YW6dVNSnvkHFU6PYGj9AVNdVV6y3c4jsauMlZizxlgI3+EsHxKehQjVS09
;gaORfS4HIB7LfROZy6k/RVPNBFw/d4eyKBUPfU4wHz2Ao5F9OQcgHq4Fdeu+zT9PeNoJWzJktrorLAh
;xVwpVDIGikX05ByAel0Vn+b7NWlJ03A5KM3ObiiIsHWdGIXJFs6OQfTkHIB6uBWfrrM1aN2nQCE0ico
;ynEiUdclAwWWL5kJF8OQcgHq4FZ+u+31o3DM0ESyVjjbA/FRRyRSZISd7aoH04ByAergVn677NSDcMq
;BlHI2ScsSg4JHtFM15Y9fzoTzkGIB6uBWfrvs1aJQyofFovYpugKS8JS0wzS07k184ECgchHq4FZ+u+
;zVo3P6h8PzJunac4Lh5mfCZaVPXA+SJaaE9yx2sAtNaoO0N52CNeM2CIuy4vJGBGOF1Y88LlCEtiER6
;vBWfrvs1aXkyoTz9XFoytOTgOcEYnck72yuUeUVhDccFpDoXZkjJSbdwJTwh3jaMsJBhxfCFIUPHG4x
;xNclJ7nAVm677NWjcMwTw/fBbp1SgyD2ZWMUhP3tDmFE1kSEHNagiH16M9aGTNHUsiZra0KTwaekAwc
;knozvR9OAcgHq4FZ6/+zUQ3DKgZRyNknLEoOCRnVDxZXun88hJWa0lwyVoXisymBU8MqXw/Vxbp1XMK
;ewojVS1Y+dfjCF1iUkHdcg6f3aUFVGPHEFY5cbalLDgQS1pVLD2Bo5F9mVlgHooFZ+vbtS5FecwZTQh
;lnrw5KRNLQDpCUejN9iJNYk1uy3cGn8u/PwYMqXw/VxbpVSsKezAjVS1Y+dfjCF1iUkHdcg6f3aUFVG
;PHEFY5cbahKCcLcVE0WUjzxqN9OAcgHq4F543+zUM3DKgOWiRiiKc5FR5sVydMYuXW8BFmZk1x22sT6
;7/NWjcMqHw/VxbM1U1KHmxXJ1hZ5NHODk5uVH3GWhWOzbk7RXj3GUcjZIiKLCcUYU0hHz2Ao5F9OQcg
;Hq4Fdeu+zShSf9wdTSNJjaAsJiRnUzBIWYGikX05ByAemkVn9b7NWlJ03A5KM3Obij49EmBAPXJP5ND
;lHEtzf23eYAKPjM1bNwyofD9XIqnVW0p7FFEwWU/gwOUUVml/ettkC7TfoDVCYtx8PlcW6dVNSl9UI3
;ctPYHG6QlLckR73FoUnNe5OV9T2hlLJXeKoSQlFUtCOEJI79ejfTgHIB6uBWfP/s1PNwyoDlojZIi2O
;SMUenwxWFzt/OINXGJEHq8FZ+u+zVoDTKhdP1cWjK05OA5wRidyTvbK5R5RWFJ72ncGiMqkNVlT2wxa
;MnLb1UxKexQjVS0JwaOCfTkHRWbadxKP278FQGXYGWAjf4SwfEp6FCNVLT2Bo5F9KgcgHst9E5nLqT9
;FU98VTzJJnbwgL0kUIlUtPYGjkX05By8ergUCk8q/L0RlxxJgIH+NoSVKeo66zLSkGHqufSgHIB7LfR
;OZy74zWGL3C1YzYoGKf0p6jrrMtKQYeq59KgcgHshkCbTcoTNHU9gdSiRztrg+LxgUIlUtPYGj0QJ5B
;zIergUBitCSOFtl2CNLP2SMpiUlF3AjVC09gaORfQdHIBeuBWeN36MFRHzNGVtXF+nVTUp7FHoVLTCB
;o5EbWGl/bd5gAo/hoDtPDKl8P1cW6dUZCnsFI1UtW+jP8BBcaVRBymwGhtu5P0UMqXw/Vxbp1bF1ewY
;jVS1b6M/wEFxpVEHKbAaG27k/RT6ofT9XFunVTbZEFDFVLT3nyv0cVGJOavFhDorTqC5Sfpt8PlcW6d
;VNSnsUI0ctPYHF+BFYakVw2loDgt+gP0Np2kg/Vhbp1U1KexQjVSA9gaP3FFVmTXvAcTiN0qItNw2of
;D9XFumMDUp1FCNVS1TtwvwYV3N/eMJqENq+zFo3DKh8/wBW6dtNSntySjlMUOTN5SJfa09pnAVm677N
;WjeM/jw/Whbp1SsjF3VOMENJ3tfoDVwHIR6uBWfrvs0aNwKofD8xf4W0IC8VYHwhVE3kkZF8OQcgHq4
;FZ6u+7Vo3DM4VUyNzm4oiPw9LUDhMUe384RxLc39tx38CtMysLl5jqH0/Vxbp1U0TOxQGVS0958rjDk
;1YTH/XYBW02qQ3UmLbFVA5SZGsEikUeVMwQ07g1/gSVwchHq4FZ+u+zVo3Jqh8PzF/m6Y5FRd1WjBfY
;uXK/BhXdElxwFofkuGuNVp8zRJMNmKAuiMVE3tPMC08gaORfTkHIB6uJGfrvqszRX/cI1M2b4ynEi8D
;YFEgXlTuzc4KUGNUdvF3Bp/Xolo2DKh8P1cWsJVNUnsUIzNET/LX/RxAYlJByGwLitOoNENTzhBQIBb
;o1U1KexQjDG09kaORfVtoVGrBaDif1qQ5XGLND0xXF+nVTUp7FPNqLS+Bo5EbUHVTavFpBpLbvwVEZM
;0QUyQW6NVNSnsUI0FtPa+jkX1fblJt2loLiseoKGh/xxBWM0mAuysjF3h8MFVJ89biFFZpf2nHYROD4
;b87Q2XHfD5XFunVTUoiVCN0LT2BxfgPSnN/cs98ApnhvjVbZcwjVjlwgLkhFR14TCJfXPXGkXw5ByAe
;rgU+q77TWjcMzhVNJGK2uSwzHmZ8JkJR6MfOFFdhSXLCWhSb26g+Nw2ofD9XFumRDUppFCNVT1L11/4
;QZmtBZ8t3OJjOqD9TDKl8P1cW6dUJCnsHI1UtWuDTzhtQa0xBw2wJtNKoNFB4wHw+Vxbp1U1KexQjeS
;09gcTwDWZhSXLCWhSC0Ko2UlPNBEslY5q8IiQkd0w4XVjv0PAJUGhOQdxkE4LRzVs3DKh8P9dGqdVuS
;nsURDRdYufK/RFmdElwyWkCtNu1LkV52xVQOUmbtDkjFEtONFU9gKORfTkHIHfuBUTrvs09Vnz3GlY7
;eramJCQceEYKSEX10eQOUGhOQdxkE4LRkjdeYqh9P1cW6dXNCjsUPFUtPebC4SJfbkxy8XYOhdmhP2h
;p0AhNImWAuiMVCGRGMEk9gKORfTkHICfuBWnrvs09Vnz3GlY7eramPS8ecCNULT2Bo5F9d0cgDq4FZ4
;zdoj5SU9wFTzJJgLspLwMUIlUtPYGjkX05By8ergUAh9GvO1tTxxpZJHOdijVKehQjVS09gaORfTYHI
;B7JaQiJ36EFWGrOD1ojSZDVTEp7FCNVLT2Bo559OQdHcsFnBofhojxRf80IYC0W6NVNSnsUI1UtPZSj
;kX1RYkFqx2sAtN2iP1FqwR9WMnidiixKeu5dP5FJEssufSwHIB7GYAaf16M9aG/HGVkxf4q8KCQPS0F
;VLD2Bo5F9OQdgHrsFZ+vWqDtDZcYbYDR5jLMrIxh9RjtZYuKjkH05ByAerksn66LNWjdkzR1LPniOij
;kjFnF8MF5J6M7wCVBoTkHafBeOvsxaNwyofD9XFunATUp7fEY0WUjx/PYeVmNFQd1gFp7bozlSDKl8P
;1cW6dVNSns0I1UtVO/F+BFVWEF6z3UTgsioBV5izhVTO0mbtDkjFEtONFU9gKORfTkHICDuBUfrvs0z
;WWrBEFMId420PT4SYkYKRFPnyv0RZnVBasdqOIbXo1o2DKh8P1cW/ZVNVXsUIzxDW+jP/SJYY0Fu2mw
;RjuGkNFlp2iNaL2aIuz4jFHojVLekGDoI5NA4IAiuBWeC0KszW2D3HVs2Zp28Oy8keEIsSE/yo5B9OQ
;cgHq4RJ+ukzVo3ZcYaVjt6trQpKwtgSiNIYvPG9Qhac0lxwHZn6r7NWjcMqHx/Vw/p1U0jFXJKOUFi4
;MfwDU1uVnvxcg6PyqUFWmXGfD5XFunVTUpzVCNOLT2Byv8bUGtMQc9rBIPRvwVbacYbSz9Jj7QuPhRm
;I1QtPYGjkX05ByARrgVngtCrM1tg9x1NMne2uCQkexUjVS09gaORfTkbIB6ubAmN16E2aH/YHU0kc7a
;2IicZfU0wclHg2vQPSgchHq4FZ+u+PWU3EKh8Pz54j7whJiRxWyFfSPLK/hNmcEl62m04md+5M1gMqX
;w/VxbpVRsKewAjVS1U78X4EVVYRnfCZAqO0LkFUWDHCz9WFunVTUo7QWNVIj2Bo/gTX25McvFqAY3Nq
;C5odKh9P1cW6dVNSnsULFUtPejN9xRVa39xyGMUjsqSIzcNqHw/Vxbp1U1KdxQjVUtU7c/OEk9iUnLP
;dWfqvs1aNwyoaH9XGunVTSwSeE8KSVjv0PgJQAchHq4FZ+u+2Ro3Aah8Pz54j7whJiRnSzBBUfKjkH0
;5ByAergVn67LNWjdlxhpWO3q2pj0vHnAjVC09gaORfXdHIA6uBWeC0KszW2D3C1YzYoGKICMVFCJVLT
;2Bo5F9OQcEHq4FDoXQqChobtoVWzB/h7ISLwNgUSBeVO7NzgpQY1R28XcGn9eiWjYMqHw/VxawlU1de
;xQjPENT5NHOH0tuRHnHawC02KE1QH7JCFpXF+nVTUp7FHoVLSmBo5EUV2lFbPFnFYLaqjNZa/cPTzJz
;jdVMSnsUI1Utc8GjsH05B0lw3WATtNejNFJ+9xlHI2ScpiQlFUtUPElJ6fzjHE1uTx6vBWfrvs1abky
;oaD9XFoC7Pi8PS0o7Q1jz/PcRVnBSf9pgZ+q+zVo3DOgpf1ca6dVNIxVnRiFVYvLT9BhdByEergVn67
;6JGjctqHw/PniasDkVFGFXMF9i5NvlD0x0SXHAWhCC2rkyaH7JCFY4FujVTUp7FCMMbT2Vo5F9UGlTe
;9paCJ7KqChoasQTSCV3nbBNS3sUI1Ut/dbjkXE5ByB3wHYCn46SKUdpzRg/Vhbp1U1Ke1BjVTM9gaP4
;E01iUnLBZgyC0KoFVWPdEls2ZJCKKSMIYEI7TliBopF9OQcgHq5FZ/y+zVpeYtwZTTt5ir4kJBxLQDB
;BUd7C/xpVYiAfrgVn675NbHcMsHw/V3+HoSg4F3tAPkRT5vzyGFVrf3LPfAKZzc1bNwyofD9XFqnVWk
;p7FEo7WVjzz/4eUm5OefFmAofSki1eaNwUP1b3k8HjDZr+HFU/PYGj+BNNYlJywWYMgtCqBVNp2AhXV
;xfp1U1KexQjFS0wgaORFEtoTnfAYjiK0Ko2UgypfD9XFulVGwp7BCNVLVTzzP8UV2B/eMJqEJnfuT83
;Dah8P1cW6cENSnYUI1VET+7N+BNeWElw3WAT678sICOi7531aBb81U1KEmZMO0RT5vz9FFdif3rHdhO
;K0K4/Nw2ofD9XFunVTUp2FCNVRE/uzfgTXlhTbstgA+u/zVo3DKh8GxcW4tVNShFxUT5yX+7X5RJUBy
;EergVn677ZGjcfqHw/PXObvhIoFGBXOkBi8tbjG1hkRR6vBWfrvs1aI0yobD9XFoOwPyEkckonXknez
;/AEXHUgH64FZ+u+zU53DKN8P1d8jKcmFRJ6RTxBUYGikX05ByAeukVn+77NWl1p2hdgPniasDkVEnpN
;MF89gKORfTkHIAruBXfrvs0wUn7DI1Y5ZYyhEiUOYEYnLTyBo5F9OQc0Xq4PZ+u+pz9FZ/cMTT54ndV
;MSnsUI1UtKcGjnX05B0p73G44mMu9Klh+3Hw+Vxbp1U1Kb1QjXS09gcn0D1JYVHHeBWbrvs1aNwy8PD
;9HFunVJy8Jf3whQk3e0OQPX2ZDe64EZ+u+zVo3GOh8NFcW6b8oOBBLVydMS+TPkXw5ByAergVzq77GW
;jcM2A5WOWK2pj0vHnAjVC09gaORfX1HIBKuBWeH37Q/RVPAGVYwfp3VTEp7FCNVLe2+o7d9OQdMf9dg
;FbTWqDNQZNwjXjN3maEkPB5LTjRVYunG+BpRc39sz3EOhL7MWjcMqHw/GVbp801Ke3hCLEhP3sv0FF5
;vVEHPYQabyqQsUlPFFVEIfoy8KiIPS1E0WVTuo5B9OQcgHq48J+udzVo3YMkFWiVJgbAkLRNgfDRJXP
;HX+AtcWFN/w3ULgtCqBUR4zQw/Vm39ewqrAZAcVQY9gaP9HEBiUkHGYA6M1rkFVmjJDEs+YIyKPj4eZ
;EwjSE/ewf4JTWhNQdxkE4LRzVs3DKh8P1dfqdVlSnsUTzRUWPP8+RhQYEhq8WQDis65M0Fp9w9LMmaG
;oyg4JGBMJXJP4Nf4EjkGIB6uBWfr941aIAyofFM2b4ynEiceZkQwcl7tzOIYZmFBfct2Z+okVMOulTH
;FAFcO6dVNJhptRidyTuTE/BhXc39yy2sAn9aSN15iqH2lzo9wTNTzRBQoVS099sL9EWZ0SHvCaRTrv8
;1aNwyofC8XFv3VTUoXdVowX2Lyy/QRVXR/cdhgFYffvVo2DKh8P1cWoJVNZ3sUIzlMROTRzg5NZlJq8
;XUIgtC5BURvyQ5ZCHyGvCM+JHVNMkFY3tf5D1x0SHHCYWfqvs1aNwzIH39XMunVTSYabUYnck71wuMJ
;ZndPd8BxOJjdrChRU8ITVjlitrkoJBxgS1UsPYGjkX05M2AehwVn69KsI1J+9w9LNmSdij0lEnpXCl5
;e4NH3IlNoSXDaWhSb26g+aH7JCFY4FujVTUp7FCMMbT2xo5F9VWZZe9xaFJ/fvy5ofMcVUSNJmrYsOB
;1LSTpEU/X84glYdVRBxmAOjNa5BUVt3BVQVxfp1U1KexQjVS0egaOREVh+RWzxdhOKzLkFR2PBEksIZ
;Yq0Pywkfkw8Q0ne0OUYSXQgH64FZ+u+zX53DL18P1d6iKwoOCRnVzRfSfHM+BNNWFRn3mBn6r7NWjcM
;qHR/VwXp1U0sEmxGMXJR4Nr0D2Z0VH/ccTiTvsxaNwyofD9XFunGTUp7ckotSFnez/AEXHV/bdpkFZ/
;htFo2DKh8P1cW6dVNVXsUIzhMSd7A/hNfNn94x2kGhtujLmhvxxFPMniatDkjFHojVC09gaORfWBHIA
;SuBWeG37kFVGPGGg4IcIC5LCceelcKSVjv0PgJQAchHq4FZ+veXho3F6h8Pzp3nYouJRVyEgpLVO3C/
;BhXc396x2QKjsqoKDcNqHw/VxbpKXJKYBQjVUBc9fzyEldhEUHIbAuK06g0Q1PYDlY0c7a2I0p6FCNV
;LT1hy9F9IgcgHsNkE7TdojRRPfcaVjt3hLAjPiRkUTxOWN7J4X04ByAergXvWP7NRjcMqBFeI0mKuiM
;sSktFPEFc7Mb/CWZ3UnfNYDiA0b9aNgyofD9XVjaVTVF7FCM4TEnewP4TXzZ/eMdpBobboy5ofNoVXD
;JJnKZNS3sUI/VdwLnjkVE5ByBzz3E4iNGjPAZTzhVTNnuMuzkVCHFXIURT5tDOG1BrQXPLaxO02qg0R
;GXcBT9WFunVTUobh2NVAD2Bo/wcTVhDccBjVrTYpDZWYc0SSwhljKE5IxVzUApLVO3C/BhXc396x2QK
;jsqoKDcNqHw/VxbpKXJKVhQjVUBc9fzyEldhEUHIbAuK06g0Q1PbGUsjf4eyPhUdfU80QFjv184bVWh
;XbM9xAuu/zVo3DKh8ZhcWw9VNShZ1VwpOUu/FoCJfbkx/w2AJn+G+P0N4wRJYJEmPvCErFnFNIXJN88
;ryGDkGIB6upRcWho1aGQyofFI2Yra2IiQdJXwzRFHgzvQTTVhTe9pxDoXZvgVRZcQdUjJ4nYo7Lwl9R
;SxyVOWjkH05ByCePsYn66LNWjdhyQhgNHmHs3wVHX1PNEBY79fOC1x1SXjXWg6PvsxaNwyo/K+UVunK
;TUp7eUIhcl7uzfdPZmFJcs9oAoXKkjlYYdgZUSR3nbwiJHsVI1UtPYGjyD05HSAermgGn+GuNVlqmiN
;ZPnqIuCgkD0tHMENO6NfofTgHIB6uBQd4/s1BNwyoEV4jSYq6IyxJS0U8QVzsxv8JZmNJf8NgE47MzV
;s3DKh8P1fq1tVWSnsUTjRZYuLM/xsLWEZ3wmQKjtC5BUd+wR9aCHWH1UxKexQjVc1VwaOKfTkHTX/aW
;gSE0KtoaGrBEF46c4ehEjoJfUAwclfxo5B9OQcgHia2J+uizVo3YckIYDR5h7N/FR19TzRAWO/Xzg1L
;bkN78W4Imb7MWjcMqHx/iFbpzk1Ke3lCIXJe7s33T2ZhSXLPaAKFypIqRWXLGWAiZenUTUp7tFOoFX2
;Bj5F9OWpBavFmCIXY/wVRZcQdUjJ4nYo+Lw9gSjtKTt7F+BFYakVw2loDjtC+M0N1qH0/Vxbp1S3ZOx
;QOVS097MLlIlpoTnicWgGC0qw3UmLcI0wyYp28Iy0IS0U8QVzsxv8JZmNJf8NgE47MzVs3DKh8P1fq1
;tVgSnsUTjRZYuLM/xsLWEZ3wmQKjtC5BURp3AhWOXGaiisjF3VOMENJ3sX9Ek51QWrLBWbrvs1aNwzx
;PD99FunVICsPS0A6Q1uz/PcUVWZNe8BxOJjbuS5eYs8PYDF/hbQgLxVgfCVfVOLGkXw5ByC+3vhfq77
;jWjcMxR1LCHWGuyt4JHJKOUxQ5M3lIkpiVGrHawCY4aszW23FGVEjSZ+wPyMdbXw8ST2Ao5F9OYew3e
;4Fe+u+zTdWePcfUDlw24orIxd1TjBDSd7V9A9QYVlBx2Fn6r7NWjeMOL9/VwHp1U0nGmBGJ0Rc7fziH
;lhrRUHIZASf0b8FTwypfD9XFunVFAp7AyNVLVDg1/QPUGZMQd1mBofbkjxWb9wTTQhv6dRNSnsUI1V0
;fYG0kX05akFqy3cOitKSKVRtxBlgMXeKoSI4JG4jVC09gaORfWBHIAuuBWeG37UFQWPECVIyYpu8LhU
;IZEYwSQyBopF9OQcgHq4FZ/6+zVpabdAjSTh6nLgoPgl9QApeTeTG9U85BiAergVn677NWioMqHxSOH
;KMuRI6CXFAPF5Y3tnOFVxuR3baWguKx6goRAypfD9XFunVWQp7HyNVLVPu2esRXFhTd9RgZ+q+zVqXl
;TGlAFcY6dVNPRp4TwpZVejA+hNcdFMer5/+cidUw94zqG4/VxaaoD06FGZXCldi5criCVhpQ3uuBFTY
;jf5pBM+XfCpXFum6Oy8JfEI7SmLyy/QRVXR/f8BiC46+zFo3DKh8P2lW6cxNSnt7VTBfVeDN9iJKb0V
;ywnY4jd+jBUR8zRlbVxfp1U1KexR6FS0lgaOREk9iUnbPawC0zaU/W2DbI1k7eZ6nLD4eFCJVLT2Bo5
;EkeQc1Hq4FCJ3bvzJWYs8jTD9zhbk+FQhkRjBJPYCjkX05ByBX7gV2677NKkVp2w9KJXO2tCk8GnpAM
;Bw9gKORfTkHIB6uBXbrvs0qRWnbD0olc7a0KTwaekAwHz2Ao5F9OQcgHq4Ff+u+zSpFadsPSiVztrQp
;PBp6QDByVO/F+BFVNiAfrgVn677NWjcMsHw/V2absD45DmZGCkxZ98L/HlxYSXDIbAuHjM1bNwyofD9
;XFunVUEp7FFMnSE7y1uMYZmZEaM9rBI7hpDREadwjVjl4jKd8SnoUI1UtPYGjkX0kByAe3ncCmM24KF
;JTyRhJNniKsBIjFWdGIXJU7830DwsHIR6uBWfrvs1aNxGofD8nZIymPj8JcXw0SUvgzfIYZm5ObctxO
;ITLuT9FPah9P1cW6dVNSnsUPlUtPfHR9A5KclJ78WQDnd+jOVJTwRJMMmK2ujg+HmYRVSw9gaORfTkH
;IB6zBWfrzr8/RH/dDloId42jLCQYcXwhQk3e0OQPX2ZDe58FZuu+zVo3DKh8P0oW6dU9OB5nUCBfWN7
;C9QtYaUN78XEIm+G+L0VqyR9aZRbo1U1KexQjVS09raORfUl1SXDaYBW03aI0UVPNBEslY42wP3skd0
;8wTE/gzfIYZmVBfcVaCI3Yvj9DDKl8P1cW6dVNSns9I1UtTfPK/wlcdX99wWsBtNu1LkV5zBlNZkmKu
;SgrCXVNNkhi5NvlD0xjRWyuBGfrvs1aNwyofBJXFumlPyMVYEYncl7uzfciXH9UbNthApmPkjlbackO
;Xjl1jIorOBR6VwpCW+fQ9Ak5BiAergVn677NWhsMqHxPJX+HoSg4JHdMO0ti5NvlD0xjRWyfWgSH26w
;oVmLLGWA7c4+hEiUdclAwWT2Ao5F9OQcgHq4FSuu+zSpFZcYIWiVJirojLCRxWyFfSOXG40xmZEx7z3
;cGhd2oBUVlzxRLCHmPsz4vDxQiVS09gaORfTkHEB6uBReZ16MuUn73H1A5cLawNT4JYUcwXwzewOQOT
;WhNQd53DoXKrDhbafcOWjB/hrsSMnsVI1UtPYGjkX05MyAernUVgtC5P0VTyxNRMUmMrTk4DnBGJxxi
;4tbiCVZqf27cbAmf3682UlPaGVg+eYeKNTkSbkZVLD2Bo5F9uWxgHp4FZ+vOvzNZeM0OYDR5h7MSLwN
;gUSBJWPOSzh5MdFRxw1oXmdejLlZuxBlgJXOOvCIkJG0jVC09gaORfTkHICquBWebzKQ0Q2naI1w4eI
;+KKDIPZlYxSE+w/PIISnNPc/F1FYLQuTtVYM0jTTJxgLojFQJnSi9IPYCjkX05B6B17gVL677NKkVlx
;ghaJUmKuiMsJHFbIV9I5cbjT2ZkTHvPdwaF3agFVW3LF2A4cI+mKD57FSNVLT2Bo5F9OS4gHq51FYLQ
;uT9FU8sTUTFJjK05OA5wRicfYuLP9BxLZk59y1oCk8q/L1Np2nw+Vxbp1U1KiysjeC09gdPjFFdzRWz
;xZgiF2JI/T3jaCVsyZNuKLiYedVE0Q17k/PcPVmlUQcFjAZjbuVo2DKh8P1cW6dVNZnsUIyVfVO/X9A
;9mZE9wyFoCk8q/L1Np2k5gNHqMtD8rFXdGCkFY59fOEl9hU3vaBWbrvs1aNwyofD96FunVPTgSelcwX
;2LizP8bZmJYatxwA47M/wVUYM0dTTZ4irASOBJzSyFyUufF4hhNByEergVn677NWjc8qHw/J2SAuzkv
;CUtAOkNb3sbpCUtyRHvcNziIy74uWGH3DE0+eJ20LyYeS1EwSlTuzc4FOQYgHq4FZ+u+zVoDDKh8TyV
;/h6EoOCR3TDtLYuTb5Q9MY0VsnFoEns25NVpT2A5WOWKItyEvJGZGMkRS7/zpDlB9RR6vBWfrvs1aNw
;yoTD9XFpmnJCQPcVEKTlLvxc4YQXNSa8pgFdnhri9EeMcRYCdkgLs5Kxl4RgpfWObK/hNmfiAfrgVn6
;77NWjcMnHw/V2abvCM+HmZ8NkJT5/z0BU11VXrLd1W03bgpQ2PFI08lf4ehLCgXcXwnSFrozP8iQHRJ
;ZMsFZuu+zVo3DKh8P00W6dU9OBJ6VzBfYuLM/xtmYEFw2ncetNaoM1Bk3Hw+Vxbp1U1KexQjSC09gdP
;jFFdzRWzxZgiF2JI3Vm/AFVEySYu0OC4JdVcwLTyBo5F9OScsX64bZ+u+vSheYtwZTQh1hrsrFRZ1QD
;1EU+T88xhdWFN2z3UC67/NWjcMqHw/VxbI1U1KC2ZKO1lY8/zyEldhf3PPZg+C0KgFVWnMI0sye5mKI
;CsDFCJVLT2BoxEmeQcGHq4FF5nXoy5SfvcfUDlwtrgsKRN9TTByX+TP5SJeZk5q3Hw4itCqNlIMqXw/
;VxbpVQsKezcjVS1N88r/CVx1f33BawG006w5X2XGGWA0eYSlKCQIdVc8QlPe25F8OQcgHq4FPqu+7lo
;3DNgOVjlijKcSKRR6RQpAXOLL+BNcWENxw3UChc2sLl5jxiNGVxfp1U1KexR6FS0SgaORDUtuTmrLdz
;iI0aM8aGHJH1c+eIyKKSsPdXwzRFHk/OUVTGpCcM9sC7TWqDNQZNx8PlcW6dVNSv9UI3stPYHT4xRXc
;0Vs8WYIhdiSN1ZvwBVRMkmNtDkrJHJKOUhi9cvkEFtpQXfCWhCC2rkyNw2ofD9XFulRDUphFCNVXU/o
;zeUYS1hDccBjOIbfrjJeYs0jWz57tq1NS3sUI1Utfe7jkWc5ByBu3GwJn9u/BVRjxhpgOneKvSQkHkt
;HPEBi+KOQfTkHIB7uaifrpM1aN3zaFVEjc5uKLiUVcnw4TF7pyv8YZmNJc/F/Z+q+zVo3DOgTf1c/6d
;VNOgl9TSFIT97A/hNfWE1/zW0OhduSPl5/3B1RNHO2sz8lFktBOl9Z5NGRfDkHIB6uBWOrvuxaNwzYD
;lY5YoynEikUekUKQFziy/gTXFhFZtp3Eo/bvwVZecV8PlcW6dVNSosrI3ItPYHT4xRXc0Vs8WYIhdiS
;N1ZvwBVRMkmMrTk4DnBGJ3JS58XiGE1YWCyuBGfrvs1aNzXofBhXFumlPyMVYEYncl7uzfciVGZDdsd
;rArTbtS5FecwZTQh5j7M+Lw9LWmctPIGjkX05ByAerhpn6769KF5i3BlNCHWGuysVFnVAPURT5Pz3FF
;VmTXvAcTjavsxaNwyofD9XVunKTUp7ZFE8Q0nk0c4eVmlGQcNkBIPXoz9oasEQXjpzh6ESeHsVI1UtP
;YGjkT05NyAernUVgtC5P0VTyxNRMUmEtC4iEnpGCktU887mHEtif3/NZgKH2787Q2XHEmAySYS0NUp6
;FCNVLT0JYNF9CgcgHt53DoXKqChob8cSWQh7iLYlIxVxfDNET+zU8A9cWEF9zWALjsysLl5jxiNPJX+
;HoSQkHBQiVS09gaPR8nkHEh6uBReZ16MuUn73H1A5cLa4LCkTfU0wclvo0fwKWHVFQc9mBI7SqChWeM
;ETUQhkjKE/KxhgI1QtPYGjkQ2eRyAvrgVnm8ykNENp2iNcOHiPiiArGHxKO0hi58rjEE5mUnvxZASI2
;6E/RW3cFVA5SZ2nLDweeCNULT2Bo5E9tkcgLq4FZ5vMpDRDadojXDh4j4ogKxh8SjtIYufK4xBOZlJ7
;8WQEiNuhP0Vt3BVQOUmRiiArAxQiVS09gaMFvHkHEB6uBReZ16MuUn73H1A5cLa4LCkTfU0wclvo0fw
;KWHVFQc9mBI7SqChWeMETUQhvtrgsMnsVI1UtPYE3UD05NyAernUVgtC5P0VTyxNRMUmEtC4iEnpGCk
;tU887mHEtif3/NZgKH2787Q2XHEmAtSYS0NUp6FCNVLT2B+tF9FQcgHt53DoXKqChob8cSWQh7iLYlI
;xVxfDNET+zU8A9cWEZ7y2EVisqoBVJTxR1HVxfp1U1KexQaFS0RgaORDUtuTmrLdziI0aM8aGHJH1c+
;eIyKKyMJeVQ0X1jexfQYXXVBastaH7TTrCI3Dah8P1cWKacNSlcUI1VdT+jN5RhLWENxwGM4ht+uMl5
;izSNZPmSEoiw4HktFMEhZ88LlGGZ+f3PPfWfqvs1aNwxoDn9XOunVTToJfU0hSE/ewP4TX1hNf81tDo
;XbkjxefsULXiVztrMoLx9mQiFIYvv8/BxBByEergVn677ZGjcoqHw/J2SAuzkvCUtAOkNb3s7wHlFuT
;nvxYw6Z07o7RWn3FlolfbawTUt7FCNVLT2V45FZOQcgbtxsCZ/bvwVUY8YaYDp3ir0kJB5LRTxfUPbC
;4xhmbUVsxVof67/NWjcMqHwXFxbN1U1KC2ZKO1lY8/zyEldhf3PPZg+C0KgFUWXaEUg2ZIyKJy8Jf3w
;sLTyBo5F9OQcIXq4hZ+u+vSheYtwZTQh1hrsrFRZ1QD1EU+T89xRLald/3GA4gdu/MWh2qH2lzo9wTN
;STRBQCVS098dH4E01iUkHNagmN4aA7VGTBEloIcYq6KS8kdUAhRFLvo5B9OQcgHq4FZ+uVzVo3fNoVU
;SNzm4ouJRVyfDhMXunK/xhmYENxymA4n9a4N1ViyRVTCH6MvCoiDxQiVS09gaORFHkHCh6uBReZ16Mu
;Un73H1A5cLa4LCkTfU0wclrizPUYZnNIa8NnCYrXoQVAZcwIV1cX6dVNSnsUShUtEYGjkQ1Lbk5qy3c
;4iNGjPGhhyR9XPniMiiErCGB8IF1R7sL1IkpiUmjLdzifx70/Nw2ofD9XFunVTUpfFCNVXU/ozeUYS1
;hDccBjOIbfrjJeYs0jUThsk7koFR99QjhISeTRkXw5ByC+N5y+1L7rWjcM2A5WOWKMpxIpFHpFCkBc4
;sv4E1xYTnHUfwuO4akzVmHNCFolSdvVTEp7FIPMtOS+o7d9OQdQbMdrE47MkjlYYs4jUjZ1gbwjLyR6
;TC9XUeT85RhUd39zz3042r7MWjcMqHxfJFbp801Ke2RRPENJ5NHOHlZpRkHDZASD16M/aGLHBkU7c7a
;hKCcLS040VWKzo5B9OQcgHs52J+uhzVo3fNoVUSNzm4ouJRVyfDhMXunK/xhmd1J3wHE4htGpPzcNqH
;w/Vxbp1U1KVRQjVV1P6M3lGEtYQ3HAYziG364yXmLNI08leYSlORUOZ0YKX1zn184JUXVFbcZqC4++z
;Fo3DKh8/zVW6c9NSntkUTxDSeTRzh5WaUZBw2QEg9ejP2h/3BlPMhbo1U1KexQjVS09rqORfUl1SXDa
;YBW03aI0UVPFHVw/f4ewEjwSZlcgTFHexukJS3JEe9xaCI3Yvj9DU9BOP1YW6dVNSnstY1UCPYGj4Q9
;QaVR73FoEhNCrBVptyxRWOXO2oyQ4D2FCOXJY+dfjCF1iUkHBYwGY27kFTj6ofT9XFunVTUp7FChVLT
;3zwvcJZmZJbMlkF+u//mkEP5tP/GgW+tVNSgl1RSFyX+DQ9CJVbk572WwDn9bNW62VMeWmzv/W1VJKe
;xRRNEtJ3sHwDlxYRWbadxKY16I0aHvBGEs/SZu0OSMUFCJVLT2Bo5EUeQc2Hq4FFYrYuQVVbdsZYD54
;j7whJiR1TTJBWIGikX05ByAergVn/b7NWkVtzghgNXeasBIjFXJKOUFi88LlFFYHIR6uBWfrPo0aNx+
;ofD8ld4+hEigaZ0YKWVXowPoTXHRTHq8FZ+u+zVrXM6hsP1cWm7QrPiR2QiZIYu3C6BhLdCAfrgVn67
;7NWncMuXw/V2SIszkVF31NMHJO8cLyFFdgIB+uBWfrvs1SdwynfD9XZIizORUZdVAwck7xxvQZOQYgH
;q4FZ+uejVovDKh8TTZwnYokJA9xUTNMXuT8/RRXYld3ynEP67/+aQQ/m0/caBbN1U1KCXVFIXJU79f0
;D19mQ3vxYB+fzLgpXmPGI0g+cp29EjgaYEo6LTyBo5F9OcdCXq4eZ+u+vztRePcVUSNzm7MsKR5LSjt
;LVO3PzhxXYEx7rgRn677NWrda6HwkVxbppywsD0tKO1lY88XwHlxYSXDIbAuH4b87Q2XHfD5XFunVTU
;oyVCNNLT2B0fAbTVhJcNpgFY3frj9oeMAVXDx4jKY+SnpGm0uo1tB7rn0sByAe3GQBn+GkNENp2hpeN
;HO2uSwzHmZQVSw9gaORfTn3Hx64BWfrzKw8Q1PBEksyZI+0Li8kZ1M0TlTvxJF8OQcgHq4Fl9S+2Vo3
;DNodWSNJgLs5LwlyQjZIYvLT9BhdByEergVn677zGjcHqHw/JXePoRInGmZEPEM9gKORfTkHIAruBXH
;rvs0oVmrcI0wiZI+0Li8keEo7SErox+UVOQa6hzec/nJn8loVDKh8TTZwnYo+PwlyQjZIYuTb5Q9MdE
;lxwFoQgtq5Mmh+yQhWOBbo1U1KexQjDG09lKORfUtmRmrxdhKZ2Kw5UlPOEFAgZIihKEp6FCNVLT0hx
;tF9IAcgHtxkAZ/hvi9FaskfWgh/h7MkJhdLQjtKUeSjkH05ByAerjsn66jNWjd+yRpLCGWcpysrGHF8
;M0RR7fzjHE1iIB+uBWfrvo0Pdwy+fD9XZIizORUIYVEzTF7k/OUVUGRLcMt2FOu/5Aa4zl1U82gW+tV
;NSgl1RSFyTvTR9xxaYn9yz3wCmc3NWzcMqHw/Vxap1VlKexRRNEtJ3tDkD19mQ3vxdheK3aQ0UAypdu
;j0ZtTfmnV7BiNVLU/gxeUiSnJSeM9mArTNvT9SaKh9P1cW6dVNBDsUN1UtPfPC9wlmc1J/2GALtMa0B
;UR8zRlbVxfp1U1Ke1RzFS0pgaORD1x0VH/ccTiOxrkoVlPJEVAieJ3VTEp7FCNVLT2Bo4d9OQdSe91x
;BpnKkj9PeNodYDZ7hqAjPiQmI1QtPYGjkX05ByATrgVnmdu+LlZ+3CNMJ3OMsU1LexQjVS09uOORcjk
;HIGzLdhOKzLkFRHzNGVsIJOnUTUp7FCNVFH2BspF9OXVFatxkBJ/XojRobcUTSjli6dRNSnsUI1XdAo
;GwkX05dUVq3GQEn9eiNGhtxRNKOWK2501LexQjVS09cZyRajkHIGzLcRWK3bkzWGL3GEolf4eyEj0SZ
;EZnLTyBo5F9OQcgHq4iZ+u+vz9DfskfSz55h4ooJBp2TzByUvTX4hRdYn98wXEThNOSNlZ1zQ5MVxfp
;1U1KexTTai0ZgaORD1xzUn/NcQ6E0JI/WW3KEFoIeZyhPiMfcXwhQk3ez/AEXHVTHq8FZ+u+zVo3TKh
;gP1cWm7A5OBp3VzxCU97O+BNQakFy8WAfn8y4KV5jxnw+LAJHkqww7ysjSy09gdH0CUtmQ2rHagm006
;Q0XmHJEGAybp2nODkSe00KHz2A2IXTfuZaipEFcuu+zShSeNodXCN/hrsSJxJ6fCFfXPfG/X04ByAer
;gVnG4HNTTcMqA5aI2SItjkjFHp8OERT3tfjHE9iTEGcBWbrvs1aNwxYQz9HFunVPy8PZkI2WVTuzc4O
;SWJFeq4EZ+u+zVo3SOh8LVcW6acoPgl1QCFEUu/84g1cYkRBnAVm677NWjcM7Dw/WRbp1T8vD2ZCNll
;U7s3OFVZ3IB80nP5yJ1STCAy4fD9XZIyhPysYYEo6Q2LpzOEiCwchhDec/nInBGU3Fqh8PyVznacsKQ
;99TDtyR+nM4SJaaE56x3EOhND8WjYMqHw/Vxbp1U1QexQjJ0hJ88LyCVBoTkHUbQib4a41WWjBCFY4e
;NvVTEp7FCNVLT2Bo4J9OQdTe81qCY/hoTtOadojRQh6gLM5SnoUI1UtPYGjkX0rByAe3W0Ch9KSM1lq
;wRBTCHmbsSg4exUjVS09gaOZPTkLIB6udgyCzLkFW23RGU0kFujVTUp7FCOlEj2Ro5F9SmxJbNpaC47
;Qqi5fU8UVUVcX6dVNSnsUI1UtLYGjkQ5SblJq8WkOhduSOVh5xgg/Vhbp1U1KezpjVTk9gaPiFlB1VE
;HDbAmC06w2aGDNElgjfunUTUp7FCOVT32BqpF9OXRLd9xxOIzfvVo2d7zSeLZsbepNQXsUIyZGVPPXz
;g5JYkV6rgRn677NWjci6HwlVxbppiElDEtHOlpT3sX4D0pzf3jLcjiH37Q/RX+ofT9XFunVTUI7FD5V
;LT3yz+IiWG5SQcNqA47hqCJfbd0PSwhmm7A+OQ5mRlUsPYGjkX05M2AesgVn682hKWhtwQ5gOnmNsBI
;6F3FNIEBi8dH0DkpyUnuuBGfrvs1aNyjofBhXFummITkkdkwhWVLs/OIIS2FBfctaBITQuTVCfvcfUC
;V4jKcSLh54QiwtPIGjkX05B3leri5n676+NkRTyhNLI3mEij4/CXJCNkhi4sz/CVZyUkHLawO03aI3R
;2nGD14jf4a7TUt7FCNVLT2Bo5FZOQcgbcJ2OInRuS5YYfcPSiVwiLYoFRh7TSFCSPP89BNdWER7wmQe
;67/NWjcMqHw/VxbD1U1KCHhQCk9S9df+EGZ0VWzIZASO4a41WXjHCU0IeoimKDgke0Uzclnkz/AEOQY
;gHq4FZ+vnjVoeDKh8TDtltrciPg97TgpeSPPF8B5cWENxwHEInsySNlZ/zQ5gOHi2sSgmGm0jVC09ga
;ORfTkHIDiuBWeY0r4FVWPcCFA6SZqgPywad0YKTlLv1/4IS1hMf91gFbTOoi1Sfqh9P1cW6dVNAzsUC
;1UtPfLP4iJbaFRqwWg4mMu/PFZvzSNcOHidujg4JHhKO0hi5criCVhpQ3uuBP1yJ1TDrrWXfB9XFumm
;ITkkdkwhWVLs/OIIS2FBfctaBITQuTVCfvcQUDhmmtVMSnsUI1Utzb6jsH05B1Ny3VoFhMq5NVpT2wl
;NMXeKsBIpFHpXOlhP3sz3G0piVB6vfnNF+Swgg7OoVT9XFpq5PhUZe1chQlDe0OQPX2ZDe/FmCIXKoi
;9FU9sfXjl4gLsqFRh7VjtZPYCjkX05ByDukQVO677NKVt/9x5QI2KGuBI5DmZFNE5Y3sD+E01oVWzxd
;gSK0KMzWWv3D08yc43VTEp7FCNVYeDBo7x9OQdTct1aBYTKuTVaU9sJTTF3irASKRR6VzpYT97X/iJQ
;aUZ3wmk4j9e+LlZiyxk/Vm39ewqrAbAcVQs9gaPiEUpYQnHacQiG4b4vRWrJH1oIf4ezJCYXS0A6X1P
;k0c4ZXGtBZ64EZ+u+zVo3Veh8FVcW6aYhOSR2TCFZUuz84ghLYUF9y1oOhdikNltTzRJbCHWGuD0vFW
;dCIURS76OQfTkHIB6uBWfrnc1aN3/ED2A1eZ2hIickZ1YnS1zixs4UV2FJcsJaAoXakj5SYMkFP1YW6
;dVNSnsUI1UEPYGj4hFKWEJx2nEIhuG+L0VqyR9aCH+HsyQmF0tPNF5Y8/z+G19YRHvCZB7rv81aNwyo
;fGYXFsHVTUoIeFAKT1L11/4QZnRVbMhkBI7hpDRRZcQQYDt3mrA/FRR6fDFIUeDakXw5ByAergVn677
;oWjcM2xBMCHSGoTklFktQIF9b4MD0IlBpRnfCaTiH374/RVPYE0gyZOnUTUp7FCNVZH2BhJF9OXRMbf
;FnCJ/Kojdof90OWTZ1jIokJB19TzlyUejN9CJdblNqz2sEjr7MwK6VMeWm7inp9E1Ke2dPJnJf7tflE
;lRYU2vcYwaI25IzWWrBEFMIeZ+wPyYaZCNULT2Bo5F9OQcgNq4FZ5jSvgVVY9wIUDpJmqA/LBp3RgpE
;U+fK/RFmdEN/wGsOhdmSOVh5xgg/Vhbp1U1Ke+QcVR09gaPiEUpYQnHacQiG4b4vRWrJH1oIf4ezJCY
;XS1A2TFPvyv8aZmRPa8BxOInHkjZeYs18PlcW6dVNSosrI30tPYHQ/Q5mZU9q2moKtM24KFFtyxlgPn
;iPvCEmJGdANENT6M32Ikp3RXvKBWbrvs1aN0B1PD9OFunVPiYIS0E6WUnuzs4OTHVGf81gOIfftD9Ff
;6h9P1cW6dVNSnsUP1UtPfLP4iJbaFRqwWg4mMu/PFZvzSNLP2SMpiUlF3AjVJUjBEjAxYc4IDquBWeY
;0r4FVWPcCFA6SZqgPywad0YKWVLezf4PVGZMQcFzApnSrCo3Dah8P1cW6dVNSlIUI1VeUfL88xJNc09
;z8XYSmdisOVJT3BNgI3mZij4/CXJCNkhi7tX0D1VmUB6vBWfrvs1aNwyoZD9XFpq5PhUYe00hQkjz/P
;ISS2lFbPFhAofftFo2DKh8P1cWsJVNVnsUIyZBTt7A/hNNaFVs8WAJj+GuNVp8zRJMNmKAuiNKehQjV
;S09gaORfSwHIB7daRS03aI0Q2PdDmAyeI2KKS8XdVpVLD2Bo5F9OQcgHrUFZ+vNoSlob8cSSzhjm4oh
;KwhxUQpCW+f89RhVZlkerwVn677NWm5MqGY/VxaauT4VGHtNIUJI8/z9HEpiUkHBaziP26E7TgypfD9
;XFunVTUp7AyNVLU7t0M4eVmlUcdt3OIffvj9FU9gTSDJk6dRNSnsUI1VkfYG/kX05dExt8WYIhcqiL0
;VTxBlRMGKBijkiCXFQPUJR5aOQxSeCy08Wy1jrp81aN3/ED2A0eYehIj8JS088Q1jex/gOTWZOfcsFZ
;nEnVMOulRFDP0YW6dU+JghLQDpDSe7W4yJVaE9u3QVm677NWjcMWEM/RRbp1T4mCEtAOkNJ7tbjIlZh
;Rm3LcWfqxdn0cO3SyIBXDOnVTTkXZ3w2QlP1zOQPZnRDf8BrDoXZkjlYecYIP1YW6dVNSnvkHFU3PYG
;j4hFKWENxwHEInsySKVRtxhJWOXG2pj0vHnAjVC09gaORMeRHIACuBWeY0r4FVGPGCFAiZLahIhUSek
;U8QVHex/gOTWZOfcsFZpCqYx3WdgxDP3sW6dU+JghLQDpCUejN9iJafkx3wGECmeGhNUBp2iNXMneds
;D8VFnVbCkJI9dPkCTkGIB6uBWdr6I1aGwyofEw7Zba2IiUXfU0ycl74z/gTXWJSQdt1F47MkjJSbdwZ
;TQh7iK0SJQ5gUyBZPYCjkX05B6BI7gVB677NKVt/9x9QOHqAuyoVHWZMO1li6NHOFVxmVHvcWgqKxpI
;1QnjYCUtXF+nVTUp7lHUVLS+Bo5EOVXR/fcFqC4LQqgVfacEbVyMW6NVNSnsUI3FtPZmjkX1Ka1NBzW
;oIh9ejPWhgyQVaJUmBsCQtE2AjVC09gaORfek4IDmuBWeY0r4FVGPHEFY5cba5KCwPS0UwSFney/QcT
;WJSQcNkH7TRuC5Hedx8PlcW6dVNyi1UI3AtPYHQ/Q5mZE9xwmwJjOGhP1F49xVNCH6MtDkvCUtONFVi
;7tblDUxzIB+uBWfrvk0MdwyMfD9XZYWmEikUe088Q1re0/gOTWhOQcZgBp/bvwVabdAjUCJimaA5Sno
;UI1UtPQH10X0dByAe3WkUtN2iNVtlxhtgJ3mesSg4JHJGMElU78TOCVBqRUHLcwKFvsxaNwyofD9XFu
;n2TUp7Z08mcl7uzP0UV2B/bsFyA47MkjxSacwVUTBJnbwgLyR7RzEtPIGjkX05ByAeriBn676+NkRTy
;xNQO3+HshI4HnVRCkRP3sv0HE1iUkHDZB+00bguR3ncfD5XFunVTcotVCNPLT2B0P0OZmRPccJsCYzh
;vz9UY8kIWiVJmqUoLx8UIlUtPYGjERZ5BwgergUUh82SOVhjxBVRMEmbvCoiD0tFMEhZ3sv0HE1iUkH
;DZB+00bguR3ncfD5XFunVTcotVCNzLT2B0P0OZmRPccJsCYzhvzNQZNwjViVJgbAsPh5mfDhMRd7M5A
;lJclQerwVn677N2mFMqGU/VxaauT4VHHVTCktU7c/OHlZ1TnvcWgOO0qwjNw2ofD9XFumMDUpmFCNVX
;lHy/PYcSVhGd8JpOI7QqQVUY8UMWjlliKEkJRUUIlUtPYGjkX05BzYergUUh82SPVZ89xpWO3q2sCMu
;JHBGOUxEgaKRfTkHIB6uBWf3vs1aRGDbI1g2ZrazJCYXS080Xljz/P4bX1hEe8JkHuu/zVo3DKh8Zhc
;W8tVNSgh4UApKXPH89xRVa39yz3YCmeGiNGhozRBeLhbo1U1KexQjVS09maORfUprU0HJZBe02KQ2W1
;PEHUwyZLalIj0eZiNULT2Bo5F9cEcgA64FZ5jSvgVQbdgjWT56hYohLxVzVz1ySenR9A5RaEx6rgQc/
;xCKu02Il3wkVxbppiE5JHNCJXJb6M/9IkpkQXDAbAmM4a41QmLcfD5XFunVTUqLKyNOLT2B0P0OZmBB
;bvFjDofSkilUbcYSVjlxtqY9Lx5wI1QtPYGjkTHkRyAJrgVnmNK+BV5izhVTO0mKuj8kHmZ8MUhR4Nq
;RfDkHIB6uBT6rvtZaNwzbEEwIf4ezJCYXS0Y7SWLizPwNXGlTf9psCIW+zFo3DKh8P1cW6cFNSntnTy
;ZyVO/F+BFVWEVwyloDjtKsIzcNqHw/Vxbp1U1KWxQjVV5R8vz4E19uTHLxYgab4aszW2D3H1AleIynE
;i4eeEIsLTyBo5F9OQd5Xq4hZ+u+vjZEU8ESWT56hYoqKwtLRTxBUd7G/xlmZE9z3mAJmN+5M1hiqH0/
;Vxbp1U1KexQ+VS098s/iIlBpRnfCaTiM370FUWXEEGAyeI2KKS8XdVpVLD2Bo5F9OQcgHocFZ+vNoSl
;oZcYaVjt6trIsOiRySjlBYunC5R5RWER33XEGhd2oBVFtywhQJRbo1U1KexQjpRI9oqORfUprU0HHaw
;GC0qEFUG3YI1k+eoWKISsIcVEKQlvn/PUYVWZZHq8FZ+u+zVpuTKheP1cWmrk+FRJ6RTxBUd7E8A1mY
;UlywloLis2oKGhjxiNbMnqIrE1LexQjVS09gaORYjkHIG3CdjiC0KszW2D3G14nSY+8ISYkeEImSE/e
;0/4KXHUgH64FZ+u+zRN3DIx8P1dlhaYSIxVySjlBYubC4SJfbkxy8WkChdm5Mmh4wA5aJH6GuSlKem8
;3+2rc+yeufRsHIB7daRS016M8XmDEI1g2ZrazJCYXS1A2TFPvyv8aZmRPa8BxZ+q+zVo3DKiMAFc06d
;VNORdnfDxDW+jP/SJeZlBByGwLh+G+OVZixhVRMEmapSgvHxQiVS09gaPdoHkHOh6uBRSHzZIzWWrBE
;FMIeoimKDgke0Uzclnkz/AEOQYgHq4FZ+vnjVouDKh8TDtltrwjLBJ4TwpBXPLG4yJWaX96y2kGkr7M
;WjcMqHw/Vxbpw01Ke2dPJnJU78X4EVVYTH/dYBW0zqItUn6ofT9XFunVTQM7FDtVLT3yz+IiUGlGd8J
;pOIfXoz9oaMEPSzZ4irBNS+GNusy0pDickWQ5ByBtwnY4gtCrM1tg9w9cNniHvCMtJHdMIENJgaKRfT
;kHIB5eOmfKvs1aRGDbI1Y5cIC5IRUId0I7Q1TvxM4eVnJOavFnHrTSpDRSDKl8P1cW6dW9dXsNI1UtT
;u3QzhRXYUlywloUiN+jNF5izyNMJ3OMsU1LexQjVS1xXOORaDkHIG3CdjiBy6AqaGDNElgjfra5JCcS
;YCNULT2Bo5F9HUcgDK4FZ5jSvgVdecUMYDp3kYopLxd1WlUsPYGjkX15UmAevAVn682hKWhm3RFPCHu
;AuxIuHnhCLC08gaORfTkHBF6uC2frvr42RFPCCVInSZqlKC8fFCJVLT2Bo92geQc3Hq4FFIfNkjZWdc
;0OYDV5m7EoOCR7RTNeWPWjkH05ByAergVn66XNWjd/xA9gO3eQsD8VFnFRMkhi4s/+DlxYRn/NYBTrv
;81aNwyofD9XFvLVTUoIeFAKQFz1xuMUWGt/bc1kC47hqztUeMcOYC8W6NVNSnsUIwxtPZqjkX1Ka1NB
;w2QTjsykO1tT2x9eO3O2sywpD3tRClQ9gKORfTkHIEfuBXzrvs0pW3/3EV4jc5u8LCYkZ0A0QVjexfA
;eTWhSQdQFZuu+zVo3DPE8P3UW6dU+JghLTTxZT+7E9BNmak96y1oCk9asL0R49wxNMmWaoD8vexUjVS
;09gaOlPTkmIB6udguY4aMzQ37HG1o5SYS6KS8kZE8wQ0js/OEPXHRTa9xgZ+q+zVo3DKhYf1cP6dVNO
;RdnfDtCT+zC/SJQaUZ3wmk4hMioKFtt2Hw+Vxbp1U1KexQjdC09gdD9DmZpT2zDZAu0yqIFQ2PYI0wi
;ZI+0Li8ke1UwX1Hg05F8OQcgHq4FZ+u+31o3DNsQTAh5kawqLxVLQDpDSeTN5X04ByAergVn//7Nezc
;MqA9TJEmZujouHmZ8M0hY5cr/GmZ1T2rPcQ6E0JIoVnjBEz9WFunVTUp75BxVGz2Bo+IRSlhQcdlhAp
;nhqz9SaMESWAhkhqEsPhJ7TQpfXPXK/iJfck592mwIheGsKFJt9xpeNGKGp01LexQjVS09gaORUjkHI
;G3Cdjib0bo+Un73GloycoC7KhUJe1c0WVTuzc4PWHNJcfFjEoXduTNYYvceXiRz6dRNSnsUI1UtPYGU
;kX05dExt8XUInNqoKGhqzRlbPniOij8lD3VXPEJT3tHwCVBof3jbawSf16I0aG/HEU8yeJq0OSMUeiN
;ULT2Bo5F9yTggOq4FZ5jSvgVHY98YWiVJgbAsPhJ6RApOUuzT9BNKZlR3wWs4n9egPzcNzhpZMXCPyQ
;1KVBQjVV5R8vzhD1xvRX/abAmM4a4jW2XGGFolSYW6Oi8JS0swTEnk0c4QWH9/cdtxF57KzVs3DKh8P
;9dAqdViSnsUUDleYvHR9BVcZlR3wGI4iMehM1lozQ5gImaZsD8VE3FCIUhP3s7wBWZoVWrecBPrv81a
;Nwyo/GkXFsDVTUoIeFAKXU/ky/QcTW5OefFjFYTQuQVefvcUWjZijKcSJxpsfDpYSfHW5X04ByAergX
;nvf7NTzcMqA9TJEmZpygiHnVXPENa3sv0FF5vVB6vBWfrvs1aH0yoZz9XFpq5PhULZkY9SFz1yv8aZm
;tBZ8t3OIPbpD1feKh9P1cW6dVNmkQUCVUtPfLP4iJJdUV2y2QTgtCqBVtpzghgMXOMsRIiHnVXMF9i7
;MLpIlZyVG7bcWfqvs1aNwwoKn9XPunVTTkXZ3wlX1jpxvAJUGlHQcJgAZ/hpChoZM0dSzJktrgsMiR7
;ViFdSPWjkH05ByAeLlMn65nNWjd/xA9gJ2SMvSgrD31NMnJN6NDlEldYSHvPcQKZ4aA7T1PHCUsnY53
;VTEp7FCNVrWvBo7Z9OQdTct1aF5nbpT9WeMESWAhmhqIpLwlLRTBIWejN9iJNbk178WARjtDNWzcMqH
;w/Vxbp1WtKexRQOV5i8dH0FVxmVHfAYjib0bo+Un73GloycoC7KhUPfU4wclLlx5F8OQcgHq4FZ+u+5
;Vo3DNsQTAhmm7AlLxpgSjtKYvPG8A9mblJBxmAGn9u/BVpt0CNQImKZoDlKehQjVS09AfXRfSQHIB7d
;aRS0zr8/X2nJCFY5cbanKCkUdVcwX2Ly0/QYXQchHq4FZ+s+pho3J6h8PyR6moo9OB58RjRZVO/Ezg9
;QYEhq8WMCjtqSMlJt3BlNCHuIrRIlDmBTIFk9gKORfTkHoEjuBU7rvs0pW3/3DE0yfoy0OSMVc3wnRF
;rp184US1hIe89xApnhoDtPU8cJSydjndVMSnsUI1Wta8GjvH05B1Ny3VoXmdejLl5izyNcLnqAuykvC
;UtPOlpY8/z5GFhzRWzxaAaT4aIvQ3zdCD9WFunVTUr7QmNVAD2Bo+IRSlhQbMdrE4LQqgVUdcQVUTNz
;m4o4OgtxUQpFWODX9A9makFm8WoSn864LjcNqHw/VxZpgw1KXBQjVV5R8vzhD1BpVHfAYjiNzKI0Q1P
;BDmA/c4ihKDgkeUItclL01+EITQchHq4FZ+s+mxo3JKh8PyR6moo9OBJ6VzxDWt7P9BtNWEZ7y2E4g9
;usLlJ+9xFeL0mGoDk6DmAjVC09gaOR/W9HIDiuBWeY0r4FR37BEks+eI6KIS8dYHw8X2LpxvAJXHV/c
;899OITLuSpCeKh9P1cW6dXNHDsUBlUtPfLP4iJJdUlw2mwJjOG9M0R4xxJgP3OIoSg4JHlCLXJS9Nfh
;CE0HIR6uBWfrPpsaNymofD8kepqKPTgSelc8Q1re0/4KXWJSQchgAo/Xoz1oeMERWghzn7AjSnoUI1U
;tPYGjkX0dByAe3WkUtM6/M1l4wRJYCGaGoikvCUtFMEhZ6M32Ik1uTXvxagOPvsxaNwyofD9XFunzTU
;p7Z08mck3zyv8JUGlHQdxgBpnhpChoZM0dSzJktrgsMiR7ViFdSPWjkH05ByAeLlMn66XNWjd/xA9gJ
;2SAuzkjFXN8J0he7sLlGEtYU27LYAPrv81aNwyo/FQXFsDVTUoIeFAKXU/ozeUUV2B/bMdiD5/hqz9S
;aPcUWjZijKcSJxpsfDpYSfHW5X04ByAergXnvf7NfTcMqA9TJEmZpyQkD31NMnJP6MT5CWZuUkHGYAa
;f278FWm3QI1AiYpmgOUp6FCNVLT0B9dF9LgcgHt1pFLTMojNofs0bVjh4trYoJA9xUQpVPYADi1LkI4
;YgbgVw677NKVt/9w5QPkmbsCojFHp8NkhT9cbjIkAHIZfvZYI7XPOaNxmofD8kepqKPyUSS1EwSlTuz
;c4PWGNJa90FZuu+zVo3DJY8P0oW6dU+JghLUTpEYvPG9hRWaX9qxncCmNaiNlNTyQ5aNhbo1U1KexQj
;cW09l6ORfUprU0HdYACG26MuaGDNElgjfra4JCR7FdkrR4H1MBlCOSAgHq52C5jhvjJeacQYYDV5naE
;iJyR3TDtZUvTRzhFQaUVBymwUn9+jOVIMqeamzo9wTPR1ewsjVS1O7dDODlFuRXLKWgWEyrk1WlPLE1
;EjeZynEiYUe1MmLTyBo5F9OQc0Xq4pZ+u+vjZEU9sUVjJ6jYovJQ9gTDhyXu7N5RJMdX9qwVoOhdikN
;ltTzBVMI3eHtihKem83+2rc+weufSIHIB7daRS0zaUzUmDMI104Yp26IBUebFM0Q07ozP99OAcgHq4F
;Z//+zXw3DKgPUyRJmr0kLxdwfDdCSfXM/CJQaUZ3wmk4h9ejP2howQ9LNniKsE1L4Y26zLSkOJyRZTk
;HIG3CdjiY1qQ/W2j3HlAjYoa4EiYabUYnXj2Ao5F9OQcgOu4FReu+zSlbf/cPVz5zhbESKBRgVzpAYv
;HR/hdcZFR7yloLiseoKEQMqXw/Vxbp1RQKezQjVS1O7dDODlFuRXLKWgSE0Lk1Qn73EFY5c7axJDkPd
;U02SD2AOQjkoJ65p5EFf+u+zSlbf/cPVz5zhbESKRR6VzpYT97P/hJJdCAfrgVn677NTncMv3w/V2WF
;phI5E31GOUli4szjE1x1f3rLaQaSvsxaNwyofD8OVunOTUp7Z08mck7pyvQRXVhFcMpaBITTvT9Zf8k
;IVjh46dRNSnsUI1UtPYG3kX05dExt8XYPgtuhPmhpxhhgM3OFtDRKehQjVS09gaORfS0HIB7daRS0za
;UzUmDMI1ovZoi7PiMUeiNULT2Bo5F9yTggAa4FZ5jSvgVEZMEZUzNJj7whPh5mfDtMT/PM5iJLYkd3w
;Wtn6r7NWjcMqHR/Vwnp1U05F2d8JkVU5M/1IlBpRnfCaTiH16M/aGjBD0s2eIqwTUtIJxBmHg5SnJFn
;OQcgbcJ2OJjWpD9baPcQXiRzm4oiLB1LRzBBXPijkH05ByAerlwn66fNWjd/xA9gJH6AsCEuJHhCJkh
;P3sz/Il1iTH/XBWbrvs1aNwyofD9BFunVPiYIS1A9RFjtx84RWHRFbPF1CJzbv1o2DKh8P1cW/ZVNW3
;sUIyZBTt7Q+RRca0RBwWMBmNu5WjYMqHw/Vxbp1U1TexQjJkFO3tD5FFxrREHdZgaF0KQ0UFPbDFoyc
;unUTUp7FCMZ8H2BgJF9OXRMbfF2EpnYrDlSU9sVWzJJnbA1Pg5mRgpfWPLM/QhNbk9wrgT9cidUw661
;l3wdVxbppiE5JGdWJ0tc4sbODlBjRUHaYB+fy78/aHTRI1AxcJqwOUp6FCNVLT2BQ659CwcgHt1pFLT
;KpT9FYckQYDJ4irkiOQ5mRgpPXPLGzhlQdFR/wGYCtMqiBVFl2g9LCHqIrCg4exUjVS09gaNhQjkgIB
;6udguY4bkyXmL3C147eraxIj8ZeEYKQVTvxuIiWmhScMt3OI/boTtODKl8P1cW6dUUCns/I1UtTu3Qz
;glRbk5B2WQLh+GpNUJuxBlgO3+HsD4VHnpHCk5S7NP0E0pmVHfBa2fqvs1aNwyofD9XMunVTTkXZ3wh
;RVTv/OYcVWt/esFwBYfbkjZeYs0PYDJ4jYopLxd1WlUsPYGjkX05ByAehAVn682hKWh4wBVRCGGIuSE
;VH3tWN0FY3s/4E1x0f3LPdgKZ4aI8UVPMGVM2b+nUTUp7FCNVdH2BipF9OXRMbfFxD4LQki1WYMQjWz
;hji7koFRd9TTBeYu3C4hhLWE9w8WECh9+0WjYMqHw/Vxbp1U1sexQjJkFO3tf5FFdYV3/CaTiP0bg4W
;2n3EFY5c5qKISsIcVEKXVL2xuN9OAcgHq4FZ6L+zXM3DKgPUyRJnb0kJCRjQjlBYuXM5B9VYn9yx2sC
;mOG+OVZixhVRMEmKujgkDxQiVS09gaORjQYHCR6uBRSHzZIuX2XGI0g2eoWKKSUOdk8wclHozfQOZnR
;Df8BrDoXZkilHac0YP1YW6dVNSjfJY1ULPYGj4hFKWFR2x2s4nN+hNmh/wRJYO3O2uSQkHktAOl9T5N
;HOGVxrQWeuBGfrvs1aN1XofBVXFummITkkYEs8Q2L2wv0RZnRJcMlpArTSpDRSU80SWwh1hrg9LxVnQ
;iFEUu+jkH05ByAergVn653NWjd/xA9gI36AuxI9GnhPCl5U78T9GGZrSXDLWgKF2pI+UmDJBT9WFunV
;TUp7FCNVBD2Bo+IRSlhUdsdrOJzfoTZof8ESWDtztrkkJB5LTzReWPP8/htfWER7wmQe67/NWjcMqHx
;mFxbB1U1KCHhQCllV6M3OClhrTEHdbAmM0qgFW2XGGWA7d5qwPxUUenwxSFHg2pF8OQcgHq4FZ+u+6F
;o3DNsQTAhigbwjFQx1TzlyTujN9hFcWEx3wGA4h9++P0VT2BNIMmTp1E1KexQjVWR9gYuRfTl0TG3xc
;Q+C0JItVmDEI0w+eI65KBUXfU0wck7iwv8TUGlHQc1qEoXKzVs3DKh8P1fm1tVlSnsUUDleYvXL+BNm
;cEFywloUgtCqNlJTxBVRMkmatiwkFX1NMnJO8cb0GTkGIB6uBWenY41aEwyofEw7ZbahIjokZ1YnS1z
;ixs4eVmlUcdt3OIjRvzRSfvcYWjt3kNVMSnsUI1UtZMGjuX05B1Ny3VoThM6SKUJ+zh1cMkmKuiM+FG
;FRCkhT5fzyElR3RXDdZBOC0aNaNgyofD9XFunVTWt7FCMmQU7e1/4NZnRVbMhkBI7hrjVZeMcJTQhzh
;7ESLh54QiwtPIGjkX05ByAeriJn676+NkRT3BNPCGWcpysrGHF8NkJT9czkD2ZrQW3LdziE2KsFU2nE
;HUZXF+nVTUp7FHoVLRuBo5EOVXR/asF1OJjLvzxWb80jXDh4nbo4OCR4QiZIT97M/yJdYkx/1wVm677
;NWjcMqHw/dBbp1T4mCEtXOl1i8tbjG1hkRUHNagmf0bgoaGDJD1olSZm6Oi8JFCJVLT2Bo5E0eQcFHq
;4FFIfNki5YfPcPSiVwiLYoFRh7TSFCSPP8/RRXYn96x3YTitCuPzcNMuWmzo9wbHJKZhQjVV5R8vzlE
;klYU2vcYwaI25I5WGLcE0olSYW6IjoIFCJVLT2Bo5GNBgc+Hq4FFIfNki5YfPcPSiVwiLYoFRh7TSFC
;SPP8/htfdEVqrgQc/xCKu024F3wZVxbppiE5JGBMJXJO9NH3HFpif33BaxOEy78FRG/JElE+eI6KLiU
;OeldVLD2Bo5F9OfcfHogFZ+vNoSloeMcMYCRjm7MsKR5LQDpDSe7W4yJKZEFwwGwJjOG+KlJpzHw+Vx
;bp1U0GplQjfy09gdD9DmZzT27xdhKZ2Kw5UlPLE1EjeZynEj4US0o7S1Ttz84ZUHRUf8BmAuu/tk6ZS
;0kGm2gWytVNSgh4UApZUvH84ghLYUF9y1oOhdikNltTyxNNOXObiikvF3VaVSw9gaORfTleYB6JBWfr
;zaEpaHjHDGAkY5uzLCkeS0o7S1Ttz84YV2N/fcFoF47QvjtDZccSP1YW6dVNSnsUI1UNPYGj4hFKWFR
;x3loUnsyrO1Rp9xVRMX+FuRIvFXB8MUhR4NqRfDkHIB6uBWfrvutaNwzbEEwIYoalEjkOZkU0Tljeyv
;8bUGtMQcJkFI7MkjVRavcYWjt3kNVMSnsUI1UtZMGjtH05B1Ny3VoThM6SKUJ+zh1cMkmAuysjF3h8O
;UxO5NHOEldYRHvCZB7rv81aNwyofD9XFsvVTUoIeFAKWVLx/OIIS2FBfctaDoXYpDZbU8QdTDJktqUi
;PR5mI1QtPYGjkX1wRyA6rgVnmNK+BUNj2CNMImSPtC4vJH1NM0RR7fz9FFdif3rHdhOK0K4/Nw0y5ab
;Oj3BsckpeFCNVXlHy/OUSSVhTa9xjBojbkjNZasEQUwhlirQjJBJ6RApOUvTN5X04ByAergVnG4HNdz
;cMqA9TJEmduj0VCGFRM0xe5Pz4E19uTHLxdgSK0KMzWWv3H1AieJ2KLzMkeEo7SD2Ao5F9OQcg7pEFQ
;uu+zSlbf/cIUCdJmqA/LBp3RgpEU+fK/RFmdEN/wGsOhdmSKUdpzRg/Vhbp1U1KN8ljVTs9gaPiEUpY
;VHHeWhSezKs7VGn3EF4uc5umTUt7FCNVLT2Bo5FkOQcgbcJ2OJ/RvQVEedoaXjRztqElOB5nSzpBWYG
;iKWO87HGmEDpn+b7NWkRg2yNHLkmatCsvJGZCMURI8qOQfTkHIB6u5Vjrqc1aN3/FHVM7SY+wLD4OZk
;YmclnowvwYTWJSHq8FZ+u+zVoTTKhgP1cWmrgsJhdLRTBMSfTR9A5mb09yy1oDgt+gP0Np2nw+Vxbp1
;U1KZ1QjTi09gdD8HFVrf3jLZBOezKgpaGXGGlY7eranLD4SeyNULT2Bo5F9YEcgBK4FZ5jTrDZbU84Z
;XiNjm7A+FQhkRjBJYvPC5RRWByEergVn676EGjcuqHw/JHmFvCkVGXtXIUJQ3sbpCUtyU3fBazic16k
;uX1PaHUs+eenUTUp7FCNVdH2BuZF9OXRPcsdhOInRuS5YYfcaVjt3hLAjPiRyTzpaPYCjkX05B2BL7g
;V1677NKVhgwRhgNXmdoSInJHhCLEhPgaKRfTkHIB66RWf5vs1aRGPEFVsIdIahOSUWS1AlSFjlo5B9O
;QcgHq5LJ+ukzVo3f8cQVjNJj7whJiR6QidfUvb89xFWcFJ/2mBn6r7NWjcM6Cl/VwDp1U05FHhKMXJU
;78X4EVVYRWbeZAmY16I0Nw2ofD9XFunVTUpZFCNVXlLtyvUiUGlGd8JpOI7GvTtZf8ETUQhkjLgiPB5
;LSzpBWIGikX05ByAergVn+L7NWkRjxBVbCH+HsyQmF0tQPUhR7dCRfDkHIB6uBWfrvttaNwzbE1M+cr
;a8IywSeE8KWlTl1/kiVG5OHq8FZ+u+zVo3DKhjP1cWmrohIx9LVzpdYuTb5Q9MdElxwFoQgtq5Mmh+y
;QhWOBbo1U1KexQjDG09lqORfUpoTHfKWhOEzpI8XmDJEVo5YrazISUMFCJVLT2Bo9EoeQcvHq4FFITS
;pD5oeMcMYDt3kLA/SnoUI1UtPYG30X02ByAe3WoLgtqSLlh89w9PMnON1UxKexQjVS1zwaOwfTkHU2v
;edQiZypI7U23YCFYhc7a8IywSeE8KX1z1yv4iVGZYHq8FZ+u+zVpzTKhdP1cWmqA9OhRmVwpMWeDT5R
;RPYn93wGMOh9KSKFZ4wRNgOn+H1UxKexQjVS0ZwaOxfTkHU2vedQiZypI7U23YCFYhc7a8IyQeZnwwV
;U3gzeIUVmkgHzSc/nInVIMIDL98P1dlnKU9JQlgfDRJXPHX+AtcWEx/12AVmL7MWjcMqHw/Q1bpzk1K
;e2dWJV1S89fOHF1mUGrHcwK0zKg+Qm/cFVA5ZenUTUp7FCNVLX2BuZF9OXRVbt5qFZ/hrD5WfNwVSTJ
;JnrwpPhNLTjxDPYCjkX05ByAW7gV0677NKUJ82BNNI0mLtD4vJHhCLEhP8qOQfTkHIB6uBWfrp81aN3
;/dDE84ZJ2KLysIcXw5TETk0eIiSndFe8oFZuu+zVo3DOE8P0IW6dU+PwtkTCdZYuPR+BleYn9yz3wCm
;c3NWzcMqHw/Vxbp1V9KexRQIF1N7tHlIlt1SXPxcg6PyqVaNgyofD9XFumVTVR7FCMmWE3xzOMJZmRP
;cMBgBJ/XojRodNEjWz5lnbQjKR4UIs+0pBg6CMQGBz0ergUUns69NUV49xlHI2ScpiQlFUtUPElJ6fz
;jHE1uTx6vBWfrvs1abkyoaT9XFpqgPToUZlcKS1TtwvwYV3N/eMJqEOu/zVo3DKh8ZhcW8NVNSghhUy
;VCT/X8+BNfbkxy8WkChdm5MmhhwRI/Vhbp1U1KexQjVTo9gaPiCEl3T2zaWg6F2KQ2W1PHCUs7f4ewP
;kp6FCNVLT2Bo5F9KAcgHt1wF5vRvy5oasEQUwhkiKEoSnoUI1UtPYGd0X00ByAe3XAXm9G/LmhtxhtT
;Mhbo1U1KexSjE209kqORfUpyUG7BdxO0zqQ2W23aI0w+bIzVTEp7FCNVLS3Bo7p9OQdTa951CJnKkil
;abcQQYDF6hrQ5Lx9LRTBMSfTR9A5mf1lBy30XitC+M1hiqH0/Vxbp1U26RBQuVS098tbhDVZ1VEHddQ
;KO2s1bNwyofD9XX6nVUEp7FFAgXU3u0eUiTXVFe/FnFYrQrjJobcYbUzJJhLQ1SnoUI1UtPQHl0X0iB
;yAe3XAXm9G/Lmh42hlaCHSbtCMpE0tHMENO6NfofTgHIB6uBWfV/s1GNwyoD0onZoanORUPZkYwcl/z
;wv8eUVhEd89oAp/bv1o2DKh8P1cW6ZVNZnsUIyZYTfHM4wlmc1J7y1oFmd+jOV9TzBVeOnOdsD8VH3t
;WN0FY3szkCVVuTnvdBWbrvs1aNwygPD93FunVPj8LZEwnWWL10fQYZmVSf8BmD7TapDtaadwZTQh7iK
;1NS3sUI1UtPa/jkWk5ByBt23UXhMy5BU919xlHJ3eHpiQlFRQiVS09gaORfTkHMx6uBRSezr01RXj3B
;EYIcoCmOSsVd0ZVLFvnxfcbX+EfHrIFZ+vNuCpHY9oIYC1JhrMrOR5gfDFCSu/8/RxAYlJtrgRn677N
;Wjf8l3wlVxbppjg6C3tRIXJH3sz3G0piVEHbdTiH37Q/RX+ofT9XFunVTbpEFDxVLT3y1uMbWGRFQd1
;sA47huT9PeN0OWghkjKYiJg5gSjpDPYA5COSgnrnXkQV5677NKUJ+zh1cMkmavCkvJGBGLVlI88bOBU
;BYT3jIdgKfvsxaNwyofD+nKenLTUp7Z1YnS1zixs4OVmtJevFnCJ/KojdoadAMXjllgLojSnoUI1UtP
;YGjkX0TByAe3XAVjd+uP2h/xxBWM0mLujk+FHl8MFVJ89biFFZpf2nHYROD4b87Q2XHfD5XFunVTUoi
;VCNILT2B0OQPX2ZDe/F2CIfXqQVVY9wIUDpJj7kiPQl1VzAtPIGjkX05h3terh5n676+L0VqyR9aCGW
;GuSQuJHZMIVlS7Pz9HEBiUm2uBGfrvs1aNwyofCVXFummODgddUAwck7uz/gZZmVPatpqCrTNvT9SaK
;h9P1cW6dVNBDsUOFUtPfLW4xtYZEVB3WoLgtqSLlh89xlHJ3eHpiQlFRQiVS09gaORfTkHBx6uBRSez
;Ks7VGn3D1A7f42KOSULS0YtWU/00PgSV1hXd8pxD7TMrC5eY6h9P1cW6dVNEzsUOVUtPfLW4xtYZEVB
;3WoLgtqSLlh89xpTOGGbtDkvexUjVS09gSPKPTkfIB6udhKZ2Kw5UlPbE1M+crahIjokeEIsSE/yo5B
;9OQcgHq4FZ+ufzVo3f90OWTZ1jIo+JRd9RwpZUvH8/xxLdU9p8WMLhMm/O0NpqH0/Vxbp1c0ROxQ0VS
;098tbjG1hkRUHdaguC2pIuWHz3D08yc43VTEp7FCNVLXnBo4t9OQdUe8N1ApnfuS9FafceUCNihrgSO
;Q5mRTROWIGikX05ByAex0Vnwr7NWkNpxQxaJXedoD8vJHZMIVlS7PziCEthQX3LWgaZ26wFQ2TaGUw/
;eYWxTUt7FCNVLT3o45FJOQcgastoF47MrC5Cfs0jWzJ1m7AsOR5wfCdMW/X84ghLYUF9y1oKhNqoNmh
;qwQ5MI0mFtDQvCRQiVS09gaORfTkHMR6uBReZ16MuaHjNEU8yZIihODgeFCJVLT2Bo5EUeQcyHq4FF5
;nXoy5oeM0RTzJkiKE4OB4mI1QtPYGjkd1QRyAMrgVnm8ykNENT3BlSJ3ObtDk/CXEQVSw9gaORfTkHI
;B68BWfrzr8zWXj3CFo6ZoynLD4OZkZhLTyBo5F9OQcgHq4QZ+u+vSheYtwjXTJytqEoJwtxUTRZSPPG
;kXw5ByAergUpq77CWjcM3BRWOUmetCEmJGdTMEhZgaKRfTkHIB7nRWflvs1aRHzdDkwIe4itOiMfYEt
;VLD2Bo5F9OecfHrcFZ+vKpTNZU98dUztJnrwpPhNLUTRZVO78/BxBByEergVn676kGjcVqHw/I36Aux
;I9GnhPClpU5df5IktmVHfBWgqC0M1bNwyofD9XL6nVQUp7FFcnTEvkz84OSWJFeq4EZ+u+zVp3XOh8I
;VcW6aE/Kw1xTwpXYubA/hlcWER33XEGhd2oBVFlxhVMPxbo1U1KexQjQW09j6ORfUNYVGzPcwKH4b4q
;UmnMfD5XFunVTUpvVCNELT2B1fQPSm5PcPFpBpjKkj9TZdx8PlcW6dVNf7pUI3MtPYHV/hFMakVq3Gw
;EtM29P1Jo9w9SOHmdvRI5HnNOMENJ3s/0E15zSB6vBWfrvs1aP0yoXT9XFp+6IT8WcVcnRF7e0OEYXG
;N/bcNqCJ/Wki5ffs0PVzh6jdVMSnsUI1Utzb6jvn05B1ZxwnAKjsq/M1RT2wxaMnK2piAlFGBLCllP4
;NX0EWZrRXDJcQ+0yqUoUn/AE1MzFujVTUp7FCNBbT2Uo5F9Tm5Qe/FsCY3XoTZoaMEPSzZ4irB8SnoU
;I1UtPYGjkX0sByAe2WwXjuGkNFFlxBBgM3+aoSwkGHERVSw9gaORfTkHIB60BWfryaQqUlPHCUsyZLa
;8IzkeYHwxRE71wv8eXDYgH64FZ+u+zVo3DLJ8P1dhgKUoFRRhVzBfYujN4hhNWER33XEGhd2oaDcNqH
;w/Vxbp1U1KbBQjVVpU8cbOEkxzRWzxbAmY27kFRHzNGVtmFujVTUp7FCMcbT2Wo5F9Tm5Qe/FqEp/bv
;wVeYtsZSwhlmbAoLkkUIlUtPYGjkTR5BwMergUQgs6oBUVp3A5eNGKAuiMVGXFFOl9Y3tT4DVxYRn/N
;cQiZj81bNwyofD9XFunVbkp7FFQ8XVje0fQJS2ZDasdqCbTcqDxYfs0jSD5mjIorKxhgTCcfPYCjkX0
;5ByAergV8677NLV58zSNMOHqAsRIjFXJKOUFi5criCVhpQ3ufBWbrvs1aNwyofD9MFunVOiMLcXwmQl
;Hox84UV2FJcsJaA4LNuTtZb81OP1YW6dVNSnsUI1U7PYGj5hRJYn9t23UXhMy5BVNl2wheOXWM5E1Le
;xQjVS09gaORazkHIGnHdQK0zbgqR2PaCGAzf5qhLCQYcRFVLD2Bo5F9OQcgHrYFZ+vJpCpSU9wUVjlJ
;nrQhJiRwSiZZXO/A9Ew5BiAergVn677NWi8MqHxIPmaMijkiEnp8IkxR7fz1FEpzQXDNYFXrv81aNwy
;ofD9XFvzVTUoMfVMwcknu1PQPZmVSd8NaEILauTI3Dah8P1cW6dUNSm4UI1VaVPHGzglWcEVs8WMOk9
;upBUdj2wQ/Vhbp1U1Key1jVTg9gaPmFElif2rBcgKZ4aszT2nMI084ZZDVTEp7FCNVjWPBo4V9OQdXd
;95gOJ/Ruj9FU84QUCBkiKEoe3sVI1UtPYGjyD05EyAernIOm9uSLlh7zQ5gMXqGoj8rD3ERVSw9gaOR
;fTleYB64BWfryaQqUlPcE0gyZLa8IywSeE8KX1z1xpF8OQcgHq4FPqu+01o3DN8VTzJJnbo6LwlLTzp
;CTfL89Bxab3971nEVntqoKDcNqHw/Vxbp3Q1KUBQjVVpU8cbOCVZwRWzxagSf36o1WW3EI08+eoW0Px
;UZe1chQlDex/gcVGJUe9wFZuu+zVo3DOE8P38W6dU6IwtxfCFCSuTRzhJac0F5wWsGh+G9M1tgyQ5gI
;3mZiikjGnlGIUhPgaKRfTkHIB6XRWf5vs1aQGXYGWAjeZ6wPxUUckUmSEn5o5B9OQcgHq4Fp+uszVo3
;e8EMWghihqIoOCR7RTNeWPXakXw5ByAergVnq77dWjcM3xVPMkmdujovCUtQJUhY5aOQfTkHIB6uOyf
;rq81aN3vBDFoIYoaiKDgkYkw5WFDk/PwUVwchHq4FZ+u+7Ro3HKh8PyB/mbASPhRjRidySujH5RU5Bi
;AergVn65aNWiYMqHxQOGyMij4iEnFPMXJc78T9GDkGIB6uBWfrgI1aJAyofEg+ZoyKOisXeHwzQVL20
;fAJXDYgH64FZ+u+zQN3DLt8P1dhgKUoFQx1TzlyW+3M5g9Yc0UsrgRn677NWjdV6HwpVxbpuiIwHktQ
;PURY7cfOEVBpRUHNahKFys1bNwyofD9X5tbVX0p7FEw6V1je0PkUXGtEQcFjAZjbuVo2DKh8P1cW6ZV
;NRXsUIyJETeT85hxVa39t3mACj77MWjcMqHw/Hlbpxk1Ke3VANkhR5NHwCVBoTkHLawaJ0qhaNQ2oYz
;9XFoi2Li8XcVE0WVTuzc4bUHVTavFpBpLbvwVSYskeUzIW69VNVnsUIzRbUujHzhRXdEVs2loAiNGpP
;2h49x9QOnuIuylKeRQjRy09gdH0CUtmQ2rHagm03aI3VWXGGz9VF+nlTUp7dVU6RFne1+McT2JMQcZq
;C47NkipWeMAjUjZutrkoJBxgSwpLXOLX/g9mYk5/zGkC67zNWicMqHxdMnqdij8rHWB8MENc48/0fTs
;HIA6uBWeJ26EuaHvJEFMIc4e0LyYeFCFVLTKBo5EfS25EecdrALTboztVYM18PVYW8NVNShlmSjFKVO
;/EzhtYaX9t3mACj+GoNFZuxBk/VRbpzk1Ke3ZRPEla6M32Il9uWHvKWgaF2aE/aGnGHV07c+nXTUptF
;CNVT0/ox/YUV2B/bcZgC4fNkj9ZbcoQWlcU6dVXSnsUQSdEUN7G6QlcdU5/wloUg9uhNkRTzhVNJGLp
;101KaRQjVU9P6M7OFFd0SXrLWgKF3682UgyqfD90FunVLiUaZ1c8Q1rexv8cW2tFQcdrAYLSoQVEZcY
;bUzJJhbwjL0oUIVUtHoGjkR5WZlNqx2sAtNujO1VgzSNWOXCAuSEVCH1NMkFY3s/4E1w1IByuBXPrvs
;05WGPEFVEwSY+0IxUSekAnSFzyxpF/OAc7Hq4FBITRoTNZa/cMTT54naY9Lx5wfCZBUvbH/gpXByIfr
;ihn676uNVhgwRJYCGabvCM+CGRGMEli8s/+Cl1oV3DxZBGE16kFWHncGU0IZYGwISZ7FiNVDD2Bo/IS
;VmtJcMlaEIrXuQVFackfVwh7gLsSJhptRidySejO9H07ByA6rgVnj9ujKVJT2wlPJ3mboRIrF2BGJ0N
;c9cbOHFdgTHvxYAmK3KE/Nw6ofCJXFumxKCQIcXwmWE3xzOMJZmFMcdl3Bp/bkj9ZbcoQWlcU6dV+Sn
;sURzBDTuT84ghJd09s2loOhdikNltT3Q9aCHqAuyg5JH1NCkVU5svOGVxpU3fafDiMzKQ+Nw6pfB1XF
;umxKCQIcXwmWE3xzOMJZmtBZ8t3FLTcoi5DY8UjWjl3i7koSnkUI3ItPYHH/Q1mZEh/w2cCmeG9KF5i
;3BVRMEmdsCA6HmZCIVhP5Pz0E1hlTHuuB2frlc1aN2jEDGA0foi4Ly8JS1cwQE3k0fAJTHVFQcdrFI7
;MuQVQb8cYWghzh7QvJh4UIVUtHYGjkRlVd395zWoDjuGrM1tpxh1SMkmPuj8nGmB8MENc48/0fTsHIA
;muBWeP0r0FWmnaG1oIeZmwIxUIcUQ4SFP10JF/OAc3Hq4FA4fOkjdSfs8ZYDhgjKchKwtLUzRfSfKjk
;3w5GyAermELm+G/P1BlxxJeO0mMrT0lCGFRMHJY78LzEVwHIh+uHWfrvqk2R1PaGVI4YIyKLz8Zdk8w
;cljvwvMRXAciHq4sZ+u+qTZHU9sJTTF3irASORJwRgpZWPnX5A9cWENxwmoVtNCiKFptxBVFMnLp101
;KVxQjVUlR8fziCEthQX3LWhSC2qgFQ2nQCEolc7axJDkadk8wclLv/P4LXHVIf8BiZ+m/zUU3DKgYUy
;dJmqA/LBp3RgpeVOXGzglcf1Rr3GA4jtCsOFtpqH4+VzXp1U0uF2R8JlhP58LyGGZ0SXrLWhOOxrkvR
;Wn3EFYwfp2wPxUOZCNXLD2ko5F9XWtQQd1wFY3frj9of8EYWghijK05PwlxfDpYSfLK9RhmaE5y1wVl
;677TWjcMzBBPCGKMuD0vCXVXIF9Y3sD5HFRlRWzxYAmK3KE/Nw6pfCpXFumwNT4eZk00QWLyy/QRVXR
;/eMd3FJ++z1s3Fah8PyRznaEkJBxLRi1ZT/TH9A9mNX97wGQFh9vNWDcMjXw/V3ORoT8/H3FRCl5K6N
;fyFWZkT3HCbAmM4a8/UWPaGWAkYYChLiJ7FiNVCz2Bo/QFTXVVest3OJjJpC5UZPcfUDh6gLsqFRNxQ
;iFYTd7C9QtYaUN7rgdn657NWjdp0AhNInKMpxI5DH1XNkVi4sz+EVBpR0HHawaIyqQsUgyqfD9/FunV
;KDIPZlYxSE/e0OYUTWRIQc1qCIfXoz1ofMkOVAh7hqMoFR56QjdBWIGhkH0dByAey30TmcupP0VT2wt
;WI3WBij4+FGR8IkRN5PzmHFVrf2rBcgKZvs9aNzuofD8ybp2nOC4eZnwmWlT1wPkiSnNPbvFyDpvbki
;1WYMQjSzhhjKcSKRR7TwpJUvbNzhhBc1JrymAV67zMWjgMqHxZNni2tyEjC0tGO0xf7caRfzkHMh6uB
;QGK0JI5WGPEFVEwSYy7LCgXcSNXLD2no5F9X2ZOQc1qCIfXoz1oe8kVSwhwhqcSJxRiRjhIU/X89xRX
;blN2y2Fn6b7NUTcMqBpeOUmMuywoF3FHVS88gbCRfTlhQXDBYwG02a41U2n3GVE2dIWwTUh6FA9VLT3
;nyuMOTVhMf9dgFbTapDdSYtsVUDlJkawSKRR5UzBDTuDX+BJXWEVwz2cLjr7PWjcVqHw/MX+bpjkVF3
;VaMF9i8sv0EVV0f3vAZAWH281YNwydfD9XcICnPj4keEIsSE/e0P4RUGN/d8BjDofSkj9PeNoJTD55h
;4o6Ix9gSwpfXPXK/iJcaUF8wmBn6b7NcjcMqBpWJWWdiiErAnFRCl5S7cr1IlBpRnfCaTiN0qItRW3c
;GWAyeIi3IS97FiNVCD2Bo/cUS3RUQcJkHo7MkilYYMEYYD54j7whJiRnUzBIWd7G/xxba0UerAVn8L7
;NWlFgxwtNNmKMij8vCHFXCkpe7sf0IlxpQXzCYGfpv817NwyoG14nSY+8ISYke005VGL1zOEiW2hUas
;FoOJjLvzxWb80PP1UW6dpNSntzQiVyW+jP/SJKb0VywnZn6b/NQzcMqBteJ0mPvCEmJGdKO0pR5Pz0B
;U11VW3HagnrvMxaGgyofFg2ZrazJCYXS1A8Q1rtxs4YQXNSa91sCIXhrjVafM0STDZigLojFR56QjdB
;WIGhkX0YByAeyWYIj9uSP1lo9whKJXiGsysVFXtZL0JR5Pz5GFhzSXDJBWXqvtFaNwzPH1Azc7azJCY
;eekI4SGLnzOMQWHN/e8BkBYfbzVg3DLB8P1d+jLQ5IxVzfCFEUOT88hxVZH97wGQFh9vNWDcMsnw/V3
;+Hpig4D0tLMExJ9NPOGlpoRHvxYAmK3KE/Nw6pfCpXFum9KCsPYVMKSl7ux/QiT2ZMd8pkE46+z1s3F
;6h8Pz54j7whJiQlE2VySPLGzg5Wa0l68WwJjdehNjcOqHwpVxbpvCMsEnhPCkxZ4NPlFE9if3vAZAWH
;281YNwyMfD9Xf4ezJCYXS0A6Q17kzeUPUGR/bcFpDo/huClSU88dTwhwgLkhSnkUI00tPYHK/xtQa0x
;BzWoJhduuLmhpxhhPOH+HoT5KeRQjWS09gcr/G1BrTEHIbBWYys1YNgyyfD9Xf4ezJCYXS1A9SFHt0M
;4ISmJ/ec91OI3XoTY3Dqh8GlcW6bwjLBJ4TwpYTuT8/RRXYlNBx2s4g9eqMmhozRJMPmKQiio4EnAjV
;yw9kqORfVBpVHvcaQiI1aQ0UFPNEl41eozVT0p7GiNVLVTzzP8UV2B/e8BkBYfbzVg3DLl8P1d/m7oj
;IxVzfDhCU+7X/hNQZCAcrgV1677NMFJ+wyNbMnqdtBI6CX1NIUhPgaGRfTIHIB7EYBWA4ag0Vm7EGT9
;VF+nCTUp7fkYnRmLnyuMOTVhMf9dgFbTboztVYM18PVcW89VNSh19WwpFUvPR+B9VYn9r3WA4hM6oNG
;huwQhMVxTp1VFKexRPNFRY8/z5GFBgSGrxZAOKzrkzQWn3GVE2dIWwTUh7FDhVLT3twugYS1hTdstpC
;5jhoihTadojUCdigLgkMB4UIVUtEoGjkRFYfkVs8XYTisy5BUdjwRJLCGWKtD8sJH5MPENJ3sL9EVZw
;f3fAawKZ4b4yUmDEfD1WFtjVTUoXdVowX2Ly1/APTVhQccdrE7TNrjtFavcWUD54nYosOBRhTTFyWO/
;X+A9cWFN2y2kL67zNWh4MqHxTNm+MpxI5D3VRIXJN7sr/CWZ0Q3/cYziB0aQ0Q1PLE1Ezf528IiQaeC
;NXLD2jo5F9VWZZe9xaFJ/fvy5ofMcVUSNJmrAsJyRxRzJIYuLG/wlcdSAcrgVF677NNlZ1zQ5gJGKIp
;zkVC3tKO1li8sbwEGZqT2jLWg6FyawoUwyqfD90FunVISsCcVEKXkng0eUiSWhJcNpaFI7foAVZY/cT
;STJkgbQjLQgUIVQtFIGjkRFYfkVs8XYTisy5BUdjwRJLCGWMtCAVFXtNCl1S7dr2EldYVnvccQKTvs9
;aNySofD87d5CwPxUIYEInWWLxzPgTTVhTe89oOJnboTtDZd4ZYCd5mrw5IxR6I1ctPbKjkX1UZlRBzW
;oJjY+SPF5gyRFaOWK2pig+D31NMl5i7tX0D0tuRHvxdguC3agFRGncCFY5cZrVT0p7JyNVLVDg184eV
;mlGLPFjDoffoD9ZePcPWiNigLsqOSR7VTBfT+jH9CJKa0l9y1oUjsq5M1lr23w9VxbJ1U1KHX1bCkVS
;89H4H1Vif3vWcQKFzaQsUlPbCFYjdYG8Iy17FiNVMD2Bo/cUQVhIcdx3DonSqAVCYsETUQh5n7A/Jhp
;kUzBJPYOjkWs5ByBzwWECh+G9KFJvwQ9aCGy2vSgjHHxXVS89gb+RfTlqT3rHYw6OzJIpX2nEEEwIe4
;ynKi8kZEInSFP1o5N9OQkgHq5rCJ/hvjtBafcPSzZijNVPSnsJI1UtW+jbzhVWdVJ3zGkCtMujM1hi9
;x1TO0mdrD0vJHUjVyw9k6ORfUpsSWzaWgGEzK4/aGnGHV07c+nXTUp3FCNVXlLtyvUiW2hUasFoZ+m/
;zVM3DKgPUDt/jYo5JQsUIVQtN4GjkQpQd0VB2moQjszNWDcMtnw/V3mHuTQVFHpGCl5V5M/9IlZpf2r
;BdTiYy788Vm/NDz9VFunDTUp7e1UwX1XgzfYiSm9FcsJ2OI7QrDhbaah+P1c26dVNJQ1xUT1MU+b84h
;Vca0xt8WMGheG+KlJpzCNaOXeLuShKeRQjTS09gcznGEt1SXrLWgGC0qw3UmLcI1o5d4u5KEp5FCNML
;T2BzOcYS3VJestaAYLSrDdSYtwjWjl3i7koeHsWIlU1PYGj4Q9cdFNr3GA4itq7O1lvzSNaOXeLuSh7
;exYjVTU9gaPhD1x0U2vcYDiK2rs7WW/NI1o5d4u5KHh7FiNVPj2Bo+EPUGlUQcF1AoXhvj9QYc0SSyQ
;W69VNUHsUIyVfVO/Xzg1YdVRt8XYCmsuoNFRp9xNNM3Ob1U9KezojVS1N88r/CVx1f33BawG027UuRX
;nMGU1mSYqgPj4UeXwlX1Tv1/AfVWJ/bMtiDoTQzVg3DIZ8P1dmm7wjPh5mfDZCU+f89AVNdVV6y3dVt
;N24KUNjxSNPJX+HoSwoF3F8J0ha6Mz/fTsHIAeuBWebzKQ0Q2naI1w4eI+KICsYfEo7SGLjxv0JOQUg
;HoMFZ+vOvzNZeM0OYDR5h7MSJxp3SzxDWN7A5A5NaE1B3ncOhcqkNFBT2A5WOGSAoTRKeRQjei09gdP
;jFFdzRWzxZgiF2JI3Vm/AFVEySYqgPj4UeUovSGL1zP4RUWJBevFgCYrcoT8GDKp8P3gW6dU9OBJ6Vz
;BfYuLM/xtmakF9xmwJjuGuL0R4xxFWLXO2oSIlF3xGNEli5M3wH1ViEh6sBWfOvs1aR37BEksyZLa2I
;iQdS040TlXozfQiXWZUf/FmCIXKqDRDU8kYW1cU6NVvSnsUUydEU/XG4yJaaE548WgGiNakNFJTzB1L
;NkmPvCEvJHVHMS0/gKOgfTkHUGzHaxOOzJI5WGLOI1I2dYG8Iy8kcVshX0jlxuMiSnBJas1tOJzfpC5
;oZM0dSz54jtVPSns0I1UtTfPK/wlcdX99wWsBtNOsOV9lxhlgMXeHii4lFWBROkE9g6KRVTkHIG7cbA
;mf278FVGPGGmA6d4q9JCQeS0U8X1D2wuMYZnVFatxkBJ/XojQ3Dqh8ElcW6aU/IxVgRidyXu7N9yJUZ
;kN2x2sCtNikKFp7yQ5aCGKAuCgVHmdXPEBc9cr+EzkFIB6EBWfrzr8zWXjNDmA0eYezEicad0s8Q1je
;xPISXWJ/e/FoEofKpCpbdfcaUzhh6ddNSlMUI1VdT+jN5RhLWENxwGM4ht+uMl5izSNYNHmNsBI+E2F
;ON0Nc6M/OHF1jIByuBXrrvs0qRWXGCFolSYq6IywkeUI2RVTvxs4VXGZUQcxgA+u8zFoXDKh8TyV/h6
;EoOCR3TDtLYuzC8hVQaUVBx2ECk+G+I0R4zRE/VRbp/E1Ke2RRPENJ5NHOHlZpRkHDZASD16M/aGPFF
;UsIZIi8Pi8Pe1Y2RWLizPUYOQUgHowFZ+vOvzNZeM0OYDR5h7MSJxp3SzxDWN7M4xRebk5BzWAJn9u/
;WjUMqFg/VxaZpyQkD3FRCk5S78XOEFhkSHfAYDibzKI3R3j3CUwySZu0Kz57FiNVGj2Bo+EPUGlUe9x
;aBITQqwVabcsUVjlztqU/JRZkVwpYTuT84xxfc39623ULgt2sLl5jxiNSPmSbuj9KeRQjci09gdPjFF
;dzRWzxZgiF2JI3Vm/AFVEySZuwISsPfVUwclj51+MISm5PcK4HZ+uOzVo3fNoVUSNzm4ouJRVyfDhMX
;unK/xhmdUVty3E4juGhP1lr3BRgO3eQsD8VGHxCO0pYgaGRfRYHIB7edw6FyqgoaG/HElkIe4i2JSMV
;cXwjTFHox/AJXFhQbMdrE4LQqgVHfsETTT5ikNVPS3sbI1UtT+DF5SJSYkVu8W0Ih9u+WjUMqGg/Vxa
;btCs+JHtVMF9P6Mf0IlxpQXzCYGfpvs1MNwyoDl4xYramODgddUAwclDuzf4JVmlJfa4HZ+ujzVo3as
;EEYD95m6ckKBdxfCBDVO7NzhxVa39q13UCtNzNWDcMgHw/V2SMoT8rGGBKOkNi4NX+FF1YVXDAYASOz
;b47RXX3FVEIZZylPSUJYBJVLz2Bi5F9OXVFatxkBJ/XojRobd4TVjNJnLsjLxhxUCZMT/j8+BNmdFVu
;3moVn4zNWDcMs3w/V2SMoT8rGGBKOkNi5criHFtrRUHPcTiYyqwoQwyqfD9CFunVPy8PZkI2WVTuzc4
;TVnN/d8B2Do/bzVg3DL98P1dkjKE/KxhgSjpDYuXW4xRXYH9px3UC2r7PWjcbqHw/JXOdpywpD31MO3
;JZ9NH4E15YV3feYFXrvM1aJgyofE0yYpu0Lj4Se00KSFPgwf0YOQUhHr0FZ+vMqC5FbcsIVjh4trAjK
;xl4RgofPYOikVk5ByBsy3EVit25M1hi9xlRNnSFsBIoHnJMJ0hi7tblGEtYU3bLaQvrvMxaIQyofE0y
;Ypu0Lj4Se00KQVz4xuMeUWZOecsFZeq+1Fo3DNoZSyV3iqEkJRVLRjtMX+3GzhJMc1N3ymBn6b7NQTc
;MqA5aI2SItjkjFHp8L0VS8fz+E1V+f23BaQ6Pj81YNwyzfD9XZIyhPysYYEo6Q2L7y/4NZmhOctdaFI
;TSpD4FDKp8P0wW6dU+IRJmVwpIRfXG4xNYa39txmALh82SPF5+2wg/VRbpwU1Ke2dPJnJc7830HFVuT
;nnxYAmK3KE/Nw6pfB5XFummITkkd0w7WVL00c4cVXNFbMBkE4LIqAVTZdoZXCN/hrtNSHsUA1UtPfLP
;4iJaaE9yx2sAtNyoPmh4zRFPMmSIoTg4HktUNERJgaGRfQsHIB7daRS03aI1W2XGG2A0b4W8Iy4eZnw
;5Qkrk0c4VXGZUe9xaE47TvT9FbdwJTTJJnrQkPnsWI1UfPYGj4hFKWENxwWkOhdmSOU5gwRJbMmS2oD
;06HmZ8PUhc9cbjIk1iTW7Ldwafy78/aHvJFUtXFOnVYEp7FFA5XmLizP4RUGlHQcJgAZ/hqz9SaPcUW
;jZijKcSPh55UzBfXPXW4xhmcEF32gVl677nWjcM2xBMCHWGuiEjFXN8JURO9cz/IlFiQWrLdzif26Aq
;Un7JCEolc7aiLCMPFCFVLROBo5EOVXR/fcFqC4LQqgVFZc8USwhwjLApFRNxQiFIT97X9BBJYlJ/2nA
;VjuG6O154qH4/VwXp1U05F2d8MkxN3sX4EVVYRXDPZwuOvs9aNyyofD8kepqKKikUcEYKS1Ttxv8cVG
;J/eMF3CorKkj9ZbcoQWlcU6dVXSnsUUDleYujN9xRVa395z3U4jdehNmhpxh1dO3Pp101KTxQjVV5R8
;vz4E19uTHLxaBKHyqQqW2n3D1w2eIe8Iy0kd0wgQ0newv0JXHVOf9psEY7hrDRQYM18PVYW/tVNSgh4
;UApAWPPE9CJWd0Vw8XYCjNOoNEN/qH4+VwHp1U05F2d8OEhP5sbOEk9iUnLPdTib378uRAyqfT9zFun
;VPiYIS008WU/uxPQTZndScdpgBJ/XojRofMcPSwh1hrohIxVzI1ctPZ+jkX1Ka1NBwXMCmc2kNENp2h
;VRMEmKuiA6HnpQNFlU7s2RfzkHAx6uBRSHzZIqRWnAGV4jf4eyEigecHwhSFDxxuMcTXJSe/FyBoLKz
;Vg2DJ18P1dlhaYSOglxSzBMSejN9iJafkx3wGECmeGhNUBp2iNXMnedsD8VD3FOJUhP4NfkD1xYV3/H
;cWfpvs1vNwyoD1MkSZmnKCIedVc8Q1rewOgRUGlEe9xaEpvOqChoZM0dSzJktqEoJwtxUTRZSPPGzgp
;YblQerAVn277NWkRg2yNPJXOBsCw+EnpECkFY59fOG1xiREHGYAaf278FQ2nFDFold52gPy8kY0I8WT
;2Do5FQOQcgbcJ2OJvMqDJSbdwVUTBJmbw+PhR6fD1IXPXG4yJNYk1uy3cGn8u/P2h7yRVLVxTp1XxKe
;xRQOV5i8dH0FVxmVHfAYjiZ16oyQ1POGVozSYGwLD4eZnwhSFDxxuMcTXJSe/FyBoLKzVg3DLN8P1dl
;haYSOgl9TSFySeDQ+iJVZkJ7wloChd+vNlIMqn0/dhbp1T4mCEtTJ0RT9cr/GmZlRXrxcQKGzqgoVnj
;dDloIYYi8OUp5FSNmLT2B0P0OZndSd8BxDoXZkjlOYMESWzJktrkiPR5mfD1IXPXG4yJNYk1uy3cGn8
;u/P2h7yRVLVxTp1X5KexRQOV5i8dH4E01uTnnxZh6H16M+Un73CU8nc5uKJS8aYEYncknkzuEYS2ZUa
;9xgOJzfpC43Dqh8EVcW6aYhOSRkUTxDSejN9iJVYkZq8WMCjtqSMlJt3BlNCGKMuD0vCXVXIF9Y3tTw
;FE0HIh6uLmfrvr42RFPYDlY5YoC7KhULfVAhQlPey/QcTWJSQdpgCpvbvztDedoZYCB3gKFNSHsUDFU
;tPfLP4iJJdUlw2mwJjOG/M1Bk3CNZMnONiiUvGmBGJ3JJ5M7hGEtmVGvcYDic36QuNw6ofCdXFummIT
;kkZkw8ck/kxPgSV1hTfc9rOIffvi43Dqh8LlcW6aYhOSRnSzxIUeX89BNYZUx7rgdm65fNWjd/xA9gJ
;GObsywpHktQPElY3tf0BU1yUnvxZgiH0b8FWWPaEV47f5OwKUp5FCNKLT2B0P0OZnRVbMhkBI7hvjNT
;afcIWi9inKcoFR56QjdBWIGhkH0aByAe3WkUtM24KFFtyxlgJH+NsBI+HmxXIF9Y3s/4GlFzRWzxcBf
;rvMxaEgyofEw7ZbamODgddUAwck7ox/QiTWJYatt3ArTRuC5EZcwZYDh4haxNSHsUAlUtPfLP4iJNb0
;Vsw2QLtNujOVtj2wlNMkmLtD4vJHFNNE9R5KOTfTkmIB6udguY4bkyXmL3C147eraxIj8ZeEYKQVTvx
;uIiXGlBfMJgZ+m+zWo3DKgPUjZ6hYosOB51fCZCUejHzhRXYUlywloBh9G6BVRjxQxaOWWIoSQlFUtG
;O0xf7caRfzkHNR6uBRSG36E2aGrNHUsiZIymEi8VdUE5SD2Do5FfOQcgbcNkC4fhqz9WeN0OWiRJgLs
;rIxd4fCdMSejMzhhXZkJyywVl677rWjcM2xNTPnK2syQmF0tKO0NY8/zzD1BjR3fAYjiK3KIsUlPbDF
;4lZYzVT0p7CSNVLU7uz/gZZm5OeMdpC7Tcoi5DY8UjUjh4hqEiJBJ3I1ctPaijkX1KaEx3yloOhdikN
;ltTxh1NJXmeij8vHH1MO3JI8sbOHlZpQ3vAcRWC3c1YNwyyfD9XZYa5JC4kfU0zRFHt/OUSSVhNccBq
;E4TQpDk3Dqh8JlcW6aYiJhJwfDxDW+jP/SJMdEVByWQXtNikNlsMqn0/Xhbp1T46EmZCOURH5KOTfTk
;ZIB6udheCzKw2aGHHGFoIZoihJRUSelcwX03uz/AJUGhOHqwEZ/y+zVpEedgMUCVitrQpKwtgSiNIYu
;TN8B9VYiAcrgVp677NKUJ82BNNI0mMuywoF3EjVyw9lKORfUpyUG7BdxO026M8WH7LGU0IeYe5NEp5F
;CN4LT2B0OQNSWhSavFsCY3XoTZoedsZYDt/h7A+FRJ6fD1EWun89RhXdElq11oAmdepWjUNqGU/Vxaa
;oD06FGZXCkBS5cr3FFx1f3nLawKZ37k/Nw6ofBhXFummODoLe1Ehck/kwOMYWHNFQc9jE47MkjdYaME
;aVjJktrciJRdxQjstP4Gjj305B1Nr3nUImcqSKVptxBBgMXqGtDkvH0tFMExJ9NH0DjkFIB62BWfrzb
;gqR2PaCGA7c4i+NBUYe007SF71yv4TOQUgHr0FZ+vNuChRbcsZYDp5jbASLxV1QTlIPYOjkVg5ByBt2
;3cBit2oBURlzBlgI3ORoTg4HktAOkFS8/z/EktqQXLHfwKPvs9aNxeofD8kY5uzLCkeS1A8SVje1/QF
;TXJSe/FgCYrcoT83Dql8IFcW6aY4OB11QDByTujH9CJNYlhq23cCtNKkPV94zQ5gImbp10xKWhQjVV5
;I88XwHlxYU3fKYDif27UuQn7NI1AiYpq8KS8ke005VD2Do5FmOQcgbdt3AYrdqAVEY8QVWwhihqUSJx
;R6TCFCU+jAkX85BwEergUTjtO9P0Vt3AlNMkmLujk+FHl8JlhP58LyGGZiTn/MaQLrvM1aIAyofEsye
;5mwPysPYVEwclHo0OUiXGlBfMJgZ+m+zVY3DKgPTyJkmoooJBp2TzAtP4Gjj305B1ZxwnAKjsq/M1RT
;2wxaMnK2piAlFGBLCkhT4MH9GDkFIB6/BWfr26M7VWDNI0g+ZoyKOSUMcVFVLz2Bg5F9OXBJbstaE4T
;JqChoasEEWjNJmbo+Iw99TDtyWO/C8xFcByIeriBn6766M0dp9whQIHObiiElFGRQCkhc4svOGEFzUm
;vKYBW026M7VWDNfD1XFuLVTUoUe1kwck7pyvQRXQciH64mZ+u+ujNHafcLXjt6trMiOBhxRwpPRN7Q+
;BNea0VBy30TmcupP0UMqnw/Xhbp1S84Enl8IVRN5KOSeDkHIFHbcQKZvsBaNwzLHUsycYanNBUVdU4w
;LT6wo5F9aXVJcNpgFdnhjBRyWPc9BwhGhaA+FSlEamFybsrxoiJwY0V/w2QMjsySCkVjzhVTMhb41U1
;KGHVXMEpS89rOE1hqRUHGYB/rvQlaNwyYTApnJtnif3pLIhplHQvEk6FKDTcQKJs1V9yM/WoEPphMCh
;Em2eF8eksgZmUdCbSToUgNNxAr6DVX34/9agQ0mEwKESbZ4H16SyJgZR0KtJOhSgo3ECvoNVfejP1qA
;jyYTAtuJtnmeXpLIWVlHQiyk6FJezcQK5w1V9iN/WoCSphMC24m2eN5eksiFmUdC7CToUt9NxAonzVX
;3fz9agE5mEwIZSbZ4At6SyETZR0Ks5OhS383ECiYNVfdh/1qAU+YTAliFvXVTUoIYVMlQk/1/PUYV3R
;FQcpwBofhqCJDft0PVjh46dZBSnsUYjlBHeTb5Q9MY0VsriNn676pP1l/zSNMImaZuj8+JH1NM0RR7f
;z+CE1rSXDLdjiOxrkoQmjNDj9UGunVTQsXeAMwVUnz1vUYSwcyHq4FFJ7OvTVFePcYWjlljIo5MwtxI
;1YoPYGj3RRXYlMegAVn69qhKmhuyQ9aCHqIrCg4JHVFIUhP3sbpDVZ0VWzLWhSOzqwoVnjBE1EIcYq6
;KS97FyNVLT2BkZF9OWNMbvFnBpjbkjZWdc0OYDZwnbA/FR5sUzpeSPPGzg5cd0Fsz3EOhNCSPVRjzBl
;gJ2SM1U5KexQjVQI9gaP1EUlYQn/dYDiH37Q/RVPKGVk4ZIyKKDILe1AgX1je0PQNWHVBasdqCbTZrj
;VTaah/P1cW6dV+SnsURzldYuPC4hhma0Fny3c4idurNUVp9xlHJ3maoD8vJGdGJUxP4Nf4EldYR33BY
;QK0zr8/Nw+ofD9XFsLVTUofeFMKT1zyxs4RWH5FbPFwF5vbvwVHY8ESSwhljKUsOBpgSjpDYubA/hlc
;ByMergVn65HNWjdoxAxgNXeasBImGm1GJ3JI8dP0D2Z3T3fAcTiY2707RW3cFVA5SY62Ii4eS1MnSD2
;Co5F9OQctHq4FA4fOkj1UY8wZYDJ4jdVOSnsUI1U3PYGj9RFJWEd9wWECtNu1LlJ+xh1TCHWGuCArFX
;AjVi09gaORZDkHIHrCdTiM3aI+UlPOFVMyeIi4KBUde1E4TEmBoPd9OQdbec1qA47hqzNbacYdUjJJn
;rw5IhRhVwpIRfXezgZUZkN2x2sCtMq0KlJTyR5dJXOfvCw+EntNKHJG7MLlGEtuQXLxawaG25I7VW7a
;GUk+d528IiQGS1g5TETk0c4VXG5Hdtp4Coa+21o3DMwQTwhxiropLyR4QixIT97A+RxXYEUerQVn677
;NTzcMqBhTJ0mOtiIuHktTOl5J8dH+Hlx0Ux6tBWfrvs1VNwyoGFMnSY62Ii4eS1AhTE/1o5J9OQcgHr
;cFZ+vaoSpoZM0dSwh1nKckJBxLVzxAWN7P+A5NByMergVn66PNWjdoxAxgPniHsD8VGHtNIUJI8/z+G
;190RWrxaQ6Yys1ZNwyofD9nFunVKSYLS048SVntxs4RWH5FbPFkAZ/bvwVSdNgTTCJkjIo+Lwt1UTRZ
;VO7NzhpaaER7rgZn677NWgMMqHxbO2a2uCQuH3hGCkFc+MbjIlhhVHvcWgKTzqIpQn7NI0wyZoinLD4
;Se00KSl7ux/QiSXVFHq0FZ+u+zWs3DKgYUydJhLwpLhdxfDlMROTRzh9cYU9sy1oCk86iKUJ+zSNMMm
;aIpyw+EntNCkpe7sf0fToHIB6uBVLrvs0+W3z3EVYzcoWwEiYabUYncl/kxf4PXFhFZt5qFJ7MqAVEa
;dgdTTZigLojFRx3TDFIYvHR9H06ByAergVK677NPlt89xFWM3KFsBImGm1GJ3JI8dP0D2Z3T3fAcTiY
;2707RW3cFVA5SY62Ii4eFCBVLT2Bo6B9OQdEct5aCoLaqTZSU8QdRjJktqA9Oh5mfCVCVO/Xzg5cd0F
;sz3EOhNCSPVRjzBlgJ2SM1U5KexQjVR09gaP1EUlYTnHcaAaH4aE7TmnaI14xYoynEi8DZEwmWE/k/O
;IYSWZSf9psCIXhqjlYaM18PFcW6dVNfnsUIzFBTd7N/g9UZkxBwmQejsySO1F4zQ5gMm6Zuj4/CXF8J
;khN4NHwCVBoTkHJZgiP25IqRWmofz9XFunVfEp7FEc5XWLvzOMQWGt/cs98Apnhrz9RY9oZYDJumbo+
;PwlxfCZITeDR8AlQaE5ByWYIj9vNWTcMqHw/Yhbp1SkmC0tNOl9Q4M/OEVh+RWzxZwKN0b8/aGnQDFA
;kY5uwEjkeZEInTEnozP8iXmRPestaF5nbzVk3DKh8P3oW6dUpJgtLTTpfUODPzhFYfkVs8XAXm9u/BU
;djwRJLCGWMpSw4GmBKOkNi5sD+GVwHIx6uBWfrj81aN2jEDGA5eZu4LCYkeEIsSE/e1uENXHV/bsFsC
;Z/hvj9HbdodSz55h4oqKRRwRgpdT+Sjkn05ByAeuQVn69qhKmh53iNcImSAuyoVD31OMHJR6NDlfToH
;IB6uBXvrvs0+W3z3C14kfoC7KhUfZlo8Q1re1/gQXFhMd91xZ+i+zVo3DL18P1dyhaUSPRpnSzxDWt7
;X+BBcWEx33XFn6L7NWjcMt3w/V3ORoSg4FXVPCk5S7s/4E15YRn/AWhSb26g+aGDBD0tXFenVTUp7Gi
;NVLVvgzc4OSWJFevFpDpjKzVklDKh8Dmwm0ud2eEsvFm4eCLqbqkgJBzEergUBgtKsN1Ji3CNLLmaMi
;j4+CRQgXy09gfPdPBk2DimbaArrrM1aN2rBEF46c4ehEj4CZEYKXknzkZF+MwcgHv5JJsuP420CYcV8
;H1cW6bMkOAhgfDlMROTRzg5Wa0l68WwJjdehNmh8yQhLMmSH1U5PexQjGURT5NCRdDkHIHvAYUmM3aI
;+UgyrZD5XFqTkfX5bRxN1Flj51+MIXWJSPsZgBp/bv3pYas52cmYi2fUeelsvSzBMSeTHsR9cYwB2y2
;QTjsztNVFqiFRWMTaQujhqE3VVMA1U9YqbOgA2ACXcYAuKyqQsUizYE0w+YoC6IyMUeikSHB3EjqBdf
;zQQLo4lXJnbuShWb9xcSz9zybMkJhp5RjtZHeCD8xRNJ0J7yGoVjp6hM1F4wRJYd2KBsG0kFG5ZOUgR
;odf+XUtiTHvPdgLLzaI3UizHGh8jfoz1PTgeZ1AgX1iL5KBdYywRLo5ASt6ei2MHPJhcBDp5n7BtEFt
;hU3VMU+WD4xhNdUF92iUBgtKsN1Ji3FxaIXOH9SAlCXEpGBUJoZjiCVx3UHvcdkeE2KtaPQyofFo5ct
;v7KikUcEZVLriBo5EwCzURPvo1R7iP/Wo9QZpODndC2PUee0skKRgcDbWDxU0ZVBAU4zRX356Zaxdfm
;HZyZiLZ9R56cVkSZRo3xpqgd342AFuDNEetjf1qPUuZXGV8JsfgbQ9WIQMNAA+xg8hQCzcAWNVxFYrI
;qDZof9gZWjNr45J/cltME3V0DYvuqUkzQBkurhNn676qOVhozSNaL2KMpyMrF0tAOkBQ4M31fToHIB6
;uBXLrvs0/T3jaCVsyZLamOiMPd0t7Sl7ux/R9OgcgHq4Fcuu+zT1UY8wZYDF/hbAjKxZxfDNCT+zC5X
;06YCAern4AiNGpP2hqwRBaOXeEsBI9EmBLOlhJ3sbpCURYW3PPZg+C0KgFQ3XYGWA2dIunKDwSdVc8Q
;lP8/OobUGtBc8trE7TQrDdSU8keXSVzn7wsPhJ7TWRQYvrP8ARcdX92y2wAg8qwN1oMunw/V3qIrCg4
;JHdLNENa5I32HlZjRR6tBWfrvs1LNwyoG1w4coyKPSUIYFMnQl7k0OJ9OgcgHq4Fd+u+zT1UY8wZYCV
;zmbA5Iw99TDstPqujkX0CdUVuy3EOn9eiNBdryxNbMhyu7H9qPiQpbl9Y8cblFE1uT3COYgSE2qhaJw
;yofE0yYpu0Lj4Se017Sl7ux/R9OgcgHq4FbOu+zSlDbdoIETB1hrEoSnjiIlUterOSsUZUYlRsx2ZHn
;d+hL1J/ojsGZzbStC85FHhWIUgd8cziFE1uT3DHawDh8/VoFzfbGUt3c5GhPz8fcVF1WVKhwvMOVmtV
;asslCoTaqFB6PZhLH2xlnbQ/PltjSiFFHfXL9F1fZk4+wWMB4fn/YhdUmFxmZzbSuCI8HjR7enQd9cy
;xEFBpAHvAYRSf0b0pPUuaRB8NJsnuICUNcQMPDUnug/wUVydFcMp2E4TOvlBwPYgmDmI42fULc0skE3
;UWUO7V9F1Nb0U+3mkGn9iiKFoszBNIOTbY4CAncR5kbB8dxJOxRkNiUnGOcQ+OnqgiQ37dGFozNoWwI
;y0PfClfag2h+6VOGV4SKY5DVduO/XoXN88THyN5yaElL1txRzJIHe7FsQlRYgB8y2FH4fn0aBdUmFxm
;Zzas5W1xCHFXdVdY88yxCVYnRXrJYEeE2O0uX2mIHlozHK7lbQxCJBNlDWewg6onGXJQPtlsE4Oe/Dd
;aBu9NHxEk2eVtEEs0GA8NVe7O9F1Ka09pwnxt4fn8em09nVIPd1DQ5X16Wy9OOltYodf5GBl3TH/aYw
;iZ0+0+WHvGXA5ie4TfRw1KNGVsHQ2xg6oOSWJFeo52Ap/KpDRQBu9FDXdTxOZtcQlxVydMXvXK/hMzS
;hEvmSU3mdejLl5iz1IReRbl1U1KCGBCJ1kPr8TyEl1iIB0eBWfr+f9rPUuRTDUaLtvfAHtLIykSHwWh
;+6FdYDcqWZw9R7GOxx0GLPJNCnkmyZN+eksed2QneriRsTgJDWcvjkNV247tHwY8ojsGZTas5UcNSjR
;lZx0Noea8BktiVGzPZhOC0aMFU3nJEGA2e4agIz4GHndlJ3q4kbE4CQ1nL45DVduO7R8GPKI7BmU2rO
;VHDUo0ZS5ZT+DV9BFmdFB7y2Ea4fP8awAs+A5WOWKAuypkVTojXy09gcTyEl1if2rXdQLrvctaNwz6G
;U8Fd5nVXEp7FEo7S1Ttz84cV2BMe/FpDpjKzVk3DKh8P0IW6dUkJB19TzlyWfTC/SJcf1Rs23YOhNDN
;WTsMqHx+O3rJsDU+CWFHMF89j6ORfVBpRnfCaTib37kuUn7GfDxRFunVCjMJe0oxLTKBo5EUS2hOd8B
;iOJvfuS5SfsZ8PFwW6dUfLxhgSjlEU+TC430kByAewmQejsySKUNt2ghgJ3mAuzkVCHdCJ0ti68z4E0
;0HIx2uBWeq0qFaKgyofFM2b4ynEjkPdVEhck3uyv8JZnRFf8NaBITMoz9FDKtyP1cWu7ArJh5sbCduU
;u/V9AU5HyAermgGn+GuNVlqmSNZPnqIuCgkD0tBJ0xT5aOSejkHIEzPbBSOjYlaKAyofFI2Yra2IiQd
;JXwzRFHgzvQTTVhEd911C4rHkjRWYc18PEsW6dUWGBp9UDAeedyDwQ9caklrwyU3p//taxk7nRFSVwr
;p1U0nGmB8NkJT55LOG1BrQXPLaxO02a41U2n3GVEzFurVTUp7FD1VLT3swuUiWmhOeJ9aAYLSrDdSYt
;wjWDR5jbASOQ91USEtPoGjkX05ECAermgGn+GuNVlqmSNZPnqIuCgkD0tNNEBYgaCbfTkHcFLvJVbFi
;fg3WgyMfD9Xe4ihEikUekVkclvoz/AQXGlUQcBkCo7hrDhVfs0KVjZigLojSngXI1Utbc3ikWU5ByBz
;z3E4iNGjPAZTzhVTNnuMuzkVFXtXMF49gqORfTkHPR6uBQqKypI5WGLOTWAxf4W0IC8VYHwlX1Tixs4
;IV25UHq0HZ+u+hj03Eah8Pzp3nYouJRVyEgpLVO3C/BhXc39ty3ETgtCqBV5oqH8bVxbp5i94SCxAMR
;kQ5ZuhHBQzE3zNKF+Oh6t3BTTJRF1ndIrtKytIFAlVLT3swuUiWmhOeJ9aAYLSrDdSYtwjTDJinbwjL
;QhLRTxBXOzG/wlmZVJ/wGFn6LnNWjdeyRVMMiWt1XxKexRONFli4sz/GwhYRnfCZAqO0LkFRGncCFY5
;cZqKKyMXdU4wQ0nex/gOSWtBZ/FrBobbzVkrDKh8ZAV3gKYoeT9JAwVfWOzK5BAZV2xfjjRJ3IugNzc
;iqHw/Onedii4lFXISCktU7cL8GFdzf23LcROC0KopaGrBEF46c4ehEiwSeEYKQ1zsxpF+MwcgHv5JJs
;uP420CYcV8EVcW6bgsPiR3TDtLDN7F+BFYakVw2loUjsq5M1lr2yNZPnqIuCgkD0tENkJZ5Pz0E10HI
;x6uBWfrjs1aN2HJCGA0eYezfBUdfU80QFjv184OXHNUd8BiFLTYpDZWYc0SSwhxiropLyRnVzRfSYGg
;kX05ByA5rgVnht+5BVRjxhoOCHCAuSwnHnpXCl5Y9df4E150f3jHaQaG26MuaGXMfDxzFunVfihJJxs
;2SQmsx6lNWCoULcxmStPb9DwaPpAdBzUmi7Z1LBonI3wtPYHO8AlmZE9wyDQ4jdehO1ppxghgJHOdoS
;QkHGd8M0RR4M70E01YTn/DYGfotM1aN1zkPR9mON7gICd7IiNVLVDg184eVmlGL/FjDoffoD9ZePcPW
;iNigLsqOSRySjlMUOTN5SJXZk178WQFicyoLF5t3BVQORbq1k1Ke0RvFC0XgaOREFhzf33BawHa4asz
;W23FGVEjSZqwOT4SekQmclvoz/AQXGlUQcBqE47NzVk3DKh8P0oW6dUgKw9LQDpDW7D89xRVZk17wHE
;4n9uuMlljxBNYLhbq3U1Ke1JKOUxQ5M3lfSEHIB7DZBO03aI0UT73GlY7d4SwIz4kdlE0Q1mBoJZ9OQ
;dyf8d2Atj6zUU3DKgRXiNJirojLElLRTxBXOzG/wlmY0lt3mkGkuGjO1ppqH8jVxbpjh8rEmdGZmlgo
;fPjGFRuVXOOVSuqnvx0ADnFET9LFunVICsPS0A6Q1uz/PcUVWZNe8BxOIzdoj5SU80SW1cV6dVNSnsK
;I1UtUODXzh5WaUYs8WMOh9+gP1l49xtcOHKMij4+GmZXVS49gaORfS4HIB7DZBO03aI0UT73GlY7d4S
;wIz4kekI4SD2CqZF9OVdsX440SdyLoDc3KKh8Pzp3nYouJRVyEQpLVO3C/BhXc39wz2gCtN+vOEVp3h
;VeI3+Gu01JeBQjVX1xwKOJfTkHTX/aWgSE0KtoaGrBEF46c4ehEiQUYEYmLT6Bo5F9ORogHq5oBp/hr
;jVZapojWT56iLgoJA9LUydEXuT85BNQcyAdrAVn6/WqWioMqHxSNmK2tiIkHSZ8M0RR4M70E01YU3va
;cQ6F2ZIzUwyrWD9XFtq3f3lDd0dhAFm5k/BQDTRCfYM9AtLY4GgPbZAeDzV10bMseXs+I1UtUODXzh5
;WaUYs8WMOh9+gP1l49w9aI2KAuyo5JHJKOUxQ5M3lIlt1QXDKBWTsvs1aZW3BD1pkUunkTUp7eUIhcl
;7uzfdPZmFJcs9oAoXKkilSeNwVUTBltrMkJhp5RjtZYuXK4g1VZllBwGQKjr7ORjcMqCdtNn+asH4OJ
;jRzJ0hQ6Nb8XWlLYT6fK1De06BaGQyofFI2Yra2IiQdJnwzRFHgzvQTTVhTe9pxDoXZvgVRZcQdUjJ4
;nYorIxdxfDtMUOSjknc5ByBO4kRH2pD6b1phqFI/VxaEtDkVGHtNMx9i58r9HFRiTmrxdgKfyqQ0UH/
;3GlY7d4SwIz4kc0A6SVjexv8ZOQQgHq4FZ9u+zVpabdwjXDh4j+cSLBJ4QjhIU/X84hhNc0lwyXY4jd
;ehO1ppxghgMHWGsSgVCGBCJ1k9gqORfTkHBx6uBQqKypI5WGLOTmAxf4W0IC8VYHwmSEn1yv8aSlhGd
;8JkCo7QuQVeaKh/G1cW6eYveEgsQDEZEOWboRwUMxN8zShfjoerdwU0yURdZ3SK7SsrSBQKVS097MLl
;IlpoTnicWgGC0qw3UmLcI0wyYp28Iy0IS0U8QVzsxv8JZmlBc8sFZOG+zVpnQOlcDnkh3LggSk0UI1V
;AXPX88hJXYRJByGwLitOoNENT2xlLI3+Hsj4VHX1PNEBY79fOE1hqRUHPZwWZ27szVnjBE1FXFerVTU
;orWGJVBz2Bo/wcTVhDccBjVbTYpDZWYc0SSwhljKE5IxVzUApLVO3C/BhXc39wwXECmL7OWjcMqHwiV
;xbpuCw+JHdMO0sP3sX4EVhqRXDaWhOO3aU0WGDHG0ZXFeHVTUo9fU80QFjv15FsOQcgbsJkE43Rvzdo
;bcwUWiR/hrtNSX8UI1V/XOfXkWc5ByBx2GAVg9+jPWh/wBlTO2W2pj0vHnB8OURO9aOSfTkHIB6/BWf
;rzqwvRGn3FFo+cYGhEiYSZ1dVLj2Bo5F9KAcgHt5pBp/YoihaU8kYWz5igLojSngQI1Utc+7N9H0vBy
;Ae3ncCmM24KFJTyRhJNniKsBI+AmRGZC0+hKORfX9uWHvKBXHrvs0qRWnbD0olc7a0KTwaekAwckn40
;/RPOQQlHq4FIYLGqD43Lqh8PydkgLs5LwlLQDpDW97O8B5Rbk578WQKtMqoOV9ixxBQMG/p1k5KexRl
;E2s9rKORfUl1SXDaYBW03aI0UVPFHVw/f4ewEikOZ1c6QFT7xs4JVmhMdstkA7TQrDdSPah/PVcW6YF
;9SlYUI1VdT+jN5RhLWENxwGM4ht+uMl5izSNcImWduiAjAXF8IUJS7cv0HF1YTn/DYFXrvc9aNwz8TT
;9zFunVPTgSelcwX2LizP8bZmpBfcZsCY7hqzNbbcUZUSNJh7QgLyQlI1YnPYGjwTF4JxEwmTAKhr7pW
;jcM2A5WOWKMpxIpFHpFCkBc4sv4E1xYRnfCZAqO0LkFWW3FGWBlFurfTUp7RG8UDQyvlKQQVAcCHq4F
;F5nXoy5SfvcfUDlwtrgsKRN9TTByW+jR/ApYdUVB2nwXjr7OXTcMqDdTPmaZsD9KZBQjVV1P6M3lGEt
;YQ3HAYziG364yXmLNI1JmJtnkEikUcEZVLj2Bo5F9JgcgHt53DoXKqChob8cSWQh7iLYlIxVxfDgcDb
;GRzh5WY0UerQVn677NRTcMqAxNPnidsD8VGHtNM3JQ4MD5FFdif3OcNVfb4a41U2mofz9XFunVbEp7F
;FMnRFP1xuMiWmhOePFoBojWpDRSU8cfSzhJiLEpOB5nUFUuPYGjkX0ZByAe3ncOhcqoKGhvxxJZCHuI
;tiUjFXF8Ok5J7vzwDVBsRWeuBmfrvs1aGwyofE8lf4ehKDgkd0w7S2LswvIVUGlFQcFmE4ThoTtEePc
;JTzt5iLESLBR4RzBfPYKjkX05BwUergUXmdejLlJ+9x9QOXC2uCwpE31NMHJP5NP0CVBiUkHPYQOZ27
;4pNw+ofD9XFs3VTUoLZko7WVjz/PISV2F/c89mD4LQqAVFadgZSz5zm4osOhJ/RiwtPoGjkX05LyAer
;nUVgtC5P0VTyxNRMUmEtC4iEnpGCl9Y8cblFFx1f3LPdhO02b81Qnyofz9XFunVZ0p7FFMnRFP1xuMi
;WmhOePFoBojWpDRSU9oZTzJigLA/FQtmSjtZWPP8/xxUYiAdrgVn677SWjcM2A5WOWKMpxIpFHpFCkB
;c4sv4E1xYU3vacQ6F2ZIzUwyrWD9XFozgLn8YJkBsAASylKNQDWUZJ4M9X96J4GsBP5pLCW8viLEpen
;sNI1UtTfPK/wlcdX99wWsBtNOsOV9lxhlgI2+ZsE1JfRQjVUtR7tPhBDkhIB6udRWC0Lk/RVPLE1ExS
;YS0LiISekYKWUTxxs4cW2VSe9hsBp/XojQ3D6h8P1cW5dVNSgtmSjtZWPP85QRJYiAdqAVn69ihNUd8
;0XwzVxbppT8lHX1PMHJT4M70fToHIB6uBXTrvs0oVmrcI1sid4WKKDIPZlYmRFLvo5JxOQcgX8JpR47
;GuShCaM0OP0QW6dU/Kx1gfDxDW+jP/SJJZlRqy3cJ673IWjcM5BVRMmXpwE1Ke2ZGIV9c4tf4EldYWn
;bBdTifx70/Bgyrej9XFqe6PycaeCNALT2B0fQJS2ZDasdqCbTEpTVHU9wFTzIk6dZLSnsUbTpfUODPk
;Wk5ByBtxmALh+GpM0VpywhWOHi2uSQ5DxQgVS09gaOFfTkHU3XHdxO02rg7W1PNBEslY5q8IiR7Fy9V
;LT3Az/1dXH9UbNthApm+5Vo3DNsQTAh3jbEkPhJ7TTRBYuLM/hFQaUdBxmAOjNa5BUNlxRlgMGSIpSV
;KeDIjVS0Nr5OqTAE3EC6ANVzYjuNqDD2QTA9nONnufnpLOhNuGw2xk6FTCQc3Hq4FFIfNkjtZYs0dUz
;54joovLx9LRCdMTemjkn05ByAejAVn682hKWhtxhJaNnqAuyoVGG1PPENZ5NHOEVZwRWzxYhWKzqVaN
;AyofD9XNOnVTTkXZ3w0Q1Pkwv0UV2B/fddpDoXaqChoedgMWiVJjqcsOhMUIFUtPYGji305B1Ny3VoG
;hdCoO1tlxhtgJ3+aoSIkJHNRNF1VgaCRfTkHIA2uBWeY0r4FVnjFE0wnfoynKBUWe0cwLT6Co5F9WG5
;SHooFZ+vNoSlobscISzh7tqY4OB11QDByVO/F+BFVWEFwyWkCtNKkKUMMq3g/VxbZ7nR6ewMjVS1O7d
;DOHlZpVHHbdziZ270/Vnj3EVAzc+nWS0p7FGIXbnzD4JFPOQcgbcJ2OIjRojZeYs8jXjFijKcSOB53T
;DRZVO/EzglcalB73GQTnsyoBUNlxRlgMGSIpSVKeAIjVS0MuJO/TQI3Di6VNFfbkP1hBTiYTBFnFsnV
;TUoIeFAKTlLuz/gTXlhCe8paE47TvT9FbdwJTTJJhbw+PnsXJFUtPbGNoUYIMBAenAVn682hKWhvxxN
;TPniOii4zF31NMUhP3s/+Clx1f3bLZBOOzJIuUmHYGU02YpynKBUXfVAhLT6Go5F9CSkQJZ80V+uMzV
;o3f8QPYDR5hrkkJBxLQCxBVO/H9A9mclBuy3c4g9usLlJ+9whaOmaMpyw+DmZGCkFU8teRfj4HIB6eK
;1fQj/tqNyGofD8kepqKLiUUeEo7SmLtxvcJZmFFe8paD47fuT9FU9wZUidzm7Q5PwlxfDlETvWjkno5
;ByAugDVc2or9WigMqHxMO2W2tiIlF31NMnJQ6M3OEVh+RWzxcQ6G25I2Xn/cfDxXFunVTWB7FCMmQU7
;ewP4SVW5OefF1DpjKojRoZM0dSzJktqEoJwtxUTRZSPPGzhFQdFQerQJn6779dAc3mUoPVzLp1U05F2
;d8NkJS7cr/GmZ3T23aWhSI36M0XmLPI1syeoisEiYSZ1dVLjqBo5FNFzcbLYA1Z8i+zVpEYNsjXDh5h
;bwjLSRkUTByTuLC/xNQaUdBymALiseSNl5/3Hw8UBbp1X1kSy8Qex09r6ORfUprU0HNagiH16M9aH7B
;G1cjSY+wKC4kfEY0WVjz/OUYVHdFbM9xEpnbkjZef9x8PFAW6dV9ZEsvEmEdPaOjkX1Ka1NBzWoIh9e
;jPWh4wRFaCGKMuD0vCXVXIF9Y3sTjHElvIB24BWfrjuNqDD2fTBFnLdvhfXpVJBhkHQ2vk5FlOQcgbc
;J2OIzfvQVRZcQQYCVzmbAsPiR5TDFIPYKlkX05RmFc7EYk66fNWjd/xA9gMHWGsSgVHX1PMENc7MbOG
;1Z1TX/aBWSNvs1aTGvLE1sySY+8IS8VdU4wckro1/kSTHN/e9ZxGrTFoDtUZMESWghikKUoFRp2QSdI
;S+jC5RRWaV1B1WgGn9u/M1Zg9xJeOnO2tC8oCXFVPExJ6Mz/AGZ8TH/XYBW01qgzUGTcAVI6FtrVTUo
;IeFAKRVjg1/gTXlhCe8hqFY7hvz9UY8kIVjlxtqEoJwtxUTRZSPPGzglQakVByXcGm9bNWSIMqHwMZz
;jZ7n1kSy8SYh0TsZigTwk3Di6uEGfrvr42RFPBElk+eoWKLCQceEYKQVTy15F+PQcgHp4+Xtu+0lo3D
;NsQTAh/h7MkJhdLRDRdYufK/RFmdUVuy2QTtNOiPlIMq3o/VxaolA8IOFcjQy09gdD9DmZuTnjHaQu0
;zKgqUm3cI1I4cozVTkx7FCMUbH/D4NJ9IQcgHt1pFLTXozxeYMQjTDR3h7skJBxLTjpJWIGglH05B01
;xymAL66PNWjd/xA9gPniHsD8VGHtNIUJI8/z+G190RWrxaQ6Yys1ZNwyofD9xFunVPiYIS1M6Wlnk0c
;4bXGJEd8BiOJnRuTtDZccSYCV3nbwiFRZ7RzAtPoSjkX1fblh7ygVE677NKVt/9wxNMn6MtDkjFXN8N
;0hZ3tf0EEliUn/acBWO4aEzRHiofx9XFunlY3pAJRFlAw26lqFTCTwRKZ4rV9CP/WoZPJNNCGc42dV4
;SnsUUDleYvHR9BVcZlR3wGI4iMehM1lozQ5gO3mesD8VE3FCIUhP3tf0EEliUn/acBWO4aEzRHiofzh
;XFunlY3pAJRJlLQiBo5EOVXR/btxgD47fuTNZa/cfRjt/h7EoOCRhUyVIT97L9BxNYlJB2mAKm9u/O0
;N52hlgO3+aoU1JfBQjVR0TsZigSwkHEB6uBRSHzZIqRWnAGV4jf4eyEiYeclcKS1jkx84VXGZUe9xaE
;47TvT9FbdwJTTJJhbw+PnsXJFUtPbGNoUYIMxAejAVn682hKWh82hlXMnedvCMtJHlKO3JR4Nr0D2Zz
;SXPLWguCzblaNAyofD9XO+nVTTkXZ3wlX1jpxvAJUGlHQd5sFJ/RowVfackIWiVJnbAgOh5mQiFYT+T
;8/RRKcyAdqQVn647jagw9nkw/cBbp1T4mCEtTJ0hV5MLlFFdgf27BdhO0za47WWLBElgIcoy5LDMkeE
;omWT2CpJF9OTcOLpU2Sdu+61o3DNsQTAhmm7AlLxpgSjtKYvHR9CJKZEFwwGwJjOGpP1tt0SNTPmWd1
;U5NexQjZQMNupC/TTk2IB6udguY4b0oUmTNHUs+eI6KPyMcfFcKS1jkx84VXGZUe9xaE47TvT9FbdwJ
;TTJJhbw+PnsXJFUtPbGNoUYIMxAeiwVn682hKWh82hlXMnedvCMtJGBKOEhi9cb8DVx1QWrbdwK02b8
;7R2Sofx1XFunlY3pAIRN7HQawkaFNFzcbL541SduF/mwHPIZMBGYh2ft9SloUI1VeUfL84Q9QaVR3wG
;I4idupBUNpxQxaJXedoD8vJHhKJlk9gqqRfTk3Di6VNFDbkP1aBAyofEw7ZbalPyMVYEo7SmLi2v0UV
;2NFbPFpCJzbvwVfackIWiVJnbAgOh5mQiFYT+T8/RRKcyAdqQVn647jagw9mUw/ZBbp1T4mCEtTJ0RT
;9cr/GmZkWXLHawOOzJIvR3zNDmA/c4ihKDgkYEY4XVjzwuUIS2J/csd2E+u9ylo3DJhSD2wn3+VNZHs
;UIyZBTt7T4xRXc0lwyVoLjti5BVFpzRhgP3OIoSg4JGBGOF1Y88LlCEtif3LHdhPrvcpaNwyYUg9sJ9
;3lTWp7FCMmQU7e0+MUV3NJcMlaCoLQkjZWdc0OYCN/hLASJhJnV1UuPYGjkX0SByAe3WkUtM6/M1l4w
;RJYCGaApjklFUtLMExJ5NHOCVxqUHvcZBOezKgFW2XbCD9UEenVTXpVJBhkGw2BhpF9OXRMbfF1FYLQ
;uTNZa/cMUCRitqYuKxV6SjtKYuXG/RxAWEx33XFn6LnNWjc8hkwEZDjZ1WlKexRQOV5i8dH4E01uTnn
;xdRWO4b45VmLGFVEwSY2wISsCS088XkmBoJZ9OQcQMJ4+VMWOzXU3DKgPUyRJmackJA99TTJyT+jE+Q
;lmYUV7yloPjt+5P0VT3BlSJ3ObtDk/CXF8OURO9aOSejkHIC6ANVzaiv1aFAyofEw7ZbalPyMVYEo7S
;mL1yvwYZnNFc95gFYrKuChSU88OXid+6dZESnsUE3sdBrCUoVMJBzgergUUh82SKFhl9w5aMH+GuxI5
;GHVNCkBS5caRfj8HIB7HdguK0KlaIgyofEw7ZbamLisVeko7SmLyxuAIXGlDe64Gaeu+zTNZasEQU2l
;1hrs5JQ5mI1gtPYHQ/Q5mdEV/w1oTks6oWjQIqHw/OXmHsE1TexQjJkFO3tD5FFxrREHPaQCEzKQuX2
;H3CEYnc+nWT0p7FHVkLSGBo5EOVXR/bcZsAofakjNZasEQUwh3h7IhLyR4SiZZPYKkkX05NRIrlTZW3
;r7rWjcM2xBMCGKBvCMVDHVPOXJZ7tbzEVxYTHfAYBS0zKgqUm3cI1I4cozVTkx7FCMUbH/D4NJ9HAcg
;Ht1pFLTKpTNZU98dUztJmrwjLRdxfDlEU+T84xhJYkFq8WgIj9vNWTEMqHx+FlSrlg5KWhQjVV5R8vz
;lEklYU2vcYwaI25IzWWrBEFMId4eyIS8keEomWT2Cp5F9OTcbJ54FTuu+zSlabcQQYDZkjLQSORR4Sj
;FyVO/F+BFVWEZywXI4iNGgKlJi2x1LPnmH1U4RexQjZRYNupO/TwI3DiqaMVPQjuNuDDyGSg5jI9LlY
;3xAJA1iHQi4mKFTATwQMJkzVtKF/HQCN5hSB2Ih2O5/cUs6G20VBLqQqk0XPhItnz5S0I7jYwI+mEcO
;Zy3Y7k1dexQjJkJR6MfOFFdhSXLCWgaF2aE/aGDBD0tXFe/VTUpPIRhkHgiBt5F9OXRPcsdhOILQqzN
;bYPcMXiNijKcjSngRI1UtcejN9A45HCAernYIh9epBV5izhVTO0mZtDk+HmZNCk9S9df+EDkEJR6uBS
;uC0KgpNxqofD8kY5mlIjgPS0cgTFHexukJS3JTd8FrZ+iyzVo3TcQQHzJunac4Lh5mI0wtPYHQ5A1Ja
;FJq8WwJjdehNmhtxhtTMkmFvD4+excgVS09rJekfRkHIB7dcBeb0b8uaGXGGlY7era6OD4XfU0wXmLk
;2+UPTGNFbK4Ga+u+zRtbYIgZRyNknLEoOHsYI1UtTvTT4RJLc39q13UC673IWjcM5BVRMmXpxU1Ke2d
;WJV1S89fODk11QWrLYh7rvclaNwz8DloyFu7VTUoIYVMlQk/1o5J3OQcgW9hgFZLJpT9FaahfP1cWmq
;A/LBp3RgpeUu3K9SJbaFRqwWg4gtCrM1tg9wxeI2KMpyNKeBEjVS1x6M30DjknIB6udhKZ2Kw5UlPbE
;1M+crahIjokfU0zRFHt/OEcTXNFbMAFZO6+zVp7ZcYZTFcC6dVNPh55UzBfXPXW4xhmZUV68WkOmMrN
;WTcMqHw/Qhbp1TkvFmRGJ0xJ9NH0IlViRmrxaQ6Yys1ZNwyofD9BFunVOS8WZEYnTEn00fQiS25Hdtp
;aC4LNuVo0DKh8P1cY6dVNPh55UzlMSeT8/xJNYlMerQVn677NVTcMqAtWJ3O2oSI9HmZ8OEJZ5KOSdz
;kHIFfAcQKZ0qw5UmiobD9XFp68PS8kYEwiSE/e0PkcSWIgHacFZ+vsqDlDbcYbUzIW59VNSgx9UzByS
;uDP/SJUaER7rgZt677NE1l4zQ5TNnWMsU1aexQjOkJH5PziFVBiTHrxcR6b281ZPgyofGg2YoynCysX
;eCN6LT2BoZF9OQYgHq5DZ+u+zFo3DKd8P1dF6bBNPntgIzwtU4HEkV05QCBsrmpnnr69WhcMmXw+Vxb
;p1U1KewQjVS09gaORfTkHIB6uBWfrvs1aNwyofD9XFunVTUp7FiNVLTmBo5F5OQcgY6AFZ+2+zVpRYM
;cMTy4W6dU3CXsUWRYtPfvgkX05B+3SYjtm674FGDcMYD4+Vxbp1U2COhQjVS0/gaORfzkHIB4qBmfqv
;s2SdgyofD9XFsmVgIa3KiNVLT2Bowo+OQe7Xa4Fu6mKzVo3DKh8P1UW6dVZSnsUI1UtPYGjkX05ByAe
;rgVn677NWjcNqHw/Vxbp1U1KexQjVS09gaORffsKIB6uBWfr5s1aNy+ofD8ybp2nOC4eZhIKTkjy1/4
;QZndSd8BxBonSqAVFac8VUDlJkdVMSnsUI1UtPYGjtn05B0Vm2ncSj9u/a2hv3Q9LOHu2pT8jFWBCN0
;FY3tH0GlBoTkHWdg6R281bNwyofD/XfanVbkp7FEYtWU/0x/QPCFhDa91xCIbhvSheYtwdXTtztqcoL
;RJ7TQpUPYCjkX05ByAergVA677NP0942glbMmTYii4/CGBMOHJN88r/CVhlTHvxdwKM16I0aHXbFUUy
;FujVTUp7FKM+bT2io5F9XH9UbNthApmMkjlCf9wTUghmm7wjPhp2TzByT+TE+BJXWFgerwVn677NWjc
;MqFs/VxaMrTk4DnBGJx9i4tbiCVZqf27cbAmf3682UlPaGVg+eYeKNTkSbkZVLD2Bo5F9OQcgHo0FZ+
;vbtS5FecwZTWVJiqA+PhR5fCVfVO/X8B9VYn9sy2IOhNCSIzcNqHw/Vxbp1U1KXBQjVUhF9dHkGVx1E
;kHNcBSf0aAFR37BEks2dIWwEjgec0o6Q2L40PgHXAchHq4FZ+u+zVo3Gah8Pzp3ir0kJB5LQjhySeTA
;+RNWa0951wVm677NWjcMqHw/Rxbp1SArGHxKO0hi48LkGUtmVHuuBGfrvs1aFwDpfC5XFum4LCkTfU0
;wcl/kx84OUWZQe64EZ+u+zVo3DKh8K1cW6bgsKRN9TTByX+THzglcalBBw2Qf67/NWjcMqPxkFxbw1U
;1KFnVAPURT5PzzGFVzf3nPaxOZx5I7WWvEGT9WFunVTUr7UmNVOz2Bo/wcWm9JcMtaBITTvT9Zf8kIV
;jh4tq1NS3sUI1UtPdjjkWs5ByBzz2YPgtCoBVRjxQxaOWWIoSQlFUtaVSw9gaORfTleYB6MBWfr06w5
;X2XGGWAzd520EiwSeEYKWVX0zvMTWG5MQcZgDozWuVo2DKh8P1cWbZVNa3sUIzhMXunK/xhmY0Fqz1o
;BgtKoBUNk3RFdOXeAuRI9EnBXPS08gaORfTkHpF6uCGfrvqA7VGTBEloIcoC4EjJ7FSNVLT2B4/49OQ
;ogHq5oBojWpDRSU8wVUghv6dRNSnsUIxVCfYGukX05akF9xmwJjuGpM1pT0nw+Vxbp1U0KFFQjSS09g
;c7wHlFuTnvxYQ6Yyqw0VGn3Gk04e7a3IjgfcVFVLD2Bo5F9OQNgHroFZ+vTrDlfZcYZYDJunac4Lh5m
;fDtYUIGikX05ByAeXjpn8b7NWlptyxRWOXO2sDU+CWFHMF9i7sX3Dlxzf2acBWbrvs1aNwyRPD9NFun
;VICsYfEo7SGLk2+UPTGNFbPFqAY3NqC5odZp8PlcW6dVNSnsUI0ctPYHO8B5Rbk578WMOh9+gP1l490
;0/Vhbp1U1KexRjVT89gaP8HFpvSXDLWgGC0qw3UmLcIw1XF+nVTUp7FCMVLR6Bo5EQWGRId8BgOI3Xv
;zdAbdoZYDZ1irAhLwl1VzxCU97GzhBYfyAfrgVn675FmXcMjnw/V3uItiUjFXF8M0RP7NTwD1xYQX3N
;YAuOzKwuXmPGI08lf4ehJCQcFCJVLT2Bo9HyeQcFHq4FCordpTNZafcaViV7nrQ/LyR1QDZIUeTR8Al
;QaE5B3GATmd+uLjcNqHw/VxaZcg1KXxQjVUBc4sv4E1xYRnfcaBCKzKgFVm/LGVMyZIihJCUVS1cnTE
;vkz5F8OQcgHq5F6Ku+7lo3DMUdXD9/h7ASLBJmTiJMT+T88B5aYkx73GQTgtGjBU9TxR1HVxfp1U1Ke
;4DiFS0egaOREFhkSHfAYDiN1783QG3aGWA2dYqwIS8JdVc8QlPe2s4QWH8gH64FZ+u+WZt3DIt8P1d7
;iLYlIxVxfDNET+zU8A9cWEF9zWALjsysLl5jxiNFCHuIrU1LexQjVS092OORYjkHIHPPZg+C0KgFUWX
;aEUg2ZIyKKy8ecFE0WVjexs4QWH8gH64FZ+u+zWN3DLd8P1d7iLYlIxVxfDNET+zU8A9cWEZ7y2EVis
;qoBU9TxR1HVxfp1U1Ke9RRFS0igaOREFhkSHfAYDiN1783QG3aGWAxc4yxPysPcXwsclDg25F8OQcgH
;q7FFau+0lo3DMUdXD9/h7ASLBJmTiJMT+T89xhcY1J/2mA4keGgO08MqXw/Vxbp1VkKewMjVS1Q4MD5
;FFdif3jHdwqc378/aGbNDlQIc+nUTUp7FCNVOX2BtJF9OWpBfcZsCY7hqzNFYd8dTTJJg7A/ISRsI1Q
;tPYGjkX0RRyAJrgVnht+uMl5izSNZPmSEoiw4HktJMF9W3tqRfDkHIB6uBU+rvtpaNwzFHVw/f4ewEi
;wSZk4iTE/k/PsYS2x/ZK4E/XInVMOu1Zd8KlcW6bgsKRN9TTByWuDN5Q9AWEh7x2IPn77MWjcMqHw/V
;xbpwU1Ke3lCNkVU78bOGlpoRHvxZASf16I0Nw2ofD9XFunVTUplFCNVQFziy/gTXFhHfcFhArTKpS9a
;bsYdVjtJgbAkLRNgI1QtPYGjkX1QRyADrgVnht+uMl5izSNYNHmNsBI+E2FON0Nc6M/OClBjVHauBGf
;rvs1aN2XofCBXFum4LCkTfU0wclHg0OUiTHdMcc9hOJjbvyxSfvcIRidz6dRNSnsUI1UtPYG0kX05ak
;F9xmwJjuGjNU12xBlgM3+IuCg+HmYjVC09gQMI5OA4IAeuBWeG364yXmLNI1E4bJO5KBUffUI4SEnk0
;c5POQYgHq6l/nJn8louDKh8UjZ1gbwjLyR6TC9XUeT85RhUd39zz3042r7MWjcMqHxfJFbpzE1Ke3lC
;NkVU78bOE1Z9WnLLWhOO070FWm3QIw1XF+nVTUp7dFAVLS+Bo5EQWGRId8BgOJvMpDRDU8UTWzIW6NV
;NSnsUI1UtPaCjkX1UZkN2x2sCtM6/NVp83CNKJHO2pywsD0tXPV9Y8sv+EV0HIR6uBWfrfq8aNwGofD
;86d4q9JCQeS1AhSE3ko5B9OQcgHq4FZ+uczVo3YckfVz54jIo7IwlgVjRBYuTb5Q9MY0Vs8WoBjc2oL
;mh0mnw+Vxbp1U1KQlQjdy09gc7wHlFuTnvxcw6Zyrg7W1PNBEslY42wPxUUckUmSEne2qN9OAcgHq4F
;Z+u+zXs3DKgZRyNknLEoOEpLQCBeSe7Ozg1Lbk5qz2cLjuG/P1BlxxI/VRbp9E1Ke3FbIV9I5cbjT2Z
;kVW3aagq0zr8zWXjJHlMySZuwKiMUeiNXLT2No5F9VGZDdsdrArTcqDZDDKp8P3cW6dUgKxh8SjtIYu
;LW4glWan9u3GwJn9ejPWh82hVQJX+drE1IexQ7VS097MLyFVBpRUHKZBOK4a41WXjNEksId42xTUh6F
;DZVLT3swvIVUGlFQcpkE4rhqzNbafcdWzMW69RNbnsUIzhMXunK/xhmYlhq3HADjsySKUBl3B9XCGGI
;vDkVE3FCIURT5qOTfTkUIB6uaAaI1qQ0UlPOHVEIdYa7OTgUeCNXLD2ao5F9VGZDdsdrArTYpChae8k
;OWghkjKE/KxhgSjpDPYOjkV05ByBzz2YPgtCoBVFl2hFINmSMijkjFnF8MF5J6M7wCVBoTh6sBWf2vs
;1aWm3LFFY5c7ayLiUfcXwwclD0z+UUSWtZQchpCJy+z1o3F6h8Pzp3ir0kJB5LRDZCWeT85RVMakJwz
;2wLtN+pPjcOqHwvVxbpuCwpE31NMHJV5MLlIltiRB6sBGf4vs1aWm3LFFY5c7a8KS8DS1AsXknkzpF/
;OQc8Hq4FCordpTNZafcTUj5itqcsIwhxVzpYXun88hJdYiAcrgVy677NN1ZvwBVRMkmGpyQtEnp8Nkh
;T9cbjfTsHIAmuBWeG364yXmLNI08leYSlORUOZ0YKX1zn15F/OQcKHq4FCordpTNZafcMTTh7maESPw
;hxfCdMW/X89QhJa0l9z3EOhNCSN15+2hNNVxTp1VdKexRONE5V6M30IktiTH/abBGO4agiQ37dD1Y4e
;OnXTUpYFCNVQFziy/gTXFhSe91gE7TbkjZSYs8IVwh6iKwoOCR3SzRDWuSjk305JSAermgGiNakNFJT
;3h1TPnKIoSgVC2ZKO1lU78TODUtuT2zHcR7rvMxaIAyofFAhc5unJC4eS1A5RF7k/OIYTXNJcMl2Z+m
;+zU03DKgUWjZigLsqFQh9TiBBXPXK/hNmY0FqzwVk677NWjcbqHw/OneKvSQkHktFPEFc7Mb/CWZpQX
;PLWlbrvcdaNwz4MH53J8fieCcWFDRVLT3swvIVUGlFQchsC4rTqDRDU8YdUjJJ29VOQHsUIwVhfKGSv
;0oMak0evwVn69OsOV9lxhlgMX+FsBIkGnlGVS47gaORG1VoUG7XBXLrvs03Vm/AFVEySY+8PycMdVEw
;ckn40/R9OgAgHq5OC4LOvT9FDKJ8P1d7iLYlIxVxfDxJPYKHkX05YhV9m2ZViIfgYwQ7mlELNS/Q+HV
;yTiMOZBsOs5SnRQBmRHqeBXXrvs03Vm/AFVEySYTkfXpKS0A6SViBoJF9OQcgDK4FZ4bfrjJeYs0jUm
;Ym2ecSKRRwRlUuPYGjkX0rByAew2QEg9ejP2hhmkwPZ0mKuikvexcjVS09ga+RfTlqQX3GbAmO4bkjR
;2mofzlXFumzISULZFpVND2Bo/wcWm9JcMtaE5LOqAVWbsoOWiF/iKEkJRUUIFUtPYGjkX05ByAergV3
;677NWjcMqHw/Vxbp1U1KexQjVS89gaPqAEAFIB6vBWfry89aNwaofD8HWqj1fGRMIU44LT2BQ659OZx
;kHq5CJG5VChs3TDQ5P1fsr9VNgjk8IVUtPYGjkXI5ByAOrgVnjdehO1ppxghgM3OHpiQ+AhQiVS09ga
;Px7nkHMR6uBQGC0qw3UmLcI1s+d4SwOS8JFCJVLT2Bo5GBBgcxHq4FAYLSrDdSYtwjWTt5nqcsPh4UI
;lUtPYGjkSR5By4ergUBgtKsN1Ji3CNPJX+KsE1LexQj9V3AueORbzkHIHjHaQaG26MuaHrNDlYxb7a8
;KUp6FCNVLb0RYNF9LgcgHsFzApnMpD5SU9sQVjRztqYoPg99TTJePYOjkXM5ByB4x2kGhtujLmhu2h1
;RMxbq0k1Ke0ZCPF5YsueRaDkHIHjHaQaG26MuaGjBD087d5CKIysWcSNWMT2Bo8ovWG5Te51BOsvuvz
;9aZd0RHwdaqPV8ZEwhTjgtL4GjkRtQa0Fzy2sTtNikNlJTxh1SMhbq301Ke0RvFA0Mr5SkEFQHMh6uB
;QGC0qw3UmLcI1g0eY2wEi8VcCNWLT2Bo5FpOQcgeMdpBobboy5oa8sTWzJJmqEsOA8UIFUtPYGjmn05
;B0Z3wmQKjtC5BV5oqH8bVxbp5i94SCxAMRkQ5ZuhHBQzE3zNKF+Oh6t3BTTJRF1ndIrtKytIFC5VLT3
;nyv0cVGJOavFrBobbzVk9DKh8bxtXyeRjfU55TlU3PYGj9xRVZk17wHE4hd+gP2htyh5NMmCAtDkjFH
;ojVi49gaPBMXgHLh6uBQGC0qw3UmLcI1E4YoymTUl7FCNVLT2Bo5F9OQcgDq4FZ+u+zVo3DKh8P1cW6
;dVNSnsWI1UtRvyjkX05ByAergVn677NWjcMqHw/Vxbp1U1KexQjVS09gQ==
;Data end
;Recover start:29
;G21
;G90
;G28 X0 Y0
;G92 X0 Y0 Z{z}
;M221 T0 S100.00
;M140 S60.00
;M104 T0 S200.00
;M109 T0 S200.00
;T0
;M190 S60.00
;G21
;G90
;M82
;M106 S0
;T0
;G92 E0
;G1 F140 E29
;G1 X20 Y0 F140 E30
;G92 E0
;T{current_extruder}
;M106 S{current_fan_speed}
;G92 E{current_extrusion}
;G0 F6000 X{x} Y{y} Z{z}
;G0 F{current_travel_speed}
;G1 F{current_extrude_speed} E{current_extrusion}
;{current_unit}
;{current_pos_abs}
;{current_extrude_abs}
;M117 Printing...
;Recover end
;Print Time: 6235
;Material#1 Used: 9006.1
;Material#1 Cost: 0.67
