;Sliced by ideaMaker 5.4.2.8790, 2026-08-12 18:24:43 UTC+0200
;Slicer Version: 5.4.2.8790
;Dimension: 250.000 250.000 250.000 0.400
;Plate Shape: 0
;Origin Center: 0
;Extruder Offset #1: 25.000 0.000
;Filament Diameter #1: 1.750
;Filament Diameter #2: 1.750
;Filament Compensation #1: 94.000
;Filament Compensation #2: 90.000
;Filament Density #1: 1240.000
;Filament Density #2: 1240.000
;Filament Type #1: PLA
;Filament Type #2: PLA
;Filament Name #1: [Raise3D] Premium PLA 1.75mm
;Filament Name #2: [Raise3D] Premium PLA 1.75mm
;Filament #1: PLA 1.75mm
;Filament #2: PLA 1.75mm
;Printer Type: floppy
;Firmware: Klipper
;Bounding Box: 106.410 143.590 106.479 143.578 0.000 9.650
;Model Gap: 0.000
M221 T0 S94.00
M140 S48.00
M104 T0 S195.00
M109 T0 S195.00
T0
M190 S48.00
G21 ;metric values
G90 ;absolute positioning
M82 ;set extruder to absolute mode
M107 ;start with the fan off
G28 X0 Y0 ;move X/Y to min endstops
G28 Z0 ;move Z to min endstops
G1 Z15.0 F9000 ;move the platform down 15mm

G92 E0 ;zero the extruded length

G0 X43 Y27 F2000  ;go to the edge of the bed
G92 X0 Y0 E0 ;set zero to edge of the bed
G0 F9000 Z1 ;Z up with 1mm
G1 F200 Z0 ;Z home slowly

G1 Z15.0 F9000 ;move the platform down 15mm

G1 F9000 ;speed setting
G92 E-3 ;retraction
M117 Printing...
M1001
;TOTAL_NUM: 1
;PRINTING_TIME: 0
;REMAINING_TIME: 979
;LAYER:0
;Z:0.150
;HEIGHT:0.150
M106 S26
;PRINTING: NON-OBJECT
;PRINTING_ID: -1
G1 F2400 E-1.0000
SET_VELOCITY_LIMIT ACCEL=500.00
SET_VELOCITY_LIMIT SQUARE_CORNER_VELOCITY=5.00
G0 F3900 X111.031 Y112.721
G0 F300 Z0.150
;TYPE:SKIRT
;WIDTH:0.400
G1 F1500 E0.0000
G1 F900 X113.004 Y110.786 E0.0689
G1 X115.260 Y109.155 E0.1384
G1 X117.739 Y107.877 E0.2080
G1 X120.345 Y106.993 E0.2766
G1 X123.102 Y106.499 E0.3465
G1 X126.822 Y106.479 E0.4393
G1 X128.696 Y106.762 E0.4865
G1 X131.313 Y107.505 E0.5544
G1 X133.860 Y108.648 E0.6240
G1 X136.198 Y110.148 E0.6933
G1 X138.278 Y111.976 E0.7624
G1 X140.078 Y114.113 E0.8321
G1 X141.527 Y116.471 E0.9011
G1 X142.616 Y119.034 E0.9706
G1 X143.308 Y121.722 E1.0399
G1 X143.590 Y124.486 E1.1092
G1 X143.457 Y127.266 E1.1786
G1 X142.914 Y129.998 E1.2481
G1 X141.970 Y132.608 E1.3173
G1 X140.654 Y135.043 E1.3863
G1 X138.965 Y137.280 E1.4563
G1 X136.995 Y139.213 E1.5251
G1 X134.742 Y140.842 E1.5945
G1 X132.262 Y142.121 E1.6641
G1 X129.654 Y143.006 E1.7328
G1 X126.924 Y143.496 E1.8020
G1 X124.130 Y143.578 E1.8717
G1 X121.366 Y143.241 E1.9411
G1 X118.688 Y142.495 E2.0105
G1 X116.144 Y141.354 E2.0800
G1 X113.802 Y139.850 E2.1495
G1 X111.717 Y138.018 E2.2187
G1 X109.919 Y135.883 E2.2883
G1 X108.472 Y133.528 E2.3573
G1 X107.383 Y130.965 E2.4268
G1 X106.689 Y128.269 E2.4962
G1 X106.410 Y125.534 E2.5648
G1 X106.542 Y122.739 E2.6346
G1 X107.086 Y120.000 E2.7042
G1 X108.029 Y117.391 E2.7734
G1 X109.352 Y114.949 E2.8427
G1 X111.031 Y112.721 E2.9123
G0 F3900 X111.350 Y112.962
G1 F900 X113.284 Y111.072 E2.9798
G1 X115.494 Y109.479 E3.0477
G1 X117.922 Y108.233 E3.1158
G1 X120.473 Y107.372 E3.1830
G1 X123.172 Y106.893 E3.2513
G1 X126.762 Y106.875 E3.3409
G1 X128.636 Y107.158 E3.3882
G1 X131.203 Y107.890 E3.4548
G1 X133.696 Y109.013 E3.5230
G1 X135.981 Y110.484 E3.5908
G1 X138.014 Y112.276 E3.6584
G1 X139.772 Y114.370 E3.7266
G1 X141.186 Y116.680 E3.7941
G1 X142.248 Y119.190 E3.8621
G1 X142.920 Y121.821 E3.9298
G1 X143.192 Y124.526 E3.9977
G1 X143.057 Y127.246 E4.0656
G1 X142.522 Y129.919 E4.1336
G1 X141.594 Y132.471 E4.2013
G1 X140.302 Y134.852 E4.2689
G1 X138.646 Y137.039 E4.3373
G1 X136.715 Y138.927 E4.4047
G1 X134.508 Y140.518 E4.4726
G1 X132.079 Y141.765 E4.5407
G1 X129.526 Y142.627 E4.6079
G1 X126.854 Y143.102 E4.6756
G1 X124.119 Y143.178 E4.7439
G1 X121.415 Y142.844 E4.8118
G1 X118.796 Y142.110 E4.8797
G1 X116.308 Y140.989 E4.9477
G1 X114.019 Y139.514 E5.0157
G1 X111.981 Y137.718 E5.0834
G1 X110.225 Y135.626 E5.1516
G1 X108.813 Y133.319 E5.2190
G1 X107.751 Y130.809 E5.2870
G1 X107.077 Y128.170 E5.3550
G1 X106.808 Y125.494 E5.4221
G1 X106.942 Y122.759 E5.4904
G1 X107.478 Y120.078 E5.5586
G1 X108.405 Y117.528 E5.6262
G1 X109.703 Y115.140 E5.6940
G1 X111.350 Y112.962 E5.7622
G0 F3900 X111.669 Y113.204
G1 F900 X113.563 Y111.358 E5.8281
G1 X115.727 Y109.804 E5.8946
G1 X118.104 Y108.589 E5.9612
G1 X120.600 Y107.751 E6.0269
G1 X123.241 Y107.287 E6.0937
G1 X126.702 Y107.271 E6.1801
G1 X128.576 Y107.554 E6.2274
G1 X131.093 Y108.275 E6.2927
G1 X133.531 Y109.377 E6.3594
G1 X135.764 Y110.820 E6.4257
G1 X137.749 Y112.576 E6.4918
G1 X139.465 Y114.627 E6.5586
G1 X140.845 Y116.888 E6.6246
G1 X141.879 Y119.345 E6.6911
G1 X142.532 Y121.919 E6.7574
G1 X142.794 Y124.565 E6.8237
G1 X142.658 Y127.226 E6.8902
G1 X142.130 Y129.840 E6.9567
G1 X141.218 Y132.334 E7.0229
G1 X139.951 Y134.661 E7.0890
G1 X138.328 Y136.797 E7.1559
G1 X136.436 Y138.641 E7.2218
G1 X134.275 Y140.193 E7.2882
G1 X131.897 Y141.409 E7.3548
G1 X129.399 Y142.248 E7.4206
G1 X126.785 Y142.708 E7.4868
G1 X124.109 Y142.778 E7.5536
G1 X121.465 Y142.447 E7.6200
G1 X118.905 Y141.725 E7.6864
G1 X116.473 Y140.625 E7.7530
G1 X114.236 Y139.178 E7.8194
G1 X112.246 Y137.418 E7.8857
G1 X110.532 Y135.369 E7.9523
G1 X109.154 Y133.111 E8.0183
G1 X108.120 Y130.654 E8.0848
G1 X107.465 Y128.072 E8.1513
G1 X107.206 Y125.455 E8.2169
G1 X107.341 Y122.779 E8.2837
G1 X107.870 Y120.157 E8.3504
G1 X108.781 Y117.665 E8.4166
G1 X110.054 Y115.332 E8.4829
G1 X111.669 Y113.204 E8.5495
G0 F3900 X111.987 Y113.446
G1 F900 X113.842 Y111.645 E8.6140
G1 X115.960 Y110.129 E8.6790
G1 X118.285 Y108.946 E8.7441
G1 X120.727 Y108.130 E8.8083
G1 X123.310 Y107.681 E8.8737
G1 X126.642 Y107.667 E8.9568
G1 X128.516 Y107.950 E9.0041
G1 X130.983 Y108.659 E9.0681
G1 X133.366 Y109.741 E9.1334
G1 X135.546 Y111.156 E9.1983
G1 X137.483 Y112.875 E9.2629
G1 X139.158 Y114.883 E9.3281
G1 X140.503 Y117.096 E9.3927
G1 X141.510 Y119.500 E9.4577
G1 X142.144 Y122.017 E9.5224
G1 X142.396 Y124.604 E9.5873
G1 X142.259 Y127.205 E9.6523
G1 X141.738 Y129.760 E9.7173
G1 X140.843 Y132.196 E9.7820
G1 X139.600 Y134.469 E9.8467
G1 X138.010 Y136.555 E9.9121
G1 X136.157 Y138.354 E9.9765
G1 X134.042 Y139.868 E10.0414
G1 X131.715 Y141.053 E10.1065
G1 X129.272 Y141.869 E10.1708
G1 X126.716 Y142.314 E10.2355
G1 X124.099 Y142.378 E10.3008
G1 X121.515 Y142.050 E10.3658
G1 X119.014 Y141.340 E10.4306
G1 X116.638 Y140.261 E10.4957
G1 X114.454 Y138.843 E10.5607
G1 X112.511 Y137.119 E10.6255
G1 X110.839 Y135.113 E10.6906
G1 X109.496 Y132.903 E10.7551
G1 X108.489 Y130.499 E10.8202
G1 X107.853 Y127.974 E10.8851
G1 X107.604 Y125.416 E10.9492
G1 X107.740 Y122.800 E11.0146
G1 X108.262 Y120.237 E11.0798
G1 X109.156 Y117.803 E11.1445
G1 X110.405 Y115.524 E11.2093
G1 X111.987 Y113.446 E11.2745
G0 F3900 X112.305 Y113.689
G1 F900 X114.120 Y111.932 E11.3375
G1 X116.192 Y110.455 E11.4010
G1 X118.466 Y109.303 E11.4645
G1 X120.853 Y108.510 E11.5273
G1 X123.378 Y108.075 E11.5912
G1 X126.582 Y108.063 E11.6711
G1 X128.456 Y108.346 E11.7184
G1 X130.872 Y109.043 E11.7811
G1 X133.200 Y110.105 E11.8450
G1 X135.328 Y111.491 E11.9083
G1 X137.217 Y113.174 E11.9714
G1 X138.850 Y115.139 E12.0352
G1 X140.161 Y117.303 E12.0983
G1 X141.141 Y119.654 E12.1618
G1 X141.756 Y122.114 E12.2251
G1 X141.998 Y124.642 E12.2884
G1 X141.860 Y127.183 E12.3519
G1 X141.346 Y129.679 E12.4155
G1 X140.468 Y132.057 E12.4787
G1 X139.249 Y134.276 E12.5418
G1 X137.692 Y136.312 E12.6058
G1 X135.879 Y138.067 E12.6687
G1 X133.810 Y139.542 E12.7321
G1 X131.534 Y140.696 E12.7958
G1 X129.146 Y141.489 E12.8585
G1 X126.648 Y141.920 E12.9218
G1 X124.090 Y141.978 E12.9856
G1 X121.566 Y141.653 E13.0491
G1 X119.124 Y140.955 E13.1124
G1 X116.804 Y139.897 E13.1760
G1 X114.672 Y138.508 E13.2395
G1 X112.777 Y136.820 E13.3028
G1 X111.147 Y134.857 E13.3665
G1 X109.838 Y132.696 E13.4295
G1 X108.858 Y130.345 E13.4930
G1 X108.241 Y127.877 E13.5565
G1 X108.002 Y125.378 E13.6191
G1 X108.139 Y122.821 E13.6830
G1 X108.654 Y120.318 E13.7467
G1 X109.531 Y117.941 E13.8099
G1 X110.755 Y115.717 E13.8733
G1 X112.305 Y113.689 E13.9369
G0 F3900 X112.622 Y113.932
G1 F900 X114.398 Y112.220 E13.9985
G1 X116.424 Y110.781 E14.0605
G1 X118.646 Y109.660 E14.1225
G1 X120.978 Y108.890 E14.1838
G1 X123.445 Y108.469 E14.2462
G1 X126.522 Y108.459 E14.3230
G1 X128.396 Y108.742 E14.3703
G1 X130.761 Y109.427 E14.4317
G1 X133.033 Y110.469 E14.4940
G1 X135.109 Y111.826 E14.5559
G1 X136.950 Y113.472 E14.6175
G1 X138.542 Y115.394 E14.6798
G1 X139.818 Y117.510 E14.7414
G1 X140.772 Y119.807 E14.8034
G1 X141.368 Y122.210 E14.8652
G1 X141.600 Y124.679 E14.9271
G1 X141.461 Y127.161 E14.9891
G1 X140.954 Y129.597 E15.0511
G1 X140.093 Y131.918 E15.1129
G1 X138.899 Y134.083 E15.1746
G1 X137.375 Y136.068 E15.2370
G1 X135.601 Y137.779 E15.2985
G1 X133.578 Y139.216 E15.3604
G1 X131.354 Y140.339 E15.4225
G1 X129.021 Y141.109 E15.4838
G1 X126.581 Y141.526 E15.5456
G1 X124.082 Y141.578 E15.6079
G1 X121.618 Y141.256 E15.6699
G1 X119.234 Y140.571 E15.7318
G1 X116.971 Y139.533 E15.7939
G1 X114.891 Y138.173 E15.8559
G1 X113.044 Y136.522 E15.9177
G1 X111.455 Y134.602 E15.9798
G1 X110.181 Y132.489 E16.0414
G1 X109.227 Y130.192 E16.1034
G1 X108.629 Y127.781 E16.1654
G1 X108.400 Y125.341 E16.2265
G1 X108.538 Y122.843 E16.2889
G1 X109.046 Y120.399 E16.3512
G1 X109.906 Y118.080 E16.4129
G1 X111.105 Y115.911 E16.4747
G1 X112.622 Y113.932 E16.5369
G0 F3900 X112.939 Y114.176
G1 F900 X114.675 Y112.508 E16.5970
G1 X116.655 Y111.108 E16.6575
G1 X118.826 Y110.017 E16.7181
G1 X121.103 Y109.270 E16.7779
G1 X123.512 Y108.863 E16.8388
G1 X126.462 Y108.855 E16.9124
G1 X128.336 Y109.138 E16.9597
G1 X130.649 Y109.811 E17.0198
G1 X132.866 Y110.832 E17.0806
G1 X134.889 Y112.160 E17.1410
G1 X136.683 Y113.770 E17.2011
G1 X138.233 Y115.649 E17.2619
G1 X139.475 Y117.716 E17.3221
G1 X140.402 Y119.960 E17.3826
G1 X140.980 Y122.306 E17.4429
G1 X141.202 Y124.716 E17.5033
G1 X141.062 Y127.138 E17.5638
G1 X140.563 Y129.515 E17.6244
G1 X139.718 Y131.778 E17.6846
G1 X138.549 Y133.889 E17.7448
G1 X137.058 Y135.824 E17.8058
G1 X135.324 Y137.491 E17.8658
G1 X133.347 Y138.889 E17.9262
G1 X131.174 Y139.982 E17.9868
G1 X128.896 Y140.729 E18.0466
G1 X126.514 Y141.132 E18.1069
G1 X124.074 Y141.178 E18.1678
G1 X121.671 Y140.859 E18.2283
G1 X119.345 Y140.187 E18.2886
G1 X117.138 Y139.170 E18.3493
G1 X115.111 Y137.839 E18.4098
G1 X113.311 Y136.224 E18.4701
G1 X111.764 Y134.348 E18.5307
G1 X110.524 Y132.283 E18.5908
G1 X109.597 Y130.039 E18.6514
G1 X109.017 Y127.685 E18.7119
G1 X108.798 Y125.304 E18.7715
G1 X108.937 Y122.866 E18.8324
G1 X109.437 Y120.481 E18.8932
G1 X110.281 Y118.220 E18.9534
G1 X111.455 Y116.105 E19.0138
G1 X112.939 Y114.176 E19.0745
G0 F3900 X113.256 Y114.421
G1 F900 X114.952 Y112.797 E19.1330
G1 X116.885 Y111.435 E19.1920
G1 X119.005 Y110.375 E19.2512
G1 X121.227 Y109.650 E19.3095
G1 X123.578 Y109.258 E19.3689
G1 X126.402 Y109.251 E19.4394
G1 X128.276 Y109.534 E19.4866
G1 X130.537 Y110.195 E19.5454
G1 X132.698 Y111.195 E19.6048
G1 X134.669 Y112.494 E19.6637
G1 X136.415 Y114.067 E19.7223
G1 X137.924 Y115.903 E19.7816
G1 X139.132 Y117.921 E19.8403
G1 X140.032 Y120.112 E19.8993
G1 X140.591 Y122.401 E19.9581
G1 X140.804 Y124.752 E20.0170
G1 X140.663 Y127.114 E20.0760
G1 X140.172 Y129.432 E20.1351
G1 X139.344 Y131.637 E20.1939
G1 X138.199 Y133.694 E20.2526
G1 X136.742 Y135.579 E20.3120
G1 X135.047 Y137.202 E20.3706
G1 X133.117 Y138.562 E20.4295
G1 X130.995 Y139.624 E20.4887
G1 X128.772 Y140.349 E20.5470
G1 X126.448 Y140.737 E20.6058
G1 X124.067 Y140.778 E20.6652
G1 X121.724 Y140.463 E20.7242
G1 X119.457 Y139.803 E20.7830
G1 X117.306 Y138.807 E20.8422
G1 X115.331 Y137.505 E20.9012
G1 X113.579 Y135.927 E20.9600
G1 X112.073 Y134.094 E21.0192
G1 X110.867 Y132.078 E21.0778
G1 X109.967 Y129.887 E21.1369
G1 X109.406 Y127.590 E21.1959
G1 X109.196 Y125.268 E21.2540
G1 X109.336 Y122.889 E21.3135
G1 X109.828 Y120.564 E21.3727
G1 X110.655 Y118.361 E21.4314
G1 X111.804 Y116.300 E21.4903
G1 X113.256 Y114.421 E21.5495
G0 F3900 X113.572 Y114.666
G1 F900 X115.228 Y113.086 E21.6066
G1 X117.115 Y111.763 E21.6641
G1 X119.183 Y110.733 E21.7218
G1 X121.350 Y110.030 E21.7786
G1 X123.643 Y109.653 E21.8365
G1 X126.342 Y109.647 E21.9039
G1 X128.216 Y109.930 E21.9512
G1 X130.424 Y110.579 E22.0086
G1 X132.529 Y111.558 E22.0665
G1 X134.448 Y112.828 E22.1239
G1 X136.147 Y114.364 E22.1810
G1 X137.614 Y116.156 E22.2388
G1 X138.788 Y118.126 E22.2960
G1 X139.662 Y120.263 E22.3536
G1 X140.202 Y122.495 E22.4109
G1 X140.406 Y124.787 E22.4683
G1 X140.264 Y127.089 E22.5258
G1 X139.781 Y129.348 E22.5834
G1 X138.970 Y131.496 E22.6407
G1 X137.850 Y133.499 E22.6979
G1 X136.426 Y135.334 E22.7559
G1 X134.771 Y136.913 E22.8129
G1 X132.887 Y138.234 E22.8703
G1 X130.817 Y139.266 E22.9280
G1 X128.649 Y139.969 E22.9849
G1 X126.383 Y140.342 E23.0422
G1 X124.061 Y140.378 E23.1001
G1 X121.778 Y140.067 E23.1576
G1 X119.570 Y139.419 E23.2150
G1 X117.475 Y138.444 E23.2726
G1 X115.552 Y137.171 E23.3302
G1 X113.847 Y135.630 E23.3875
G1 X112.383 Y133.841 E23.4451
G1 X111.211 Y131.873 E23.5023
G1 X110.337 Y129.736 E23.5599
G1 X109.795 Y127.496 E23.6174
G1 X109.594 Y125.233 E23.6740
G1 X109.735 Y122.913 E23.7320
G1 X110.219 Y120.648 E23.7898
G1 X111.029 Y118.502 E23.8470
G1 X112.153 Y116.495 E23.9044
G1 X113.572 Y114.666 E23.9621
G0 F3900 X113.888 Y114.912
G1 F900 X115.504 Y113.376 E24.0178
G1 X117.344 Y112.091 E24.0737
G1 X119.361 Y111.091 E24.1299
G1 X121.473 Y110.411 E24.1852
G1 X123.707 Y110.048 E24.2417
G1 X126.282 Y110.043 E24.3059
G1 X128.156 Y110.326 E24.3532
G1 X130.311 Y110.963 E24.4093
G1 X132.360 Y111.920 E24.4657
G1 X134.226 Y113.161 E24.5216
G1 X135.878 Y114.660 E24.5772
G1 X137.304 Y116.409 E24.6335
G1 X138.444 Y118.330 E24.6892
G1 X139.291 Y120.414 E24.7454
G1 X139.813 Y122.588 E24.8011
G1 X140.008 Y124.822 E24.8571
G1 X139.865 Y127.064 E24.9131
G1 X139.390 Y129.264 E24.9693
G1 X138.596 Y131.354 E25.0250
G1 X137.501 Y133.303 E25.0808
G1 X136.110 Y135.088 E25.1372
G1 X134.495 Y136.623 E25.1928
G1 X132.658 Y137.906 E25.2487
G1 X130.639 Y138.908 E25.3049
G1 X128.526 Y139.588 E25.3603
G1 X126.319 Y139.947 E25.4161
G1 X124.056 Y139.978 E25.4725
G1 X121.833 Y139.671 E25.5285
G1 X119.683 Y139.035 E25.5845
G1 X117.644 Y138.082 E25.6406
G1 X115.773 Y136.838 E25.6966
G1 X114.116 Y135.334 E25.7525
G1 X112.693 Y133.588 E25.8087
G1 X111.555 Y131.669 E25.8643
G1 X110.708 Y129.585 E25.9204
G1 X110.184 Y127.403 E25.9764
G1 X109.993 Y125.198 E26.0316
G1 X110.134 Y122.938 E26.0881
G1 X110.610 Y120.732 E26.1444
G1 X111.403 Y118.644 E26.2001
G1 X112.502 Y116.691 E26.2560
G1 X113.888 Y114.912 E26.3123
G0 F3900 X114.203 Y115.158
G1 F900 X115.779 Y113.666 E26.3664
G1 X117.572 Y112.419 E26.4209
G1 X119.538 Y111.450 E26.4756
G1 X121.595 Y110.792 E26.5294
G1 X123.770 Y110.443 E26.5844
G1 X126.222 Y110.439 E26.6455
G1 X128.096 Y110.722 E26.6928
G1 X130.197 Y111.346 E26.7475
G1 X132.190 Y112.282 E26.8024
G1 X134.004 Y113.494 E26.8568
G1 X135.609 Y114.956 E26.9110
G1 X136.994 Y116.661 E26.9658
G1 X138.100 Y118.533 E27.0200
G1 X138.920 Y120.564 E27.0747
G1 X139.424 Y122.681 E27.1290
G1 X139.609 Y124.856 E27.1834
G1 X139.466 Y127.038 E27.2380
G1 X138.999 Y129.179 E27.2926
G1 X138.222 Y131.211 E27.3469
G1 X137.153 Y133.107 E27.4012
G1 X135.795 Y134.841 E27.4561
G1 X134.220 Y136.333 E27.5102
G1 X132.430 Y137.578 E27.5646
G1 X130.462 Y138.549 E27.6194
G1 X128.404 Y139.207 E27.6733
G1 X126.256 Y139.552 E27.7275
G1 X124.051 Y139.578 E27.7825
G1 X121.889 Y139.275 E27.8370
G1 X119.797 Y138.652 E27.8915
G1 X117.814 Y137.720 E27.9461
G1 X115.995 Y136.505 E28.0007
G1 X114.385 Y135.038 E28.0550
G1 X113.004 Y133.336 E28.1097
G1 X111.899 Y131.466 E28.1639
G1 X111.079 Y129.435 E28.2185
G1 X110.573 Y127.310 E28.2730
G1 X110.392 Y125.164 E28.3267
G1 X110.533 Y122.964 E28.3817
G1 X111.001 Y120.817 E28.4365
G1 X111.777 Y118.787 E28.4907
G1 X112.850 Y116.888 E28.5451
G1 X114.203 Y115.158 E28.5999
G0 F3900 X114.518 Y115.405
G1 F900 X116.053 Y113.957 E28.6526
G1 X117.800 Y112.748 E28.7056
G1 X119.714 Y111.809 E28.7588
G1 X121.716 Y111.173 E28.8111
G1 X123.833 Y110.838 E28.8646
G1 X126.162 Y110.835 E28.9227
G1 X128.036 Y111.118 E28.9700
G1 X130.083 Y111.729 E29.0233
G1 X132.019 Y112.644 E29.0767
G1 X133.781 Y113.826 E29.1296
G1 X135.339 Y115.251 E29.1823
G1 X136.683 Y116.913 E29.2356
G1 X137.755 Y118.736 E29.2884
G1 X138.549 Y120.713 E29.3415
G1 X139.035 Y122.773 E29.3943
G1 X139.210 Y124.889 E29.4473
G1 X139.067 Y127.011 E29.5003
G1 X138.608 Y129.093 E29.5535
G1 X137.849 Y131.067 E29.6063
G1 X136.805 Y132.910 E29.6591
G1 X135.481 Y134.594 E29.7125
G1 X133.946 Y136.042 E29.7652
G1 X132.202 Y137.249 E29.8181
G1 X130.286 Y138.190 E29.8713
G1 X128.283 Y138.826 E29.9238
G1 X126.193 Y139.157 E29.9765
G1 X124.047 Y139.178 E30.0301
G1 X121.945 Y138.879 E30.0830
G1 X119.912 Y138.269 E30.1360
G1 X117.985 Y137.358 E30.1892
G1 X116.218 Y136.173 E30.2422
G1 X114.655 Y134.743 E30.2951
G1 X113.315 Y133.085 E30.3482
G1 X112.244 Y131.263 E30.4010
G1 X111.450 Y129.286 E30.4541
G1 X110.962 Y127.218 E30.5071
G1 X110.791 Y125.131 E30.5594
G1 X110.932 Y122.990 E30.6129
G1 X111.392 Y120.903 E30.6662
G1 X112.150 Y118.931 E30.7189
G1 X113.198 Y117.085 E30.7718
G1 X114.518 Y115.405 E30.8251
G0 F3900 X114.832 Y115.653
G1 F900 X116.327 Y114.249 E30.8763
G1 X118.027 Y113.077 E30.9278
G1 X119.889 Y112.168 E30.9795
G1 X121.836 Y111.555 E31.0304
G1 X123.895 Y111.233 E31.0824
G1 X126.102 Y111.231 E31.1374
G1 X127.976 Y111.514 E31.1847
G1 X129.968 Y112.112 E31.2366
G1 X131.847 Y113.005 E31.2885
G1 X133.557 Y114.158 E31.3399
G1 X135.068 Y115.546 E31.3911
G1 X136.372 Y117.164 E31.4430
G1 X137.410 Y118.938 E31.4942
G1 X138.177 Y120.861 E31.5459
G1 X138.646 Y122.864 E31.5972
G1 X138.811 Y124.921 E31.6487
G1 X138.668 Y126.983 E31.7002
G1 X138.218 Y129.006 E31.7519
G1 X137.476 Y130.923 E31.8032
G1 X136.457 Y132.712 E31.8546
G1 X135.167 Y134.346 E31.9065
G1 X133.672 Y135.750 E31.9577
G1 X131.975 Y136.920 E32.0091
G1 X130.110 Y137.831 E32.0609
G1 X128.163 Y138.444 E32.1118
G1 X126.131 Y138.762 E32.1631
G1 X124.044 Y138.778 E32.2151
G1 X122.002 Y138.483 E32.2666
G1 X120.028 Y137.886 E32.3181
G1 X118.157 Y136.997 E32.3697
G1 X116.442 Y135.841 E32.4213
G1 X114.926 Y134.448 E32.4727
G1 X113.627 Y132.834 E32.5244
G1 X112.589 Y131.061 E32.5756
G1 X111.822 Y129.138 E32.6273
G1 X111.352 Y127.127 E32.6788
G1 X111.190 Y125.099 E32.7295
G1 X111.331 Y123.017 E32.7816
G1 X111.782 Y120.990 E32.8334
G1 X112.523 Y119.075 E32.8846
G1 X113.545 Y117.283 E32.9361
G1 X114.832 Y115.653 E32.9879
G0 F3900 X115.145 Y115.902
G1 F900 X116.600 Y114.541 E33.0376
G1 X118.253 Y113.407 E33.0876
G1 X120.064 Y112.528 E33.1378
G1 X121.955 Y111.937 E33.1872
G1 X123.956 Y111.628 E33.2377
G1 X126.042 Y111.627 E33.2897
G1 X127.916 Y111.910 E33.3370
G1 X129.852 Y112.495 E33.3875
G1 X131.675 Y113.366 E33.4379
G1 X133.333 Y114.489 E33.4878
G1 X134.797 Y115.840 E33.5375
G1 X136.060 Y117.414 E33.5879
G1 X137.064 Y119.139 E33.6376
G1 X137.805 Y121.008 E33.6878
G1 X138.256 Y122.954 E33.7376
G1 X138.412 Y124.952 E33.7876
G1 X138.269 Y126.955 E33.8377
G1 X137.828 Y128.918 E33.8879
G1 X137.103 Y130.778 E33.9377
G1 X136.110 Y132.513 E33.9876
G1 X134.854 Y134.097 E34.0380
G1 X133.399 Y135.458 E34.0877
G1 X131.749 Y136.590 E34.1376
G1 X129.935 Y137.471 E34.1879
G1 X128.044 Y138.062 E34.2373
G1 X126.070 Y138.367 E34.2872
G1 X124.042 Y138.378 E34.3377
G1 X122.060 Y138.087 E34.3877
G1 X120.145 Y137.503 E34.4377
G1 X118.329 Y136.636 E34.4879
G1 X116.666 Y135.510 E34.5380
G1 X115.197 Y134.154 E34.5878
G1 X113.939 Y132.584 E34.6380
G1 X112.935 Y130.860 E34.6878
G1 X112.194 Y128.991 E34.7379
G1 X111.742 Y127.037 E34.7880
G1 X111.589 Y125.068 E34.8372
G1 X111.730 Y123.045 E34.8878
G1 X112.172 Y121.078 E34.9381
G1 X112.896 Y119.220 E34.9878
G1 X113.892 Y117.482 E35.0378
G1 X115.145 Y115.902 E35.0881
G0 F3900 X115.458 Y116.151
G1 F900 X116.873 Y114.834 E35.1363
G1 X118.479 Y113.737 E35.1849
G1 X120.238 Y112.888 E35.2336
G1 X122.073 Y112.319 E35.2815
G1 X124.016 Y112.023 E35.3305
G1 X125.982 Y112.023 E35.3796
G1 X127.856 Y112.306 E35.4268
G1 X129.736 Y112.878 E35.4759
G1 X131.502 Y113.727 E35.5247
G1 X133.108 Y114.820 E35.5732
G1 X134.525 Y116.133 E35.6214
G1 X135.747 Y117.664 E35.6703
G1 X136.718 Y119.340 E35.7186
G1 X137.433 Y121.155 E35.7672
G1 X137.866 Y123.043 E35.8156
G1 X138.013 Y124.982 E35.8641
G1 X137.870 Y126.926 E35.9127
G1 X137.438 Y128.829 E35.9614
G1 X136.731 Y130.632 E36.0097
G1 X135.763 Y132.313 E36.0581
G1 X134.541 Y133.848 E36.1070
G1 X133.126 Y135.165 E36.1552
G1 X131.523 Y136.260 E36.2037
G1 X129.761 Y137.111 E36.2525
G1 X127.926 Y137.680 E36.3004
G1 X126.010 Y137.972 E36.3487
G1 X124.041 Y137.978 E36.3979
G1 X122.119 Y137.691 E36.4463
G1 X120.262 Y137.121 E36.4948
G1 X118.502 Y136.275 E36.5435
G1 X116.891 Y135.179 E36.5921
G1 X115.469 Y133.861 E36.6405
G1 X114.252 Y132.335 E36.6892
G1 X113.281 Y130.659 E36.7375
G1 X112.566 Y128.844 E36.7861
G1 X112.132 Y126.948 E36.8347
G1 X111.988 Y125.038 E36.8824
G1 X112.129 Y123.074 E36.9316
G1 X112.562 Y121.167 E36.9803
G1 X113.268 Y119.366 E37.0286
G1 X114.239 Y117.682 E37.0771
G1 X115.458 Y116.151 E37.1259
;PRINTING: haibike.stl
;PRINTING_ID: 0
G1 F2400 E36.1259
G1 F300 Z0.350
G0 F3900 X115.751 Y116.422
;TYPE:WALL-OUTER
;WIDTH:0.400
G1 F300 Z0.150
G1 F1500 E37.1259
G1 F2400 X117.137 Y115.137 E37.1730
G1 X118.693 Y114.075 E37.2200
G1 X120.391 Y113.258 E37.2670
G1 X122.190 Y112.702 E37.3140
G1 X124.059 Y112.421 E37.3612
G1 X125.940 Y112.421 E37.4081
G1 X127.781 Y112.698 E37.4545
G1 X129.608 Y113.258 E37.5022
G1 X131.306 Y114.075 E37.5492
G1 X132.862 Y115.137 E37.5962
G1 X134.248 Y116.422 E37.6433
G1 X135.422 Y117.894 E37.6903
G1 X136.365 Y119.527 E37.7373
G1 X137.053 Y121.281 E37.7843
G1 X137.473 Y123.122 E37.8314
G1 X137.614 Y124.999 E37.8784
G1 X137.473 Y126.877 E37.9254
G1 X137.053 Y128.718 E37.9725
G1 X136.365 Y130.472 E38.0195
G1 X135.422 Y132.105 E38.0665
G1 X134.248 Y133.577 E38.1135
G1 X132.862 Y134.862 E38.1606
G1 X131.306 Y135.924 E38.2076
G1 X129.608 Y136.741 E38.2546
G1 X127.809 Y137.297 E38.3016
G1 X125.968 Y137.574 E38.3480
G1 X124.058 Y137.578 E38.3957
G1 X122.190 Y137.297 E38.4428
G1 X120.391 Y136.741 E38.4898
G1 X118.693 Y135.924 E38.5368
G1 X117.137 Y134.862 E38.5838
G1 X115.751 Y133.577 E38.6309
G1 X114.577 Y132.105 E38.6779
G1 X113.634 Y130.472 E38.7249
G1 X112.946 Y128.718 E38.7719
G1 X112.526 Y126.877 E38.8190
G1 X112.387 Y125.027 E38.8653
G1 X112.526 Y123.122 E38.9130
G1 X112.946 Y121.281 E38.9601
G1 X113.634 Y119.527 E39.0071
G1 X114.577 Y117.894 E39.0541
G1 X115.751 Y116.422 E39.1011
G1 F2400 E38.1011
G1 F300 Z0.350
G0 F3900 X119.421 Y119.421
G1 F300 Z0.150
G1 F1500 E39.1011
G1 F2400 X118.440 Y120.616 E39.1396
G1 X117.710 Y121.980 E39.1782
G1 X117.262 Y123.461 E39.2168
G1 X117.110 Y125.000 E39.2554
G1 X117.262 Y126.538 E39.2940
G1 X117.710 Y128.019 E39.3326
G1 X118.440 Y129.383 E39.3711
G1 X119.421 Y130.578 E39.4097
G1 X120.616 Y131.559 E39.4483
G1 X121.980 Y132.289 E39.4869
G1 X123.461 Y132.737 E39.5255
G1 X125.000 Y132.889 E39.5640
G1 X126.538 Y132.737 E39.6026
G1 X128.019 Y132.289 E39.6412
G1 X129.383 Y131.559 E39.6798
G1 X130.578 Y130.578 E39.7184
G1 X131.559 Y129.383 E39.7569
G1 X132.289 Y128.019 E39.7955
G1 X132.737 Y126.538 E39.8341
G1 X132.889 Y124.999 E39.8727
G1 X132.737 Y123.461 E39.9112
G1 X132.289 Y121.980 E39.9498
G1 X131.559 Y120.616 E39.9884
G1 X130.578 Y119.421 E40.0270
G1 X129.383 Y118.440 E40.0656
G1 X128.019 Y117.710 E40.1042
G1 X126.538 Y117.262 E40.1428
G1 X124.988 Y117.111 E40.1816
G1 X123.461 Y117.262 E40.2199
G1 X121.980 Y117.710 E40.2585
G1 X120.616 Y118.440 E40.2971
G1 X119.421 Y119.421 E40.3356
G1 F2400 E39.3356
G1 F300 Z0.350
G0 F3900 X116.045 Y116.695
;TYPE:WALL-INNER
;WIDTH:0.400
G1 F300 Z0.150
G1 F1500 E40.3356
G1 F2400 X117.387 Y115.451 E40.3813
G1 X118.894 Y114.422 E40.4268
G1 X120.538 Y113.631 E40.4723
G1 X122.279 Y113.093 E40.5178
G1 X124.089 Y112.821 E40.5634
G1 X125.910 Y112.821 E40.6088
G1 X127.692 Y113.089 E40.6538
G1 X129.462 Y113.632 E40.7000
G1 X131.105 Y114.422 E40.7455
G1 X132.612 Y115.451 E40.7910
G1 X133.954 Y116.695 E40.8366
G1 X135.091 Y118.120 E40.8821
G1 X136.004 Y119.701 E40.9276
G1 X136.670 Y121.399 E40.9731
G1 X137.076 Y123.182 E41.0188
G1 X137.213 Y124.999 E41.0642
G1 X137.076 Y126.817 E41.1097
G1 X136.670 Y128.600 E41.1553
G1 X136.004 Y130.298 E41.2008
G1 X135.091 Y131.879 E41.2463
G1 X133.954 Y133.304 E41.2918
G1 X132.612 Y134.548 E41.3375
G1 X131.105 Y135.577 E41.3830
G1 X129.461 Y136.368 E41.4285
G1 X127.720 Y136.906 E41.4740
G1 X125.938 Y137.174 E41.5189
G1 X124.088 Y137.178 E41.5651
G1 X122.279 Y136.906 E41.6107
G1 X120.538 Y136.368 E41.6561
G1 X118.894 Y135.577 E41.7017
G1 X117.387 Y134.548 E41.7472
G1 X116.045 Y133.304 E41.7928
G1 X114.908 Y131.879 E41.8383
G1 X113.995 Y130.298 E41.8838
G1 X113.329 Y128.600 E41.9293
G1 X112.923 Y126.817 E41.9750
G1 X112.788 Y125.027 E42.0197
G1 X112.923 Y123.181 E42.0659
G1 X113.329 Y121.399 E42.1115
G1 X113.995 Y119.701 E42.1570
G1 X114.908 Y118.120 E42.2025
G1 X116.045 Y116.695 E42.2480
G1 F2400 E41.2480
G1 F300 Z0.350
G0 F3900 X119.137 Y119.137
G1 F300 Z0.150
G1 F1500 E42.2480
G1 F2400 X118.106 Y120.393 E42.2885
G1 X117.339 Y121.826 E42.3291
G1 X116.868 Y123.383 E42.3697
G1 X116.708 Y125.000 E42.4102
G1 X116.868 Y126.616 E42.4507
G1 X117.339 Y128.173 E42.4913
G1 X118.106 Y129.606 E42.5318
G1 X119.137 Y130.862 E42.5724
G1 X120.393 Y131.893 E42.6129
G1 X121.826 Y132.660 E42.6534
G1 X123.383 Y133.131 E42.6940
G1 X125.000 Y133.291 E42.7346
G1 X126.616 Y133.131 E42.7751
G1 X128.173 Y132.660 E42.8156
G1 X129.606 Y131.893 E42.8562
G1 X130.862 Y130.862 E42.8967
G1 X131.893 Y129.606 E42.9373
G1 X132.660 Y128.173 E42.9778
G1 X133.131 Y126.616 E43.0184
G1 X133.291 Y124.999 E43.0589
G1 X133.131 Y123.383 E43.0994
G1 X132.660 Y121.826 E43.1400
G1 X131.893 Y120.393 E43.1805
G1 X130.862 Y119.137 E43.2211
G1 X129.606 Y118.106 E43.2616
G1 X128.173 Y117.339 E43.3022
G1 X126.616 Y116.868 E43.3427
G1 X124.988 Y116.709 E43.3835
G1 X123.383 Y116.868 E43.4238
G1 X121.826 Y117.339 E43.4643
G1 X120.393 Y118.106 E43.5049
G1 X119.137 Y119.137 E43.5454
G1 F2400 E42.5454
G1 F300 Z0.350
G0 F3900 X119.054 Y119.081
G0 X117.940 Y120.282
G0 X116.914 Y122.762
G0 X115.013 Y131.700
;TYPE:SOLID-FILL
;WIDTH:0.400
G1 F300 Z0.150
G1 F1500 E43.5454
G1 F2400 X118.188 Y134.876 E43.6575
G1 F2400 E42.6575
G1 F300 Z0.350
G0 F3900 X119.587 Y135.709
G1 F300 Z0.150
G1 F1500 E43.6575
G1 F2400 X114.239 Y130.361 E43.8461
G0 F2400 X113.831 Y129.387
G1 F2400 X120.660 Y136.217 E44.0870
G0 F2400 X121.479 Y136.470
G1 F2400 X113.484 Y128.474 E44.3691
G0 F2400 X113.317 Y127.742
G1 F2400 X122.298 Y136.723 E44.6859
G0 F2400 X122.967 Y136.826
G1 F2400 X113.150 Y127.009 E45.0323
G0 F2400 X113.068 Y126.362
G1 F2400 X123.632 Y136.926 E45.4049
G0 F2400 X124.268 Y136.996
G1 F2400 X113.022 Y125.750 E45.8017
G0 F2400 X112.976 Y125.138
G1 F2400 X124.832 Y136.994 E46.2199
G0 F2400 X125.397 Y136.994
G1 F2400 X120.623 Y132.219 E46.3884
G0 F2400 X121.813 Y132.844
G1 F2400 X125.956 Y136.987 E46.5345
G0 F2400 X126.449 Y136.914
G1 F2400 X122.624 Y133.089 E46.6694
G0 F2400 X123.414 Y133.314
G1 F2400 X126.940 Y136.840 E46.7938
G0 F2400 X127.432 Y136.766
G1 F2400 X124.042 Y133.376 E46.9134
G0 F2400 X124.670 Y133.438
G1 F2400 X127.895 Y136.663 E47.0272
G0 F2400 X128.327 Y136.529
G1 F2400 X125.244 Y133.447 E47.1359
G0 F2400 X125.759 Y133.396
G1 F2400 X128.759 Y136.395 E47.2418
G0 F2400 X129.191 Y136.262
G1 F2400 X126.274 Y133.345 E47.3447
G0 F2400 X126.767 Y133.273
G1 F2400 X129.596 Y136.101 E47.4444
G0 F2400 X129.978 Y135.917
G1 F2400 X127.202 Y133.141 E47.5424
G0 F2400 X127.637 Y133.011
G1 F2400 X130.360 Y135.734 E47.6384
G0 F2400 X130.741 Y135.550
G1 F2400 X128.071 Y132.879 E47.7326
G0 F2400 X128.465 Y132.707
G1 F2400 X131.110 Y135.352 E47.8260
G0 F2400 X131.446 Y135.123
G1 F2400 X128.833 Y132.510 E47.9181
G0 F2400 X129.201 Y132.313
G1 F2400 X131.783 Y134.894 E48.0092
G0 F2400 X132.119 Y134.664
G1 F2400 X129.570 Y132.115 E48.0991
G0 F2400 X129.903 Y131.883
G1 F2400 X132.455 Y134.435 E48.1892
G0 F2400 X132.755 Y134.169
G1 F2400 X130.213 Y131.627 E48.2788
G0 F2400 X130.524 Y131.372
G1 F2400 X133.048 Y133.897 E48.3679
G0 F2400 X133.341 Y133.624
G1 F2400 X130.834 Y131.117 E48.4563
G0 F2400 X131.116 Y130.833
G1 F2400 X133.636 Y133.353 E48.5452
G0 F2400 X133.914 Y133.066
G1 F2400 X131.371 Y130.523 E48.6349
G0 F2400 X131.627 Y130.213
G1 F2400 X134.165 Y132.751 E48.7245
G0 F2400 X134.416 Y132.436
G1 F2400 X131.882 Y129.902 E48.8139
G0 F2400 X132.115 Y129.570
G1 F2400 X134.667 Y132.121 E48.9039
G0 F2400 X134.918 Y131.806
G1 F2400 X132.313 Y129.201 E48.9958
G0 F2400 X132.510 Y128.833
G1 F2400 X135.129 Y131.452 E49.0882
G0 F2400 X135.336 Y131.094
G1 F2400 X132.706 Y128.464 E49.1810
G0 F2400 X132.878 Y128.070
G1 F2400 X135.543 Y130.735 E49.2750
G0 F2400 X135.751 Y130.377
G1 F2400 X133.010 Y127.636 E49.3717
G0 F2400 X133.141 Y127.201
G1 F2400 X135.930 Y129.990 E49.4701
G0 F2400 X136.089 Y129.584
G1 F2400 X133.272 Y126.767 E49.5694
G0 F2400 X133.344 Y126.273
G1 F2400 X136.249 Y129.178 E49.6719
G0 F2400 X136.408 Y128.771
G1 F2400 X133.395 Y125.758 E49.7782
G0 F2400 X133.446 Y125.244
G1 F2400 X136.544 Y128.342 E49.8875
G0 F2400 X136.649 Y127.880
G1 F2400 X133.438 Y124.670 E50.0008
G0 F2400 X133.376 Y124.042
G1 F2400 X136.754 Y127.420 E50.1199
G0 F2400 X136.859 Y126.959
G1 F2400 X133.313 Y123.414 E50.2450
G0 F2400 X133.089 Y122.624
G1 F2400 X136.922 Y126.457 E50.3802
G0 F2400 X136.962 Y125.931
G1 F2400 X132.844 Y121.813 E50.5255
G0 F2400 X132.219 Y120.622
G1 F2400 X137.001 Y125.404 E50.6942
G0 F2400 X137.021 Y124.859
G1 F2400 X125.163 Y113.001 E51.1125
G0 F2400 X124.597 Y113.001
G1 F2400 X129.375 Y117.778 E51.2811
G0 F2400 X128.184 Y117.153
G1 F2400 X124.042 Y113.011 E51.4272
G0 F2400 X123.549 Y113.084
G1 F2400 X127.373 Y116.908 E51.5621
G0 F2400 X126.583 Y116.683
G1 F2400 X123.057 Y113.158 E51.6864
G0 F2400 X122.565 Y113.231
G1 F2400 X125.956 Y116.622 E51.8061
G0 F2400 X125.329 Y116.560
G1 F2400 X122.103 Y113.335 E51.9199
G0 F2400 X121.671 Y113.468
G1 F2400 X124.752 Y116.550 E52.0286
G0 F2400 X124.238 Y116.601
G1 F2400 X121.239 Y113.602 E52.1344
G0 F2400 X120.807 Y113.736
G1 F2400 X123.723 Y116.652 E52.2372
G0 F2400 X123.230 Y116.724
G1 F2400 X120.401 Y113.896 E52.3370
G0 F2400 X120.020 Y114.080
G1 F2400 X122.796 Y116.856 E52.4350
G0 F2400 X122.361 Y116.987
G1 F2400 X119.638 Y114.264 E52.5310
G0 F2400 X119.256 Y114.448
G1 F2400 X121.927 Y117.118 E52.6252
G0 F2400 X121.533 Y117.290
G1 F2400 X118.887 Y114.645 E52.7185
G0 F2400 X118.551 Y114.874
G1 F2400 X121.164 Y117.487 E52.8107
G0 F2400 X120.796 Y117.685
G1 F2400 X118.214 Y115.103 E52.9018
G0 F2400 X117.878 Y115.333
G1 F2400 X120.428 Y117.882 E52.9918
G0 F2400 X120.095 Y118.115
G1 F2400 X117.542 Y115.562 E53.0818
G0 F2400 X117.243 Y115.829
G1 F2400 X119.784 Y118.370 E53.1715
G0 F2400 X119.474 Y118.625
G1 F2400 X116.949 Y116.101 E53.2605
G0 F2400 X116.656 Y116.373
G1 F2400 X119.163 Y118.880 E53.3490
G0 F2400 X118.881 Y119.164
G1 F2400 X116.362 Y116.645 E53.4378
G0 F2400 X116.083 Y116.932
G1 F2400 X118.626 Y119.474 E53.5275
G0 F2400 X118.371 Y119.785
G1 F2400 X115.832 Y117.246 E53.6171
G0 F2400 X115.582 Y117.562
G1 F2400 X118.115 Y120.095 E53.7064
G0 F2400 X117.883 Y120.428
G1 F2400 X115.331 Y117.876 E53.7965
G0 F2400 X115.080 Y118.191
G1 F2400 X117.685 Y120.797 E53.8884
G0 F2400 X117.488 Y121.165
G1 F2400 X114.868 Y118.545 E53.9808
G0 F2400 X114.661 Y118.904
G1 F2400 X117.291 Y121.533 E54.0736
G0 F2400 X117.119 Y121.927
G1 F2400 X114.454 Y119.262 E54.1676
G0 F2400 X114.247 Y119.621
G1 F2400 X116.987 Y122.362 E54.2643
G0 F2400 X116.857 Y122.796
G1 F2400 X114.067 Y120.007 E54.3627
G0 F2400 X113.908 Y120.413
G1 F2400 X116.725 Y123.231 E54.4621
G0 F2400 X116.653 Y123.724
G1 F2400 X113.748 Y120.819 E54.5646
G0 F2400 X113.589 Y121.226
G1 F2400 X116.602 Y124.239 E54.6709
G0 F2400 X116.551 Y124.754
G1 F2400 X113.453 Y121.656 E54.7801
G0 F2400 X113.348 Y122.116
G1 F2400 X116.559 Y125.327 E54.8934
G0 F2400 X116.621 Y125.955
G1 F2400 X113.243 Y122.577 E55.0126
G0 F2400 X113.138 Y123.037
G1 F2400 X116.684 Y126.584 E55.1377
G0 F2400 X116.909 Y127.374
G1 F2400 X113.076 Y123.541 E55.2729
G0 F2400 X113.038 Y124.068
G1 F2400 X117.154 Y128.185 E55.4181
G0 F2400 X117.777 Y129.373
G1 F2400 X112.999 Y124.596 E55.5867
G1 F2400 E54.5867
G1 F300 Z0.350
G0 F3900 X125.729 Y113.001
G1 F300 Z0.150
G1 F1500 E55.5867
G1 F2400 X136.975 Y124.247 E55.9834
G0 F2400 X136.929 Y123.636
G1 F2400 X126.366 Y113.072 E56.3561
G0 F2400 X127.031 Y113.172
G1 F2400 X136.847 Y122.988 E56.7024
G0 F2400 X136.680 Y122.255
G1 F2400 X127.707 Y113.282 E57.0189
G0 F2400 X128.523 Y113.532
G1 F2400 X136.514 Y121.523 E57.3008
G0 F2400 X136.166 Y120.610
G1 F2400 X129.339 Y113.782 E57.5417
G0 F2400 X130.410 Y114.288
G1 F2400 X135.758 Y119.636 E57.7303
G0 F2400 X134.985 Y118.297
G1 F2400 X131.809 Y115.121 E57.8424
;PRINTING_TIME: 139
;REMAINING_TIME: 841
;LAYER:1
;Z:0.400
;HEIGHT:0.250
M106 S128
;PRINTING: haibike.stl
;PRINTING_ID: 0
G1 F2400 E56.8424
G1 F300 Z0.600
G0 F3900 X115.688 Y116.501
G0 F300 Z0.400
;TYPE:WALL-OUTER
;WIDTH:0.400
;FLOW:95.0
G1 F300 Z0.150
G1 F1500 E57.8424
G1 F2400 X117.137 Y115.137 Z0.175 E57.8502
G1 X118.693 Y114.075 Z0.198 E57.8646
G1 X120.391 Y113.258 Z0.222 E57.8860
G1 X122.190 Y112.702 Z0.246 E57.9144
G1 X124.059 Y112.421 Z0.269 E57.9500
G1 X125.940 Y112.421 Z0.293 E57.9924
G1 X127.703 Y112.687 Z0.315 E58.0389
G1 X129.612 Y113.260 Z0.340 E58.0987
G1 X131.306 Y114.075 Z0.363 E58.1620
G1 X132.862 Y115.137 Z0.387 E58.2325
G1 X133.630 Y115.849 Z0.400 E58.2739
G1 X134.248 Y116.422 Z0.400 E58.3072
G1 X135.422 Y117.894 Z0.400 E58.3815
G1 X136.365 Y119.527 Z0.400 E58.4560
G1 X137.053 Y121.281 Z0.400 E58.5304
G1 X137.473 Y123.122 Z0.400 E58.6050
G1 X137.614 Y125.000 Z0.400 E58.6794
G1 X137.473 Y126.877 Z0.400 E58.7537
G1 X137.053 Y128.718 Z0.400 E58.8283
G1 X136.365 Y130.472 Z0.400 E58.9027
G1 X135.422 Y132.105 Z0.400 E58.9772
G1 X134.248 Y133.577 Z0.400 E59.0516
G1 X132.862 Y134.862 Z0.400 E59.1262
G1 X131.306 Y135.924 Z0.400 E59.2006
G1 X129.608 Y136.741 Z0.400 E59.2751
G1 X127.907 Y137.266 Z0.400 E59.3454
G1 X125.939 Y137.578 Z0.400 E59.4241
G1 X124.059 Y137.578 Z0.400 E59.4983
G1 X122.190 Y137.297 Z0.400 E59.5730
G1 X120.391 Y136.741 Z0.400 E59.6473
G1 X118.693 Y135.924 Z0.400 E59.7218
G1 X117.137 Y134.862 Z0.400 E59.7962
G1 X115.751 Y133.577 Z0.400 E59.8708
G1 X114.577 Y132.105 Z0.400 E59.9452
G1 X113.634 Y130.472 Z0.400 E60.0197
G1 X112.946 Y128.718 Z0.400 E60.0941
G1 X112.526 Y126.877 Z0.400 E60.1687
G1 X112.385 Y125.000 Z0.400 E60.2430
G1 X112.526 Y123.122 Z0.400 E60.3174
G1 X112.946 Y121.281 Z0.400 E60.3920
G1 X113.634 Y119.527 Z0.400 E60.4664
G1 X114.577 Y117.894 Z0.400 E60.5409
G1 X115.688 Y116.501 Z0.400 E60.6112
G1 X117.137 Y115.137 Z0.400 E60.6820
G1 X118.693 Y114.075 Z0.400 E60.7420
G1 X120.391 Y113.258 Z0.400 E60.7950
G1 X122.190 Y112.702 Z0.400 E60.8410
G1 X124.059 Y112.421 Z0.400 E60.8800
G1 X125.940 Y112.421 Z0.400 E60.9119
G1 X127.703 Y112.687 Z0.400 E60.9359
G1 X129.612 Y113.260 Z0.400 E60.9548
G1 X131.306 Y114.075 Z0.400 E60.9657
G1 X132.862 Y115.137 Z0.400 E60.9696
G1 X133.630 Y115.849 Z0.400 E60.9696
G1 F2400 E59.9696
G1 F300 Z0.600
G0 F3900 X133.290 Y116.215
G0 X123.345 Y116.672
G0 X120.865 Y117.698
G0 X119.036 Y119.104
G0 X119.421 Y119.421
G1 F300 Z0.150
G1 F1500 E60.9696
G1 F2400 X118.440 Y120.616 Z0.169 E60.9743
G1 X117.710 Y121.980 Z0.189 E60.9838
G1 X117.262 Y123.461 Z0.208 E60.9980
G1 X117.110 Y125.000 Z0.227 E61.0169
G1 X117.262 Y126.538 Z0.247 E61.0405
G1 X117.710 Y128.019 Z0.266 E61.0688
G1 X118.440 Y129.383 Z0.285 E61.1019
G1 X119.421 Y130.578 Z0.305 E61.1397
G1 X120.616 Y131.559 Z0.324 E61.1822
G1 X121.980 Y132.289 Z0.343 E61.2294
G1 X123.461 Y132.737 Z0.363 E61.2814
G1 X125.000 Y132.889 Z0.382 E61.3381
G1 X126.433 Y132.747 Z0.400 E61.3950
G1 X126.538 Y132.737 Z0.400 E61.3991
G1 X128.019 Y132.289 Z0.400 E61.4602
G1 X129.383 Y131.559 Z0.400 E61.5214
G1 X130.578 Y130.578 Z0.400 E61.5824
G1 X131.559 Y129.383 Z0.400 E61.6435
G1 X132.289 Y128.019 Z0.400 E61.7046
G1 X132.737 Y126.538 Z0.400 E61.7657
G1 X132.889 Y125.000 Z0.400 E61.8267
G1 X132.737 Y123.461 Z0.400 E61.8878
G1 X132.289 Y121.980 Z0.400 E61.9489
G1 X131.559 Y120.616 Z0.400 E62.0100
G1 X130.578 Y119.421 Z0.400 E62.0711
G1 X129.383 Y118.440 Z0.400 E62.1322
G1 X128.019 Y117.710 Z0.400 E62.1933
G1 X126.538 Y117.262 Z0.400 E62.2544
G1 X124.956 Y117.114 Z0.400 E62.3171
G1 X123.461 Y117.262 Z0.400 E62.3765
G1 X121.980 Y117.710 Z0.400 E62.4376
G1 X120.616 Y118.440 Z0.400 E62.4987
G1 X119.421 Y119.421 Z0.400 E62.5597
G1 X118.440 Y120.616 Z0.400 E62.6161
G1 X117.710 Y121.980 Z0.400 E62.6677
G1 X117.262 Y123.461 Z0.400 E62.7147
G1 X117.110 Y125.000 Z0.400 E62.7569
G1 X117.262 Y126.538 Z0.400 E62.7943
G1 X117.710 Y128.019 Z0.400 E62.8271
G1 X118.440 Y129.383 Z0.400 E62.8551
G1 X119.421 Y130.578 Z0.400 E62.8784
G1 X120.616 Y131.559 Z0.400 E62.8969
G1 X121.980 Y132.289 Z0.400 E62.9108
G1 X123.461 Y132.737 Z0.400 E62.9199
G1 X125.000 Y132.889 Z0.400 E62.9243
G1 X126.433 Y132.747 Z0.400 E62.9243
G1 F2400 E61.9243
G1 F300 Z0.600
G0 F3900 X126.480 Y133.245
G0 X125.000 Y133.491
G0 X121.750 Y132.844
G0 X118.996 Y131.003
G0 X117.155 Y128.249
G0 X116.789 Y126.408
G0 X116.058 Y116.839
G0 X115.983 Y116.773
;TYPE:WALL-INNER
;WIDTH:0.400
;FLOW:85.0
G1 F300 Z0.150
G1 F1500 E62.9243
G1 F2400 X117.388 Y115.450 Z0.174 E62.9309
G1 X118.894 Y114.422 Z0.197 E62.9430
G1 X120.538 Y113.631 Z0.220 E62.9610
G1 X122.279 Y113.093 Z0.242 E62.9848
G1 X124.089 Y112.821 Z0.265 E63.0147
G1 X125.910 Y112.821 Z0.288 E63.0502
G1 X127.615 Y113.078 Z0.310 E63.0891
G1 X129.467 Y113.634 Z0.334 E63.1394
G1 X131.105 Y114.422 Z0.357 E63.1925
G1 X132.612 Y115.451 Z0.379 E63.2516
G1 X133.820 Y116.571 Z0.400 E63.3099
G1 X133.954 Y116.695 Z0.400 E63.3163
G1 X135.091 Y118.120 Z0.400 E63.3807
G1 X136.004 Y119.701 Z0.400 E63.4452
G1 X136.670 Y121.399 Z0.400 E63.5097
G1 X137.076 Y123.182 Z0.400 E63.5743
G1 X137.213 Y125.000 Z0.400 E63.6388
G1 X137.076 Y126.817 Z0.400 E63.7031
G1 X136.670 Y128.600 Z0.400 E63.7678
G1 X136.004 Y130.298 Z0.400 E63.8322
G1 X135.091 Y131.879 Z0.400 E63.8967
G1 X133.954 Y133.304 Z0.400 E63.9612
G1 X132.612 Y134.548 Z0.400 E64.0258
G1 X131.105 Y135.577 Z0.400 E64.0903
G1 X129.461 Y136.368 Z0.400 E64.1548
G1 X127.816 Y136.875 Z0.400 E64.2156
G1 X125.907 Y137.178 Z0.400 E64.2839
G1 X124.089 Y137.178 Z0.400 E64.3482
G1 X122.279 Y136.906 Z0.400 E64.4129
G1 X120.538 Y136.368 Z0.400 E64.4773
G1 X118.894 Y135.577 Z0.400 E64.5417
G1 X117.387 Y134.548 Z0.400 E64.6062
G1 X116.045 Y133.304 Z0.400 E64.6709
G1 X114.908 Y131.879 Z0.400 E64.7353
G1 X113.995 Y130.298 Z0.400 E64.7998
G1 X113.329 Y128.600 Z0.400 E64.8643
G1 X112.923 Y126.817 Z0.400 E64.9289
G1 X112.786 Y125.000 Z0.400 E64.9933
G1 X112.923 Y123.182 Z0.400 E65.0577
G1 X113.329 Y121.399 Z0.400 E65.1223
G1 X113.995 Y119.701 Z0.400 E65.1868
G1 X114.908 Y118.120 Z0.400 E65.2513
G1 X115.983 Y116.773 Z0.400 E65.3122
G1 X117.388 Y115.450 Z0.400 E65.3738
G1 X118.894 Y114.422 Z0.400 E65.4262
G1 X120.538 Y113.631 Z0.400 E65.4727
G1 X122.279 Y113.093 Z0.400 E65.5132
G1 X124.089 Y112.821 Z0.400 E65.5481
G1 X125.910 Y112.821 Z0.400 E65.5769
G1 X127.615 Y113.078 Z0.400 E65.5989
G1 X129.467 Y113.634 Z0.400 E65.6170
G1 X131.105 Y114.422 Z0.400 E65.6281
G1 X132.612 Y115.451 Z0.400 E65.6334
G1 X133.820 Y116.571 Z0.400 E65.6334
G1 F2400 E64.6334
G1 F300 Z0.600
G0 F3900 X123.423 Y117.066
G0 X121.769 Y117.750
G0 X119.137 Y119.137
G1 F300 Z0.150
G1 F1500 E65.6334
G1 F2400 X118.106 Y120.393 Z0.170 E65.6381
G1 X117.339 Y121.826 Z0.191 E65.6474
G1 X116.868 Y123.383 Z0.211 E65.6614
G1 X116.708 Y125.000 Z0.231 E65.6801
G1 X116.868 Y126.616 Z0.252 E65.7034
G1 X117.339 Y128.173 Z0.272 E65.7315
G1 X118.106 Y129.606 Z0.292 E65.7641
G1 X119.137 Y130.862 Z0.313 E65.8015
G1 X120.393 Y131.893 Z0.333 E65.8435
G1 X121.826 Y132.660 Z0.353 E65.8901
G1 X123.383 Y133.131 Z0.373 E65.9415
G1 X125.000 Y133.291 Z0.394 E65.9975
G1 X125.492 Y133.242 Z0.400 E66.0150
G1 X126.616 Y133.131 Z0.400 E66.0549
G1 X128.173 Y132.660 Z0.400 E66.1124
G1 X129.606 Y131.893 Z0.400 E66.1698
G1 X130.862 Y130.862 Z0.400 E66.2273
G1 X131.893 Y129.606 Z0.400 E66.2847
G1 X132.660 Y128.173 Z0.400 E66.3421
G1 X133.131 Y126.616 Z0.400 E66.3996
G1 X133.291 Y125.000 Z0.400 E66.4570
G1 X133.131 Y123.383 Z0.400 E66.5144
G1 X132.660 Y121.826 Z0.400 E66.5719
G1 X131.893 Y120.393 Z0.400 E66.6293
G1 X130.862 Y119.137 Z0.400 E66.6868
G1 X129.606 Y118.106 Z0.400 E66.7442
G1 X128.173 Y117.339 Z0.400 E66.8016
G1 X126.615 Y116.867 Z0.400 E66.8592
G1 X124.955 Y116.712 Z0.400 E66.9181
G1 X123.383 Y116.868 Z0.400 E66.9739
G1 X121.826 Y117.339 Z0.400 E67.0314
G1 X120.393 Y118.106 Z0.400 E67.0888
G1 X119.137 Y119.137 Z0.400 E67.1463
G1 X118.106 Y120.393 Z0.400 E67.1990
G1 X117.339 Y121.826 Z0.400 E67.2471
G1 X116.868 Y123.383 Z0.400 E67.2906
G1 X116.708 Y125.000 Z0.400 E67.3293
G1 X116.868 Y126.616 Z0.400 E67.3634
G1 X117.339 Y128.173 Z0.400 E67.3929
G1 X118.106 Y129.606 Z0.400 E67.4176
G1 X119.137 Y130.862 Z0.400 E67.4377
G1 X120.393 Y131.893 Z0.400 E67.4531
G1 X121.826 Y132.660 Z0.400 E67.4639
G1 X123.383 Y133.131 Z0.400 E67.4700
G1 X125.000 Y133.291 Z0.400 E67.4714
G1 X125.492 Y133.242 Z0.400 E67.4714
G1 F2400 E66.4714
G1 F300 Z0.600
G0 F3900 X131.916 Y134.804
;TYPE:SOLID-FILL
;WIDTH:0.400
G1 F300 Z0.400
G1 F1500 E67.4714
G1 F2700 X134.930 Y131.789 E67.6221
G0 F2700 X135.711 Y130.443
G1 F2700 X130.476 Y135.678 E67.8837
G0 F2700 X129.387 Y136.202
G1 F2700 X136.144 Y129.445 E68.2214
G0 F2700 X136.502 Y128.520
G1 F2700 X128.568 Y136.455 E68.6179
G0 F2700 X127.754 Y136.703
G1 F2700 X136.670 Y127.787 E69.0635
G0 F2700 X136.837 Y127.055
G1 F2700 X127.082 Y136.809 E69.5510
G0 F2700 X126.410 Y136.915
G1 F2700 X136.926 Y126.400 E70.0766
G0 F2700 X136.971 Y125.789
G1 F2700 X125.763 Y136.997 E70.6367
G0 F2700 X125.197 Y136.997
G1 F2700 X137.017 Y125.177 E71.2274
G0 F2700 X137.002 Y124.626
G1 F2700 X132.182 Y129.447 E71.4683
G0 F2700 X132.830 Y128.233
G1 F2700 X136.963 Y124.100 E71.6749
G0 F2700 X136.924 Y123.573
G1 F2700 X133.074 Y127.423 E71.8673
G0 F2700 X133.310 Y126.621
G1 F2700 X136.864 Y123.067 E72.0449
G0 F2700 X136.760 Y122.606
G1 F2700 X133.373 Y125.993 E72.2142
G0 F2700 X133.435 Y125.365
G1 F2700 X136.654 Y122.146 E72.3751
G0 F2700 X136.550 Y121.685
G1 F2700 X133.450 Y124.784 E72.5300
G0 F2700 X133.399 Y124.269
G1 F2700 X136.417 Y121.251 E72.6808
G0 F2700 X136.258 Y120.845
G1 F2700 X133.348 Y123.755 E72.8262
G0 F2700 X133.281 Y123.257
G1 F2700 X136.098 Y120.439 E72.9670
G0 F2700 X135.939 Y120.032
G1 F2700 X133.150 Y122.822 E73.1064
G0 F2700 X133.018 Y122.388
G1 F2700 X135.762 Y119.644 E73.2436
G0 F2700 X135.555 Y119.286
G1 F2700 X132.887 Y121.953 E73.3769
G0 F2700 X132.719 Y121.555
G1 F2700 X135.348 Y118.927 E73.5083
G0 F2700 X135.140 Y118.569
G1 F2700 X132.522 Y121.187 E73.6391
G0 F2700 X132.325 Y120.819
G1 F2700 X134.932 Y118.211 E73.7694
G0 F2700 X134.681 Y117.897
G1 F2700 X132.127 Y120.450 E73.8970
G0 F2700 X131.898 Y120.114
G1 F2700 X134.430 Y117.581 E74.0236
G0 F2700 X134.179 Y117.267
G1 F2700 X131.642 Y119.804 E74.1504
G0 F2700 X131.387 Y119.493
G1 F2700 X133.928 Y116.952 E74.2774
G0 F2700 X133.654 Y116.661
G1 F2700 X131.132 Y119.183 E74.4034
G0 F2700 X130.852 Y118.897
G1 F2700 X133.360 Y116.389 E74.5288
G0 F2700 X133.066 Y116.117
G1 F2700 X130.541 Y118.642 E74.6550
G0 F2700 X130.231 Y118.387
G1 F2700 X132.773 Y115.845 E74.7820
G0 F2700 X132.477 Y115.575
G1 F2700 X129.920 Y118.132 E74.9098
G0 F2700 X129.592 Y117.895
G1 F2700 X132.140 Y115.346 E75.0371
G0 F2700 X131.803 Y115.117
G1 F2700 X129.223 Y117.697 E75.1661
G0 F2700 X128.855 Y117.500
G1 F2700 X131.468 Y114.887 E75.2967
G0 F2700 X131.131 Y114.658
G1 F2700 X128.486 Y117.303 E75.4289
G0 F2700 X128.096 Y117.127
G1 F2700 X130.765 Y114.458 E75.5623
G0 F2700 X130.384 Y114.274
G1 F2700 X127.662 Y116.996 E75.6983
G0 F2700 X127.228 Y116.864
G1 F2700 X130.002 Y114.090 E75.8369
G0 F2700 X129.620 Y113.907
G1 F2700 X126.794 Y116.733 E75.9782
G0 F2700 X126.304 Y116.657
G1 F2700 X129.215 Y113.745 E76.1237
G0 F2700 X128.781 Y113.615
G1 F2700 X125.786 Y116.609 E76.2733
G0 F2700 X125.269 Y116.560
G1 F2700 X128.346 Y113.484 E76.4271
G0 F2700 X127.910 Y113.354
G1 F2700 X124.708 Y116.555 E76.5871
G0 F2700 X124.080 Y116.618
G1 F2700 X127.463 Y113.236 E76.7561
G0 F2700 X126.970 Y113.162
G1 F2700 X123.453 Y116.680 E76.9319
G0 F2700 X122.673 Y116.893
G1 F2700 X126.479 Y113.088 E77.1221
G0 F2700 X125.988 Y113.014
G1 F2700 X121.863 Y117.138 E77.3282
G0 F2700 X120.698 Y117.738
G1 F2700 X125.435 Y113.000 E77.5650
G0 F2700 X124.870 Y113.000
G1 F2700 X112.974 Y124.896 E78.1595
G0 F2700 X112.999 Y125.436
G1 F2700 X117.737 Y120.698 E78.3963
G0 F2700 X117.137 Y121.864
G1 F2700 X113.039 Y125.962 E78.6011
G0 F2700 X113.079 Y126.488
G1 F2700 X116.893 Y122.674 E78.7917
G0 F2700 X116.679 Y123.453
G1 F2700 X113.146 Y126.987 E78.9683
G0 F2700 X113.250 Y127.448
G1 F2700 X116.617 Y124.081 E79.1366
G0 F2700 X116.555 Y124.708
G1 F2700 X113.356 Y127.908 E79.2965
G0 F2700 X113.460 Y128.369
G1 F2700 X116.553 Y125.276 E79.4511
G0 F2700 X116.604 Y125.791
G1 F2700 X113.600 Y128.795 E79.6012
G0 F2700 X113.759 Y129.202
G1 F2700 X116.656 Y126.305 E79.7460
G0 F2700 X116.733 Y126.794
G1 F2700 X113.919 Y129.608 E79.8866
G0 F2700 X114.078 Y130.015
G1 F2700 X116.864 Y127.229 E80.0259
G0 F2700 X116.995 Y127.663
G1 F2700 X114.261 Y130.397 E80.1625
G0 F2700 X114.468 Y130.756
G1 F2700 X117.127 Y128.097 E80.2954
G0 F2700 X117.302 Y128.487
G1 F2700 X114.675 Y131.114 E80.4267
G0 F2700 X114.882 Y131.473
G1 F2700 X117.499 Y128.856 E80.5575
G0 F2700 X117.697 Y129.224
G1 F2700 X115.096 Y131.825 E80.6874
G0 F2700 X115.347 Y132.139
G1 F2700 X117.893 Y129.593 E80.8147
G0 F2700 X118.131 Y129.921
G1 F2700 X115.598 Y132.454 E80.9413
G0 F2700 X115.849 Y132.769
G1 F2700 X118.386 Y130.232 E81.0681
G0 F2700 X118.641 Y130.543
G1 F2700 X116.099 Y133.084 E81.1951
G0 F2700 X116.379 Y133.370
G1 F2700 X118.896 Y130.853 E81.3209
G0 F2700 X119.184 Y131.131
G1 F2700 X116.673 Y133.642 E81.4464
G0 F2700 X116.967 Y133.914
G1 F2700 X119.494 Y131.386 E81.5727
G0 F2700 X119.805 Y131.642
G1 F2700 X117.260 Y134.186 E81.6998
G0 F2700 X117.562 Y134.449
G1 F2700 X120.115 Y131.897 E81.8274
G0 F2700 X120.451 Y132.127
G1 F2700 X117.898 Y134.679 E81.9550
G0 F2700 X118.235 Y134.908
G1 F2700 X120.819 Y132.324 E82.0841
G0 F2700 X121.188 Y132.521
G1 F2700 X118.571 Y135.138 E82.2149
G0 F2700 X118.907 Y135.367
G1 F2700 X121.556 Y132.718 E82.3473
G0 F2700 X121.954 Y132.886
G1 F2700 X119.279 Y135.561 E82.4810
G0 F2700 X119.661 Y135.745
G1 F2700 X122.388 Y133.018 E82.6173
G0 F2700 X122.823 Y133.148
G1 F2700 X120.042 Y135.929 E82.7563
G0 F2700 X120.424 Y136.113
G1 F2700 X123.257 Y133.280 E82.8978
G0 F2700 X123.756 Y133.347
G1 F2700 X120.833 Y136.270 E83.0439
G0 F2700 X121.265 Y136.404
G1 F2700 X124.271 Y133.398 E83.1942
G0 F2700 X124.785 Y133.449
G1 F2700 X121.697 Y136.538 E83.3485
G0 F2700 X122.129 Y136.671
G1 F2700 X125.366 Y133.434 E83.5103
G0 F2700 X125.994 Y133.372
G1 F2700 X122.595 Y136.771 E83.6802
G0 F2700 X123.087 Y136.844
G1 F2700 X126.622 Y133.310 E83.8568
G0 F2700 X127.424 Y133.073
G1 F2700 X123.579 Y136.918 E84.0490
G0 F2700 X124.071 Y136.992
G1 F2700 X128.234 Y132.829 E84.2570
G0 F2700 X129.449 Y132.180
G1 F2700 X124.631 Y136.997 E84.4978
G1 F2400 E83.4978
G1 F300 Z0.600
G0 F3900 X113.020 Y124.284
G1 F300 Z0.400
G1 F1500 E84.4978
G1 F2700 X124.304 Y113.000 E85.0617
G0 F2700 X123.673 Y113.065
G1 F2700 X113.065 Y123.673 E85.5919
G0 F2700 X113.139 Y123.033
G1 F2700 X123.009 Y113.164 E86.0851
G0 F2700 X122.343 Y113.264
G1 F2700 X113.307 Y122.300 E86.5367
G0 F2700 X113.474 Y121.567
G1 F2700 X121.530 Y113.511 E86.9393
G0 F2700 X120.711 Y113.764
G1 F2700 X113.809 Y120.667 E87.2843
G0 F2700 X114.192 Y119.718
G1 F2700 X119.655 Y114.255 E87.5573
G0 F2700 X118.301 Y115.044
G1 F2700 X114.965 Y118.379 E87.7240
;PRINTING_TIME: 177
;REMAINING_TIME: 802
;LAYER:2
;Z:0.650
;HEIGHT:0.250
;FLOW:100.0
;PRINTING: haibike.stl
;PRINTING_ID: 0
G1 F2400 E86.7240
G1 F300 Z0.850
G0 F3900 X115.751 Y116.422
G0 F300 Z0.650
;TYPE:WALL-OUTER
;WIDTH:0.400
;FLOW:95.0
G1 F300 Z0.400
G1 F1500 E87.7240
G1 F2400 X117.137 Y115.137 Z0.424 E87.7310
G1 X118.693 Y114.075 Z0.447 E87.7451
G1 X120.391 Y113.258 Z0.471 E87.7661
G1 X122.190 Y112.702 Z0.494 E87.7942
G1 X124.059 Y112.421 Z0.518 E87.8294
G1 X125.940 Y112.421 Z0.541 E87.8714
G1 X127.616 Y112.673 Z0.563 E87.9149
G1 X128.612 Y112.965 Z0.576 E87.9437
G1 X129.609 Y113.258 Z0.589 E87.9747
G1 X131.306 Y114.075 Z0.612 E88.0378
G1 X132.862 Y115.137 Z0.636 E88.1079
G1 X133.704 Y115.917 Z0.650 E88.1533
G1 X134.248 Y116.422 Z0.650 E88.1826
G1 X135.422 Y117.894 Z0.650 E88.2569
G1 X136.365 Y119.527 Z0.650 E88.3314
G1 X137.053 Y121.281 Z0.650 E88.4058
G1 X137.473 Y123.122 Z0.650 E88.4804
G1 X137.614 Y125.000 Z0.650 E88.5548
G1 X137.473 Y126.877 Z0.650 E88.6291
G1 X137.053 Y128.718 Z0.650 E88.7037
G1 X136.365 Y130.472 Z0.650 E88.7781
G1 X135.422 Y132.105 Z0.650 E88.8526
G1 X134.248 Y133.577 Z0.650 E88.9270
G1 X132.862 Y134.862 Z0.650 E89.0016
G1 X131.306 Y135.924 Z0.650 E89.0760
G1 X129.608 Y136.741 Z0.650 E89.1505
G1 X127.991 Y137.240 Z0.650 E89.2173
G1 X125.942 Y137.578 Z0.650 E89.2993
G1 X124.059 Y137.578 Z0.650 E89.3737
G1 X122.190 Y137.297 Z0.650 E89.4483
G1 X120.391 Y136.741 Z0.650 E89.5227
G1 X118.693 Y135.924 Z0.650 E89.5971
G1 X117.137 Y134.862 Z0.650 E89.6715
G1 X115.751 Y133.577 Z0.650 E89.7462
G1 X114.577 Y132.105 Z0.650 E89.8206
G1 X113.634 Y130.472 Z0.650 E89.8950
G1 X112.946 Y128.718 Z0.650 E89.9695
G1 X112.526 Y126.877 Z0.650 E90.0440
G1 X112.385 Y125.000 Z0.650 E90.1184
G1 X112.526 Y123.122 Z0.650 E90.1928
G1 X112.946 Y121.281 Z0.650 E90.2673
G1 X113.634 Y119.527 Z0.650 E90.3418
G1 X114.577 Y117.894 Z0.650 E90.4162
G1 X115.751 Y116.422 Z0.650 E90.4906
G1 X117.137 Y115.137 Z0.650 E90.5582
G1 X118.693 Y114.075 Z0.650 E90.6186
G1 X120.391 Y113.258 Z0.650 E90.6719
G1 X122.190 Y112.702 Z0.650 E90.7183
G1 X124.059 Y112.421 Z0.650 E90.7577
G1 X125.940 Y112.421 Z0.650 E90.7900
G1 X127.616 Y112.673 Z0.650 E90.8134
G1 X128.612 Y112.965 Z0.650 E90.8256
G1 X129.609 Y113.258 Z0.650 E90.8357
G1 X131.306 Y114.075 Z0.650 E90.8470
G1 X132.862 Y115.137 Z0.650 E90.8512
G1 X133.704 Y115.917 Z0.650 E90.8512
G1 F2400 E89.8512
G1 F300 Z0.850
G0 F3900 X133.364 Y116.283
G0 X123.345 Y116.672
G0 X120.865 Y117.698
G0 X119.036 Y119.104
G0 X119.421 Y119.421
G1 F300 Z0.400
G1 F1500 E90.8512
G1 F2400 X118.440 Y120.616 Z0.419 E90.8560
G1 X117.710 Y121.980 Z0.439 E90.8654
G1 X117.262 Y123.461 Z0.458 E90.8796
G1 X117.110 Y125.000 Z0.477 E90.8985
G1 X117.262 Y126.538 Z0.497 E90.9221
G1 X117.710 Y128.019 Z0.516 E90.9504
G1 X118.440 Y129.383 Z0.535 E90.9835
G1 X119.421 Y130.578 Z0.555 E91.0213
G1 X120.616 Y131.559 Z0.574 E91.0638
G1 X121.980 Y132.289 Z0.593 E91.1110
G1 X123.461 Y132.737 Z0.613 E91.1630
G1 X125.000 Y132.889 Z0.632 E91.2197
G1 X126.433 Y132.747 Z0.650 E91.2766
G1 X126.538 Y132.737 Z0.650 E91.2807
G1 X128.019 Y132.289 Z0.650 E91.3419
G1 X129.383 Y131.559 Z0.650 E91.4030
G1 X130.578 Y130.578 Z0.650 E91.4640
G1 X131.559 Y129.383 Z0.650 E91.5251
G1 X132.289 Y128.019 Z0.650 E91.5862
G1 X132.737 Y126.538 Z0.650 E91.6473
G1 X132.889 Y125.000 Z0.650 E91.7083
G1 X132.737 Y123.461 Z0.650 E91.7694
G1 X132.289 Y121.980 Z0.650 E91.8305
G1 X131.559 Y120.616 Z0.650 E91.8916
G1 X130.578 Y119.421 Z0.650 E91.9527
G1 X129.383 Y118.440 Z0.650 E92.0138
G1 X128.019 Y117.710 Z0.650 E92.0749
G1 X126.537 Y117.262 Z0.650 E92.1360
G1 X124.918 Y117.118 Z0.650 E92.2002
G1 X123.461 Y117.262 Z0.650 E92.2580
G1 X121.980 Y117.710 Z0.650 E92.3192
G1 X120.616 Y118.440 Z0.650 E92.3803
G1 X119.421 Y119.421 Z0.650 E92.4413
G1 X118.440 Y120.616 Z0.650 E92.4977
G1 X117.710 Y121.980 Z0.650 E92.5493
G1 X117.262 Y123.461 Z0.650 E92.5963
G1 X117.110 Y125.000 Z0.650 E92.6384
G1 X117.262 Y126.538 Z0.650 E92.6759
G1 X117.710 Y128.019 Z0.650 E92.7086
G1 X118.440 Y129.383 Z0.650 E92.7367
G1 X119.421 Y130.578 Z0.650 E92.7600
G1 X120.616 Y131.559 Z0.650 E92.7785
G1 X121.980 Y132.289 Z0.650 E92.7924
G1 X123.461 Y132.737 Z0.650 E92.8015
G1 X125.000 Y132.889 Z0.650 E92.8059
G1 X126.433 Y132.747 Z0.650 E92.8059
G1 F2400 E91.8059
G1 F300 Z0.850
G0 F3900 X126.480 Y133.245
G0 X125.000 Y133.491
G0 X121.750 Y132.844
G0 X118.996 Y131.003
G0 X117.155 Y128.249
G0 X116.789 Y126.408
G0 X116.119 Y116.762
G0 X116.045 Y116.695
;TYPE:WALL-INNER
;WIDTH:0.400
;FLOW:85.0
G1 F300 Z0.400
G1 F1500 E92.8059
G1 F2400 X117.387 Y115.451 Z0.423 E92.8118
G1 X118.894 Y114.422 Z0.446 E92.8236
G1 X120.538 Y113.631 Z0.468 E92.8413
G1 X122.279 Y113.093 Z0.491 E92.8648
G1 X124.089 Y112.821 Z0.514 E92.8943
G1 X125.910 Y112.821 Z0.537 E92.9295
G1 X127.530 Y113.064 Z0.557 E92.9660
G1 X128.497 Y113.348 Z0.570 E92.9902
G1 X129.465 Y113.633 Z0.583 E93.0163
G1 X131.105 Y114.422 Z0.605 E93.0691
G1 X132.612 Y115.451 Z0.628 E93.1279
G1 X133.893 Y116.639 Z0.650 E93.1897
G1 X133.954 Y116.695 Z0.650 E93.1926
G1 X135.091 Y118.120 Z0.650 E93.2570
G1 X136.004 Y119.701 Z0.650 E93.3215
G1 X136.670 Y121.399 Z0.650 E93.3860
G1 X137.076 Y123.182 Z0.650 E93.4506
G1 X137.213 Y125.000 Z0.650 E93.5150
G1 X137.076 Y126.817 Z0.650 E93.5794
G1 X136.670 Y128.600 Z0.650 E93.6441
G1 X136.004 Y130.298 Z0.650 E93.7085
G1 X135.091 Y131.879 Z0.650 E93.7730
G1 X133.954 Y133.304 Z0.650 E93.8375
G1 X132.612 Y134.548 Z0.650 E93.9021
G1 X131.105 Y135.577 Z0.650 E93.9666
G1 X129.461 Y136.368 Z0.650 E94.0311
G1 X127.899 Y136.850 Z0.650 E94.0888
G1 X125.909 Y137.178 Z0.650 E94.1601
G1 X124.089 Y137.178 Z0.650 E94.2244
G1 X122.279 Y136.906 Z0.650 E94.2891
G1 X120.538 Y136.368 Z0.650 E94.3535
G1 X118.894 Y135.577 Z0.650 E94.4180
G1 X117.387 Y134.548 Z0.650 E94.4825
G1 X116.045 Y133.304 Z0.650 E94.5471
G1 X114.908 Y131.879 Z0.650 E94.6116
G1 X113.995 Y130.298 Z0.650 E94.6761
G1 X113.329 Y128.600 Z0.650 E94.7405
G1 X112.923 Y126.817 Z0.650 E94.8052
G1 X112.786 Y125.000 Z0.650 E94.8696
G1 X112.923 Y123.182 Z0.650 E94.9340
G1 X113.329 Y121.399 Z0.650 E94.9986
G1 X113.995 Y119.701 Z0.650 E95.0631
G1 X114.908 Y118.120 Z0.650 E95.1276
G1 X116.045 Y116.695 Z0.650 E95.1920
G1 X117.387 Y115.451 Z0.650 E95.2508
G1 X118.894 Y114.422 Z0.650 E95.3035
G1 X120.538 Y113.631 Z0.650 E95.3503
G1 X122.279 Y113.093 Z0.650 E95.3911
G1 X124.089 Y112.821 Z0.650 E95.4263
G1 X125.910 Y112.821 Z0.650 E95.4554
G1 X127.530 Y113.064 Z0.650 E95.4769
G1 X128.497 Y113.348 Z0.650 E95.4883
G1 X129.465 Y113.633 Z0.650 E95.4979
G1 X131.105 Y114.422 Z0.650 E95.5094
G1 X132.612 Y115.451 Z0.650 E95.5150
G1 X133.893 Y116.639 Z0.650 E95.5150
G1 F2400 E94.5150
G1 F300 Z0.850
G0 F3900 X123.423 Y117.066
G0 X121.769 Y117.750
G0 X119.137 Y119.137
G1 F300 Z0.400
G1 F1500 E95.5150
G1 F2400 X118.106 Y120.393 Z0.420 E95.5197
G1 X117.339 Y121.826 Z0.441 E95.5290
G1 X116.868 Y123.383 Z0.461 E95.5430
G1 X116.708 Y125.000 Z0.481 E95.5617
G1 X116.868 Y126.616 Z0.502 E95.5850
G1 X117.339 Y128.173 Z0.522 E95.6130
G1 X118.106 Y129.606 Z0.542 E95.6457
G1 X119.137 Y130.862 Z0.563 E95.6830
G1 X120.393 Y131.893 Z0.583 E95.7250
G1 X121.826 Y132.660 Z0.603 E95.7717
G1 X123.383 Y133.131 Z0.623 E95.8231
G1 X125.000 Y133.291 Z0.644 E95.8791
G1 X125.492 Y133.242 Z0.650 E95.8966
G1 X126.616 Y133.131 Z0.650 E95.9365
G1 X128.173 Y132.660 Z0.650 E95.9940
G1 X129.606 Y131.893 Z0.650 E96.0514
G1 X130.862 Y130.862 Z0.650 E96.1088
G1 X131.893 Y129.606 Z0.650 E96.1663
G1 X132.660 Y128.173 Z0.650 E96.2237
G1 X133.131 Y126.616 Z0.650 E96.2812
G1 X133.291 Y125.000 Z0.650 E96.3386
G1 X133.131 Y123.383 Z0.650 E96.3960
G1 X132.660 Y121.826 Z0.650 E96.4535
G1 X131.893 Y120.393 Z0.650 E96.5109
G1 X130.862 Y119.137 Z0.650 E96.5683
G1 X129.606 Y118.106 Z0.650 E96.6258
G1 X128.173 Y117.339 Z0.650 E96.6832
G1 X126.613 Y116.867 Z0.650 E96.7408
G1 X124.916 Y116.716 Z0.650 E96.8010
G1 X123.383 Y116.868 Z0.650 E96.8554
G1 X121.826 Y117.339 Z0.650 E96.9129
G1 X120.393 Y118.106 Z0.650 E96.9704
G1 X119.137 Y119.137 Z0.650 E97.0278
G1 X118.106 Y120.393 Z0.650 E97.0806
G1 X117.339 Y121.826 Z0.650 E97.1287
G1 X116.868 Y123.383 Z0.650 E97.1721
G1 X116.708 Y125.000 Z0.650 E97.2109
G1 X116.868 Y126.616 Z0.650 E97.2450
G1 X117.339 Y128.173 Z0.650 E97.2744
G1 X118.106 Y129.606 Z0.650 E97.2992
G1 X119.137 Y130.862 Z0.650 E97.3193
G1 X120.393 Y131.893 Z0.650 E97.3347
G1 X121.826 Y132.660 Z0.650 E97.3454
G1 X123.383 Y133.131 Z0.650 E97.3515
G1 X125.000 Y133.291 Z0.650 E97.3530
G1 X125.492 Y133.242 Z0.650 E97.3530
G1 F2400 E96.3530
G1 F300 Z0.850
G0 F3900 X118.188 Y134.876
;TYPE:SOLID-FILL
;WIDTH:0.400
G1 F300 Z0.650
G1 F1500 E97.3530
G1 F3000 X115.013 Y131.700 E97.5117
G0 F3000 X114.239 Y130.361
G1 F3000 X119.587 Y135.709 E97.7789
G0 F3000 X120.660 Y136.217
G1 F3000 X113.831 Y129.387 E98.1203
G0 F3000 X113.484 Y128.474
G1 F3000 X121.479 Y136.470 E98.5198
G0 F3000 X122.298 Y136.723
G1 F3000 X113.317 Y127.742 E98.9687
G0 F3000 X113.150 Y127.009
G1 F3000 X122.967 Y136.826 E99.4593
G0 F3000 X123.632 Y136.926
G1 F3000 X113.068 Y126.362 E99.9873
G0 F3000 X113.022 Y125.750
G1 F3000 X124.269 Y136.996 E100.5493
G0 F3000 X124.834 Y136.996
G1 F3000 X112.976 Y125.138 E101.1419
G0 F3000 X112.996 Y124.592
G1 F3000 X117.777 Y129.373 E101.3809
G0 F3000 X117.154 Y128.185
G1 F3000 X113.035 Y124.066 E101.5867
G0 F3000 X113.074 Y123.540
G1 F3000 X116.909 Y127.374 E101.7784
G0 F3000 X116.684 Y126.584
G1 F3000 X113.138 Y123.037 E101.9556
G0 F3000 X113.243 Y122.576
G1 F3000 X116.621 Y125.955 E102.1245
G0 F3000 X116.559 Y125.327
G1 F3000 X113.348 Y122.116 E102.2849
G0 F3000 X113.453 Y121.656
G1 F3000 X116.551 Y124.754 E102.4398
G0 F3000 X116.602 Y124.239
G1 F3000 X113.589 Y121.226 E102.5903
G0 F3000 X113.748 Y120.819
G1 F3000 X116.653 Y123.724 E102.7355
G0 F3000 X116.725 Y123.231
G1 F3000 X113.908 Y120.413 E102.8763
G0 F3000 X114.067 Y120.007
G1 F3000 X116.857 Y122.796 E103.0157
G0 F3000 X116.987 Y122.362
G1 F3000 X114.247 Y119.621 E103.1527
G0 F3000 X114.454 Y119.262
G1 F3000 X117.119 Y121.927 E103.2859
G0 F3000 X117.291 Y121.533
G1 F3000 X114.661 Y118.904 E103.4173
G0 F3000 X114.868 Y118.545
G1 F3000 X117.488 Y121.165 E103.5483
G0 F3000 X117.685 Y120.797
G1 F3000 X115.080 Y118.191 E103.6785
G0 F3000 X115.331 Y117.876
G1 F3000 X117.883 Y120.428 E103.8060
G0 F3000 X118.115 Y120.095
G1 F3000 X115.582 Y117.562 E103.9326
G0 F3000 X115.832 Y117.246
G1 F3000 X118.371 Y119.785 E104.0595
G0 F3000 X118.626 Y119.474
G1 F3000 X116.083 Y116.932 E104.1866
G0 F3000 X116.362 Y116.645
G1 F3000 X118.881 Y119.164 E104.3124
G0 F3000 X119.163 Y118.880
G1 F3000 X116.656 Y116.373 E104.4377
G0 F3000 X116.949 Y116.101
G1 F3000 X119.474 Y118.625 E104.5639
G0 F3000 X119.784 Y118.370
G1 F3000 X117.243 Y115.829 E104.6909
G0 F3000 X117.542 Y115.562
G1 F3000 X120.095 Y118.115 E104.8185
G0 F3000 X120.428 Y117.882
G1 F3000 X117.878 Y115.333 E104.9459
G0 F3000 X118.214 Y115.103
G1 F3000 X120.796 Y117.685 E105.0749
G0 F3000 X121.164 Y117.487
G1 F3000 X118.551 Y114.874 E105.2055
G0 F3000 X118.887 Y114.645
G1 F3000 X121.533 Y117.290 E105.3377
G0 F3000 X121.927 Y117.118
G1 F3000 X119.256 Y114.448 E105.4712
G0 F3000 X119.638 Y114.264
G1 F3000 X122.361 Y116.987 E105.6073
G0 F3000 X122.796 Y116.856
G1 F3000 X120.020 Y114.080 E105.7460
G0 F3000 X120.401 Y113.896
G1 F3000 X123.230 Y116.724 E105.8874
G0 F3000 X123.723 Y116.652
G1 F3000 X120.807 Y113.736 E106.0331
G0 F3000 X121.239 Y113.602
G1 F3000 X124.238 Y116.601 E106.1830
G0 F3000 X124.752 Y116.550
G1 F3000 X121.671 Y113.468 E106.3370
G0 F3000 X122.103 Y113.335
G1 F3000 X125.340 Y116.572 E106.4988
G0 F3000 X125.961 Y116.628
G1 F3000 X122.565 Y113.231 E106.6685
G0 F3000 X123.057 Y113.158
G1 F3000 X126.582 Y116.683 E106.8447
G0 F3000 X127.373 Y116.908
G1 F3000 X123.549 Y113.084 E107.0358
G0 F3000 X124.042 Y113.011
G1 F3000 X128.184 Y117.153 E107.2428
G0 F3000 X129.375 Y117.778
G1 F3000 X124.597 Y113.001 E107.4816
G0 F3000 X125.163 Y113.001
G1 F3000 X137.021 Y124.858 E108.0742
G0 F3000 X137.001 Y125.404
G1 F3000 X132.219 Y120.622 E108.3132
G0 F3000 X132.844 Y121.813
G1 F3000 X136.961 Y125.930 E108.5189
G0 F3000 X136.922 Y126.457
G1 F3000 X133.089 Y122.624 E108.7105
G0 F3000 X133.313 Y123.414
G1 F3000 X136.859 Y126.959 E108.8877
G0 F3000 X136.754 Y127.420
G1 F3000 X133.376 Y124.042 E109.0565
G0 F3000 X133.438 Y124.670
G1 F3000 X136.649 Y127.880 E109.2169
G0 F3000 X136.544 Y128.342
G1 F3000 X133.446 Y125.244 E109.3718
G0 F3000 X133.395 Y125.758
G1 F3000 X136.408 Y128.771 E109.5223
G0 F3000 X136.249 Y129.178
G1 F3000 X133.344 Y126.273 E109.6675
G0 F3000 X133.272 Y126.767
G1 F3000 X136.089 Y129.584 E109.8083
G0 F3000 X135.930 Y129.990
G1 F3000 X133.141 Y127.201 E109.9477
G0 F3000 X133.010 Y127.636
G1 F3000 X135.751 Y130.377 E110.0847
G0 F3000 X135.543 Y130.735
G1 F3000 X132.878 Y128.070 E110.2179
G0 F3000 X132.706 Y128.464
G1 F3000 X135.336 Y131.094 E110.3493
G0 F3000 X135.129 Y131.452
G1 F3000 X132.510 Y128.833 E110.4802
G0 F3000 X132.313 Y129.201
G1 F3000 X134.918 Y131.806 E110.6104
G0 F3000 X134.667 Y132.121
G1 F3000 X132.115 Y129.570 E110.7379
G0 F3000 X131.882 Y129.902
G1 F3000 X134.416 Y132.436 E110.8645
G0 F3000 X134.165 Y132.751
G1 F3000 X131.627 Y130.213 E110.9914
G0 F3000 X131.371 Y130.523
G1 F3000 X133.914 Y133.066 E111.1185
G0 F3000 X133.636 Y133.353
G1 F3000 X131.116 Y130.833 E111.2444
G0 F3000 X130.834 Y131.117
G1 F3000 X133.341 Y133.624 E111.3697
G0 F3000 X133.048 Y133.897
G1 F3000 X130.524 Y131.372 E111.4959
G0 F3000 X130.213 Y131.627
G1 F3000 X132.755 Y134.169 E111.6229
G0 F3000 X132.455 Y134.435
G1 F3000 X129.903 Y131.883 E111.7505
G0 F3000 X129.570 Y132.115
G1 F3000 X132.119 Y134.664 E111.8778
G0 F3000 X131.783 Y134.894
G1 F3000 X129.201 Y132.313 E112.0069
G0 F3000 X128.833 Y132.510
G1 F3000 X131.446 Y135.123 E112.1375
G0 F3000 X131.110 Y135.352
G1 F3000 X128.465 Y132.707 E112.2696
G0 F3000 X128.071 Y132.879
G1 F3000 X130.741 Y135.550 E112.4031
G0 F3000 X130.360 Y135.734
G1 F3000 X127.637 Y133.011 E112.5392
G0 F3000 X127.202 Y133.141
G1 F3000 X129.978 Y135.917 E112.6779
G0 F3000 X129.596 Y136.101
G1 F3000 X126.767 Y133.273 E112.8193
G0 F3000 X126.274 Y133.345
G1 F3000 X129.191 Y136.262 E112.9651
G0 F3000 X128.759 Y136.395
G1 F3000 X125.759 Y133.396 E113.1150
G0 F3000 X125.244 Y133.447
G1 F3000 X128.327 Y136.529 E113.2690
G0 F3000 X127.895 Y136.663
G1 F3000 X124.670 Y133.438 E113.4302
G0 F3000 X124.042 Y133.376
G1 F3000 X127.413 Y136.747 E113.5987
G0 F3000 X126.927 Y136.827
G1 F3000 X123.414 Y133.314 E113.7742
G0 F3000 X122.624 Y133.089
G1 F3000 X126.441 Y136.906 E113.9650
G0 F3000 X125.955 Y136.986
G1 F3000 X121.813 Y132.844 E114.1720
G0 F3000 X120.623 Y132.219
G1 F3000 X125.400 Y136.996 E114.4107
G1 F2400 E113.4107
G1 F300 Z0.850
G0 F3900 X136.975 Y124.247
G1 F300 Z0.650
G1 F1500 E114.4107
G1 F3000 X125.729 Y113.001 E114.9728
G0 F3000 X126.365 Y113.072
G1 F3000 X136.929 Y123.636 E115.5007
G0 F3000 X136.847 Y122.988
G1 F3000 X127.031 Y113.171 E115.9913
G0 F3000 X127.738 Y113.313
G1 F3000 X136.680 Y122.255 E116.4382
G0 F3000 X136.514 Y121.523
G1 F3000 X128.538 Y113.547 E116.8368
G0 F3000 X129.339 Y113.782
G1 F3000 X136.166 Y120.610 E117.1781
G0 F3000 X135.758 Y119.636
G1 F3000 X130.410 Y114.288 E117.4453
G1 F2400 E116.4453
G1 F300 Z0.850
G0 F3900 X131.809 Y115.121
G1 F300 Z0.650
G1 F1500 E117.4453
G1 F3000 X134.985 Y118.297 E117.6041
;PRINTING_TIME: 216
;REMAINING_TIME: 764
;LAYER:3
;Z:0.900
;HEIGHT:0.250
;FLOW:100.0
;PRINTING: haibike.stl
;PRINTING_ID: 0
G1 F2400 E116.6041
G1 F300 Z1.100
G0 F3900 X125.887 Y116.698
G0 F300 Z0.900
G0 F3900 X116.116 Y116.765
G0 X115.751 Y116.422
;TYPE:WALL-OUTER
;WIDTH:0.400
;FLOW:95.0
G1 F300 Z0.650
G1 F1500 E117.6041
G1 F2400 X117.137 Y115.137 Z0.674 E117.6111
G1 X118.693 Y114.075 Z0.697 E117.6252
G1 X120.391 Y113.258 Z0.721 E117.6462
G1 X122.190 Y112.702 Z0.744 E117.6743
G1 X124.059 Y112.421 Z0.768 E117.7095
G1 X125.940 Y112.421 Z0.791 E117.7515
G1 X127.526 Y112.660 Z0.811 E117.7924
G1 X128.567 Y112.959 Z0.825 E117.8223
G1 X129.608 Y113.258 Z0.839 E117.8546
G1 X131.306 Y114.075 Z0.862 E117.9177
G1 X132.862 Y115.137 Z0.886 E117.9879
G1 X133.704 Y115.918 Z0.900 E118.0332
G1 X134.248 Y116.422 Z0.900 E118.0625
G1 X135.422 Y117.894 Z0.900 E118.1369
G1 X136.365 Y119.527 Z0.900 E118.2113
G1 X137.053 Y121.281 Z0.900 E118.2858
G1 X137.473 Y123.122 Z0.900 E118.3603
G1 X137.614 Y125.000 Z0.900 E118.4347
G1 X137.473 Y126.877 Z0.900 E118.5091
G1 X137.053 Y128.718 Z0.900 E118.5837
G1 X136.365 Y130.472 Z0.900 E118.6581
G1 X135.422 Y132.105 Z0.900 E118.7325
G1 X134.248 Y133.577 Z0.900 E118.8069
G1 X132.862 Y134.862 Z0.900 E118.8816
G1 X131.306 Y135.924 Z0.900 E118.9560
G1 X129.608 Y136.741 Z0.900 E119.0304
G1 X127.809 Y137.297 Z0.900 E119.1048
G1 X125.940 Y137.578 Z0.900 E119.1794
G1 X124.059 Y137.578 Z0.900 E119.2537
G1 X122.190 Y137.297 Z0.900 E119.3284
G1 X120.391 Y136.741 Z0.900 E119.4027
G1 X118.693 Y135.924 Z0.900 E119.4771
G1 X117.137 Y134.862 Z0.900 E119.5516
G1 X115.751 Y133.577 Z0.900 E119.6262
G1 X114.577 Y132.105 Z0.900 E119.7006
G1 X113.634 Y130.472 Z0.900 E119.7750
G1 X112.946 Y128.718 Z0.900 E119.8495
G1 X112.526 Y126.877 Z0.900 E119.9240
G1 X112.385 Y125.000 Z0.900 E119.9984
G1 X112.526 Y123.122 Z0.900 E120.0728
G1 X112.946 Y121.281 Z0.900 E120.1473
G1 X113.634 Y119.527 Z0.900 E120.2218
G1 X114.577 Y117.894 Z0.900 E120.2962
G1 X115.751 Y116.422 Z0.900 E120.3706
G1 X117.137 Y115.137 Z0.900 E120.4382
G1 X118.693 Y114.075 Z0.900 E120.4986
G1 X120.391 Y113.258 Z0.900 E120.5519
G1 X122.190 Y112.702 Z0.900 E120.5983
G1 X124.059 Y112.421 Z0.900 E120.6377
G1 X125.940 Y112.421 Z0.900 E120.6700
G1 X127.526 Y112.660 Z0.900 E120.6924
G1 X128.567 Y112.959 Z0.900 E120.7053
G1 X129.608 Y113.258 Z0.900 E120.7158
G1 X131.306 Y114.075 Z0.900 E120.7271
G1 X132.862 Y115.137 Z0.900 E120.7313
G1 X133.704 Y115.918 Z0.900 E120.7313
G1 F2400 E119.7313
G1 F300 Z1.100
G0 F3900 X133.364 Y116.283
G0 X123.345 Y116.672
G0 X120.865 Y117.698
G0 X119.036 Y119.104
G0 X119.421 Y119.421
G1 F300 Z0.650
G1 F1500 E120.7313
G1 F2400 X118.440 Y120.616 Z0.669 E120.7361
G1 X117.710 Y121.980 Z0.689 E120.7455
G1 X117.262 Y123.461 Z0.708 E120.7597
G1 X117.110 Y125.000 Z0.727 E120.7786
G1 X117.262 Y126.538 Z0.747 E120.8022
G1 X117.710 Y128.019 Z0.766 E120.8305
G1 X118.440 Y129.383 Z0.785 E120.8636
G1 X119.421 Y130.578 Z0.805 E120.9014
G1 X120.616 Y131.559 Z0.824 E120.9439
G1 X121.980 Y132.289 Z0.843 E120.9911
G1 X123.461 Y132.737 Z0.863 E121.0431
G1 X125.000 Y132.889 Z0.882 E121.0998
G1 X126.433 Y132.747 Z0.900 E121.1567
G1 X126.538 Y132.737 Z0.900 E121.1609
G1 X128.019 Y132.289 Z0.900 E121.2220
G1 X129.383 Y131.559 Z0.900 E121.2831
G1 X130.578 Y130.578 Z0.900 E121.3441
G1 X131.559 Y129.383 Z0.900 E121.4052
G1 X132.289 Y128.019 Z0.900 E121.4663
G1 X132.737 Y126.538 Z0.900 E121.5274
G1 X132.889 Y125.000 Z0.900 E121.5885
G1 X132.737 Y123.461 Z0.900 E121.6495
G1 X132.289 Y121.980 Z0.900 E121.7106
G1 X131.559 Y120.616 Z0.900 E121.7718
G1 X130.578 Y119.421 Z0.900 E121.8328
G1 X129.383 Y118.440 Z0.900 E121.8939
G1 X128.019 Y117.710 Z0.900 E121.9550
G1 X126.537 Y117.261 Z0.900 E122.0161
G1 X124.879 Y117.122 Z0.900 E122.0819
G1 X123.461 Y117.262 Z0.900 E122.1381
G1 X121.980 Y117.710 Z0.900 E122.1993
G1 X120.616 Y118.440 Z0.900 E122.2604
G1 X119.421 Y119.421 Z0.900 E122.3214
G1 X118.440 Y120.616 Z0.900 E122.3778
G1 X117.710 Y121.980 Z0.900 E122.4294
G1 X117.262 Y123.461 Z0.900 E122.4764
G1 X117.110 Y125.000 Z0.900 E122.5185
G1 X117.262 Y126.538 Z0.900 E122.5560
G1 X117.710 Y128.019 Z0.900 E122.5887
G1 X118.440 Y129.383 Z0.900 E122.6168
G1 X119.421 Y130.578 Z0.900 E122.6400
G1 X120.616 Y131.559 Z0.900 E122.6586
G1 X121.980 Y132.289 Z0.900 E122.6725
G1 X123.461 Y132.737 Z0.900 E122.6816
G1 X125.000 Y132.889 Z0.900 E122.6860
G1 X126.433 Y132.747 Z0.900 E122.6860
G1 F2400 E121.6860
G1 F300 Z1.100
G0 F3900 X126.480 Y133.245
G0 X125.000 Y133.491
G0 X121.750 Y132.844
G0 X118.996 Y131.003
G0 X117.155 Y128.249
G0 X116.789 Y126.408
G0 X116.119 Y116.762
G0 X116.045 Y116.695
;TYPE:WALL-INNER
;WIDTH:0.400
;FLOW:85.0
G1 F300 Z0.650
G1 F1500 E122.6860
G1 F2400 X117.387 Y115.451 Z0.673 E122.6919
G1 X118.894 Y114.422 Z0.696 E122.7037
G1 X120.538 Y113.631 Z0.718 E122.7214
G1 X122.279 Y113.093 Z0.741 E122.7449
G1 X124.089 Y112.821 Z0.764 E122.7744
G1 X125.910 Y112.821 Z0.787 E122.8096
G1 X127.441 Y113.052 Z0.806 E122.8438
G1 X128.453 Y113.342 Z0.819 E122.8690
G1 X129.465 Y113.633 Z0.833 E122.8962
G1 X131.105 Y114.422 Z0.855 E122.9490
G1 X132.612 Y115.451 Z0.878 E123.0079
G1 X133.894 Y116.639 Z0.900 E123.0697
G1 X133.954 Y116.695 Z0.900 E123.0726
G1 X135.091 Y118.120 Z0.900 E123.1370
G1 X136.004 Y119.701 Z0.900 E123.2015
G1 X136.670 Y121.399 Z0.900 E123.2660
G1 X137.076 Y123.182 Z0.900 E123.3306
G1 X137.213 Y125.000 Z0.900 E123.3950
G1 X137.076 Y126.817 Z0.900 E123.4594
G1 X136.670 Y128.600 Z0.900 E123.5240
G1 X136.004 Y130.298 Z0.900 E123.5885
G1 X135.091 Y131.879 Z0.900 E123.6530
G1 X133.954 Y133.304 Z0.900 E123.7174
G1 X132.612 Y134.548 Z0.900 E123.7821
G1 X131.105 Y135.577 Z0.900 E123.8466
G1 X129.461 Y136.368 Z0.900 E123.9110
G1 X127.720 Y136.906 Z0.900 E123.9754
G1 X125.910 Y137.178 Z0.900 E124.0401
G1 X124.089 Y137.178 Z0.900 E124.1045
G1 X122.279 Y136.906 Z0.900 E124.1692
G1 X120.538 Y136.368 Z0.900 E124.2336
G1 X118.894 Y135.577 Z0.900 E124.2980
G1 X117.387 Y134.548 Z0.900 E124.3625
G1 X116.045 Y133.304 Z0.900 E124.4272
G1 X114.908 Y131.879 Z0.900 E124.4916
G1 X113.995 Y130.298 Z0.900 E124.5561
G1 X113.329 Y128.600 Z0.900 E124.6206
G1 X112.923 Y126.817 Z0.900 E124.6852
G1 X112.786 Y125.000 Z0.900 E124.7496
G1 X112.923 Y123.182 Z0.900 E124.8140
G1 X113.329 Y121.399 Z0.900 E124.8786
G1 X113.995 Y119.701 Z0.900 E124.9431
G1 X114.908 Y118.120 Z0.900 E125.0076
G1 X116.045 Y116.695 Z0.900 E125.0720
G1 X117.387 Y115.451 Z0.900 E125.1308
G1 X118.894 Y114.422 Z0.900 E125.1835
G1 X120.538 Y113.631 Z0.900 E125.2303
G1 X122.279 Y113.093 Z0.900 E125.2712
G1 X124.089 Y112.821 Z0.900 E125.3063
G1 X125.910 Y112.821 Z0.900 E125.3354
G1 X127.441 Y113.052 Z0.900 E125.3560
G1 X128.453 Y113.342 Z0.900 E125.3680
G1 X129.465 Y113.633 Z0.900 E125.3780
G1 X131.105 Y114.422 Z0.900 E125.3895
G1 X132.612 Y115.451 Z0.900 E125.3951
G1 X133.894 Y116.639 Z0.900 E125.3951
G1 F2400 E124.3951
G1 F300 Z1.100
G0 F3900 X133.826 Y116.711
G0 X123.345 Y116.672
G0 X120.865 Y117.698
G0 X119.054 Y119.081
G0 X119.137 Y119.137
G1 F300 Z0.650
G1 F1500 E125.3951
G1 F2400 X118.106 Y120.393 Z0.670 E125.3998
G1 X117.339 Y121.826 Z0.691 E125.4091
G1 X116.868 Y123.383 Z0.711 E125.4231
G1 X116.708 Y125.000 Z0.731 E125.4418
G1 X116.868 Y126.616 Z0.752 E125.4651
G1 X117.339 Y128.173 Z0.772 E125.4932
G1 X118.106 Y129.606 Z0.792 E125.5258
G1 X119.137 Y130.862 Z0.813 E125.5632
G1 X120.393 Y131.893 Z0.833 E125.6052
G1 X121.826 Y132.660 Z0.853 E125.6518
G1 X123.383 Y133.131 Z0.873 E125.7032
G1 X125.000 Y133.291 Z0.894 E125.7592
G1 X125.492 Y133.242 Z0.900 E125.7767
G1 X126.616 Y133.131 Z0.900 E125.8166
G1 X128.173 Y132.660 Z0.900 E125.8741
G1 X129.606 Y131.893 Z0.900 E125.9315
G1 X130.862 Y130.862 Z0.900 E125.9890
G1 X131.893 Y129.606 Z0.900 E126.0464
G1 X132.660 Y128.173 Z0.900 E126.1038
G1 X133.131 Y126.616 Z0.900 E126.1613
G1 X133.291 Y125.000 Z0.900 E126.2187
G1 X133.131 Y123.383 Z0.900 E126.2761
G1 X132.660 Y121.826 Z0.900 E126.3336
G1 X131.893 Y120.393 Z0.900 E126.3910
G1 X130.862 Y119.137 Z0.900 E126.4485
G1 X129.606 Y118.106 Z0.900 E126.5059
G1 X128.173 Y117.339 Z0.900 E126.5633
G1 X126.613 Y116.866 Z0.900 E126.6209
G1 X124.876 Y116.720 Z0.900 E126.6825
G1 X123.383 Y116.868 Z0.900 E126.7356
G1 X121.826 Y117.339 Z0.900 E126.7930
G1 X120.393 Y118.106 Z0.900 E126.8505
G1 X119.137 Y119.137 Z0.900 E126.9079
G1 X118.106 Y120.393 Z0.900 E126.9607
G1 X117.339 Y121.826 Z0.900 E127.0088
G1 X116.868 Y123.383 Z0.900 E127.0522
G1 X116.708 Y125.000 Z0.900 E127.0910
G1 X116.868 Y126.616 Z0.900 E127.1251
G1 X117.339 Y128.173 Z0.900 E127.1545
G1 X118.106 Y129.606 Z0.900 E127.1793
G1 X119.137 Y130.862 Z0.900 E127.1994
G1 X120.393 Y131.893 Z0.900 E127.2148
G1 X121.826 Y132.660 Z0.900 E127.2256
G1 X123.383 Y133.131 Z0.900 E127.2316
G1 X125.000 Y133.291 Z0.900 E127.2331
G1 X125.492 Y133.242 Z0.900 E127.2331
G1 F2400 E126.2331
G1 F300 Z1.100
G0 F3900 X131.916 Y134.804
;TYPE:SOLID-FILL
;WIDTH:0.400
G1 F300 Z0.900
G1 F1500 E127.2331
G1 F3300 X134.930 Y131.789 E127.3837
G0 F3300 X135.711 Y130.443
G1 F3300 X130.476 Y135.678 E127.6454
G0 F3300 X129.387 Y136.202
G1 F3300 X136.144 Y129.445 E127.9830
G0 F3300 X136.502 Y128.520
G1 F3300 X128.568 Y136.455 E128.3796
G0 F3300 X127.749 Y136.708
G1 F3300 X136.670 Y127.787 E128.8254
G0 F3300 X136.837 Y127.055
G1 F3300 X127.071 Y136.820 E129.3135
G0 F3300 X126.405 Y136.920
G1 F3300 X136.926 Y126.400 E129.8393
G0 F3300 X136.971 Y125.789
G1 F3300 X125.763 Y136.996 E130.3994
G0 F3300 X125.198 Y136.996
G1 F3300 X137.017 Y125.177 E130.9900
G0 F3300 X137.002 Y124.626
G1 F3300 X132.182 Y129.447 E131.2310
G0 F3300 X132.830 Y128.233
G1 F3300 X136.963 Y124.100 E131.4375
G0 F3300 X136.924 Y123.573
G1 F3300 X133.074 Y127.423 E131.6299
G0 F3300 X133.310 Y126.621
G1 F3300 X136.864 Y123.067 E131.8075
G0 F3300 X136.760 Y122.606
G1 F3300 X133.373 Y125.993 E131.9768
G0 F3300 X133.435 Y125.365
G1 F3300 X136.654 Y122.146 E132.1377
G0 F3300 X136.550 Y121.685
G1 F3300 X133.450 Y124.784 E132.2926
G0 F3300 X133.399 Y124.269
G1 F3300 X136.417 Y121.251 E132.4434
G0 F3300 X136.258 Y120.845
G1 F3300 X133.348 Y123.755 E132.5889
G0 F3300 X133.281 Y123.257
G1 F3300 X136.098 Y120.439 E132.7297
G0 F3300 X135.939 Y120.032
G1 F3300 X133.150 Y122.822 E132.8691
G0 F3300 X133.018 Y122.388
G1 F3300 X135.762 Y119.644 E133.0062
G0 F3300 X135.555 Y119.286
G1 F3300 X132.887 Y121.953 E133.1395
G0 F3300 X132.719 Y121.555
G1 F3300 X135.348 Y118.927 E133.2709
G0 F3300 X135.140 Y118.569
G1 F3300 X132.522 Y121.187 E133.4017
G0 F3300 X132.325 Y120.819
G1 F3300 X134.932 Y118.211 E133.5320
G0 F3300 X134.681 Y117.897
G1 F3300 X132.127 Y120.450 E133.6597
G0 F3300 X131.898 Y120.114
G1 F3300 X134.430 Y117.581 E133.7862
G0 F3300 X134.179 Y117.267
G1 F3300 X131.642 Y119.804 E133.9130
G0 F3300 X131.387 Y119.493
G1 F3300 X133.928 Y116.952 E134.0400
G0 F3300 X133.654 Y116.661
G1 F3300 X131.132 Y119.183 E134.1660
G0 F3300 X130.852 Y118.897
G1 F3300 X133.360 Y116.389 E134.2914
G0 F3300 X133.066 Y116.117
G1 F3300 X130.541 Y118.642 E134.4176
G0 F3300 X130.231 Y118.387
G1 F3300 X132.773 Y115.845 E134.5446
G0 F3300 X132.477 Y115.575
G1 F3300 X129.920 Y118.132 E134.6724
G0 F3300 X129.592 Y117.895
G1 F3300 X132.140 Y115.346 E134.7998
G0 F3300 X131.803 Y115.117
G1 F3300 X129.223 Y117.697 E134.9287
G0 F3300 X128.855 Y117.500
G1 F3300 X131.468 Y114.887 E135.0593
G0 F3300 X131.131 Y114.658
G1 F3300 X128.486 Y117.303 E135.1915
G0 F3300 X128.096 Y117.127
G1 F3300 X130.765 Y114.458 E135.3249
G0 F3300 X130.384 Y114.274
G1 F3300 X127.663 Y116.995 E135.4609
G0 F3300 X127.229 Y116.864
G1 F3300 X130.002 Y114.090 E135.5995
G0 F3300 X129.620 Y113.907
G1 F3300 X126.794 Y116.732 E135.7407
G0 F3300 X126.302 Y116.659
G1 F3300 X129.213 Y113.748 E135.8862
G0 F3300 X128.774 Y113.621
G1 F3300 X125.780 Y116.615 E136.0358
G0 F3300 X125.259 Y116.571
G1 F3300 X128.335 Y113.494 E136.1896
G0 F3300 X127.895 Y113.369
G1 F3300 X124.709 Y116.555 E136.3488
G0 F3300 X124.080 Y116.618
G1 F3300 X127.456 Y113.242 E136.5175
G0 F3300 X126.970 Y113.162
G1 F3300 X123.453 Y116.680 E136.6933
G0 F3300 X122.673 Y116.893
G1 F3300 X126.479 Y113.088 E136.8835
G0 F3300 X125.988 Y113.014
G1 F3300 X121.863 Y117.138 E137.0896
G0 F3300 X120.698 Y117.738
G1 F3300 X125.435 Y113.000 E137.3264
G0 F3300 X124.870 Y113.000
G1 F3300 X112.974 Y124.896 E137.9209
G0 F3300 X112.999 Y125.436
G1 F3300 X117.737 Y120.698 E138.1577
G0 F3300 X117.137 Y121.864
G1 F3300 X113.039 Y125.962 E138.3625
G0 F3300 X113.079 Y126.488
G1 F3300 X116.893 Y122.674 E138.5531
G0 F3300 X116.679 Y123.453
G1 F3300 X113.146 Y126.987 E138.7297
G0 F3300 X113.250 Y127.448
G1 F3300 X116.617 Y124.081 E138.8980
G0 F3300 X116.555 Y124.708
G1 F3300 X113.356 Y127.908 E139.0579
G0 F3300 X113.460 Y128.369
G1 F3300 X116.553 Y125.276 E139.2124
G0 F3300 X116.604 Y125.791
G1 F3300 X113.600 Y128.795 E139.3626
G0 F3300 X113.759 Y129.202
G1 F3300 X116.656 Y126.305 E139.5074
G0 F3300 X116.733 Y126.794
G1 F3300 X113.919 Y129.608 E139.6480
G0 F3300 X114.078 Y130.015
G1 F3300 X116.864 Y127.229 E139.7872
G0 F3300 X116.995 Y127.663
G1 F3300 X114.261 Y130.397 E139.9239
G0 F3300 X114.468 Y130.756
G1 F3300 X117.127 Y128.097 E140.0568
G0 F3300 X117.302 Y128.487
G1 F3300 X114.675 Y131.114 E140.1880
G0 F3300 X114.882 Y131.473
G1 F3300 X117.499 Y128.856 E140.3188
G0 F3300 X117.697 Y129.224
G1 F3300 X115.096 Y131.825 E140.4488
G0 F3300 X115.347 Y132.139
G1 F3300 X117.893 Y129.593 E140.5761
G0 F3300 X118.131 Y129.921
G1 F3300 X115.598 Y132.454 E140.7027
G0 F3300 X115.849 Y132.769
G1 F3300 X118.386 Y130.232 E140.8294
G0 F3300 X118.641 Y130.543
G1 F3300 X116.099 Y133.084 E140.9565
G0 F3300 X116.379 Y133.370
G1 F3300 X118.896 Y130.853 E141.0822
G0 F3300 X119.184 Y131.131
G1 F3300 X116.673 Y133.642 E141.2077
G0 F3300 X116.967 Y133.914
G1 F3300 X119.494 Y131.386 E141.3341
G0 F3300 X119.805 Y131.642
G1 F3300 X117.260 Y134.186 E141.4612
G0 F3300 X117.562 Y134.449
G1 F3300 X120.115 Y131.897 E141.5888
G0 F3300 X120.451 Y132.127
G1 F3300 X117.898 Y134.679 E141.7164
G0 F3300 X118.235 Y134.908
G1 F3300 X120.819 Y132.324 E141.8455
G0 F3300 X121.188 Y132.521
G1 F3300 X118.571 Y135.138 E141.9763
G0 F3300 X118.907 Y135.367
G1 F3300 X121.556 Y132.718 E142.1087
G0 F3300 X121.954 Y132.886
G1 F3300 X119.279 Y135.561 E142.2424
G0 F3300 X119.661 Y135.745
G1 F3300 X122.388 Y133.018 E142.3786
G0 F3300 X122.823 Y133.148
G1 F3300 X120.042 Y135.929 E142.5176
G0 F3300 X120.424 Y136.113
G1 F3300 X123.257 Y133.280 E142.6592
G0 F3300 X123.756 Y133.347
G1 F3300 X120.833 Y136.270 E142.8053
G0 F3300 X121.265 Y136.404
G1 F3300 X124.271 Y133.398 E142.9555
G0 F3300 X124.785 Y133.449
G1 F3300 X121.697 Y136.538 E143.1099
G0 F3300 X122.129 Y136.671
G1 F3300 X125.366 Y133.434 E143.2717
G0 F3300 X125.994 Y133.372
G1 F3300 X122.595 Y136.771 E143.4415
G0 F3300 X123.087 Y136.844
G1 F3300 X126.622 Y133.310 E143.6182
G0 F3300 X127.424 Y133.073
G1 F3300 X123.579 Y136.918 E143.8103
G0 F3300 X124.071 Y136.992
G1 F3300 X128.234 Y132.829 E144.0184
G0 F3300 X129.449 Y132.180
G1 F3300 X124.632 Y136.996 E144.2591
G1 F2400 E143.2591
G1 F300 Z1.100
G0 F3900 X113.020 Y124.284
G1 F300 Z0.900
G1 F1500 E144.2591
G1 F3300 X124.304 Y113.000 E144.8230
G0 F3300 X123.673 Y113.065
G1 F3300 X113.065 Y123.673 E145.3532
G0 F3300 X113.139 Y123.033
G1 F3300 X123.009 Y113.164 E145.8464
G0 F3300 X122.343 Y113.264
G1 F3300 X113.307 Y122.300 E146.2980
G0 F3300 X113.474 Y121.567
G1 F3300 X121.530 Y113.511 E146.7006
G0 F3300 X120.711 Y113.764
G1 F3300 X113.809 Y120.667 E147.0456
G0 F3300 X114.192 Y119.718
G1 F3300 X119.655 Y114.255 E147.3186
G0 F3300 X118.299 Y115.045
G1 F3300 X114.965 Y118.379 E147.4852
;PRINTING_TIME: 254
;REMAINING_TIME: 725
;LAYER:4
;Z:1.150
;HEIGHT:0.250
;FLOW:100.0
;PRINTING: haibike.stl
;PRINTING_ID: 0
G1 F2400 E146.4852
G1 F300 Z1.350
G0 F3900 X115.514 Y116.719
G0 F300 Z1.150
;TYPE:WALL-OUTER
;WIDTH:0.400
;FLOW:95.0
G1 F300 Z0.900
G1 F1500 E147.4852
G1 F2400 X116.326 Y115.927 Z0.914 E147.4878
G1 X117.138 Y115.136 Z0.928 E147.4929
G1 X118.693 Y114.075 Z0.952 E147.5083
G1 X120.391 Y113.258 Z0.975 E147.5307
G1 X122.190 Y112.702 Z0.999 E147.5602
G1 X124.059 Y112.421 Z1.023 E147.5968
G1 X125.940 Y112.421 Z1.046 E147.6402
G1 X127.429 Y112.645 Z1.065 E147.6795
G1 X128.521 Y112.952 Z1.079 E147.7115
G1 X129.613 Y113.260 Z1.093 E147.7462
G1 X131.306 Y114.075 Z1.117 E147.8105
G1 X132.862 Y115.137 Z1.140 E147.8821
G1 X133.429 Y115.663 Z1.150 E147.9126
G1 X134.248 Y116.422 Z1.150 E147.9567
G1 X135.422 Y117.894 Z1.150 E148.0311
G1 X136.365 Y119.527 Z1.150 E148.1056
G1 X137.053 Y121.281 Z1.150 E148.1800
G1 X137.473 Y123.122 Z1.150 E148.2546
G1 X137.614 Y125.000 Z1.150 E148.3289
G1 X137.473 Y126.877 Z1.150 E148.4033
G1 X137.053 Y128.718 Z1.150 E148.4779
G1 X136.365 Y130.472 Z1.150 E148.5523
G1 X135.422 Y132.105 Z1.150 E148.6268
G1 X134.248 Y133.577 Z1.150 E148.7011
G1 X132.862 Y134.862 Z1.150 E148.7758
G1 X131.306 Y135.924 Z1.150 E148.8502
G1 X129.608 Y136.741 Z1.150 E148.9246
G1 X127.809 Y137.297 Z1.150 E148.9990
G1 X125.940 Y137.578 Z1.150 E149.0736
G1 X124.059 Y137.578 Z1.150 E149.1479
G1 X122.190 Y137.297 Z1.150 E149.2226
G1 X120.391 Y136.741 Z1.150 E149.2969
G1 X118.693 Y135.924 Z1.150 E149.3714
G1 X117.137 Y134.862 Z1.150 E149.4458
G1 X115.751 Y133.577 Z1.150 E149.5204
G1 X114.577 Y132.105 Z1.150 E149.5948
G1 X113.634 Y130.472 Z1.150 E149.6693
G1 X112.946 Y128.718 Z1.150 E149.7437
G1 X112.526 Y126.877 Z1.150 E149.8183
G1 X112.385 Y125.000 Z1.150 E149.8926
G1 X112.526 Y123.122 Z1.150 E149.9670
G1 X112.946 Y121.281 Z1.150 E150.0416
G1 X113.634 Y119.527 Z1.150 E150.1160
G1 X114.577 Y117.894 Z1.150 E150.1905
G1 X115.514 Y116.719 Z1.150 E150.2498
G1 X116.326 Y115.927 Z1.150 E150.2921
G1 X117.138 Y115.136 Z1.150 E150.3318
G1 X118.693 Y114.075 Z1.150 E150.3907
G1 X120.391 Y113.258 Z1.150 E150.4427
G1 X122.190 Y112.702 Z1.150 E150.4876
G1 X124.059 Y112.421 Z1.150 E150.5256
G1 X125.940 Y112.421 Z1.150 E150.5565
G1 X127.429 Y112.645 Z1.150 E150.5767
G1 X128.521 Y112.952 Z1.150 E150.5895
G1 X129.613 Y113.260 Z1.150 E150.5996
G1 X131.306 Y114.075 Z1.150 E150.6095
G1 X132.862 Y115.137 Z1.150 E150.6124
G1 X133.429 Y115.663 Z1.150 E150.6124
G1 F2400 E149.6124
G1 F300 Z1.350
G0 F3900 X133.089 Y116.029
G0 X123.344 Y116.672
G0 X120.865 Y117.698
G0 X119.036 Y119.104
G0 X119.421 Y119.421
G1 F300 Z0.900
G1 F1500 E150.6124
G1 F2400 X118.440 Y120.616 Z0.919 E150.6171
G1 X117.710 Y121.980 Z0.939 E150.6265
G1 X117.262 Y123.461 Z0.958 E150.6407
G1 X117.110 Y125.000 Z0.977 E150.6596
G1 X117.262 Y126.538 Z0.997 E150.6832
G1 X117.710 Y128.019 Z1.016 E150.7116
G1 X118.440 Y129.383 Z1.035 E150.7446
G1 X119.421 Y130.578 Z1.055 E150.7824
G1 X120.616 Y131.559 Z1.074 E150.8249
G1 X121.980 Y132.289 Z1.093 E150.8722
G1 X123.461 Y132.737 Z1.113 E150.9241
G1 X125.000 Y132.889 Z1.132 E150.9808
G1 X126.433 Y132.747 Z1.150 E151.0377
G1 X126.538 Y132.737 Z1.150 E151.0419
G1 X128.019 Y132.289 Z1.150 E151.1030
G1 X129.383 Y131.559 Z1.150 E151.1641
G1 X130.578 Y130.578 Z1.150 E151.2252
G1 X131.559 Y129.383 Z1.150 E151.2862
G1 X132.289 Y128.019 Z1.150 E151.3473
G1 X132.737 Y126.538 Z1.150 E151.4084
G1 X132.889 Y125.000 Z1.150 E151.4695
G1 X132.737 Y123.461 Z1.150 E151.5306
G1 X132.289 Y121.980 Z1.150 E151.5917
G1 X131.559 Y120.616 Z1.150 E151.6528
G1 X130.578 Y119.421 Z1.150 E151.7138
G1 X129.383 Y118.440 Z1.150 E151.7749
G1 X128.019 Y117.710 Z1.150 E151.8360
G1 X126.536 Y117.261 Z1.150 E151.8972
G1 X124.840 Y117.125 Z1.150 E151.9644
G1 X123.461 Y117.262 Z1.150 E152.0191
G1 X121.980 Y117.710 Z1.150 E152.0802
G1 X120.616 Y118.440 Z1.150 E152.1414
G1 X119.421 Y119.421 Z1.150 E152.2024
G1 X118.440 Y120.616 Z1.150 E152.2588
G1 X117.710 Y121.980 Z1.150 E152.3104
G1 X117.262 Y123.461 Z1.150 E152.3573
G1 X117.110 Y125.000 Z1.150 E152.3995
G1 X117.262 Y126.538 Z1.150 E152.4370
G1 X117.710 Y128.019 Z1.150 E152.4697
G1 X118.440 Y129.383 Z1.150 E152.4978
G1 X119.421 Y130.578 Z1.150 E152.5210
G1 X120.616 Y131.559 Z1.150 E152.5396
G1 X121.980 Y132.289 Z1.150 E152.5535
G1 X123.461 Y132.737 Z1.150 E152.5626
G1 X125.000 Y132.889 Z1.150 E152.5670
G1 X126.433 Y132.747 Z1.150 E152.5670
G1 F2400 E151.5670
G1 F300 Z1.350
G0 F3900 X126.480 Y133.245
G0 X125.000 Y133.491
G0 X121.750 Y132.844
G0 X118.996 Y131.003
G0 X117.155 Y128.249
G0 X116.789 Y126.408
G0 X115.887 Y117.053
G0 X115.811 Y116.988
;TYPE:WALL-INNER
;WIDTH:0.400
;FLOW:85.0
G1 F300 Z0.900
G1 F1500 E152.5670
G1 F2400 X116.601 Y116.217 Z0.914 E152.5691
G1 X117.392 Y115.447 Z0.928 E152.5734
G1 X118.894 Y114.422 Z0.950 E152.5864
G1 X120.538 Y113.631 Z0.973 E152.6052
G1 X122.279 Y113.093 Z0.996 E152.6299
G1 X124.089 Y112.821 Z1.019 E152.6607
G1 X125.910 Y112.821 Z1.042 E152.6971
G1 X127.345 Y113.037 Z1.060 E152.7299
G1 X128.408 Y113.336 Z1.073 E152.7570
G1 X129.471 Y113.636 Z1.087 E152.7862
G1 X131.105 Y114.422 Z1.110 E152.8400
G1 X132.612 Y115.451 Z1.133 E152.9001
G1 X133.622 Y116.387 Z1.150 E152.9487
G1 X133.954 Y116.695 Z1.150 E152.9647
G1 X135.091 Y118.120 Z1.150 E153.0291
G1 X136.004 Y119.701 Z1.150 E153.0937
G1 X136.670 Y121.399 Z1.150 E153.1581
G1 X137.076 Y123.182 Z1.150 E153.2227
G1 X137.213 Y125.000 Z1.150 E153.2872
G1 X137.076 Y126.817 Z1.150 E153.3516
G1 X136.670 Y128.600 Z1.150 E153.4162
G1 X136.004 Y130.298 Z1.150 E153.4806
G1 X135.091 Y131.879 Z1.150 E153.5452
G1 X133.954 Y133.304 Z1.150 E153.6096
G1 X132.612 Y134.548 Z1.150 E153.6743
G1 X131.105 Y135.577 Z1.150 E153.7387
G1 X129.461 Y136.368 Z1.150 E153.8032
G1 X127.720 Y136.906 Z1.150 E153.8676
G1 X125.910 Y137.178 Z1.150 E153.9323
G1 X124.089 Y137.178 Z1.150 E153.9966
G1 X122.279 Y136.906 Z1.150 E154.0613
G1 X120.538 Y136.368 Z1.150 E154.1257
G1 X118.894 Y135.577 Z1.150 E154.1902
G1 X117.387 Y134.548 Z1.150 E154.2547
G1 X116.045 Y133.304 Z1.150 E154.3193
G1 X114.908 Y131.879 Z1.150 E154.3838
G1 X113.995 Y130.298 Z1.150 E154.4483
G1 X113.329 Y128.600 Z1.150 E154.5127
G1 X112.923 Y126.817 Z1.150 E154.5774
G1 X112.786 Y125.000 Z1.150 E154.6418
G1 X112.923 Y123.182 Z1.150 E154.7062
G1 X113.329 Y121.399 Z1.150 E154.7708
G1 X113.995 Y119.701 Z1.150 E154.8353
G1 X114.908 Y118.120 Z1.150 E154.8998
G1 X115.811 Y116.988 Z1.150 E154.9510
G1 X116.601 Y116.217 Z1.150 E154.9878
G1 X117.392 Y115.447 Z1.150 E155.0225
G1 X118.894 Y114.422 Z1.150 E155.0738
G1 X120.538 Y113.631 Z1.150 E155.1194
G1 X122.279 Y113.093 Z1.150 E155.1591
G1 X124.089 Y112.821 Z1.150 E155.1931
G1 X125.910 Y112.821 Z1.150 E155.2210
G1 X127.345 Y113.037 Z1.150 E155.2395
G1 X128.408 Y113.336 Z1.150 E155.2515
G1 X129.471 Y113.636 Z1.150 E155.2613
G1 X131.105 Y114.422 Z1.150 E155.2715
G1 X132.612 Y115.451 Z1.150 E155.2760
G1 X133.622 Y116.387 Z1.150 E155.2760
G1 F2400 E154.2760
G1 F300 Z1.350
G0 F3900 X133.554 Y116.459
G0 X123.344 Y116.672
G0 X120.865 Y117.698
G0 X119.054 Y119.081
G0 X119.137 Y119.137
G1 F300 Z0.900
G1 F1500 E155.2760
G1 F2400 X118.106 Y120.393 Z0.920 E155.2806
G1 X117.339 Y121.826 Z0.941 E155.2900
G1 X116.868 Y123.383 Z0.961 E155.3040
G1 X116.708 Y125.000 Z0.981 E155.3226
G1 X116.868 Y126.616 Z1.002 E155.3460
G1 X117.339 Y128.173 Z1.022 E155.3740
G1 X118.106 Y129.606 Z1.042 E155.4067
G1 X119.137 Y130.862 Z1.063 E155.4440
G1 X120.393 Y131.893 Z1.083 E155.4860
G1 X121.826 Y132.660 Z1.103 E155.5327
G1 X123.383 Y133.131 Z1.123 E155.5841
G1 X125.000 Y133.291 Z1.144 E155.6401
G1 X125.492 Y133.242 Z1.150 E155.6575
G1 X126.616 Y133.131 Z1.150 E155.6975
G1 X128.173 Y132.660 Z1.150 E155.7549
G1 X129.606 Y131.893 Z1.150 E155.8124
G1 X130.862 Y130.862 Z1.150 E155.8698
G1 X131.893 Y129.606 Z1.150 E155.9272
G1 X132.660 Y128.173 Z1.150 E155.9847
G1 X133.131 Y126.616 Z1.150 E156.0422
G1 X133.291 Y125.000 Z1.150 E156.0995
G1 X133.131 Y123.383 Z1.150 E156.1570
G1 X132.660 Y121.826 Z1.150 E156.2144
G1 X131.893 Y120.393 Z1.150 E156.2719
G1 X130.862 Y119.137 Z1.150 E156.3293
G1 X129.606 Y118.106 Z1.150 E156.3867
G1 X128.173 Y117.339 Z1.150 E156.4442
G1 X126.611 Y116.866 Z1.150 E156.5018
G1 X124.836 Y116.723 Z1.150 E156.5648
G1 X123.383 Y116.868 Z1.150 E156.6164
G1 X121.826 Y117.339 Z1.150 E156.6739
G1 X120.393 Y118.106 Z1.150 E156.7313
G1 X119.137 Y119.137 Z1.150 E156.7887
G1 X118.106 Y120.393 Z1.150 E156.8415
G1 X117.339 Y121.826 Z1.150 E156.8896
G1 X116.868 Y123.383 Z1.150 E156.9331
G1 X116.708 Y125.000 Z1.150 E156.9718
G1 X116.868 Y126.616 Z1.150 E157.0059
G1 X117.339 Y128.173 Z1.150 E157.0353
G1 X118.106 Y129.606 Z1.150 E157.0601
G1 X119.137 Y130.862 Z1.150 E157.0802
G1 X120.393 Y131.893 Z1.150 E157.0956
G1 X121.826 Y132.660 Z1.150 E157.1064
G1 X123.383 Y133.131 Z1.150 E157.1125
G1 X125.000 Y133.291 Z1.150 E157.1139
G1 X125.492 Y133.242 Z1.150 E157.1139
G1 F2400 E156.1139
G1 F300 Z1.350
G0 F3900 X118.188 Y134.876
;TYPE:SOLID-FILL
;WIDTH:0.400
G1 F300 Z1.150
G1 F1500 E157.1139
G1 F3600 X115.013 Y131.700 E157.2726
G0 F3600 X114.239 Y130.361
G1 F3600 X119.587 Y135.709 E157.5399
G0 F3600 X120.660 Y136.217
G1 F3600 X113.831 Y129.387 E157.8812
G0 F3600 X113.484 Y128.474
G1 F3600 X121.479 Y136.470 E158.2808
G0 F3600 X122.298 Y136.723
G1 F3600 X113.317 Y127.742 E158.7296
G0 F3600 X113.150 Y127.009
G1 F3600 X122.967 Y136.826 E159.2202
G0 F3600 X123.632 Y136.926
G1 F3600 X113.068 Y126.362 E159.7482
G0 F3600 X113.022 Y125.750
G1 F3600 X124.269 Y136.996 E160.3103
G0 F3600 X124.834 Y136.996
G1 F3600 X112.976 Y125.138 E160.9029
G0 F3600 X112.996 Y124.592
G1 F3600 X117.777 Y129.373 E161.1418
G0 F3600 X117.154 Y128.185
G1 F3600 X113.035 Y124.066 E161.3477
G0 F3600 X113.074 Y123.540
G1 F3600 X116.909 Y127.374 E161.5393
G0 F3600 X116.684 Y126.584
G1 F3600 X113.138 Y123.037 E161.7166
G0 F3600 X113.243 Y122.576
G1 F3600 X116.621 Y125.955 E161.8854
G0 F3600 X116.559 Y125.327
G1 F3600 X113.348 Y122.116 E162.0459
G0 F3600 X113.453 Y121.656
G1 F3600 X116.551 Y124.754 E162.2007
G0 F3600 X116.602 Y124.239
G1 F3600 X113.589 Y121.226 E162.3513
G0 F3600 X113.748 Y120.819
G1 F3600 X116.653 Y123.724 E162.4965
G0 F3600 X116.725 Y123.231
G1 F3600 X113.908 Y120.413 E162.6373
G0 F3600 X114.067 Y120.007
G1 F3600 X116.857 Y122.796 E162.7767
G0 F3600 X116.987 Y122.362
G1 F3600 X114.247 Y119.621 E162.9136
G0 F3600 X114.454 Y119.262
G1 F3600 X117.119 Y121.927 E163.0468
G0 F3600 X117.291 Y121.533
G1 F3600 X114.661 Y118.904 E163.1782
G0 F3600 X114.868 Y118.545
G1 F3600 X117.488 Y121.165 E163.3092
G0 F3600 X117.685 Y120.797
G1 F3600 X115.080 Y118.191 E163.4394
G0 F3600 X115.331 Y117.876
G1 F3600 X117.883 Y120.428 E163.5669
G0 F3600 X118.115 Y120.095
G1 F3600 X115.582 Y117.562 E163.6935
G0 F3600 X115.833 Y117.247
G1 F3600 X118.371 Y119.785 E163.8204
G0 F3600 X118.626 Y119.474
G1 F3600 X116.104 Y116.953 E163.9464
G0 F3600 X116.391 Y116.674
G1 F3600 X118.881 Y119.164 E164.0708
G0 F3600 X119.163 Y118.880
G1 F3600 X116.677 Y116.394 E164.1951
G0 F3600 X116.963 Y116.114
G1 F3600 X119.474 Y118.625 E164.3206
G0 F3600 X119.784 Y118.370
G1 F3600 X117.249 Y115.835 E164.4473
G0 F3600 X117.541 Y115.561
G1 F3600 X120.095 Y118.115 E164.5749
G0 F3600 X120.428 Y117.882
G1 F3600 X117.878 Y115.332 E164.7023
G0 F3600 X118.214 Y115.103
G1 F3600 X120.796 Y117.685 E164.8314
G0 F3600 X121.164 Y117.487
G1 F3600 X118.551 Y114.874 E164.9620
G0 F3600 X118.887 Y114.645
G1 F3600 X121.533 Y117.290 E165.0942
G0 F3600 X121.927 Y117.118
G1 F3600 X119.256 Y114.448 E165.2276
G0 F3600 X119.638 Y114.264
G1 F3600 X122.361 Y116.987 E165.3637
G0 F3600 X122.796 Y116.856
G1 F3600 X120.020 Y114.080 E165.5025
G0 F3600 X120.401 Y113.896
G1 F3600 X123.230 Y116.724 E165.6438
G0 F3600 X123.723 Y116.652
G1 F3600 X120.807 Y113.736 E165.7896
G0 F3600 X121.239 Y113.602
G1 F3600 X124.237 Y116.601 E165.9394
G0 F3600 X124.752 Y116.549
G1 F3600 X121.671 Y113.468 E166.0934
G0 F3600 X122.103 Y113.335
G1 F3600 X125.351 Y116.583 E166.2557
G0 F3600 X125.966 Y116.633
G1 F3600 X122.565 Y113.231 E166.4257
G0 F3600 X123.057 Y113.158
G1 F3600 X126.582 Y116.682 E166.6019
G0 F3600 X127.373 Y116.908
G1 F3600 X123.549 Y113.084 E166.7930
G0 F3600 X124.042 Y113.011
G1 F3600 X128.184 Y117.153 E167.0000
G0 F3600 X129.375 Y117.778
G1 F3600 X124.597 Y113.001 E167.2387
G0 F3600 X125.163 Y113.001
G1 F3600 X137.021 Y124.858 E167.8313
G0 F3600 X137.001 Y125.404
G1 F3600 X132.219 Y120.622 E168.0703
G0 F3600 X132.844 Y121.813
G1 F3600 X136.961 Y125.930 E168.2761
G0 F3600 X136.922 Y126.457
G1 F3600 X133.089 Y122.624 E168.4676
G0 F3600 X133.313 Y123.414
G1 F3600 X136.859 Y126.959 E168.6448
G0 F3600 X136.754 Y127.420
G1 F3600 X133.376 Y124.042 E168.8136
G0 F3600 X133.438 Y124.670
G1 F3600 X136.649 Y127.880 E168.9741
G0 F3600 X136.544 Y128.342
G1 F3600 X133.446 Y125.244 E169.1289
G0 F3600 X133.395 Y125.758
G1 F3600 X136.408 Y128.771 E169.2795
G0 F3600 X136.249 Y129.178
G1 F3600 X133.344 Y126.273 E169.4247
G0 F3600 X133.272 Y126.767
G1 F3600 X136.089 Y129.584 E169.5655
G0 F3600 X135.930 Y129.990
G1 F3600 X133.141 Y127.201 E169.7049
G0 F3600 X133.010 Y127.636
G1 F3600 X135.751 Y130.377 E169.8418
G0 F3600 X135.543 Y130.735
G1 F3600 X132.878 Y128.070 E169.9750
G0 F3600 X132.706 Y128.464
G1 F3600 X135.336 Y131.094 E170.1065
G0 F3600 X135.129 Y131.452
G1 F3600 X132.510 Y128.833 E170.2374
G0 F3600 X132.313 Y129.201
G1 F3600 X134.918 Y131.806 E170.3675
G0 F3600 X134.667 Y132.121
G1 F3600 X132.115 Y129.570 E170.4951
G0 F3600 X131.882 Y129.902
G1 F3600 X134.416 Y132.436 E170.6217
G0 F3600 X134.165 Y132.751
G1 F3600 X131.627 Y130.213 E170.7485
G0 F3600 X131.371 Y130.523
G1 F3600 X133.914 Y133.066 E170.8756
G0 F3600 X133.636 Y133.353
G1 F3600 X131.116 Y130.833 E171.0016
G0 F3600 X130.834 Y131.117
G1 F3600 X133.341 Y133.624 E171.1269
G0 F3600 X133.048 Y133.897
G1 F3600 X130.524 Y131.372 E171.2530
G0 F3600 X130.213 Y131.627
G1 F3600 X132.755 Y134.169 E171.3801
G0 F3600 X132.455 Y134.435
G1 F3600 X129.903 Y131.883 E171.5076
G0 F3600 X129.570 Y132.115
G1 F3600 X132.119 Y134.664 E171.6350
G0 F3600 X131.783 Y134.894
G1 F3600 X129.201 Y132.313 E171.7640
G0 F3600 X128.833 Y132.510
G1 F3600 X131.446 Y135.123 E171.8946
G0 F3600 X131.110 Y135.352
G1 F3600 X128.465 Y132.707 E172.0268
G0 F3600 X128.071 Y132.879
G1 F3600 X130.741 Y135.550 E172.1603
G0 F3600 X130.360 Y135.734
G1 F3600 X127.637 Y133.011 E172.2964
G0 F3600 X127.202 Y133.141
G1 F3600 X129.978 Y135.917 E172.4351
G0 F3600 X129.596 Y136.101
G1 F3600 X126.767 Y133.273 E172.5764
G0 F3600 X126.274 Y133.345
G1 F3600 X129.191 Y136.262 E172.7222
G0 F3600 X128.759 Y136.395
G1 F3600 X125.759 Y133.396 E172.8721
G0 F3600 X125.244 Y133.447
G1 F3600 X128.327 Y136.529 E173.0262
G0 F3600 X127.895 Y136.663
G1 F3600 X124.670 Y133.438 E173.1874
G0 F3600 X124.042 Y133.376
G1 F3600 X127.432 Y136.766 E173.3568
G0 F3600 X126.940 Y136.840
G1 F3600 X123.414 Y133.314 E173.5330
G0 F3600 X122.624 Y133.089
G1 F3600 X126.448 Y136.913 E173.7241
G0 F3600 X125.956 Y136.987
G1 F3600 X121.813 Y132.844 E173.9312
G0 F3600 X120.623 Y132.219
G1 F3600 X125.400 Y136.996 E174.1699
G1 F2400 E173.1699
G1 F300 Z1.350
G0 F3900 X136.975 Y124.247
G1 F300 Z1.150
G1 F1500 E174.1699
G1 F3600 X125.729 Y113.001 E174.7319
G0 F3600 X126.366 Y113.072
G1 F3600 X136.929 Y123.636 E175.2599
G0 F3600 X136.847 Y122.988
G1 F3600 X127.031 Y113.172 E175.7504
G0 F3600 X127.768 Y113.343
G1 F3600 X136.680 Y122.255 E176.1958
G0 F3600 X136.514 Y121.523
G1 F3600 X128.556 Y113.565 E176.5936
G0 F3600 X129.343 Y113.786
G1 F3600 X136.166 Y120.610 E176.9346
G0 F3600 X135.758 Y119.636
G1 F3600 X130.410 Y114.288 E177.2018
G1 F2400 E176.2018
G1 F300 Z1.350
G0 F3900 X131.809 Y115.121
G1 F300 Z1.150
G1 F1500 E177.2018
G1 F3600 X134.985 Y118.297 E177.3606
;PRINTING_TIME: 292
;REMAINING_TIME: 687
;LAYER:5
;Z:1.400
;HEIGHT:0.250
;FLOW:100.0
;PRINTING: haibike.stl
;PRINTING_ID: 0
G1 F2400 E176.3606
G1 F300 Z1.600
G0 F3900 X128.311 Y117.003
G0 F300 Z1.400
;TYPE:FILL
;WIDTH:0.360
;FLOW:85.0
G1 F300 Z1.400
G1 F1500 E177.3606
G1 F3600 X127.169 Y116.657 E177.3985
G1 X126.583 Y115.574 E177.4377
G1 X123.844 Y113.222 E177.5525
G1 X123.417 Y113.286 E177.5662
G1 X122.360 Y113.445 E177.6002
G1 X120.669 Y113.967 E177.6565
G1 X119.075 Y114.735 E177.7128
G1 X117.621 Y115.726 E177.7688
G1 X116.025 Y117.298 E177.8400
G1 X116.014 Y117.312 E177.8406
G1 X116.734 Y117.930 E177.8708
G1 X117.946 Y120.021 E177.9476
G1 X117.805 Y120.192 E177.9547
G1 X117.003 Y121.688 E178.0087
G1 X116.514 Y123.309 E178.0625
G1 X116.346 Y125.002 E178.1166
G1 X116.406 Y125.601 E178.1358
G1 X115.686 Y126.177 E178.1651
G1 X114.996 Y126.766 E178.1939
G1 X114.414 Y127.355 E178.2203
G1 X113.944 Y127.944 E178.2443
G1 X113.653 Y128.402 E178.2615
G1 X113.673 Y128.488 E178.2643
G1 X114.322 Y130.144 E178.3209
G1 X115.206 Y131.675 E178.3771
G1 X116.311 Y133.061 E178.4335
G1 X116.960 Y133.663 E178.4616
G1 X117.612 Y134.266 E178.4899
G1 X118.395 Y134.800 E178.5200
G1 X119.075 Y135.264 E178.5462
G1 X120.669 Y136.032 E178.6025
G1 X122.360 Y136.554 E178.6588
G1 X123.417 Y136.713 E178.6928
G1 X124.119 Y136.818 E178.7153
G1 X125.880 Y136.818 E178.7714
G1 X126.582 Y136.713 E178.7939
G1 X127.639 Y136.554 E178.8279
G1 X127.721 Y136.529 E178.8307
G1 X126.583 Y134.424 E178.9068
G1 X125.614 Y133.592 E178.9474
G1 X126.689 Y133.485 E178.9817
G1 X128.311 Y132.996 E179.0356
G1 X129.795 Y132.200 E179.0892
G1 X129.808 Y132.194 E179.0896
G1 X129.814 Y132.190 E179.0899
G1 X129.819 Y132.185 E179.0901
G1 X131.119 Y131.117 E179.1436
G1 X131.742 Y130.358 E179.1748
G1 X131.614 Y130.890 E179.1922
G1 X131.566 Y132.068 E179.2297
G1 X132.632 Y134.039 E179.3010
G1 X133.039 Y133.663 E179.3186
G1 X133.688 Y133.061 E179.3468
G1 X134.793 Y131.675 E179.4032
G1 X135.677 Y130.144 E179.4594
G1 X136.326 Y128.488 E179.5160
G1 X136.720 Y126.763 E179.5722
G1 X136.852 Y124.998 E179.6285
G1 X136.749 Y123.628 E179.6722
G1 X136.008 Y124.999 E179.7218
G1 X134.536 Y126.177 E179.7817
G1 X133.845 Y126.766 E179.8106
G1 X133.293 Y127.325 E179.8356
G1 X133.485 Y126.689 E179.8567
G1 X133.653 Y124.998 E179.9108
G1 X133.485 Y123.309 E179.9648
G1 X132.996 Y121.688 E180.0186
G1 X132.194 Y120.192 E180.0726
G1 X131.117 Y118.880 E180.1266
G1 X129.819 Y117.814 E180.1800
G1 X129.814 Y117.809 E180.1802
G1 X129.808 Y117.805 E180.1805
G1 X129.795 Y117.799 E180.1809
G1 X128.311 Y117.003 E180.2345
G1 F2400 E179.2345
G1 F300 Z1.600
G0 F3900 X125.463 Y116.618
G0 X115.826 Y117.129
G0 X115.457 Y116.791
;TYPE:WALL-OUTER
;WIDTH:0.400
;FLOW:95.0
G1 F300 Z1.150
G1 F1500 E180.2345
G1 F2400 X116.297 Y115.963 Z1.165 E180.2372
G1 X117.138 Y115.136 Z1.179 E180.2427
G1 X118.693 Y114.075 Z1.203 E180.2585
G1 X120.391 Y113.258 Z1.227 E180.2813
G1 X122.190 Y112.702 Z1.250 E180.3111
G1 X124.059 Y112.421 Z1.274 E180.3480
G1 X125.940 Y112.421 Z1.297 E180.3918
G1 X127.339 Y112.631 Z1.315 E180.4286
G1 X128.475 Y112.945 Z1.330 E180.4621
G1 X129.612 Y113.259 Z1.344 E180.4983
G1 X131.306 Y114.075 Z1.368 E180.5631
G1 X132.862 Y115.137 Z1.391 E180.6349
G1 X133.363 Y115.601 Z1.400 E180.6619
G1 X134.248 Y116.422 Z1.400 E180.7096
G1 X135.422 Y117.894 Z1.400 E180.7839
G1 X136.365 Y119.527 Z1.400 E180.8584
G1 X137.053 Y121.281 Z1.400 E180.9328
G1 X137.473 Y123.122 Z1.400 E181.0074
G1 X137.614 Y125.000 Z1.400 E181.0818
G1 X137.473 Y126.877 Z1.400 E181.1561
G1 X137.053 Y128.718 Z1.400 E181.2307
G1 X136.365 Y130.472 Z1.400 E181.3051
G1 X135.422 Y132.105 Z1.400 E181.3796
G1 X134.248 Y133.577 Z1.400 E181.4540
G1 X132.862 Y134.862 Z1.400 E181.5286
G1 X131.306 Y135.924 Z1.400 E181.6030
G1 X129.608 Y136.741 Z1.400 E181.6775
G1 X127.809 Y137.297 Z1.400 E181.7518
G1 X125.940 Y137.578 Z1.400 E181.8265
G1 X124.059 Y137.578 Z1.400 E181.9008
G1 X122.190 Y137.297 Z1.400 E181.9754
G1 X120.391 Y136.741 Z1.400 E182.0498
G1 X118.693 Y135.924 Z1.400 E182.1242
G1 X117.137 Y134.862 Z1.400 E182.1986
G1 X115.751 Y133.577 Z1.400 E182.2733
G1 X114.577 Y132.105 Z1.400 E182.3476
G1 X113.634 Y130.472 Z1.400 E182.4221
G1 X112.946 Y128.718 Z1.400 E182.4965
G1 X112.526 Y126.877 Z1.400 E182.5711
G1 X112.385 Y125.000 Z1.400 E182.6455
G1 X112.526 Y123.122 Z1.400 E182.7198
G1 X112.946 Y121.281 Z1.400 E182.7944
G1 X113.634 Y119.527 Z1.400 E182.8688
G1 X114.577 Y117.894 Z1.400 E182.9433
G1 X115.457 Y116.791 Z1.400 E182.9990
G1 X116.297 Y115.963 Z1.400 E183.0429
G1 X117.138 Y115.136 Z1.400 E183.0840
G1 X118.693 Y114.075 Z1.400 E183.1426
G1 X120.391 Y113.258 Z1.400 E183.1942
G1 X122.190 Y112.702 Z1.400 E183.2388
G1 X124.059 Y112.421 Z1.400 E183.2765
G1 X125.940 Y112.421 Z1.400 E183.3070
G1 X127.339 Y112.631 Z1.400 E183.3260
G1 X128.475 Y112.945 Z1.400 E183.3391
G1 X129.612 Y113.259 Z1.400 E183.3495
G1 X131.306 Y114.075 Z1.400 E183.3590
G1 X132.862 Y115.137 Z1.400 E183.3616
G1 X133.363 Y115.601 Z1.400 E183.3616
G1 F2400 E182.3616
G1 F300 Z1.600
G0 F3900 X133.023 Y115.967
G0 X123.344 Y116.672
G0 X120.865 Y117.698
G0 X119.036 Y119.104
G0 X119.421 Y119.421
G1 F300 Z1.150
G1 F1500 E183.3616
G1 F2400 X118.440 Y120.616 Z1.169 E183.3663
G1 X117.710 Y121.980 Z1.189 E183.3757
G1 X117.262 Y123.461 Z1.208 E183.3899
G1 X117.110 Y125.000 Z1.227 E183.4088
G1 X117.262 Y126.538 Z1.247 E183.4324
G1 X117.710 Y128.019 Z1.266 E183.4608
G1 X118.440 Y129.383 Z1.285 E183.4938
G1 X119.421 Y130.578 Z1.305 E183.5316
G1 X120.616 Y131.559 Z1.324 E183.5741
G1 X121.980 Y132.289 Z1.343 E183.6214
G1 X123.461 Y132.737 Z1.363 E183.6733
G1 X125.000 Y132.889 Z1.382 E183.7300
G1 X126.433 Y132.747 Z1.400 E183.7869
G1 X126.538 Y132.737 Z1.400 E183.7911
G1 X128.019 Y132.289 Z1.400 E183.8522
G1 X129.383 Y131.559 Z1.400 E183.9133
G1 X130.578 Y130.578 Z1.400 E183.9743
G1 X131.559 Y129.383 Z1.400 E184.0354
G1 X132.289 Y128.019 Z1.400 E184.0965
G1 X132.737 Y126.538 Z1.400 E184.1576
G1 X132.889 Y125.000 Z1.400 E184.2187
G1 X132.737 Y123.461 Z1.400 E184.2797
G1 X132.289 Y121.980 Z1.400 E184.3409
G1 X131.559 Y120.616 Z1.400 E184.4020
G1 X130.578 Y119.421 Z1.400 E184.4630
G1 X129.383 Y118.440 Z1.400 E184.5241
G1 X128.019 Y117.710 Z1.400 E184.5852
G1 X126.536 Y117.261 Z1.400 E184.6464
G1 X124.801 Y117.129 Z1.400 E184.7151
G1 X123.461 Y117.262 Z1.400 E184.7683
G1 X121.980 Y117.710 Z1.400 E184.8294
G1 X120.616 Y118.440 Z1.400 E184.8905
G1 X119.421 Y119.421 Z1.400 E184.9516
G1 X118.440 Y120.616 Z1.400 E185.0079
G1 X117.710 Y121.980 Z1.400 E185.0596
G1 X117.262 Y123.461 Z1.400 E185.1065
G1 X117.110 Y125.000 Z1.400 E185.1487
G1 X117.262 Y126.538 Z1.400 E185.1861
G1 X117.710 Y128.019 Z1.400 E185.2189
G1 X118.440 Y129.383 Z1.400 E185.2469
G1 X119.421 Y130.578 Z1.400 E185.2702
G1 X120.616 Y131.559 Z1.400 E185.2888
G1 X121.980 Y132.289 Z1.400 E185.3026
G1 X123.461 Y132.737 Z1.400 E185.3118
G1 X125.000 Y132.889 Z1.400 E185.3162
G1 X126.433 Y132.747 Z1.400 E185.3162
G1 F2400 E184.3162
G1 F300 Z1.600
G0 F3900 X126.480 Y133.245
G0 X125.000 Y133.491
G0 X121.750 Y132.844
G0 X118.996 Y131.003
G0 X117.155 Y128.249
G0 X116.789 Y126.408
G0 X115.832 Y117.123
G0 X115.755 Y117.059
;TYPE:WALL-INNER
;WIDTH:0.400
;FLOW:85.0
G1 F300 Z1.150
G1 F1500 E185.3162
G1 F2400 X116.574 Y116.252 Z1.164 E185.3185
G1 X117.393 Y115.446 Z1.179 E185.3232
G1 X118.894 Y114.422 Z1.201 E185.3364
G1 X120.538 Y113.631 Z1.224 E185.3555
G1 X122.279 Y113.093 Z1.247 E185.3805
G1 X124.089 Y112.821 Z1.270 E185.4115
G1 X125.910 Y112.821 Z1.293 E185.4483
G1 X127.256 Y113.023 Z1.310 E185.4790
G1 X128.363 Y113.329 Z1.324 E185.5072
G1 X129.471 Y113.635 Z1.338 E185.5379
G1 X131.105 Y114.422 Z1.361 E185.5920
G1 X132.612 Y115.451 Z1.384 E185.6523
G1 X133.557 Y116.327 Z1.400 E185.6978
G1 X133.954 Y116.695 Z1.400 E185.7170
G1 X135.091 Y118.120 Z1.400 E185.7814
G1 X136.004 Y119.701 Z1.400 E185.8459
G1 X136.670 Y121.399 Z1.400 E185.9104
G1 X137.076 Y123.182 Z1.400 E185.9750
G1 X137.213 Y125.000 Z1.400 E186.0394
G1 X137.076 Y126.817 Z1.400 E186.1038
G1 X136.670 Y128.600 Z1.400 E186.1684
G1 X136.004 Y130.298 Z1.400 E186.2329
G1 X135.091 Y131.879 Z1.400 E186.2974
G1 X133.954 Y133.304 Z1.400 E186.3618
G1 X132.612 Y134.548 Z1.400 E186.4265
G1 X131.105 Y135.577 Z1.400 E186.4910
G1 X129.461 Y136.368 Z1.400 E186.5555
G1 X127.720 Y136.906 Z1.400 E186.6199
G1 X125.910 Y137.178 Z1.400 E186.6845
G1 X124.089 Y137.178 Z1.400 E186.7489
G1 X122.279 Y136.906 Z1.400 E186.8136
G1 X120.538 Y136.368 Z1.400 E186.8780
G1 X118.894 Y135.577 Z1.400 E186.9424
G1 X117.387 Y134.548 Z1.400 E187.0069
G1 X116.045 Y133.304 Z1.400 E187.0716
G1 X114.908 Y131.879 Z1.400 E187.1360
G1 X113.995 Y130.298 Z1.400 E187.2005
G1 X113.329 Y128.600 Z1.400 E187.2650
G1 X112.923 Y126.817 Z1.400 E187.3296
G1 X112.786 Y125.000 Z1.400 E187.3940
G1 X112.923 Y123.182 Z1.400 E187.4584
G1 X113.329 Y121.399 Z1.400 E187.5230
G1 X113.995 Y119.701 Z1.400 E187.5875
G1 X114.908 Y118.120 Z1.400 E187.6520
G1 X115.755 Y117.059 Z1.400 E187.7000
G1 X116.574 Y116.252 Z1.400 E187.7383
G1 X117.393 Y115.446 Z1.400 E187.7742
G1 X118.894 Y114.422 Z1.400 E187.8252
G1 X120.538 Y113.631 Z1.400 E187.8706
G1 X122.279 Y113.093 Z1.400 E187.9100
G1 X124.089 Y112.821 Z1.400 E187.9436
G1 X125.910 Y112.821 Z1.400 E187.9712
G1 X127.256 Y113.023 Z1.400 E187.9886
G1 X128.363 Y113.329 Z1.400 E188.0010
G1 X129.471 Y113.635 Z1.400 E188.0110
G1 X131.105 Y114.422 Z1.400 E188.0209
G1 X132.612 Y115.451 Z1.400 E188.0251
G1 X133.557 Y116.327 Z1.400 E188.0251
G1 F2400 E187.0251
G1 F300 Z1.600
G0 F3900 X123.423 Y117.066
G0 X121.769 Y117.750
G0 X119.137 Y119.137
G1 F300 Z1.150
G1 F1500 E188.0251
G1 F2400 X118.106 Y120.393 Z1.170 E188.0298
G1 X117.339 Y121.826 Z1.191 E188.0391
G1 X116.868 Y123.383 Z1.211 E188.0531
G1 X116.708 Y125.000 Z1.231 E188.0718
G1 X116.868 Y126.616 Z1.252 E188.0951
G1 X117.339 Y128.173 Z1.272 E188.1231
G1 X118.106 Y129.606 Z1.292 E188.1558
G1 X119.137 Y130.862 Z1.313 E188.1931
G1 X120.393 Y131.893 Z1.333 E188.2351
G1 X121.826 Y132.660 Z1.353 E188.2818
G1 X123.383 Y133.131 Z1.373 E188.3332
G1 X125.000 Y133.291 Z1.394 E188.3892
G1 X125.492 Y133.242 Z1.400 E188.4067
G1 X126.616 Y133.131 Z1.400 E188.4466
G1 X128.173 Y132.660 Z1.400 E188.5041
G1 X129.606 Y131.893 Z1.400 E188.5615
G1 X130.862 Y130.862 Z1.400 E188.6189
G1 X131.893 Y129.606 Z1.400 E188.6764
G1 X132.660 Y128.173 Z1.400 E188.7338
G1 X133.131 Y126.616 Z1.400 E188.7913
G1 X133.291 Y125.000 Z1.400 E188.8487
G1 X133.131 Y123.383 Z1.400 E188.9061
G1 X132.660 Y121.826 Z1.400 E188.9636
G1 X131.893 Y120.393 Z1.400 E189.0210
G1 X130.862 Y119.137 Z1.400 E189.0784
G1 X129.606 Y118.106 Z1.400 E189.1359
G1 X128.173 Y117.339 Z1.400 E189.1933
G1 X126.610 Y116.865 Z1.400 E189.2510
G1 X124.796 Y116.727 Z1.400 E189.3153
G1 X123.383 Y116.868 Z1.400 E189.3655
G1 X121.826 Y117.339 Z1.400 E189.4230
G1 X120.393 Y118.106 Z1.400 E189.4804
G1 X119.137 Y119.137 Z1.400 E189.5378
G1 X118.106 Y120.393 Z1.400 E189.5906
G1 X117.339 Y121.826 Z1.400 E189.6387
G1 X116.868 Y123.383 Z1.400 E189.6822
G1 X116.708 Y125.000 Z1.400 E189.7209
G1 X116.868 Y126.616 Z1.400 E189.7550
G1 X117.339 Y128.173 Z1.400 E189.7844
G1 X118.106 Y129.606 Z1.400 E189.8092
G1 X119.137 Y130.862 Z1.400 E189.8293
G1 X120.393 Y131.893 Z1.400 E189.8447
G1 X121.826 Y132.660 Z1.400 E189.8555
G1 X123.383 Y133.131 Z1.400 E189.8616
G1 X125.000 Y133.291 Z1.400 E189.8630
G1 X125.492 Y133.242 Z1.400 E189.8630
;PRINTING_TIME: 309
;REMAINING_TIME: 671
;LAYER:6
;Z:1.650
;HEIGHT:0.250
;FLOW:100.0
;PRINTING: haibike.stl
;PRINTING_ID: 0
G1 F2400 E188.8630
G1 F300 Z1.850
G0 F3900 X125.500 Y133.342
G0 F300 Z1.650
G0 F3900 X128.249 Y132.844
G0 X131.003 Y131.003
G0 X132.844 Y128.249
G0 X133.491 Y125.000
G0 X132.844 Y121.750
G0 X131.354 Y119.520
G0 X128.311 Y117.003
;TYPE:FILL
;WIDTH:0.360
;FLOW:85.0
G1 F300 Z1.650
G1 F1500 E189.8630
G1 F3600 X127.547 Y116.772 E189.8884
G1 X126.979 Y115.574 E189.9306
G1 X123.942 Y113.218 E190.0528
G1 X123.936 Y113.208 E190.0532
G1 X123.417 Y113.286 E190.0699
G1 X122.360 Y113.445 E190.1039
G1 X120.669 Y113.967 E190.1602
G1 X119.074 Y114.735 E190.2165
G1 X117.636 Y115.716 E190.2718
G1 X116.021 Y117.456 E190.3473
G1 X116.631 Y117.930 E190.3719
G1 X117.973 Y119.987 E190.4500
G1 X117.805 Y120.192 E190.4584
G1 X117.003 Y121.688 E190.5124
G1 X116.514 Y123.309 E190.5663
G1 X116.346 Y125.002 E190.6204
G1 X116.427 Y125.820 E190.6465
G1 X115.938 Y126.177 E190.6658
G1 X115.165 Y126.766 E190.6967
G1 X114.518 Y127.355 E190.7245
G1 X113.995 Y127.944 E190.7496
G1 X113.657 Y128.420 E190.7681
G1 X113.673 Y128.488 E190.7704
G1 X114.322 Y130.144 E190.8269
G1 X115.206 Y131.675 E190.8832
G1 X116.311 Y133.061 E190.9395
G1 X116.960 Y133.663 E190.9677
G1 X117.612 Y134.266 E190.9959
G1 X118.395 Y134.800 E191.0261
G1 X119.075 Y135.264 E191.0523
G1 X120.669 Y136.032 E191.1085
G1 X122.360 Y136.554 E191.1648
G1 X123.417 Y136.713 E191.1988
G1 X124.119 Y136.818 E191.2214
G1 X125.880 Y136.818 E191.2774
G1 X126.582 Y136.713 E191.3000
G1 X127.639 Y136.554 E191.3340
G1 X127.945 Y136.460 E191.3442
G1 X126.979 Y134.424 E191.4158
G1 X125.873 Y133.566 E191.4604
G1 X126.689 Y133.485 E191.4864
G1 X128.311 Y132.996 E191.5403
G1 X129.795 Y132.200 E191.5939
G1 X129.808 Y132.194 E191.5943
G1 X129.814 Y132.190 E191.5946
G1 X129.819 Y132.185 E191.5948
G1 X131.119 Y131.117 E191.6483
G1 X131.565 Y130.574 E191.6706
G1 X131.468 Y130.890 E191.6812
G1 X131.326 Y132.068 E191.7189
G1 X132.373 Y134.275 E191.7966
G1 X132.387 Y134.266 E191.7971
G1 X133.039 Y133.663 E191.8254
G1 X133.688 Y133.061 E191.8535
G1 X134.793 Y131.675 E191.9099
G1 X135.677 Y130.144 E191.9661
G1 X136.326 Y128.488 E192.0227
G1 X136.720 Y126.763 E192.0790
G1 X136.852 Y124.998 E192.1353
G1 X136.791 Y124.183 E192.1613
G1 X136.404 Y124.999 E192.1900
G1 X134.787 Y126.177 E192.2536
G1 X134.015 Y126.766 E192.2845
G1 X133.367 Y127.355 E192.3123
G1 X133.242 Y127.496 E192.3183
G1 X133.485 Y126.689 E192.3451
G1 X133.653 Y124.998 E192.3992
G1 X133.485 Y123.309 E192.4532
G1 X132.996 Y121.688 E192.5070
G1 X132.194 Y120.192 E192.5610
G1 X131.117 Y118.880 E192.6150
G1 X130.170 Y118.103 E192.6540
G1 X129.819 Y117.814 E192.6684
G1 X129.814 Y117.809 E192.6686
G1 X129.808 Y117.805 E192.6689
G1 X129.795 Y117.799 E192.6693
G1 X128.311 Y117.003 E192.7229
G1 F2400 E191.7229
G1 F300 Z1.850
G0 F3900 X117.138 Y115.135
;TYPE:WALL-OUTER
;WIDTH:0.400
;FLOW:95.0
G1 F300 Z1.400
G1 F1500 E192.7229
G1 F2400 X118.693 Y114.075 Z1.424 E192.7299
G1 X120.391 Y113.258 Z1.447 E192.7439
G1 X122.190 Y112.702 Z1.471 E192.7649
G1 X124.059 Y112.421 Z1.494 E192.7930
G1 X125.940 Y112.421 Z1.518 E192.8280
G1 X127.250 Y112.618 Z1.534 E192.8561
G1 X128.430 Y112.938 Z1.550 E192.8850
G1 X129.611 Y113.259 Z1.565 E192.9169
G1 X131.306 Y114.075 Z1.588 E192.9729
G1 X132.862 Y115.137 Z1.612 E193.0360
G1 X134.248 Y116.422 Z1.636 E193.1063
G1 X134.967 Y117.323 Z1.650 E193.1519
G1 X135.422 Y117.894 Z1.650 E193.1807
G1 X136.365 Y119.527 Z1.650 E193.2552
G1 X137.053 Y121.281 Z1.650 E193.3296
G1 X137.473 Y123.122 Z1.650 E193.4042
G1 X137.614 Y125.000 Z1.650 E193.4786
G1 X137.473 Y126.877 Z1.650 E193.5529
G1 X137.053 Y128.718 Z1.650 E193.6275
G1 X136.365 Y130.472 Z1.650 E193.7019
G1 X135.422 Y132.105 Z1.650 E193.7764
G1 X134.248 Y133.577 Z1.650 E193.8507
G1 X132.862 Y134.862 Z1.650 E193.9254
G1 X131.306 Y135.924 Z1.650 E193.9998
G1 X129.608 Y136.741 Z1.650 E194.0742
G1 X127.809 Y137.297 Z1.650 E194.1486
G1 X125.940 Y137.578 Z1.650 E194.2232
G1 X124.059 Y137.578 Z1.650 E194.2975
G1 X122.190 Y137.297 Z1.650 E194.3722
G1 X120.391 Y136.741 Z1.650 E194.4466
G1 X118.693 Y135.924 Z1.650 E194.5210
G1 X117.137 Y134.862 Z1.650 E194.5954
G1 X115.751 Y133.577 Z1.650 E194.6700
G1 X114.577 Y132.105 Z1.650 E194.7444
G1 X113.634 Y130.472 Z1.650 E194.8189
G1 X112.946 Y128.718 Z1.650 E194.8933
G1 X112.526 Y126.877 Z1.650 E194.9679
G1 X112.385 Y125.000 Z1.650 E195.0422
G1 X112.526 Y123.122 Z1.650 E195.1166
G1 X112.946 Y121.281 Z1.650 E195.1912
G1 X113.634 Y119.527 Z1.650 E195.2656
G1 X114.577 Y117.894 Z1.650 E195.3401
G1 X117.138 Y115.135 Z1.650 E195.4888
G1 X118.693 Y114.075 Z1.650 E195.5561
G1 X120.391 Y113.258 Z1.650 E195.6165
G1 X122.190 Y112.702 Z1.650 E195.6699
G1 X124.059 Y112.421 Z1.650 E195.7164
G1 X125.940 Y112.421 Z1.650 E195.7557
G1 X127.250 Y112.618 Z1.650 E195.7799
G1 X128.430 Y112.938 Z1.650 E195.7993
G1 X129.611 Y113.259 Z1.650 E195.8157
G1 X131.306 Y114.075 Z1.650 E195.8340
G1 X132.862 Y115.137 Z1.650 E195.8454
G1 X134.248 Y116.422 Z1.650 E195.8497
G1 X134.967 Y117.323 Z1.650 E195.8497
G1 F2400 E194.8497
G1 F300 Z1.850
G0 F3900 X134.575 Y117.634
G0 X124.755 Y116.532
G0 X121.750 Y117.155
G0 X121.335 Y117.377
G0 X119.036 Y119.104
G0 X119.421 Y119.421
G1 F300 Z1.400
G1 F1500 E195.8497
G1 F2400 X118.440 Y120.616 Z1.419 E195.8544
G1 X117.710 Y121.980 Z1.439 E195.8638
G1 X117.262 Y123.461 Z1.458 E195.8780
G1 X117.110 Y125.000 Z1.477 E195.8969
G1 X117.262 Y126.538 Z1.497 E195.9205
G1 X117.710 Y128.019 Z1.516 E195.9489
G1 X118.440 Y129.383 Z1.535 E195.9820
G1 X119.421 Y130.578 Z1.555 E196.0197
G1 X120.616 Y131.559 Z1.574 E196.0622
G1 X121.980 Y132.289 Z1.593 E196.1095
G1 X123.461 Y132.737 Z1.613 E196.1615
G1 X125.000 Y132.889 Z1.632 E196.2181
G1 X126.433 Y132.747 Z1.650 E196.2750
G1 X126.538 Y132.737 Z1.650 E196.2792
G1 X128.019 Y132.289 Z1.650 E196.3403
G1 X129.383 Y131.559 Z1.650 E196.4014
G1 X130.578 Y130.578 Z1.650 E196.4625
G1 X131.559 Y129.383 Z1.650 E196.5235
G1 X132.289 Y128.019 Z1.650 E196.5846
G1 X132.737 Y126.538 Z1.650 E196.6457
G1 X132.889 Y125.000 Z1.650 E196.7068
G1 X132.737 Y123.461 Z1.650 E196.7679
G1 X132.289 Y121.980 Z1.650 E196.8290
G1 X131.559 Y120.616 Z1.650 E196.8901
G1 X130.578 Y119.421 Z1.650 E196.9511
G1 X129.383 Y118.440 Z1.650 E197.0122
G1 X128.019 Y117.710 Z1.650 E197.0733
G1 X126.536 Y117.261 Z1.650 E197.1345
G1 X124.762 Y117.133 Z1.650 E197.2048
G1 X123.461 Y117.262 Z1.650 E197.2564
G1 X121.980 Y117.710 Z1.650 E197.3175
G1 X120.616 Y118.440 Z1.650 E197.3786
G1 X119.421 Y119.421 Z1.650 E197.4397
G1 X118.440 Y120.616 Z1.650 E197.4960
G1 X117.710 Y121.980 Z1.650 E197.5477
G1 X117.262 Y123.461 Z1.650 E197.5946
G1 X117.110 Y125.000 Z1.650 E197.6368
G1 X117.262 Y126.538 Z1.650 E197.6742
G1 X117.710 Y128.019 Z1.650 E197.7070
G1 X118.440 Y129.383 Z1.650 E197.7350
G1 X119.421 Y130.578 Z1.650 E197.7583
G1 X120.616 Y131.559 Z1.650 E197.7769
G1 X121.980 Y132.289 Z1.650 E197.7907
G1 X123.461 Y132.737 Z1.650 E197.7999
G1 X125.000 Y132.889 Z1.650 E197.8043
G1 X126.433 Y132.747 Z1.650 E197.8043
G1 F2400 E196.8043
G1 F300 Z1.850
G0 F3900 X126.480 Y133.245
G0 X125.000 Y133.491
G0 X121.750 Y132.844
G0 X118.996 Y131.003
G0 X117.155 Y128.249
G0 X116.632 Y125.618
G0 X117.465 Y115.517
G0 X117.401 Y115.440
;TYPE:WALL-INNER
;WIDTH:0.400
;FLOW:85.0
G1 F300 Z1.400
G1 F1500 E197.8043
G1 F2400 X118.893 Y114.422 Z1.423 E197.8100
G1 X120.538 Y113.631 Z1.445 E197.8217
G1 X122.279 Y113.093 Z1.468 E197.8393
G1 X124.089 Y112.821 Z1.491 E197.8628
G1 X125.910 Y112.821 Z1.514 E197.8921
G1 X127.168 Y113.010 Z1.530 E197.9155
G1 X128.319 Y113.322 Z1.545 E197.9398
G1 X129.471 Y113.635 Z1.560 E197.9668
G1 X131.105 Y114.422 Z1.582 E198.0135
G1 X132.612 Y115.451 Z1.605 E198.0664
G1 X133.954 Y116.695 Z1.628 E198.1253
G1 X135.056 Y118.077 Z1.650 E198.1878
G1 X135.091 Y118.120 Z1.650 E198.1897
G1 X136.004 Y119.701 Z1.650 E198.2543
G1 X136.670 Y121.399 Z1.650 E198.3187
G1 X137.076 Y123.182 Z1.650 E198.3833
G1 X137.213 Y125.000 Z1.650 E198.4478
G1 X137.076 Y126.817 Z1.650 E198.5122
G1 X136.670 Y128.600 Z1.650 E198.5768
G1 X136.004 Y130.298 Z1.650 E198.6412
G1 X135.091 Y131.879 Z1.650 E198.7058
G1 X133.954 Y133.304 Z1.650 E198.7702
G1 X132.612 Y134.548 Z1.650 E198.8348
G1 X131.105 Y135.577 Z1.650 E198.8993
G1 X129.461 Y136.368 Z1.650 E198.9638
G1 X127.720 Y136.906 Z1.650 E199.0282
G1 X125.910 Y137.178 Z1.650 E199.0929
G1 X124.089 Y137.178 Z1.650 E199.1572
G1 X122.279 Y136.906 Z1.650 E199.2219
G1 X120.538 Y136.368 Z1.650 E199.2863
G1 X118.894 Y135.577 Z1.650 E199.3508
G1 X117.387 Y134.548 Z1.650 E199.4153
G1 X116.045 Y133.304 Z1.650 E199.4799
G1 X114.908 Y131.879 Z1.650 E199.5444
G1 X113.995 Y130.298 Z1.650 E199.6089
G1 X113.329 Y128.600 Z1.650 E199.6733
G1 X112.923 Y126.817 Z1.650 E199.7380
G1 X112.786 Y125.000 Z1.650 E199.8023
G1 X112.923 Y123.182 Z1.650 E199.8668
G1 X113.329 Y121.399 Z1.650 E199.9314
G1 X113.995 Y119.701 Z1.650 E199.9959
G1 X114.901 Y118.133 Z1.650 E200.0599
G1 X117.401 Y115.440 Z1.650 E200.1897
G1 X118.893 Y114.422 Z1.650 E200.2478
G1 X120.538 Y113.631 Z1.650 E200.3006
G1 X122.279 Y113.093 Z1.650 E200.3474
G1 X124.089 Y112.821 Z1.650 E200.3885
G1 X125.910 Y112.821 Z1.650 E200.4236
G1 X127.168 Y113.010 Z1.650 E200.4452
G1 X128.319 Y113.322 Z1.650 E200.4630
G1 X129.471 Y113.635 Z1.650 E200.4782
G1 X131.105 Y114.422 Z1.650 E200.4956
G1 X132.612 Y115.451 Z1.650 E200.5072
G1 X133.954 Y116.695 Z1.650 E200.5129
G1 X135.056 Y118.077 Z1.650 E200.5129
G1 F2400 E199.5129
G1 F300 Z1.850
G0 F3900 X128.249 Y117.155
G0 X124.755 Y116.532
G0 X121.750 Y117.155
G0 X121.335 Y117.377
G0 X119.054 Y119.081
G0 X119.137 Y119.137
G1 F300 Z1.400
G1 F1500 E200.5129
G1 F2400 X118.106 Y120.393 Z1.420 E200.5176
G1 X117.339 Y121.826 Z1.441 E200.5269
G1 X116.868 Y123.383 Z1.461 E200.5409
G1 X116.708 Y125.000 Z1.481 E200.5596
G1 X116.868 Y126.616 Z1.502 E200.5829
G1 X117.339 Y128.173 Z1.522 E200.6110
G1 X118.106 Y129.606 Z1.542 E200.6436
G1 X119.137 Y130.862 Z1.563 E200.6810
G1 X120.393 Y131.893 Z1.583 E200.7230
G1 X121.826 Y132.660 Z1.603 E200.7697
G1 X123.383 Y133.131 Z1.623 E200.8210
G1 X125.000 Y133.291 Z1.644 E200.8770
G1 X125.492 Y133.242 Z1.650 E200.8945
G1 X126.616 Y133.131 Z1.650 E200.9344
G1 X128.173 Y132.660 Z1.650 E200.9919
G1 X129.606 Y131.893 Z1.650 E201.0494
G1 X130.862 Y130.862 Z1.650 E201.1068
G1 X131.893 Y129.606 Z1.650 E201.1642
G1 X132.660 Y128.173 Z1.650 E201.2216
G1 X133.131 Y126.616 Z1.650 E201.2791
G1 X133.291 Y125.000 Z1.650 E201.3365
G1 X133.131 Y123.383 Z1.650 E201.3939
G1 X132.660 Y121.826 Z1.650 E201.4514
G1 X131.893 Y120.393 Z1.650 E201.5089
G1 X130.862 Y119.137 Z1.650 E201.5663
G1 X129.606 Y118.106 Z1.650 E201.6237
G1 X128.173 Y117.339 Z1.650 E201.6811
G1 X126.609 Y116.865 Z1.650 E201.7389
G1 X124.757 Y116.732 Z1.650 E201.8045
G1 X123.383 Y116.868 Z1.650 E201.8533
G1 X121.826 Y117.339 Z1.650 E201.9108
G1 X120.393 Y118.106 Z1.650 E201.9682
G1 X119.137 Y119.137 Z1.650 E202.0257
G1 X118.106 Y120.393 Z1.650 E202.0784
G1 X117.339 Y121.826 Z1.650 E202.1265
G1 X116.868 Y123.383 Z1.650 E202.1700
G1 X116.708 Y125.000 Z1.650 E202.2087
G1 X116.868 Y126.616 Z1.650 E202.2428
G1 X117.339 Y128.173 Z1.650 E202.2723
G1 X118.106 Y129.606 Z1.650 E202.2970
G1 X119.137 Y130.862 Z1.650 E202.3171
G1 X120.393 Y131.893 Z1.650 E202.3325
G1 X121.826 Y132.660 Z1.650 E202.3433
G1 X123.383 Y133.131 Z1.650 E202.3494
G1 X125.000 Y133.291 Z1.650 E202.3508
G1 X125.492 Y133.242 Z1.650 E202.3508
;PRINTING_TIME: 326
;REMAINING_TIME: 653
;LAYER:7
;Z:1.900
;HEIGHT:0.250
;FLOW:100.0
;PRINTING: haibike.stl
;PRINTING_ID: 0
G1 F2400 E201.3508
G1 F300 Z2.100
G0 F3900 X125.500 Y133.342
G0 F300 Z1.900
G0 F3900 X123.345 Y133.327
G0 X120.282 Y132.059
G0 X117.940 Y129.717
G0 X116.672 Y126.654
G0 X116.672 Y123.676
G0 X118.004 Y119.949
;TYPE:FILL
;WIDTH:0.360
;FLOW:85.0
G1 F300 Z1.900
G1 F1500 E202.3508
G1 F3600 X118.880 Y118.882 E202.3947
G1 X119.829 Y118.103 E202.4338
G1 X120.180 Y117.814 E202.4482
G1 X120.185 Y117.809 E202.4485
G1 X120.191 Y117.805 E202.4487
G1 X120.204 Y117.799 E202.4491
G1 X121.688 Y117.003 E202.5027
G1 X123.310 Y116.514 E202.5566
G1 X124.703 Y116.375 E202.6011
G1 X124.721 Y116.375 E202.6017
G1 X126.660 Y116.508 E202.6635
G1 X126.671 Y116.508 E202.6638
G1 X126.674 Y116.509 E202.6639
G1 X126.675 Y116.509 E202.6640
G1 X126.686 Y116.513 E202.6644
G1 X127.974 Y116.901 E202.7071
G1 X127.473 Y115.574 E202.7522
G1 X124.042 Y113.218 E202.8846
G1 X124.025 Y113.195 E202.8855
G1 X124.119 Y113.181 E202.8886
G1 X125.881 Y113.181 E202.9446
G1 X127.006 Y113.351 E202.9808
G1 X129.346 Y113.975 E203.0578
G1 X130.924 Y114.735 E203.1135
G1 X131.879 Y115.387 E203.1503
G1 X131.950 Y115.574 E203.1566
G1 X132.976 Y116.278 E203.1962
G1 X133.039 Y116.337 E203.1990
G1 X133.688 Y116.938 E203.2271
G1 X134.793 Y118.324 E203.2835
G1 X135.677 Y119.855 E203.3397
G1 X136.326 Y121.511 E203.3963
G1 X136.720 Y123.236 E203.4526
G1 X136.852 Y124.998 E203.5087
G1 X136.850 Y125.030 E203.5098
G1 X135.073 Y126.177 E203.5770
G1 X134.193 Y126.766 E203.6107
G1 X133.466 Y127.355 E203.6405
G1 X133.204 Y127.620 E203.6523
G1 X132.996 Y128.311 E203.6753
G1 X132.200 Y129.798 E203.7289
G1 X132.188 Y129.815 E203.7296
G1 X131.307 Y130.889 E203.7738
G1 X131.306 Y130.890 E203.7738
G1 X131.061 Y132.068 E203.8121
G1 X131.950 Y134.424 E203.8922
G1 X132.052 Y134.494 E203.8961
G1 X131.604 Y134.800 E203.9134
G1 X130.924 Y135.264 E203.9395
G1 X129.330 Y136.032 E203.9958
G1 X128.210 Y136.378 E204.0331
G1 X127.473 Y134.424 E204.0995
G1 X126.179 Y133.536 E204.1494
G1 X125.000 Y133.653 E204.1871
G1 X123.310 Y133.485 E204.2411
G1 X121.688 Y132.996 E204.2950
G1 X120.204 Y132.200 E204.3486
G1 X120.191 Y132.194 E204.3490
G1 X120.185 Y132.190 E204.3493
G1 X120.180 Y132.185 E204.3495
G1 X118.880 Y131.117 E204.4030
G1 X117.811 Y129.815 E204.4566
G1 X117.799 Y129.798 E204.4572
G1 X117.003 Y128.311 E204.5109
G1 X116.514 Y126.689 E204.5648
G1 X116.449 Y126.031 E204.5858
G1 X116.223 Y126.177 E204.5943
G1 X115.344 Y126.766 E204.6280
G1 X114.617 Y127.355 E204.6578
G1 X114.035 Y127.944 E204.6841
G1 X113.658 Y128.423 E204.7035
G1 X113.279 Y126.763 E204.7576
G1 X113.147 Y124.998 E204.8139
G1 X113.279 Y123.236 E204.8701
G1 X113.673 Y121.511 E204.9264
G1 X114.322 Y119.855 E204.9830
G1 X115.194 Y118.347 E205.0384
G1 X115.951 Y117.531 E205.0738
G1 X116.532 Y117.930 E205.0962
G1 X118.004 Y119.949 E205.1757
G1 F2400 E204.1757
G1 F300 Z2.100
G0 F3900 X117.139 Y115.135
;TYPE:WALL-OUTER
;WIDTH:0.400
;FLOW:95.0
G1 F300 Z1.650
G1 F1500 E205.1757
G1 F2400 X118.693 Y114.075 Z1.674 E205.1826
G1 X120.391 Y113.258 Z1.697 E205.1967
G1 X122.190 Y112.702 Z1.721 E205.2177
G1 X124.059 Y112.421 Z1.744 E205.2458
G1 X125.940 Y112.421 Z1.768 E205.2808
G1 X127.158 Y112.605 Z1.783 E205.3067
G1 X128.384 Y112.932 Z1.799 E205.3366
G1 X129.611 Y113.259 Z1.815 E205.3696
G1 X131.306 Y114.075 Z1.838 E205.4256
G1 X132.862 Y115.137 Z1.862 E205.4887
G1 X134.248 Y116.422 Z1.886 E205.5590
G1 X134.968 Y117.324 Z1.900 E205.6046
G1 X135.422 Y117.894 Z1.900 E205.6334
G1 X136.365 Y119.527 Z1.900 E205.7079
G1 X137.053 Y121.281 Z1.900 E205.7823
G1 X137.473 Y123.122 Z1.900 E205.8569
G1 X137.614 Y125.000 Z1.900 E205.9313
G1 X137.473 Y126.877 Z1.900 E206.0056
G1 X137.053 Y128.718 Z1.900 E206.0802
G1 X136.365 Y130.472 Z1.900 E206.1546
G1 X135.422 Y132.105 Z1.900 E206.2291
G1 X134.248 Y133.577 Z1.900 E206.3035
G1 X132.862 Y134.862 Z1.900 E206.3781
G1 X131.306 Y135.924 Z1.900 E206.4525
G1 X129.608 Y136.741 Z1.900 E206.5269
G1 X127.809 Y137.297 Z1.900 E206.6013
G1 X125.940 Y137.578 Z1.900 E206.6760
G1 X124.059 Y137.578 Z1.900 E206.7502
G1 X122.190 Y137.297 Z1.900 E206.8249
G1 X120.391 Y136.741 Z1.900 E206.8993
G1 X118.693 Y135.924 Z1.900 E206.9737
G1 X117.137 Y134.862 Z1.900 E207.0481
G1 X115.751 Y133.577 Z1.900 E207.1227
G1 X114.577 Y132.105 Z1.900 E207.1971
G1 X113.634 Y130.472 Z1.900 E207.2716
G1 X112.946 Y128.718 Z1.900 E207.3460
G1 X112.526 Y126.877 Z1.900 E207.4206
G1 X112.385 Y125.000 Z1.900 E207.4949
G1 X112.526 Y123.122 Z1.900 E207.5693
G1 X112.946 Y121.281 Z1.900 E207.6439
G1 X113.634 Y119.527 Z1.900 E207.7183
G1 X114.577 Y117.894 Z1.900 E207.7928
G1 X117.139 Y115.135 Z1.900 E207.9415
G1 X118.693 Y114.075 Z1.900 E208.0088
G1 X120.391 Y113.258 Z1.900 E208.0692
G1 X122.190 Y112.702 Z1.900 E208.1226
G1 X124.059 Y112.421 Z1.900 E208.1691
G1 X125.940 Y112.421 Z1.900 E208.2084
G1 X127.158 Y112.605 Z1.900 E208.2311
G1 X128.384 Y112.932 Z1.900 E208.2514
G1 X129.611 Y113.259 Z1.900 E208.2685
G1 X131.306 Y114.075 Z1.900 E208.2868
G1 X132.862 Y115.137 Z1.900 E208.2981
G1 X134.248 Y116.422 Z1.900 E208.3024
G1 X134.968 Y117.324 Z1.900 E208.3024
G1 F2400 E207.3024
G1 F300 Z2.100
G0 F3900 X134.577 Y117.635
G0 X124.714 Y116.536
G0 X121.750 Y117.155
G0 X121.335 Y117.377
G0 X119.036 Y119.104
G0 X119.421 Y119.421
G1 F300 Z1.650
G1 F1500 E208.3024
G1 F2400 X118.440 Y120.616 Z1.669 E208.3071
G1 X117.710 Y121.980 Z1.689 E208.3166
G1 X117.262 Y123.461 Z1.708 E208.3308
G1 X117.110 Y125.000 Z1.727 E208.3497
G1 X117.262 Y126.538 Z1.747 E208.3733
G1 X117.710 Y128.019 Z1.766 E208.4016
G1 X118.440 Y129.383 Z1.785 E208.4347
G1 X119.421 Y130.578 Z1.805 E208.4725
G1 X120.616 Y131.559 Z1.824 E208.5150
G1 X121.980 Y132.289 Z1.843 E208.5622
G1 X123.461 Y132.737 Z1.863 E208.6142
G1 X125.000 Y132.889 Z1.882 E208.6709
G1 X126.433 Y132.747 Z1.900 E208.7278
G1 X126.538 Y132.737 Z1.900 E208.7319
G1 X128.019 Y132.289 Z1.900 E208.7930
G1 X129.383 Y131.559 Z1.900 E208.8541
G1 X130.578 Y130.578 Z1.900 E208.9152
G1 X131.559 Y129.383 Z1.900 E208.9763
G1 X132.289 Y128.019 Z1.900 E209.0374
G1 X132.737 Y126.538 Z1.900 E209.0985
G1 X132.889 Y125.000 Z1.900 E209.1595
G1 X132.737 Y123.461 Z1.900 E209.2206
G1 X132.289 Y121.980 Z1.900 E209.2817
G1 X131.559 Y120.616 Z1.900 E209.3428
G1 X130.578 Y119.421 Z1.900 E209.4039
G1 X129.383 Y118.440 Z1.900 E209.4650
G1 X128.019 Y117.710 Z1.900 E209.5261
G1 X126.535 Y117.261 Z1.900 E209.5873
G1 X124.723 Y117.137 Z1.900 E209.6590
G1 X123.461 Y117.262 Z1.900 E209.7091
G1 X121.980 Y117.710 Z1.900 E209.7702
G1 X120.616 Y118.440 Z1.900 E209.8313
G1 X119.421 Y119.421 Z1.900 E209.8924
G1 X118.440 Y120.616 Z1.900 E209.9487
G1 X117.710 Y121.980 Z1.900 E210.0004
G1 X117.262 Y123.461 Z1.900 E210.0473
G1 X117.110 Y125.000 Z1.900 E210.0895
G1 X117.262 Y126.538 Z1.900 E210.1270
G1 X117.710 Y128.019 Z1.900 E210.1597
G1 X118.440 Y129.383 Z1.900 E210.1877
G1 X119.421 Y130.578 Z1.900 E210.2110
G1 X120.616 Y131.559 Z1.900 E210.2296
G1 X121.980 Y132.289 Z1.900 E210.2434
G1 X123.461 Y132.737 Z1.900 E210.2526
G1 X125.000 Y132.889 Z1.900 E210.2570
G1 X126.433 Y132.747 Z1.900 E210.2570
G1 F2400 E209.2570
G1 F300 Z2.100
G0 F3900 X126.480 Y133.245
G0 X125.000 Y133.491
G0 X121.750 Y132.844
G0 X118.996 Y131.003
G0 X117.155 Y128.249
G0 X116.632 Y125.618
G0 X117.466 Y115.517
G0 X117.402 Y115.440
;TYPE:WALL-INNER
;WIDTH:0.400
;FLOW:85.0
G1 F300 Z1.650
G1 F1500 E210.2570
G1 F2400 X118.894 Y114.422 Z1.673 E210.2627
G1 X120.538 Y113.631 Z1.695 E210.2744
G1 X122.279 Y113.093 Z1.718 E210.2920
G1 X124.089 Y112.821 Z1.741 E210.3156
G1 X125.910 Y112.821 Z1.764 E210.3448
G1 X127.076 Y112.997 Z1.779 E210.3663
G1 X128.273 Y113.316 Z1.794 E210.3915
G1 X129.471 Y113.636 Z1.810 E210.4195
G1 X131.105 Y114.422 Z1.832 E210.4662
G1 X132.612 Y115.451 Z1.855 E210.5190
G1 X133.954 Y116.695 Z1.878 E210.5780
G1 X135.057 Y118.078 Z1.900 E210.6405
G1 X135.091 Y118.120 Z1.900 E210.6424
G1 X136.004 Y119.701 Z1.900 E210.7069
G1 X136.670 Y121.399 Z1.900 E210.7714
G1 X137.076 Y123.182 Z1.900 E210.8360
G1 X137.213 Y125.000 Z1.900 E210.9004
G1 X137.076 Y126.817 Z1.900 E210.9648
G1 X136.670 Y128.600 Z1.900 E211.0294
G1 X136.004 Y130.298 Z1.900 E211.0939
G1 X135.091 Y131.879 Z1.900 E211.1584
G1 X133.954 Y133.304 Z1.900 E211.2228
G1 X132.612 Y134.548 Z1.900 E211.2875
G1 X131.105 Y135.577 Z1.900 E211.3520
G1 X129.461 Y136.368 Z1.900 E211.4165
G1 X127.720 Y136.906 Z1.900 E211.4809
G1 X125.910 Y137.178 Z1.900 E211.5455
G1 X124.089 Y137.178 Z1.900 E211.6099
G1 X122.279 Y136.906 Z1.900 E211.6746
G1 X120.538 Y136.368 Z1.900 E211.7390
G1 X118.894 Y135.577 Z1.900 E211.8034
G1 X117.387 Y134.548 Z1.900 E211.8679
G1 X116.045 Y133.304 Z1.900 E211.9326
G1 X114.908 Y131.879 Z1.900 E211.9970
G1 X113.995 Y130.298 Z1.900 E212.0615
G1 X113.329 Y128.600 Z1.900 E212.1260
G1 X112.923 Y126.817 Z1.900 E212.1906
G1 X112.786 Y125.000 Z1.900 E212.2550
G1 X112.923 Y123.182 Z1.900 E212.3194
G1 X113.329 Y121.399 Z1.900 E212.3841
G1 X113.995 Y119.701 Z1.900 E212.4485
G1 X114.901 Y118.133 Z1.900 E212.5125
G1 X117.402 Y115.440 Z1.900 E212.6424
G1 X118.894 Y114.422 Z1.900 E212.7004
G1 X120.538 Y113.631 Z1.900 E212.7532
G1 X122.279 Y113.093 Z1.900 E212.8001
G1 X124.089 Y112.821 Z1.900 E212.8412
G1 X125.910 Y112.821 Z1.900 E212.8762
G1 X127.076 Y112.997 Z1.900 E212.8965
G1 X128.273 Y113.316 Z1.900 E212.9150
G1 X129.471 Y113.636 Z1.900 E212.9309
G1 X131.105 Y114.422 Z1.900 E212.9483
G1 X132.612 Y115.451 Z1.900 E212.9599
G1 X133.954 Y116.695 Z1.900 E212.9656
G1 X135.057 Y118.078 Z1.900 E212.9656
G1 F2400 E211.9656
G1 F300 Z2.100
G0 F3900 X130.160 Y118.383
G0 X128.249 Y117.155
G0 X126.642 Y116.669
G0 X123.345 Y116.672
G0 X120.865 Y117.698
G0 X119.054 Y119.081
G0 X119.137 Y119.137
G1 F300 Z1.650
G1 F1500 E212.9656
G1 F2400 X118.106 Y120.393 Z1.670 E212.9703
G1 X117.339 Y121.826 Z1.691 E212.9796
G1 X116.868 Y123.383 Z1.711 E212.9936
G1 X116.708 Y125.000 Z1.731 E213.0123
G1 X116.868 Y126.616 Z1.752 E213.0356
G1 X117.339 Y128.173 Z1.772 E213.0636
G1 X118.106 Y129.606 Z1.792 E213.0963
G1 X119.137 Y130.862 Z1.813 E213.1337
G1 X120.393 Y131.893 Z1.833 E213.1757
G1 X121.826 Y132.660 Z1.853 E213.2223
G1 X123.383 Y133.131 Z1.873 E213.2737
G1 X125.000 Y133.291 Z1.894 E213.3297
G1 X125.492 Y133.242 Z1.900 E213.3472
G1 X126.616 Y133.131 Z1.900 E213.3871
G1 X128.173 Y132.660 Z1.900 E213.4446
G1 X129.606 Y131.893 Z1.900 E213.5020
G1 X130.862 Y130.862 Z1.900 E213.5595
G1 X131.893 Y129.606 Z1.900 E213.6169
G1 X132.660 Y128.173 Z1.900 E213.6743
G1 X133.131 Y126.616 Z1.900 E213.7318
G1 X133.291 Y125.000 Z1.900 E213.7892
G1 X133.131 Y123.383 Z1.900 E213.8466
G1 X132.660 Y121.826 Z1.900 E213.9041
G1 X131.893 Y120.393 Z1.900 E213.9615
G1 X130.862 Y119.137 Z1.900 E214.0190
G1 X129.606 Y118.106 Z1.900 E214.0764
G1 X128.173 Y117.339 Z1.900 E214.1338
G1 X126.607 Y116.865 Z1.900 E214.1916
G1 X124.717 Y116.736 Z1.900 E214.2586
G1 X123.383 Y116.868 Z1.900 E214.3060
G1 X121.826 Y117.339 Z1.900 E214.3634
G1 X120.393 Y118.106 Z1.900 E214.4209
G1 X119.137 Y119.137 Z1.900 E214.4783
G1 X118.106 Y120.393 Z1.900 E214.5311
G1 X117.339 Y121.826 Z1.900 E214.5792
G1 X116.868 Y123.383 Z1.900 E214.6226
G1 X116.708 Y125.000 Z1.900 E214.6614
G1 X116.868 Y126.616 Z1.900 E214.6955
G1 X117.339 Y128.173 Z1.900 E214.7249
G1 X118.106 Y129.606 Z1.900 E214.7497
G1 X119.137 Y130.862 Z1.900 E214.7698
G1 X120.393 Y131.893 Z1.900 E214.7852
G1 X121.826 Y132.660 Z1.900 E214.7960
G1 X123.383 Y133.131 Z1.900 E214.8021
G1 X125.000 Y133.291 Z1.900 E214.8035
G1 X125.492 Y133.242 Z1.900 E214.8035
;PRINTING_TIME: 343
;REMAINING_TIME: 636
;LAYER:8
;Z:2.150
;HEIGHT:0.250
;FLOW:100.0
;PRINTING: haibike.stl
;PRINTING_ID: 0
G1 F2400 E213.8035
G1 F300 Z2.350
G0 F3900 X125.500 Y133.342
G0 F300 Z2.150
G0 F3900 X123.345 Y133.327
G0 X120.282 Y132.059
G0 X117.940 Y129.717
G0 X116.672 Y126.654
G0 X116.672 Y123.345
G0 X118.039 Y119.906
;TYPE:FILL
;WIDTH:0.360
;FLOW:85.0
G1 F300 Z2.150
G1 F1500 E214.8035
G1 F3600 X116.436 Y117.930 E214.8844
G1 X115.811 Y117.565 E214.9074
G1 X115.206 Y118.324 E214.9383
G1 X114.322 Y119.855 E214.9945
G1 X113.673 Y121.511 E215.0511
G1 X113.279 Y123.236 E215.1074
G1 X113.147 Y124.998 E215.1636
G1 X113.279 Y126.763 E215.2199
G1 X113.656 Y128.414 E215.2737
G1 X114.065 Y127.944 E215.2935
G1 X114.712 Y127.355 E215.3214
G1 X115.537 Y126.766 E215.3536
G1 X116.469 Y126.233 E215.3877
G1 X116.514 Y126.689 E215.4023
G1 X117.003 Y128.311 E215.4562
G1 X117.799 Y129.798 E215.5098
G1 X117.811 Y129.815 E215.5105
G1 X118.880 Y131.117 E215.5641
G1 X120.180 Y132.185 E215.6176
G1 X120.185 Y132.190 E215.6178
G1 X120.191 Y132.194 E215.6181
G1 X120.204 Y132.200 E215.6185
G1 X121.688 Y132.996 E215.6721
G1 X123.310 Y133.485 E215.7259
G1 X125.000 Y133.653 E215.7800
G1 X126.582 Y133.496 E215.8305
G1 X128.172 Y134.424 E215.8891
G1 X128.552 Y136.272 E215.9491
G1 X129.330 Y136.032 E215.9750
G1 X130.924 Y135.264 E216.0313
G1 X131.604 Y134.800 E216.0574
G1 X131.738 Y134.708 E216.0626
G1 X131.251 Y134.424 E216.0805
G1 X130.766 Y132.068 E216.1570
G1 X131.038 Y131.184 E216.1865
G1 X131.119 Y131.117 E216.1898
G1 X132.188 Y129.815 E216.2434
G1 X132.200 Y129.798 E216.2440
G1 X132.996 Y128.311 E216.2977
G1 X133.179 Y127.704 E216.3178
G1 X133.562 Y127.355 E216.3343
G1 X134.387 Y126.766 E216.3666
G1 X135.416 Y126.177 E216.4043
G1 X136.821 Y125.418 E216.4551
G1 X136.852 Y124.998 E216.4685
G1 X136.720 Y123.236 E216.5247
G1 X136.326 Y121.511 E216.5809
G1 X135.677 Y119.855 E216.6375
G1 X134.793 Y118.324 E216.6937
G1 X133.776 Y117.048 E216.7456
G1 X131.251 Y115.574 E216.8386
G1 X131.103 Y114.857 E216.8619
G1 X130.924 Y114.735 E216.8688
G1 X129.347 Y113.976 E216.9245
G1 X126.923 Y113.338 E217.0042
G1 X124.108 Y113.182 E217.0938
G1 X124.137 Y113.218 E217.0953
G1 X128.172 Y115.574 E217.2439
G1 X128.485 Y117.097 E217.2934
G1 F2400 E216.2934
G1 F300 Z2.350
G0 F3900 X125.400 Y116.647
G0 X116.116 Y116.765
G0 X115.751 Y116.422
;TYPE:WALL-OUTER
;WIDTH:0.400
;FLOW:95.0
G1 F300 Z1.900
G1 F1500 E217.2934
G1 F2400 X117.137 Y115.137 Z1.924 E217.3004
G1 X118.693 Y114.075 Z1.947 E217.3145
G1 X120.391 Y113.258 Z1.971 E217.3355
G1 X122.190 Y112.702 Z1.994 E217.3636
G1 X124.059 Y112.421 Z2.018 E217.3988
G1 X125.940 Y112.421 Z2.041 E217.4408
G1 X127.068 Y112.591 Z2.056 E217.4688
G1 X128.339 Y112.925 Z2.072 E217.5046
G1 X129.610 Y113.259 Z2.089 E217.5437
G1 X131.306 Y114.075 Z2.112 E217.6068
G1 X132.862 Y115.137 Z2.136 E217.6769
G1 X133.707 Y115.920 Z2.150 E217.7224
G1 X134.248 Y116.422 Z2.150 E217.7515
G1 X135.422 Y117.894 Z2.150 E217.8259
G1 X136.365 Y119.527 Z2.150 E217.9004
G1 X137.053 Y121.281 Z2.150 E217.9748
G1 X137.473 Y123.122 Z2.150 E218.0494
G1 X137.614 Y125.000 Z2.150 E218.1238
G1 X137.473 Y126.877 Z2.150 E218.1981
G1 X137.053 Y128.718 Z2.150 E218.2727
G1 X136.365 Y130.472 Z2.150 E218.3471
G1 X135.422 Y132.105 Z2.150 E218.4216
G1 X134.248 Y133.577 Z2.150 E218.4959
G1 X132.862 Y134.862 Z2.150 E218.5706
G1 X131.306 Y135.924 Z2.150 E218.6450
G1 X129.608 Y136.741 Z2.150 E218.7194
G1 X127.809 Y137.297 Z2.150 E218.7938
G1 X125.940 Y137.578 Z2.150 E218.8684
G1 X124.059 Y137.578 Z2.150 E218.9427
G1 X122.190 Y137.297 Z2.150 E219.0174
G1 X120.391 Y136.741 Z2.150 E219.0917
G1 X118.693 Y135.924 Z2.150 E219.1662
G1 X117.137 Y134.862 Z2.150 E219.2406
G1 X115.751 Y133.577 Z2.150 E219.3152
G1 X114.577 Y132.105 Z2.150 E219.3896
G1 X113.634 Y130.472 Z2.150 E219.4641
G1 X112.946 Y128.718 Z2.150 E219.5385
G1 X112.526 Y126.877 Z2.150 E219.6131
G1 X112.385 Y125.000 Z2.150 E219.6874
G1 X112.526 Y123.122 Z2.150 E219.7618
G1 X112.946 Y121.281 Z2.150 E219.8364
G1 X113.634 Y119.527 Z2.150 E219.9108
G1 X114.577 Y117.894 Z2.150 E219.9853
G1 X115.751 Y116.422 Z2.150 E220.0596
G1 X117.137 Y115.137 Z2.150 E220.1272
G1 X118.693 Y114.075 Z2.150 E220.1876
G1 X120.391 Y113.258 Z2.150 E220.2410
G1 X122.190 Y112.702 Z2.150 E220.2873
G1 X124.059 Y112.421 Z2.150 E220.3267
G1 X125.940 Y112.421 Z2.150 E220.3590
G1 X127.068 Y112.591 Z2.150 E220.3760
G1 X128.339 Y112.925 Z2.150 E220.3922
G1 X129.610 Y113.259 Z2.150 E220.4050
G1 X131.306 Y114.075 Z2.150 E220.4162
G1 X132.862 Y115.137 Z2.150 E220.4205
G1 X133.707 Y115.920 Z2.150 E220.4205
G1 F2400 E219.4205
G1 F300 Z2.350
G0 F3900 X133.367 Y116.286
G0 X123.345 Y116.672
G0 X120.865 Y117.698
G0 X119.036 Y119.104
G0 X119.421 Y119.421
G1 F300 Z1.900
G1 F1500 E220.4205
G1 F2400 X118.440 Y120.616 Z1.919 E220.4253
G1 X117.710 Y121.980 Z1.939 E220.4347
G1 X117.262 Y123.461 Z1.958 E220.4489
G1 X117.110 Y125.000 Z1.977 E220.4678
G1 X117.262 Y126.538 Z1.997 E220.4914
G1 X117.710 Y128.019 Z2.016 E220.5197
G1 X118.440 Y129.383 Z2.035 E220.5528
G1 X119.421 Y130.578 Z2.055 E220.5906
G1 X120.616 Y131.559 Z2.074 E220.6331
G1 X121.980 Y132.289 Z2.093 E220.6803
G1 X123.461 Y132.737 Z2.113 E220.7323
G1 X125.000 Y132.889 Z2.132 E220.7890
G1 X126.433 Y132.747 Z2.150 E220.8459
G1 X126.538 Y132.737 Z2.150 E220.8500
G1 X128.019 Y132.289 Z2.150 E220.9112
G1 X129.383 Y131.559 Z2.150 E220.9723
G1 X130.578 Y130.578 Z2.150 E221.0333
G1 X131.559 Y129.383 Z2.150 E221.0944
G1 X132.289 Y128.019 Z2.150 E221.1555
G1 X132.737 Y126.538 Z2.150 E221.2166
G1 X132.889 Y125.000 Z2.150 E221.2776
G1 X132.737 Y123.461 Z2.150 E221.3387
G1 X132.289 Y121.980 Z2.150 E221.3998
G1 X131.559 Y120.616 Z2.150 E221.4609
G1 X130.578 Y119.421 Z2.150 E221.5220
G1 X129.383 Y118.440 Z2.150 E221.5831
G1 X128.019 Y117.710 Z2.150 E221.6442
G1 X126.535 Y117.261 Z2.150 E221.7054
G1 X124.685 Y117.141 Z2.150 E221.7786
G1 X123.461 Y117.262 Z2.150 E221.8272
G1 X121.980 Y117.710 Z2.150 E221.8883
G1 X120.616 Y118.440 Z2.150 E221.9494
G1 X119.421 Y119.421 Z2.150 E222.0105
G1 X118.440 Y120.616 Z2.150 E222.0668
G1 X117.710 Y121.980 Z2.150 E222.1185
G1 X117.262 Y123.461 Z2.150 E222.1654
G1 X117.110 Y125.000 Z2.150 E222.2076
G1 X117.262 Y126.538 Z2.150 E222.2450
G1 X117.710 Y128.019 Z2.150 E222.2778
G1 X118.440 Y129.383 Z2.150 E222.3058
G1 X119.421 Y130.578 Z2.150 E222.3291
G1 X120.616 Y131.559 Z2.150 E222.3477
G1 X121.980 Y132.289 Z2.150 E222.3615
G1 X123.461 Y132.737 Z2.150 E222.3707
G1 X125.000 Y132.889 Z2.150 E222.3751
G1 X126.433 Y132.747 Z2.150 E222.3751
G1 F2400 E221.3751
G1 F300 Z2.350
G0 F3900 X126.480 Y133.245
G0 X125.000 Y133.491
G0 X121.750 Y132.844
G0 X118.996 Y131.003
G0 X117.155 Y128.249
G0 X116.789 Y126.408
G0 X116.119 Y116.762
G0 X116.045 Y116.695
;TYPE:WALL-INNER
;WIDTH:0.400
;FLOW:85.0
G1 F300 Z1.900
G1 F1500 E222.3751
G1 F2400 X117.387 Y115.451 Z1.923 E222.3810
G1 X118.894 Y114.422 Z1.946 E222.3928
G1 X120.538 Y113.631 Z1.968 E222.4104
G1 X122.279 Y113.093 Z1.991 E222.4339
G1 X124.089 Y112.821 Z2.014 E222.4635
G1 X125.910 Y112.821 Z2.037 E222.4987
G1 X126.987 Y112.983 Z2.051 E222.5219
G1 X128.229 Y113.309 Z2.067 E222.5521
G1 X129.471 Y113.636 Z2.083 E222.5853
G1 X131.105 Y114.422 Z2.105 E222.6379
G1 X132.612 Y115.451 Z2.128 E222.6967
G1 X133.896 Y116.641 Z2.150 E222.7586
G1 X133.954 Y116.695 Z2.150 E222.7614
G1 X135.091 Y118.120 Z2.150 E222.8258
G1 X136.004 Y119.701 Z2.150 E222.8903
G1 X136.670 Y121.399 Z2.150 E222.9548
G1 X137.076 Y123.182 Z2.150 E223.0194
G1 X137.213 Y125.000 Z2.150 E223.0838
G1 X137.076 Y126.817 Z2.150 E223.1482
G1 X136.670 Y128.600 Z2.150 E223.2129
G1 X136.004 Y130.298 Z2.150 E223.2773
G1 X135.091 Y131.879 Z2.150 E223.3418
G1 X133.954 Y133.304 Z2.150 E223.4063
G1 X132.612 Y134.548 Z2.150 E223.4709
G1 X131.105 Y135.577 Z2.150 E223.5354
G1 X129.461 Y136.368 Z2.150 E223.5999
G1 X127.720 Y136.906 Z2.150 E223.6643
G1 X125.910 Y137.178 Z2.150 E223.7290
G1 X124.089 Y137.178 Z2.150 E223.7933
G1 X122.279 Y136.906 Z2.150 E223.8580
G1 X120.538 Y136.368 Z2.150 E223.9224
G1 X118.894 Y135.577 Z2.150 E223.9869
G1 X117.387 Y134.548 Z2.150 E224.0513
G1 X116.045 Y133.304 Z2.150 E224.1160
G1 X114.908 Y131.879 Z2.150 E224.1804
G1 X113.995 Y130.298 Z2.150 E224.2450
G1 X113.329 Y128.600 Z2.150 E224.3094
G1 X112.923 Y126.817 Z2.150 E224.3740
G1 X112.786 Y125.000 Z2.150 E224.4384
G1 X112.923 Y123.182 Z2.150 E224.5029
G1 X113.329 Y121.399 Z2.150 E224.5675
G1 X113.995 Y119.701 Z2.150 E224.6319
G1 X114.908 Y118.120 Z2.150 E224.6964
G1 X116.045 Y116.695 Z2.150 E224.7609
G1 X117.387 Y115.451 Z2.150 E224.8196
G1 X118.894 Y114.422 Z2.150 E224.8723
G1 X120.538 Y113.631 Z2.150 E224.9191
G1 X122.279 Y113.093 Z2.150 E224.9600
G1 X124.089 Y112.821 Z2.150 E224.9952
G1 X125.910 Y112.821 Z2.150 E225.0243
G1 X126.987 Y112.983 Z2.150 E225.0396
G1 X128.229 Y113.309 Z2.150 E225.0547
G1 X129.471 Y113.636 Z2.150 E225.0670
G1 X131.105 Y114.422 Z2.150 E225.0784
G1 X132.612 Y115.451 Z2.150 E225.0841
G1 X133.896 Y116.641 Z2.150 E225.0841
G1 F2400 E224.0841
G1 F300 Z2.350
G0 F3900 X133.828 Y116.713
G0 X123.345 Y116.672
G0 X120.865 Y117.698
G0 X119.054 Y119.081
G0 X119.137 Y119.137
G1 F300 Z1.900
G1 F1500 E225.0841
G1 F2400 X118.106 Y120.393 Z1.920 E225.0887
G1 X117.339 Y121.826 Z1.941 E225.0981
G1 X116.868 Y123.383 Z1.961 E225.1121
G1 X116.708 Y125.000 Z1.981 E225.1308
G1 X116.868 Y126.616 Z2.002 E225.1541
G1 X117.339 Y128.173 Z2.022 E225.1821
G1 X118.106 Y129.606 Z2.042 E225.2148
G1 X119.137 Y130.862 Z2.063 E225.2521
G1 X120.393 Y131.893 Z2.083 E225.2941
G1 X121.826 Y132.660 Z2.103 E225.3408
G1 X123.383 Y133.131 Z2.123 E225.3922
G1 X125.000 Y133.291 Z2.144 E225.4482
G1 X125.492 Y133.242 Z2.150 E225.4657
G1 X126.616 Y133.131 Z2.150 E225.5056
G1 X128.173 Y132.660 Z2.150 E225.5631
G1 X129.606 Y131.893 Z2.150 E225.6205
G1 X130.862 Y130.862 Z2.150 E225.6779
G1 X131.893 Y129.606 Z2.150 E225.7353
G1 X132.660 Y128.173 Z2.150 E225.7928
G1 X133.131 Y126.616 Z2.150 E225.8503
G1 X133.291 Y125.000 Z2.150 E225.9077
G1 X133.131 Y123.383 Z2.150 E225.9651
G1 X132.660 Y121.826 Z2.150 E226.0226
G1 X131.893 Y120.393 Z2.150 E226.0800
G1 X130.862 Y119.137 Z2.150 E226.1374
G1 X129.606 Y118.106 Z2.150 E226.1948
G1 X128.173 Y117.339 Z2.150 E226.2523
G1 X126.607 Y116.865 Z2.150 E226.3101
G1 X124.678 Y116.740 Z2.150 E226.3784
G1 X123.383 Y116.868 Z2.150 E226.4244
G1 X121.826 Y117.339 Z2.150 E226.4819
G1 X120.393 Y118.106 Z2.150 E226.5393
G1 X119.137 Y119.137 Z2.150 E226.5968
G1 X118.106 Y120.393 Z2.150 E226.6495
G1 X117.339 Y121.826 Z2.150 E226.6976
G1 X116.868 Y123.383 Z2.150 E226.7411
G1 X116.708 Y125.000 Z2.150 E226.7798
G1 X116.868 Y126.616 Z2.150 E226.8139
G1 X117.339 Y128.173 Z2.150 E226.8434
G1 X118.106 Y129.606 Z2.150 E226.8681
G1 X119.137 Y130.862 Z2.150 E226.8882
G1 X120.393 Y131.893 Z2.150 E226.9036
G1 X121.826 Y132.660 Z2.150 E226.9144
G1 X123.383 Y133.131 Z2.150 E226.9205
G1 X125.000 Y133.291 Z2.150 E226.9219
G1 X125.492 Y133.242 Z2.150 E226.9219
;PRINTING_TIME: 360
;REMAINING_TIME: 619
;LAYER:9
;Z:2.400
;HEIGHT:0.250
;FLOW:100.0
;PRINTING: haibike.stl
;PRINTING_ID: 0
G1 F2400 E225.9219
G1 F300 Z2.600
G0 F3900 X126.922 Y133.415
G0 F300 Z2.400
;TYPE:FILL
;WIDTH:0.360
;FLOW:85.0
G1 F300 Z2.400
G1 F1500 E226.9219
G1 F3600 X127.355 Y133.579 E226.9366
G1 X127.944 Y133.766 E226.9563
G1 X128.533 Y133.922 E226.9757
G1 X128.828 Y133.980 E226.9852
G1 X129.122 Y134.006 E226.9946
G1 X129.417 Y133.955 E227.0041
G1 X129.711 Y133.702 E227.0165
G1 X130.890 Y131.305 E227.1014
G1 X131.119 Y131.117 E227.1109
G1 X132.188 Y129.815 E227.1644
G1 X132.200 Y129.798 E227.1651
G1 X132.996 Y128.311 E227.2188
G1 X133.080 Y128.032 E227.2280
G1 X134.424 Y126.866 E227.2846
G1 X136.780 Y125.844 E227.3663
G1 X136.789 Y125.844 E227.3666
G1 X136.720 Y126.763 E227.3959
G1 X136.326 Y128.488 E227.4522
G1 X135.677 Y130.144 E227.5087
G1 X134.793 Y131.675 E227.5650
G1 X133.688 Y133.061 E227.6213
G1 X133.039 Y133.663 E227.6495
G1 X132.387 Y134.266 E227.6777
G1 X131.604 Y134.800 E227.7079
G1 X131.000 Y135.212 E227.7311
G1 X129.711 Y135.145 E227.7722
G1 X129.327 Y136.033 E227.8030
G1 X127.639 Y136.554 E227.8591
G1 X126.582 Y136.713 E227.8931
G1 X125.880 Y136.818 E227.9157
G1 X124.119 Y136.818 E227.9717
G1 X123.417 Y136.713 E227.9943
G1 X122.360 Y136.554 E228.0283
G1 X120.669 Y136.032 E228.0846
G1 X119.075 Y135.264 E228.1409
G1 X118.395 Y134.800 E228.1670
G1 X117.612 Y134.266 E228.1972
G1 X116.960 Y133.663 E228.2254
G1 X116.311 Y133.061 E228.2536
G1 X115.206 Y131.675 E228.3100
G1 X114.322 Y130.144 E228.3662
G1 X113.681 Y128.508 E228.4221
G1 X115.574 Y126.866 E228.5018
G1 X116.492 Y126.468 E228.5336
G1 X116.346 Y125.002 E228.5805
G1 X116.514 Y123.309 E228.6346
G1 X117.003 Y121.688 E228.6884
G1 X117.805 Y120.192 E228.7424
G1 X118.101 Y119.832 E228.7572
G1 X117.930 Y119.485 E228.7695
G1 X115.773 Y117.613 E228.8604
G1 X116.311 Y116.938 E228.8878
G1 X116.960 Y116.336 E228.9160
G1 X117.612 Y115.733 E228.9442
G1 X119.075 Y114.735 E229.0005
G1 X120.669 Y113.967 E229.0568
G1 X122.360 Y113.445 E229.1131
G1 X124.094 Y113.185 E229.1689
G1 X124.417 Y113.202 E229.1792
G1 X124.999 Y113.707 E229.2037
G1 X126.177 Y114.283 E229.2454
G1 X127.355 Y114.730 E229.2854
G1 X127.944 Y114.916 E229.3051
G1 X128.533 Y115.073 E229.3245
G1 X128.828 Y115.130 E229.3340
G1 X129.122 Y115.156 E229.3434
G1 X129.417 Y115.105 E229.3529
G1 X129.711 Y114.853 E229.3653
G1 X129.990 Y114.285 E229.3854
G1 X130.924 Y114.735 E229.4184
G1 X132.387 Y115.733 E229.4747
G1 X133.039 Y116.337 E229.5029
G1 X133.688 Y116.938 E229.5311
G1 X133.912 Y117.219 E229.5425
G1 X132.068 Y116.419 E229.6064
G1 X129.711 Y116.296 E229.6815
G1 X129.199 Y117.479 E229.7225
G1 X128.311 Y117.003 E229.7545
G1 X126.685 Y116.513 E229.8086
G1 X126.674 Y116.509 E229.8089
G1 X126.673 Y116.509 E229.8090
G1 X126.670 Y116.508 E229.8091
G1 X126.658 Y116.508 E229.8094
G1 X124.640 Y116.382 E229.8738
G1 X124.623 Y116.382 E229.8743
G1 X123.310 Y116.514 E229.9163
G1 X121.688 Y117.003 E229.9701
G1 X120.204 Y117.799 E230.0237
G1 X120.191 Y117.805 E230.0242
G1 X120.185 Y117.809 E230.0244
G1 X120.180 Y117.814 E230.0246
G1 X118.889 Y118.874 E230.0777
G1 X118.874 Y118.889 E230.0784
G1 X118.101 Y119.832 E230.1172
G1 F2400 E229.1172
G1 F300 Z2.600
G0 F3900 X115.751 Y116.422
;TYPE:WALL-OUTER
;WIDTH:0.400
;FLOW:95.0
G1 F300 Z2.150
G1 F1500 E230.1172
G1 F2400 X117.137 Y115.137 Z2.174 E230.1243
G1 X118.693 Y114.075 Z2.197 E230.1383
G1 X120.391 Y113.258 Z2.221 E230.1593
G1 X122.190 Y112.702 Z2.244 E230.1874
G1 X124.059 Y112.421 Z2.268 E230.2226
G1 X125.514 Y112.498 Z2.286 E230.2539
G1 X126.969 Y112.576 Z2.304 E230.2894
G1 X128.291 Y112.918 Z2.321 E230.3264
G1 X129.614 Y113.261 Z2.338 E230.3671
G1 X131.306 Y114.075 Z2.362 E230.4300
G1 X132.862 Y115.137 Z2.385 E230.5001
G1 X133.713 Y115.926 Z2.400 E230.5459
G1 X134.248 Y116.422 Z2.400 E230.5747
G1 X135.422 Y117.894 Z2.400 E230.6491
G1 X136.365 Y119.527 Z2.400 E230.7236
G1 X137.053 Y121.281 Z2.400 E230.7980
G1 X137.473 Y123.122 Z2.400 E230.8726
G1 X137.614 Y125.000 Z2.400 E230.9469
G1 X137.473 Y126.877 Z2.400 E231.0213
G1 X137.053 Y128.718 Z2.400 E231.0959
G1 X136.365 Y130.472 Z2.400 E231.1703
G1 X135.422 Y132.105 Z2.400 E231.2448
G1 X134.248 Y133.577 Z2.400 E231.3191
G1 X132.862 Y134.862 Z2.400 E231.3938
G1 X131.306 Y135.924 Z2.400 E231.4682
G1 X129.608 Y136.741 Z2.400 E231.5426
G1 X127.809 Y137.297 Z2.400 E231.6170
G1 X125.940 Y137.578 Z2.400 E231.6916
G1 X124.059 Y137.578 Z2.400 E231.7659
G1 X122.190 Y137.297 Z2.400 E231.8406
G1 X120.391 Y136.741 Z2.400 E231.9149
G1 X118.693 Y135.924 Z2.400 E231.9894
G1 X117.137 Y134.862 Z2.400 E232.0638
G1 X115.751 Y133.577 Z2.400 E232.1384
G1 X114.577 Y132.105 Z2.400 E232.2128
G1 X113.634 Y130.472 Z2.400 E232.2873
G1 X112.946 Y128.718 Z2.400 E232.3617
G1 X112.526 Y126.877 Z2.400 E232.4363
G1 X112.385 Y125.000 Z2.400 E232.5106
G1 X112.526 Y123.122 Z2.400 E232.5850
G1 X112.946 Y121.281 Z2.400 E232.6596
G1 X113.634 Y119.527 Z2.400 E232.7340
G1 X114.577 Y117.894 Z2.400 E232.8085
G1 X115.751 Y116.422 Z2.400 E232.8828
G1 X117.137 Y115.137 Z2.400 E232.9504
G1 X118.693 Y114.075 Z2.400 E233.0108
G1 X120.391 Y113.258 Z2.400 E233.0642
G1 X122.190 Y112.702 Z2.400 E233.1105
G1 X124.059 Y112.421 Z2.400 E233.1499
G1 X125.514 Y112.498 Z2.400 E233.1762
G1 X126.969 Y112.576 Z2.400 E233.1982
G1 X128.291 Y112.918 Z2.400 E233.2151
G1 X129.614 Y113.261 Z2.400 E233.2284
G1 X131.306 Y114.075 Z2.400 E233.2397
G1 X132.862 Y115.137 Z2.400 E233.2440
G1 X133.713 Y115.926 Z2.400 E233.2440
G1 F2400 E232.2440
G1 F300 Z2.600
G0 F3900 X133.373 Y116.292
G0 X123.344 Y116.672
G0 X120.865 Y117.698
G0 X119.036 Y119.104
G0 X119.421 Y119.421
G1 F300 Z2.150
G1 F1500 E233.2440
G1 F2400 X118.440 Y120.616 Z2.169 E233.2488
G1 X117.710 Y121.980 Z2.189 E233.2582
G1 X117.262 Y123.461 Z2.208 E233.2724
G1 X117.110 Y125.000 Z2.227 E233.2913
G1 X117.262 Y126.538 Z2.247 E233.3149
G1 X117.710 Y128.019 Z2.266 E233.3432
G1 X118.440 Y129.383 Z2.285 E233.3763
G1 X119.421 Y130.578 Z2.305 E233.4141
G1 X120.616 Y131.559 Z2.324 E233.4566
G1 X121.980 Y132.289 Z2.343 E233.5038
G1 X123.461 Y132.737 Z2.363 E233.5558
G1 X125.000 Y132.889 Z2.382 E233.6125
G1 X126.433 Y132.747 Z2.400 E233.6694
G1 X126.538 Y132.737 Z2.400 E233.6735
G1 X128.019 Y132.289 Z2.400 E233.7347
G1 X129.383 Y131.559 Z2.400 E233.7958
G1 X130.578 Y130.578 Z2.400 E233.8568
G1 X131.559 Y129.383 Z2.400 E233.9179
G1 X132.289 Y128.019 Z2.400 E233.9790
G1 X132.737 Y126.538 Z2.400 E234.0401
G1 X132.889 Y125.000 Z2.400 E234.1011
G1 X132.737 Y123.461 Z2.400 E234.1622
G1 X132.289 Y121.980 Z2.400 E234.2233
G1 X131.559 Y120.616 Z2.400 E234.2844
G1 X130.578 Y119.421 Z2.400 E234.3455
G1 X129.383 Y118.440 Z2.400 E234.4066
G1 X128.019 Y117.710 Z2.400 E234.4677
G1 X126.535 Y117.261 Z2.400 E234.5289
G1 X124.645 Y117.144 Z2.400 E234.6037
G1 X123.461 Y117.262 Z2.400 E234.6507
G1 X121.980 Y117.710 Z2.400 E234.7118
G1 X120.616 Y118.440 Z2.400 E234.7729
G1 X119.421 Y119.421 Z2.400 E234.8340
G1 X118.440 Y120.616 Z2.400 E234.8903
G1 X117.710 Y121.980 Z2.400 E234.9420
G1 X117.262 Y123.461 Z2.400 E234.9889
G1 X117.110 Y125.000 Z2.400 E235.0311
G1 X117.262 Y126.538 Z2.400 E235.0685
G1 X117.710 Y128.019 Z2.400 E235.1013
G1 X118.440 Y129.383 Z2.400 E235.1293
G1 X119.421 Y130.578 Z2.400 E235.1526
G1 X120.616 Y131.559 Z2.400 E235.1712
G1 X121.980 Y132.289 Z2.400 E235.1850
G1 X123.461 Y132.737 Z2.400 E235.1942
G1 X125.000 Y132.889 Z2.400 E235.1986
G1 X126.433 Y132.747 Z2.400 E235.1986
G1 F2400 E234.1986
G1 F300 Z2.600
G0 F3900 X126.480 Y133.245
G0 X125.000 Y133.491
G0 X121.750 Y132.844
G0 X118.996 Y131.003
G0 X117.155 Y128.249
G0 X116.789 Y126.408
G0 X116.119 Y116.762
G0 X116.045 Y116.695
;TYPE:WALL-INNER
;WIDTH:0.400
;FLOW:85.0
G1 F300 Z2.150
G1 F1500 E235.1986
G1 F2400 X117.387 Y115.451 Z2.173 E235.2045
G1 X118.894 Y114.422 Z2.196 E235.2163
G1 X120.538 Y113.631 Z2.218 E235.2339
G1 X122.279 Y113.093 Z2.241 E235.2574
G1 X124.078 Y112.823 Z2.264 E235.2867
G1 X125.493 Y112.898 Z2.282 E235.3131
G1 X126.908 Y112.973 Z2.299 E235.3431
G1 X128.192 Y113.305 Z2.316 E235.3742
G1 X129.476 Y113.638 Z2.333 E235.4084
G1 X131.105 Y114.422 Z2.355 E235.4608
G1 X132.612 Y115.451 Z2.378 E235.5197
G1 X133.902 Y116.647 Z2.400 E235.5818
G1 X133.954 Y116.695 Z2.400 E235.5843
G1 X135.091 Y118.120 Z2.400 E235.6487
G1 X136.004 Y119.701 Z2.400 E235.7133
G1 X136.670 Y121.399 Z2.400 E235.7777
G1 X137.076 Y123.182 Z2.400 E235.8423
G1 X137.213 Y125.000 Z2.400 E235.9068
G1 X137.076 Y126.817 Z2.400 E235.9712
G1 X136.670 Y128.600 Z2.400 E236.0358
G1 X136.004 Y130.298 Z2.400 E236.1002
G1 X135.091 Y131.879 Z2.400 E236.1648
G1 X133.954 Y133.304 Z2.400 E236.2292
G1 X132.612 Y134.548 Z2.400 E236.2938
G1 X131.105 Y135.577 Z2.400 E236.3583
G1 X129.461 Y136.368 Z2.400 E236.4228
G1 X127.720 Y136.906 Z2.400 E236.4872
G1 X125.910 Y137.178 Z2.400 E236.5519
G1 X124.089 Y137.178 Z2.400 E236.6162
G1 X122.279 Y136.906 Z2.400 E236.6809
G1 X120.538 Y136.368 Z2.400 E236.7453
G1 X118.894 Y135.577 Z2.400 E236.8098
G1 X117.387 Y134.548 Z2.400 E236.8743
G1 X116.045 Y133.304 Z2.400 E236.9389
G1 X114.908 Y131.879 Z2.400 E237.0034
G1 X113.995 Y130.298 Z2.400 E237.0679
G1 X113.329 Y128.600 Z2.400 E237.1323
G1 X112.923 Y126.817 Z2.400 E237.1970
G1 X112.786 Y125.000 Z2.400 E237.2614
G1 X112.923 Y123.182 Z2.400 E237.3258
G1 X113.329 Y121.399 Z2.400 E237.3904
G1 X113.995 Y119.701 Z2.400 E237.4549
G1 X114.908 Y118.120 Z2.400 E237.5194
G1 X116.045 Y116.695 Z2.400 E237.5838
G1 X117.387 Y115.451 Z2.400 E237.6425
G1 X118.894 Y114.422 Z2.400 E237.6953
G1 X120.538 Y113.631 Z2.400 E237.7421
G1 X122.279 Y113.093 Z2.400 E237.7829
G1 X124.078 Y112.823 Z2.400 E237.8179
G1 X125.493 Y112.898 Z2.400 E237.8416
G1 X126.908 Y112.973 Z2.400 E237.8618
G1 X128.192 Y113.305 Z2.400 E237.8775
G1 X129.476 Y113.638 Z2.400 E237.8901
G1 X131.105 Y114.422 Z2.400 E237.9016
G1 X132.612 Y115.451 Z2.400 E237.9073
G1 X133.902 Y116.647 Z2.400 E237.9073
G1 F2400 E236.9073
G1 F300 Z2.600
G0 F3900 X123.422 Y117.066
G0 X121.769 Y117.750
G0 X119.137 Y119.137
G1 F300 Z2.150
G1 F1500 E237.9073
G1 F2400 X118.106 Y120.393 Z2.170 E237.9119
G1 X117.339 Y121.826 Z2.191 E237.9213
G1 X116.868 Y123.383 Z2.211 E237.9353
G1 X116.708 Y125.000 Z2.231 E237.9540
G1 X116.868 Y126.616 Z2.252 E237.9773
G1 X117.339 Y128.173 Z2.272 E238.0053
G1 X118.106 Y129.606 Z2.292 E238.0380
G1 X119.137 Y130.862 Z2.313 E238.0753
G1 X120.393 Y131.893 Z2.333 E238.1173
G1 X121.826 Y132.660 Z2.353 E238.1640
G1 X123.383 Y133.131 Z2.373 E238.2154
G1 X125.000 Y133.291 Z2.394 E238.2714
G1 X125.492 Y133.242 Z2.400 E238.2888
G1 X126.616 Y133.131 Z2.400 E238.3288
G1 X128.173 Y132.660 Z2.400 E238.3862
G1 X129.606 Y131.893 Z2.400 E238.4437
G1 X130.862 Y130.862 Z2.400 E238.5011
G1 X131.893 Y129.606 Z2.400 E238.5585
G1 X132.660 Y128.173 Z2.400 E238.6160
G1 X133.131 Y126.616 Z2.400 E238.6735
G1 X133.291 Y125.000 Z2.400 E238.7308
G1 X133.131 Y123.383 Z2.400 E238.7883
G1 X132.660 Y121.826 Z2.400 E238.8458
G1 X131.893 Y120.393 Z2.400 E238.9032
G1 X130.862 Y119.137 Z2.400 E238.9606
G1 X129.606 Y118.106 Z2.400 E239.0180
G1 X128.173 Y117.339 Z2.400 E239.0755
G1 X126.606 Y116.865 Z2.400 E239.1333
G1 X124.637 Y116.743 Z2.400 E239.2030
G1 X123.383 Y116.868 Z2.400 E239.2476
G1 X121.826 Y117.339 Z2.400 E239.3051
G1 X120.393 Y118.106 Z2.400 E239.3625
G1 X119.137 Y119.137 Z2.400 E239.4199
G1 X118.106 Y120.393 Z2.400 E239.4727
G1 X117.339 Y121.826 Z2.400 E239.5208
G1 X116.868 Y123.383 Z2.400 E239.5643
G1 X116.708 Y125.000 Z2.400 E239.6030
G1 X116.868 Y126.616 Z2.400 E239.6371
G1 X117.339 Y128.173 Z2.400 E239.6665
G1 X118.106 Y129.606 Z2.400 E239.6913
G1 X119.137 Y130.862 Z2.400 E239.7114
G1 X120.393 Y131.893 Z2.400 E239.7268
G1 X121.826 Y132.660 Z2.400 E239.7376
G1 X123.383 Y133.131 Z2.400 E239.7437
G1 X125.000 Y133.291 Z2.400 E239.7451
G1 X125.492 Y133.242 Z2.400 E239.7451
;PRINTING_TIME: 377
;REMAINING_TIME: 603
;LAYER:10
;Z:2.650
;HEIGHT:0.250
;FLOW:100.0
;PRINTING: haibike.stl
;PRINTING_ID: 0
G1 F2400 E238.7451
G1 F300 Z2.850
G0 F3900 X127.405 Y133.269
G0 F300 Z2.650
;TYPE:FILL
;WIDTH:0.360
;FLOW:85.0
G1 F300 Z2.650
G1 F1500 E239.7451
G1 F3600 X127.944 Y133.344 E239.7624
G1 X128.239 Y133.354 E239.7718
G1 X128.533 Y133.333 E239.7812
G1 X128.828 Y133.269 E239.7908
G1 X129.122 Y133.141 E239.8010
G1 X129.417 Y132.926 E239.8126
G1 X129.711 Y132.601 E239.8265
G1 X130.128 Y131.931 E239.8516
G1 X131.119 Y131.117 E239.8924
G1 X132.188 Y129.815 E239.9460
G1 X132.200 Y129.798 E239.9466
G1 X132.996 Y128.311 E240.0003
G1 X133.083 Y128.022 E240.0099
G1 X134.424 Y126.973 E240.0640
G1 X136.765 Y126.165 E240.1428
G1 X136.720 Y126.763 E240.1619
G1 X136.326 Y128.488 E240.2181
G1 X135.677 Y130.144 E240.2747
G1 X134.793 Y131.675 E240.3309
G1 X133.688 Y133.061 E240.3873
G1 X133.039 Y133.663 E240.4155
G1 X132.387 Y134.266 E240.4437
G1 X131.604 Y134.800 E240.4739
G1 X130.924 Y135.264 E240.5000
G1 X129.330 Y136.032 E240.5563
G1 X127.639 Y136.554 E240.6126
G1 X126.582 Y136.713 E240.6466
G1 X125.880 Y136.818 E240.6692
G1 X124.119 Y136.818 E240.7252
G1 X123.417 Y136.713 E240.7478
G1 X122.360 Y136.554 E240.7818
G1 X120.669 Y136.032 E240.8380
G1 X119.075 Y135.264 E240.8943
G1 X118.395 Y134.800 E240.9205
G1 X117.612 Y134.266 E240.9506
G1 X116.960 Y133.663 E240.9789
G1 X116.311 Y133.061 E241.0070
G1 X115.206 Y131.675 E241.0634
G1 X114.322 Y130.144 E241.1197
G1 X113.673 Y128.488 E241.1762
G1 X113.668 Y128.464 E241.1770
G1 X115.574 Y126.973 E241.2540
G1 X116.510 Y126.650 E241.2855
G1 X116.346 Y125.002 E241.3381
G1 X116.514 Y123.309 E241.3922
G1 X117.003 Y121.688 E241.4461
G1 X117.805 Y120.192 E241.5001
G1 X118.159 Y119.760 E241.5178
G1 X117.930 Y119.392 E241.5316
G1 X115.728 Y117.669 E241.6206
G1 X116.311 Y116.938 E241.6503
G1 X116.960 Y116.336 E241.6784
G1 X117.612 Y115.733 E241.7067
G1 X119.075 Y114.735 E241.7630
G1 X120.669 Y113.967 E241.8193
G1 X122.360 Y113.445 E241.8756
G1 X124.089 Y113.186 E241.9312
G1 X124.496 Y113.206 E241.9441
G1 X124.999 Y113.600 E241.9645
G1 X126.177 Y114.093 E242.0051
G1 X126.766 Y114.275 E242.0247
G1 X127.355 Y114.413 E242.0439
G1 X127.944 Y114.494 E242.0628
G1 X128.239 Y114.504 E242.0722
G1 X128.533 Y114.484 E242.0816
G1 X128.828 Y114.419 E242.0912
G1 X129.122 Y114.292 E242.1014
G1 X129.417 Y114.076 E242.1130
G1 X129.459 Y114.030 E242.1150
G1 X130.924 Y114.735 E242.1667
G1 X132.387 Y115.733 E242.2230
G1 X133.039 Y116.337 E242.2513
G1 X133.688 Y116.938 E242.2794
G1 X134.080 Y117.429 E242.2994
G1 X132.068 Y116.736 E242.3671
G1 X129.711 Y117.397 E242.4450
G1 X129.553 Y117.669 E242.4550
G1 X128.311 Y117.003 E242.4998
G1 X126.799 Y116.547 E242.5500
G1 X126.669 Y116.508 E242.5543
G1 X124.601 Y116.386 E242.6202
G1 X124.585 Y116.386 E242.6207
G1 X123.310 Y116.514 E242.6615
G1 X121.688 Y117.003 E242.7154
G1 X120.204 Y117.799 E242.7689
G1 X120.191 Y117.805 E242.7694
G1 X120.185 Y117.809 E242.7696
G1 X120.180 Y117.814 E242.7698
G1 X118.889 Y118.874 E242.8230
G1 X118.874 Y118.889 E242.8236
G1 X118.159 Y119.760 E242.8595
G1 F2400 E241.8595
G1 F300 Z2.850
G0 F3900 X115.751 Y116.422
;TYPE:WALL-OUTER
;WIDTH:0.400
;FLOW:95.0
G1 F300 Z2.400
G1 F1500 E242.8595
G1 F2400 X117.137 Y115.137 Z2.424 E242.8665
G1 X118.693 Y114.075 Z2.447 E242.8806
G1 X120.391 Y113.258 Z2.471 E242.9016
G1 X122.190 Y112.702 Z2.494 E242.9297
G1 X124.052 Y112.422 Z2.518 E242.9647
G1 X125.470 Y112.493 Z2.536 E242.9951
G1 X126.889 Y112.565 Z2.553 E243.0295
G1 X128.251 Y112.912 Z2.571 E243.0675
G1 X129.613 Y113.260 Z2.588 E243.1093
G1 X131.306 Y114.075 Z2.612 E243.1722
G1 X132.862 Y115.137 Z2.635 E243.2423
G1 X133.713 Y115.926 Z2.650 E243.2882
G1 X134.248 Y116.422 Z2.650 E243.3170
G1 X135.422 Y117.894 Z2.650 E243.3913
G1 X136.365 Y119.527 Z2.650 E243.4658
G1 X137.053 Y121.281 Z2.650 E243.5402
G1 X137.473 Y123.122 Z2.650 E243.6148
G1 X137.614 Y125.000 Z2.650 E243.6892
G1 X137.473 Y126.877 Z2.650 E243.7635
G1 X137.053 Y128.718 Z2.650 E243.8381
G1 X136.365 Y130.472 Z2.650 E243.9125
G1 X135.422 Y132.105 Z2.650 E243.9870
G1 X134.248 Y133.577 Z2.650 E244.0614
G1 X132.862 Y134.862 Z2.650 E244.1360
G1 X131.306 Y135.924 Z2.650 E244.2104
G1 X129.608 Y136.741 Z2.650 E244.2849
G1 X127.809 Y137.297 Z2.650 E244.3592
G1 X125.940 Y137.578 Z2.650 E244.4339
G1 X124.059 Y137.578 Z2.650 E244.5082
G1 X122.190 Y137.297 Z2.650 E244.5828
G1 X120.391 Y136.741 Z2.650 E244.6572
G1 X118.693 Y135.924 Z2.650 E244.7316
G1 X117.137 Y134.862 Z2.650 E244.8060
G1 X115.751 Y133.577 Z2.650 E244.8807
G1 X114.577 Y132.105 Z2.650 E244.9550
G1 X113.634 Y130.472 Z2.650 E245.0295
G1 X112.946 Y128.718 Z2.650 E245.1039
G1 X112.526 Y126.877 Z2.650 E245.1785
G1 X112.385 Y125.000 Z2.650 E245.2529
G1 X112.526 Y123.122 Z2.650 E245.3272
G1 X112.946 Y121.281 Z2.650 E245.4018
G1 X113.634 Y119.527 Z2.650 E245.4762
G1 X114.577 Y117.894 Z2.650 E245.5507
G1 X115.751 Y116.422 Z2.650 E245.6251
G1 X117.137 Y115.137 Z2.650 E245.6927
G1 X118.693 Y114.075 Z2.650 E245.7530
G1 X120.391 Y113.258 Z2.650 E245.8064
G1 X122.190 Y112.702 Z2.650 E245.8527
G1 X124.052 Y112.422 Z2.650 E245.8921
G1 X125.470 Y112.493 Z2.650 E245.9177
G1 X126.889 Y112.565 Z2.650 E245.9394
G1 X128.251 Y112.912 Z2.650 E245.9570
G1 X129.613 Y113.260 Z2.650 E245.9707
G1 X131.306 Y114.075 Z2.650 E245.9820
G1 X132.862 Y115.137 Z2.650 E245.9863
G1 X133.713 Y115.926 Z2.650 E245.9863
G1 F2400 E244.9863
G1 F300 Z2.850
G0 F3900 X133.373 Y116.292
G0 X123.344 Y116.672
G0 X120.865 Y117.698
G0 X119.036 Y119.104
G0 X119.421 Y119.421
G1 F300 Z2.400
G1 F1500 E245.9863
G1 F2400 X118.440 Y120.616 Z2.419 E245.9910
G1 X117.710 Y121.980 Z2.439 E246.0005
G1 X117.262 Y123.461 Z2.458 E246.0146
G1 X117.110 Y125.000 Z2.477 E246.0335
G1 X117.262 Y126.538 Z2.497 E246.0571
G1 X117.710 Y128.019 Z2.516 E246.0855
G1 X118.440 Y129.383 Z2.535 E246.1186
G1 X119.421 Y130.578 Z2.555 E246.1564
G1 X120.616 Y131.559 Z2.574 E246.1989
G1 X121.980 Y132.289 Z2.593 E246.2461
G1 X123.461 Y132.737 Z2.613 E246.2981
G1 X125.000 Y132.889 Z2.632 E246.3548
G1 X126.433 Y132.747 Z2.650 E246.4116
G1 X126.538 Y132.737 Z2.650 E246.4158
G1 X128.019 Y132.289 Z2.650 E246.4769
G1 X129.383 Y131.559 Z2.650 E246.5380
G1 X130.578 Y130.578 Z2.650 E246.5991
G1 X131.559 Y129.383 Z2.650 E246.6602
G1 X132.289 Y128.019 Z2.650 E246.7213
G1 X132.737 Y126.538 Z2.650 E246.7824
G1 X132.889 Y125.000 Z2.650 E246.8434
G1 X132.737 Y123.461 Z2.650 E246.9045
G1 X132.289 Y121.980 Z2.650 E246.9656
G1 X131.559 Y120.616 Z2.650 E247.0267
G1 X130.578 Y119.421 Z2.650 E247.0878
G1 X129.383 Y118.440 Z2.650 E247.1488
G1 X128.019 Y117.710 Z2.650 E247.2099
G1 X126.534 Y117.261 Z2.650 E247.2712
G1 X124.607 Y117.148 Z2.650 E247.3475
G1 X123.461 Y117.262 Z2.650 E247.3929
G1 X121.980 Y117.710 Z2.650 E247.4541
G1 X120.616 Y118.440 Z2.650 E247.5152
G1 X119.421 Y119.421 Z2.650 E247.5762
G1 X118.440 Y120.616 Z2.650 E247.6326
G1 X117.710 Y121.980 Z2.650 E247.6842
G1 X117.262 Y123.461 Z2.650 E247.7312
G1 X117.110 Y125.000 Z2.650 E247.7733
G1 X117.262 Y126.538 Z2.650 E247.8108
G1 X117.710 Y128.019 Z2.650 E247.8435
G1 X118.440 Y129.383 Z2.650 E247.8716
G1 X119.421 Y130.578 Z2.650 E247.8949
G1 X120.616 Y131.559 Z2.650 E247.9134
G1 X121.980 Y132.289 Z2.650 E247.9273
G1 X123.461 Y132.737 Z2.650 E247.9364
G1 X125.000 Y132.889 Z2.650 E247.9408
G1 X126.433 Y132.747 Z2.650 E247.9408
G1 F2400 E246.9408
G1 F300 Z2.850
G0 F3900 X126.480 Y133.245
G0 X125.000 Y133.491
G0 X121.750 Y132.844
G0 X118.996 Y131.003
G0 X117.155 Y128.249
G0 X116.789 Y126.408
G0 X116.119 Y116.762
G0 X116.045 Y116.695
;TYPE:WALL-INNER
;WIDTH:0.400
;FLOW:85.0
G1 F300 Z2.400
G1 F1500 E247.9408
G1 F2400 X117.387 Y115.451 Z2.423 E247.9467
G1 X118.894 Y114.422 Z2.446 E247.9585
G1 X120.538 Y113.631 Z2.468 E247.9762
G1 X122.279 Y113.093 Z2.491 E247.9997
G1 X124.072 Y112.824 Z2.514 E248.0289
G1 X125.450 Y112.893 Z2.531 E248.0544
G1 X126.829 Y112.962 Z2.548 E248.0834
G1 X128.152 Y113.300 Z2.566 E248.1154
G1 X129.475 Y113.638 Z2.583 E248.1506
G1 X131.105 Y114.422 Z2.605 E248.2031
G1 X132.612 Y115.451 Z2.628 E248.2619
G1 X133.903 Y116.647 Z2.650 E248.3241
G1 X133.954 Y116.695 Z2.650 E248.3265
G1 X135.091 Y118.120 Z2.650 E248.3910
G1 X136.004 Y119.701 Z2.650 E248.4555
G1 X136.670 Y121.399 Z2.650 E248.5199
G1 X137.076 Y123.182 Z2.650 E248.5846
G1 X137.213 Y125.000 Z2.650 E248.6490
G1 X137.076 Y126.817 Z2.650 E248.7134
G1 X136.670 Y128.600 Z2.650 E248.7780
G1 X136.004 Y130.298 Z2.650 E248.8425
G1 X135.091 Y131.879 Z2.650 E248.9070
G1 X133.954 Y133.304 Z2.650 E248.9714
G1 X132.612 Y134.548 Z2.650 E249.0361
G1 X131.105 Y135.577 Z2.650 E249.1006
G1 X129.461 Y136.368 Z2.650 E249.1650
G1 X127.720 Y136.906 Z2.650 E249.2294
G1 X125.910 Y137.178 Z2.650 E249.2941
G1 X124.089 Y137.178 Z2.650 E249.3585
G1 X122.279 Y136.906 Z2.650 E249.4231
G1 X120.538 Y136.368 Z2.650 E249.4875
G1 X118.894 Y135.577 Z2.650 E249.5520
G1 X117.387 Y134.548 Z2.650 E249.6165
G1 X116.045 Y133.304 Z2.650 E249.6812
G1 X114.908 Y131.879 Z2.650 E249.7456
G1 X113.995 Y130.298 Z2.650 E249.8101
G1 X113.329 Y128.600 Z2.650 E249.8746
G1 X112.923 Y126.817 Z2.650 E249.9392
G1 X112.786 Y125.000 Z2.650 E250.0036
G1 X112.923 Y123.182 Z2.650 E250.0680
G1 X113.329 Y121.399 Z2.650 E250.1326
G1 X113.995 Y119.701 Z2.650 E250.1971
G1 X114.908 Y118.120 Z2.650 E250.2616
G1 X116.045 Y116.695 Z2.650 E250.3260
G1 X117.387 Y115.451 Z2.650 E250.3848
G1 X118.894 Y114.422 Z2.650 E250.4375
G1 X120.538 Y113.631 Z2.650 E250.4843
G1 X122.279 Y113.093 Z2.650 E250.5252
G1 X124.072 Y112.824 Z2.650 E250.5600
G1 X125.450 Y112.893 Z2.650 E250.5832
G1 X126.829 Y112.962 Z2.650 E250.6030
G1 X128.152 Y113.300 Z2.650 E250.6193
G1 X129.475 Y113.638 Z2.650 E250.6324
G1 X131.105 Y114.422 Z2.650 E250.6438
G1 X132.612 Y115.451 Z2.650 E250.6495
G1 X133.903 Y116.647 Z2.650 E250.6495
G1 F2400 E249.6495
G1 F300 Z2.850
G0 F3900 X133.834 Y116.719
G0 X123.344 Y116.672
G0 X120.865 Y117.698
G0 X119.054 Y119.081
G0 X119.137 Y119.137
G1 F300 Z2.400
G1 F1500 E250.6495
G1 F2400 X118.106 Y120.393 Z2.420 E250.6542
G1 X117.339 Y121.826 Z2.441 E250.6635
G1 X116.868 Y123.383 Z2.461 E250.6775
G1 X116.708 Y125.000 Z2.481 E250.6962
G1 X116.868 Y126.616 Z2.502 E250.7195
G1 X117.339 Y128.173 Z2.522 E250.7475
G1 X118.106 Y129.606 Z2.542 E250.7802
G1 X119.137 Y130.862 Z2.563 E250.8175
G1 X120.393 Y131.893 Z2.583 E250.8595
G1 X121.826 Y132.660 Z2.603 E250.9062
G1 X123.383 Y133.131 Z2.623 E250.9576
G1 X125.000 Y133.291 Z2.644 E251.0136
G1 X125.492 Y133.242 Z2.650 E251.0311
G1 X126.616 Y133.131 Z2.650 E251.0710
G1 X128.173 Y132.660 Z2.650 E251.1285
G1 X129.606 Y131.893 Z2.650 E251.1859
G1 X130.862 Y130.862 Z2.650 E251.2433
G1 X131.893 Y129.606 Z2.650 E251.3008
G1 X132.660 Y128.173 Z2.650 E251.3582
G1 X133.131 Y126.616 Z2.650 E251.4157
G1 X133.291 Y125.000 Z2.650 E251.4731
G1 X133.131 Y123.383 Z2.650 E251.5305
G1 X132.660 Y121.826 Z2.650 E251.5880
G1 X131.893 Y120.393 Z2.650 E251.6454
G1 X130.862 Y119.137 Z2.650 E251.7028
G1 X129.606 Y118.106 Z2.650 E251.7603
G1 X128.173 Y117.339 Z2.650 E251.8177
G1 X126.605 Y116.864 Z2.650 E251.8756
G1 X124.599 Y116.747 Z2.650 E251.9466
G1 X123.383 Y116.868 Z2.650 E251.9898
G1 X121.826 Y117.339 Z2.650 E252.0473
G1 X120.393 Y118.106 Z2.650 E252.1047
G1 X119.137 Y119.137 Z2.650 E252.1621
G1 X118.106 Y120.393 Z2.650 E252.2149
G1 X117.339 Y121.826 Z2.650 E252.2630
G1 X116.868 Y123.383 Z2.650 E252.3065
G1 X116.708 Y125.000 Z2.650 E252.3452
G1 X116.868 Y126.616 Z2.650 E252.3793
G1 X117.339 Y128.173 Z2.650 E252.4088
G1 X118.106 Y129.606 Z2.650 E252.4335
G1 X119.137 Y130.862 Z2.650 E252.4536
G1 X120.393 Y131.893 Z2.650 E252.4690
G1 X121.826 Y132.660 Z2.650 E252.4798
G1 X123.383 Y133.131 Z2.650 E252.4859
G1 X125.000 Y133.291 Z2.650 E252.4873
G1 X125.492 Y133.242 Z2.650 E252.4873
;PRINTING_TIME: 393
;REMAINING_TIME: 586
;LAYER:11
;Z:2.900
;HEIGHT:0.250
;FLOW:100.0
;PRINTING: haibike.stl
;PRINTING_ID: 0
G1 F2400 E251.4873
G1 F300 Z3.100
G0 F3900 X128.612 Y132.835
G0 F300 Z2.900
;TYPE:FILL
;WIDTH:0.360
;FLOW:85.0
G1 F300 Z2.900
G1 F1500 E252.4873
G1 F3600 X128.828 Y132.746 E252.4947
G1 X129.122 Y132.567 E252.5057
G1 X129.142 Y132.550 E252.5065
G1 X129.795 Y132.200 E252.5301
G1 X129.808 Y132.194 E252.5305
G1 X129.814 Y132.190 E252.5308
G1 X129.819 Y132.185 E252.5310
G1 X131.119 Y131.117 E252.5845
G1 X132.188 Y129.815 E252.6381
G1 X132.200 Y129.798 E252.6387
G1 X132.996 Y128.311 E252.6924
G1 X133.089 Y128.003 E252.7026
G1 X134.424 Y127.065 E252.7545
G1 X136.743 Y126.454 E252.8308
G1 X136.720 Y126.763 E252.8406
G1 X136.326 Y128.488 E252.8969
G1 X135.677 Y130.144 E252.9535
G1 X134.793 Y131.675 E253.0097
G1 X133.688 Y133.061 E253.0661
G1 X133.039 Y133.663 E253.0943
G1 X132.387 Y134.266 E253.1225
G1 X131.604 Y134.800 E253.1526
G1 X130.924 Y135.264 E253.1788
G1 X129.330 Y136.032 E253.2351
G1 X127.639 Y136.554 E253.2914
G1 X126.582 Y136.713 E253.3254
G1 X125.880 Y136.818 E253.3480
G1 X124.119 Y136.818 E253.4040
G1 X123.417 Y136.713 E253.4265
G1 X122.360 Y136.554 E253.4605
G1 X120.669 Y136.032 E253.5168
G1 X119.075 Y135.264 E253.5731
G1 X118.395 Y134.800 E253.5993
G1 X117.612 Y134.266 E253.6294
G1 X116.960 Y133.663 E253.6577
G1 X116.311 Y133.061 E253.6858
G1 X115.206 Y131.675 E253.7422
G1 X114.322 Y130.144 E253.7984
G1 X113.673 Y128.488 E253.8550
G1 X113.656 Y128.412 E253.8575
G1 X115.574 Y127.065 E253.9320
G1 X116.550 Y126.808 E253.9641
G1 X116.514 Y126.689 E253.9681
G1 X116.346 Y125.002 E254.0220
G1 X116.514 Y123.309 E254.0761
G1 X117.003 Y121.688 E254.1300
G1 X117.805 Y120.192 E254.1839
G1 X118.215 Y119.692 E254.2045
G1 X117.930 Y119.295 E254.2200
G1 X115.695 Y117.725 E254.3069
G1 X115.713 Y117.697 E254.3080
G1 X117.630 Y115.720 E254.3956
G1 X119.075 Y114.735 E254.4512
G1 X120.669 Y113.967 E254.5075
G1 X122.360 Y113.445 E254.5637
G1 X123.669 Y113.248 E254.6058
G1 X124.092 Y113.185 E254.6194
G1 X124.571 Y113.207 E254.6347
G1 X124.999 Y113.508 E254.6513
G1 X126.177 Y113.921 E254.6910
G1 X126.766 Y114.053 E254.7102
G1 X127.355 Y114.129 E254.7291
G1 X127.944 Y114.130 E254.7479
G1 X128.239 Y114.092 E254.7573
G1 X128.533 Y114.017 E254.7670
G1 X128.828 Y113.896 E254.7771
G1 X128.887 Y113.860 E254.7793
G1 X129.351 Y113.977 E254.7945
G1 X130.924 Y114.735 E254.8501
G1 X132.387 Y115.733 E254.9064
G1 X133.039 Y116.337 E254.9347
G1 X133.688 Y116.938 E254.9628
G1 X134.201 Y117.581 E254.9890
G1 X132.068 Y117.020 E255.0591
G1 X130.890 Y117.131 E255.0967
G1 X130.300 Y117.431 E255.1178
G1 X129.865 Y117.852 E255.1370
G1 X129.819 Y117.814 E255.1389
G1 X129.814 Y117.809 E255.1392
G1 X129.808 Y117.805 E255.1394
G1 X129.795 Y117.799 E255.1398
G1 X128.311 Y117.003 E255.1934
G1 X126.798 Y116.547 E255.2437
G1 X126.667 Y116.507 E255.2480
G1 X124.561 Y116.390 E255.3151
G1 X124.545 Y116.390 E255.3156
G1 X123.310 Y116.514 E255.3551
G1 X121.688 Y117.003 E255.4090
G1 X120.204 Y117.799 E255.4625
G1 X120.191 Y117.805 E255.4630
G1 X120.185 Y117.809 E255.4632
G1 X120.180 Y117.814 E255.4634
G1 X118.889 Y118.874 E255.5166
G1 X118.874 Y118.889 E255.5172
G1 X118.215 Y119.692 E255.5503
G1 F2400 E254.5503
G1 F300 Z3.100
G0 F3900 X117.140 Y115.134
;TYPE:WALL-OUTER
;WIDTH:0.400
;FLOW:95.0
G1 F300 Z2.650
G1 F1500 E255.5503
G1 F2400 X118.693 Y114.075 Z2.673 E255.5573
G1 X120.391 Y113.258 Z2.697 E255.5713
G1 X122.190 Y112.702 Z2.721 E255.5923
G1 X124.053 Y112.422 Z2.744 E255.6203
G1 X125.429 Y112.486 Z2.761 E255.6445
G1 X126.806 Y112.551 Z2.779 E255.6725
G1 X128.207 Y112.904 Z2.797 E255.7060
G1 X129.608 Y113.258 Z2.815 E255.7436
G1 X131.306 Y114.075 Z2.838 E255.7996
G1 X132.862 Y115.137 Z2.862 E255.8627
G1 X134.248 Y116.422 Z2.885 E255.9330
G1 X134.974 Y117.332 Z2.900 E255.9790
G1 X135.422 Y117.894 Z2.900 E256.0073
G1 X136.365 Y119.527 Z2.900 E256.0818
G1 X137.053 Y121.281 Z2.900 E256.1562
G1 X137.473 Y123.122 Z2.900 E256.2308
G1 X137.614 Y125.000 Z2.900 E256.3052
G1 X137.473 Y126.877 Z2.900 E256.3795
G1 X137.053 Y128.718 Z2.900 E256.4541
G1 X136.365 Y130.472 Z2.900 E256.5285
G1 X135.422 Y132.105 Z2.900 E256.6030
G1 X134.248 Y133.577 Z2.900 E256.6774
G1 X132.862 Y134.862 Z2.900 E256.7520
G1 X131.306 Y135.924 Z2.900 E256.8264
G1 X129.608 Y136.741 Z2.900 E256.9009
G1 X127.809 Y137.297 Z2.900 E256.9752
G1 X125.940 Y137.578 Z2.900 E257.0499
G1 X124.059 Y137.578 Z2.900 E257.1242
G1 X122.190 Y137.297 Z2.900 E257.1988
G1 X120.391 Y136.741 Z2.900 E257.2732
G1 X118.693 Y135.924 Z2.900 E257.3476
G1 X117.137 Y134.862 Z2.900 E257.4220
G1 X115.751 Y133.577 Z2.900 E257.4967
G1 X114.577 Y132.105 Z2.900 E257.5710
G1 X113.634 Y130.472 Z2.900 E257.6455
G1 X112.946 Y128.718 Z2.900 E257.7199
G1 X112.526 Y126.877 Z2.900 E257.7945
G1 X112.385 Y125.000 Z2.900 E257.8689
G1 X112.526 Y123.122 Z2.900 E257.9432
G1 X112.946 Y121.281 Z2.900 E258.0178
G1 X113.633 Y119.531 Z2.900 E258.0921
G1 X115.115 Y117.221 Z2.900 E258.2005
G1 X117.140 Y115.134 Z2.900 E258.3153
G1 X118.693 Y114.075 Z2.900 E258.3826
G1 X120.391 Y113.258 Z2.900 E258.4430
G1 X122.190 Y112.702 Z2.900 E258.4964
G1 X124.053 Y112.422 Z2.900 E258.5428
G1 X125.429 Y112.486 Z2.900 E258.5729
G1 X126.806 Y112.551 Z2.900 E258.5994
G1 X128.207 Y112.904 Z2.900 E258.6230
G1 X129.608 Y113.258 Z2.900 E258.6425
G1 X131.306 Y114.075 Z2.900 E258.6608
G1 X132.862 Y115.137 Z2.900 E258.6722
G1 X134.248 Y116.422 Z2.900 E258.6765
G1 X134.974 Y117.332 Z2.900 E258.6765
G1 F2400 E257.6765
G1 F300 Z3.100
G0 F3900 X134.583 Y117.643
G0 X124.555 Y116.551
G0 X121.750 Y117.155
G0 X121.335 Y117.377
G0 X119.036 Y119.104
G0 X119.421 Y119.421
G1 F300 Z2.650
G1 F1500 E258.6765
G1 F2400 X118.440 Y120.616 Z2.669 E258.6813
G1 X117.710 Y121.980 Z2.689 E258.6907
G1 X117.262 Y123.461 Z2.708 E258.7049
G1 X117.110 Y125.000 Z2.727 E258.7238
G1 X117.262 Y126.538 Z2.747 E258.7474
G1 X117.710 Y128.019 Z2.766 E258.7757
G1 X118.440 Y129.383 Z2.785 E258.8088
G1 X119.421 Y130.578 Z2.805 E258.8466
G1 X120.616 Y131.559 Z2.824 E258.8891
G1 X121.980 Y132.289 Z2.843 E258.9364
G1 X123.461 Y132.737 Z2.863 E258.9883
G1 X125.000 Y132.889 Z2.882 E259.0450
G1 X126.433 Y132.747 Z2.900 E259.1019
G1 X126.538 Y132.737 Z2.900 E259.1061
G1 X128.019 Y132.289 Z2.900 E259.1672
G1 X129.383 Y131.559 Z2.900 E259.2283
G1 X130.578 Y130.578 Z2.900 E259.2893
G1 X131.559 Y129.383 Z2.900 E259.3504
G1 X132.289 Y128.019 Z2.900 E259.4115
G1 X132.737 Y126.538 Z2.900 E259.4726
G1 X132.889 Y125.000 Z2.900 E259.5337
G1 X132.737 Y123.461 Z2.900 E259.5947
G1 X132.289 Y121.980 Z2.900 E259.6559
G1 X131.559 Y120.616 Z2.900 E259.7170
G1 X130.578 Y119.421 Z2.900 E259.7780
G1 X129.383 Y118.440 Z2.900 E259.8391
G1 X128.019 Y117.710 Z2.900 E259.9002
G1 X126.534 Y117.261 Z2.900 E259.9615
G1 X124.568 Y117.152 Z2.900 E260.0392
G1 X123.461 Y117.262 Z2.900 E260.0832
G1 X121.980 Y117.710 Z2.900 E260.1443
G1 X120.616 Y118.440 Z2.900 E260.2054
G1 X119.421 Y119.421 Z2.900 E260.2665
G1 X118.440 Y120.616 Z2.900 E260.3228
G1 X117.710 Y121.980 Z2.900 E260.3744
G1 X117.262 Y123.461 Z2.900 E260.4214
G1 X117.110 Y125.000 Z2.900 E260.4636
G1 X117.262 Y126.538 Z2.900 E260.5010
G1 X117.710 Y128.019 Z2.900 E260.5338
G1 X118.440 Y129.383 Z2.900 E260.5618
G1 X119.421 Y130.578 Z2.900 E260.5851
G1 X120.616 Y131.559 Z2.900 E260.6036
G1 X121.980 Y132.289 Z2.900 E260.6175
G1 X123.461 Y132.737 Z2.900 E260.6266
G1 X125.000 Y132.889 Z2.900 E260.6310
G1 X126.433 Y132.747 Z2.900 E260.6310
G1 F2400 E259.6310
G1 F300 Z3.100
G0 F3900 X126.480 Y133.245
G0 X125.000 Y133.491
G0 X121.750 Y132.844
G0 X118.996 Y131.003
G0 X117.155 Y128.249
G0 X116.632 Y125.618
G0 X117.463 Y115.519
G0 X117.399 Y115.442
;TYPE:WALL-INNER
;WIDTH:0.400
;FLOW:85.0
G1 F300 Z2.650
G1 F1500 E260.6310
G1 F2400 X118.894 Y114.422 Z2.673 E260.6368
G1 X120.538 Y113.631 Z2.695 E260.6485
G1 X122.279 Y113.093 Z2.718 E260.6661
G1 X124.074 Y112.823 Z2.741 E260.6894
G1 X125.410 Y112.886 Z2.758 E260.7098
G1 X126.747 Y112.949 Z2.774 E260.7333
G1 X128.109 Y113.292 Z2.792 E260.7615
G1 X129.471 Y113.636 Z2.809 E260.7931
G1 X131.105 Y114.422 Z2.832 E260.8398
G1 X132.612 Y115.451 Z2.855 E260.8927
G1 X133.954 Y116.695 Z2.878 E260.9516
G1 X135.061 Y118.082 Z2.900 E261.0143
G1 X135.091 Y118.120 Z2.900 E261.0160
G1 X136.004 Y119.701 Z2.900 E261.0805
G1 X136.670 Y121.399 Z2.900 E261.1450
G1 X137.076 Y123.182 Z2.900 E261.2096
G1 X137.213 Y125.000 Z2.900 E261.2740
G1 X137.076 Y126.817 Z2.900 E261.3384
G1 X136.670 Y128.600 Z2.900 E261.4031
G1 X136.004 Y130.298 Z2.900 E261.4675
G1 X135.091 Y131.879 Z2.900 E261.5320
G1 X133.954 Y133.304 Z2.900 E261.5965
G1 X132.612 Y134.548 Z2.900 E261.6611
G1 X131.105 Y135.577 Z2.900 E261.7256
G1 X129.461 Y136.368 Z2.900 E261.7901
G1 X127.720 Y136.906 Z2.900 E261.8545
G1 X125.910 Y137.178 Z2.900 E261.9192
G1 X124.089 Y137.178 Z2.900 E261.9835
G1 X122.279 Y136.906 Z2.900 E262.0482
G1 X120.538 Y136.368 Z2.900 E262.1126
G1 X118.894 Y135.577 Z2.900 E262.1771
G1 X117.387 Y134.548 Z2.900 E262.2415
G1 X116.045 Y133.304 Z2.900 E262.3062
G1 X114.908 Y131.879 Z2.900 E262.3706
G1 X113.995 Y130.298 Z2.900 E262.4352
G1 X113.329 Y128.600 Z2.900 E262.4996
G1 X112.923 Y126.817 Z2.900 E262.5642
G1 X112.786 Y125.000 Z2.900 E262.6286
G1 X112.923 Y123.182 Z2.900 E262.6931
G1 X113.329 Y121.399 Z2.900 E262.7577
G1 X113.991 Y119.714 Z2.900 E262.8217
G1 X115.430 Y117.471 Z2.900 E262.9158
G1 X117.399 Y115.442 Z2.900 E263.0157
G1 X118.894 Y114.422 Z2.900 E263.0739
G1 X120.538 Y113.631 Z2.900 E263.1267
G1 X122.279 Y113.093 Z2.900 E263.1735
G1 X124.074 Y112.823 Z2.900 E263.2143
G1 X125.410 Y112.886 Z2.900 E263.2412
G1 X126.747 Y112.949 Z2.900 E263.2650
G1 X128.109 Y113.292 Z2.900 E263.2865
G1 X129.471 Y113.636 Z2.900 E263.3045
G1 X131.105 Y114.422 Z2.900 E263.3218
G1 X132.612 Y115.451 Z2.900 E263.3335
G1 X133.954 Y116.695 Z2.900 E263.3392
G1 X135.061 Y118.082 Z2.900 E263.3392
G1 F2400 E262.3392
G1 F300 Z3.100
G0 F3900 X134.982 Y118.143
G0 X126.638 Y116.668
G0 X123.345 Y116.672
G0 X120.865 Y117.698
G0 X119.054 Y119.081
G0 X119.137 Y119.137
G1 F300 Z2.650
G1 F1500 E263.3392
G1 F2400 X118.106 Y120.393 Z2.670 E263.3439
G1 X117.339 Y121.826 Z2.691 E263.3532
G1 X116.868 Y123.383 Z2.711 E263.3672
G1 X116.708 Y125.000 Z2.731 E263.3859
G1 X116.868 Y126.616 Z2.752 E263.4092
G1 X117.339 Y128.173 Z2.772 E263.4372
G1 X118.106 Y129.606 Z2.792 E263.4699
G1 X119.137 Y130.862 Z2.813 E263.5073
G1 X120.393 Y131.893 Z2.833 E263.5493
G1 X121.826 Y132.660 Z2.853 E263.5959
G1 X123.383 Y133.131 Z2.873 E263.6473
G1 X125.000 Y133.291 Z2.894 E263.7033
G1 X125.492 Y133.242 Z2.900 E263.7208
G1 X126.616 Y133.131 Z2.900 E263.7607
G1 X128.173 Y132.660 Z2.900 E263.8182
G1 X129.606 Y131.893 Z2.900 E263.8756
G1 X130.862 Y130.862 Z2.900 E263.9331
G1 X131.893 Y129.606 Z2.900 E263.9905
G1 X132.660 Y128.173 Z2.900 E264.0479
G1 X133.131 Y126.616 Z2.900 E264.1054
G1 X133.291 Y125.000 Z2.900 E264.1628
G1 X133.131 Y123.383 Z2.900 E264.2202
G1 X132.660 Y121.826 Z2.900 E264.2777
G1 X131.893 Y120.393 Z2.900 E264.3351
G1 X130.862 Y119.137 Z2.900 E264.3926
G1 X129.606 Y118.106 Z2.900 E264.4500
G1 X128.173 Y117.339 Z2.900 E264.5074
G1 X126.604 Y116.864 Z2.900 E264.5654
G1 X124.559 Y116.751 Z2.900 E264.6377
G1 X123.383 Y116.868 Z2.900 E264.6795
G1 X121.826 Y117.339 Z2.900 E264.7370
G1 X120.393 Y118.106 Z2.900 E264.7944
G1 X119.137 Y119.137 Z2.900 E264.8518
G1 X118.106 Y120.393 Z2.900 E264.9046
G1 X117.339 Y121.826 Z2.900 E264.9527
G1 X116.868 Y123.383 Z2.900 E264.9962
G1 X116.708 Y125.000 Z2.900 E265.0349
G1 X116.868 Y126.616 Z2.900 E265.0690
G1 X117.339 Y128.173 Z2.900 E265.0985
G1 X118.106 Y129.606 Z2.900 E265.1232
G1 X119.137 Y130.862 Z2.900 E265.1433
G1 X120.393 Y131.893 Z2.900 E265.1587
G1 X121.826 Y132.660 Z2.900 E265.1695
G1 X123.383 Y133.131 Z2.900 E265.1756
G1 X125.000 Y133.291 Z2.900 E265.1770
G1 X125.492 Y133.242 Z2.900 E265.1770
;PRINTING_TIME: 409
;REMAINING_TIME: 570
;LAYER:12
;Z:3.150
;HEIGHT:0.250
;FLOW:100.0
;PRINTING: haibike.stl
;PRINTING_ID: 0
G1 F2400 E264.1770
G1 F300 Z3.350
G0 F3900 X125.500 Y133.342
G0 F300 Z3.150
G0 F3900 X128.249 Y132.844
G0 X131.003 Y131.003
G0 X132.844 Y128.249
G0 X133.491 Y125.000
G0 X132.844 Y121.750
G0 X131.802 Y120.190
G0 X130.117 Y118.059
;TYPE:FILL
;WIDTH:0.360
;FLOW:85.0
G1 F300 Z3.150
G1 F1500 E265.1770
G1 F3600 X131.117 Y118.880 E265.2182
G1 X132.194 Y120.192 E265.2721
G1 X132.996 Y121.688 E265.3261
G1 X133.485 Y123.309 E265.3800
G1 X133.653 Y124.998 E265.4340
G1 X133.485 Y126.689 E265.4880
G1 X133.098 Y127.974 E265.5307
G1 X134.424 Y127.143 E265.5805
G1 X136.724 Y126.711 E265.6549
G1 X136.720 Y126.763 E265.6566
G1 X136.326 Y128.488 E265.7128
G1 X135.677 Y130.144 E265.7694
G1 X134.793 Y131.675 E265.8256
G1 X133.688 Y133.061 E265.8820
G1 X133.039 Y133.663 E265.9102
G1 X132.387 Y134.266 E265.9384
G1 X131.616 Y134.792 E265.9681
G1 X130.956 Y135.243 E265.9935
G1 X128.945 Y136.032 E266.0622
G1 X127.603 Y136.558 E266.1081
G1 X125.880 Y136.818 E266.1635
G1 X124.119 Y136.818 E266.2195
G1 X123.417 Y136.713 E266.2421
G1 X122.360 Y136.554 E266.2761
G1 X120.669 Y136.032 E266.3324
G1 X119.075 Y135.264 E266.3886
G1 X118.395 Y134.800 E266.4148
G1 X117.612 Y134.266 E266.4450
G1 X116.960 Y133.663 E266.4732
G1 X116.311 Y133.061 E266.5014
G1 X115.206 Y131.675 E266.5577
G1 X114.322 Y130.144 E266.6140
G1 X113.673 Y128.488 E266.6705
G1 X113.642 Y128.353 E266.6749
G1 X115.574 Y127.143 E266.7474
G1 X116.593 Y126.951 E266.7804
G1 X116.514 Y126.689 E266.7891
G1 X116.346 Y125.002 E266.8430
G1 X116.514 Y123.309 E266.8972
G1 X117.003 Y121.688 E266.9510
G1 X117.805 Y120.192 E267.0050
G1 X118.274 Y119.621 E267.0285
G1 X117.930 Y119.194 E267.0459
G1 X115.724 Y117.812 E267.1287
G1 X116.332 Y116.920 E267.1631
G1 X116.563 Y116.706 E267.1731
G1 X117.612 Y115.733 E267.2186
G1 X119.075 Y114.735 E267.2749
G1 X120.669 Y113.967 E267.3312
G1 X122.360 Y113.445 E267.3875
G1 X124.093 Y113.185 E267.4432
G1 X124.645 Y113.209 E267.4608
G1 X124.999 Y113.431 E267.4741
G1 X125.588 Y113.624 E267.4938
G1 X126.177 Y113.765 E267.5130
G1 X126.766 Y113.851 E267.5320
G1 X127.355 Y113.873 E267.5507
G1 X127.944 Y113.811 E267.5696
G1 X128.280 Y113.706 E267.5808
G1 X128.439 Y113.746 E267.5860
G1 X129.335 Y113.970 E267.6153
G1 X130.096 Y114.336 E267.6422
G1 X130.924 Y114.735 E267.6714
G1 X132.387 Y115.733 E267.7278
G1 X133.039 Y116.337 E267.7560
G1 X133.688 Y116.938 E267.7842
G1 X134.290 Y117.693 E267.8149
G1 X132.068 Y117.275 E267.8868
G1 X130.890 Y117.522 E267.9251
G1 X130.300 Y117.880 E267.9470
G1 X130.117 Y118.059 E267.9551
G1 F2400 E266.9551
G1 F300 Z3.350
G0 F3900 X126.637 Y116.668
G0 X116.132 Y116.750
G0 X115.751 Y116.422
;TYPE:WALL-OUTER
;WIDTH:0.400
;FLOW:95.0
G1 F300 Z2.900
G1 F1500 E267.9551
G1 F2400 X117.137 Y115.137 Z2.924 E267.9622
G1 X118.693 Y114.075 Z2.947 E267.9762
G1 X120.391 Y113.258 Z2.971 E267.9973
G1 X122.190 Y112.702 Z2.994 E268.0253
G1 X124.053 Y112.422 Z3.018 E268.0604
G1 X125.383 Y112.480 Z3.034 E268.0887
G1 X126.713 Y112.538 Z3.051 E268.1205
G1 X127.809 Y112.702 Z3.065 E268.1493
G1 X129.608 Y113.258 Z3.088 E268.2054
G1 X131.306 Y114.075 Z3.112 E268.2685
G1 X132.862 Y115.137 Z3.136 E268.3387
G1 X133.707 Y115.920 Z3.150 E268.3842
G1 X134.248 Y116.422 Z3.150 E268.4133
G1 X135.422 Y117.894 Z3.150 E268.4877
G1 X136.365 Y119.527 Z3.150 E268.5621
G1 X137.053 Y121.281 Z3.150 E268.6366
G1 X137.473 Y123.122 Z3.150 E268.7111
G1 X137.614 Y125.000 Z3.150 E268.7855
G1 X137.473 Y126.877 Z3.150 E268.8599
G1 X137.053 Y128.718 Z3.150 E268.9345
G1 X136.365 Y130.472 Z3.150 E269.0089
G1 X135.422 Y132.105 Z3.150 E269.0833
G1 X134.248 Y133.577 Z3.150 E269.1577
G1 X132.862 Y134.862 Z3.150 E269.2324
G1 X131.312 Y135.920 Z3.150 E269.3065
G1 X127.801 Y137.298 Z3.150 E269.4555
G1 X125.940 Y137.578 Z3.150 E269.5298
G1 X124.059 Y137.578 Z3.150 E269.6041
G1 X122.190 Y137.297 Z3.150 E269.6787
G1 X120.391 Y136.741 Z3.150 E269.7531
G1 X118.693 Y135.924 Z3.150 E269.8275
G1 X117.137 Y134.862 Z3.150 E269.9019
G1 X115.751 Y133.577 Z3.150 E269.9766
G1 X114.577 Y132.105 Z3.150 E270.0509
G1 X113.634 Y130.472 Z3.150 E270.1254
G1 X112.946 Y128.718 Z3.150 E270.1998
G1 X112.526 Y126.877 Z3.150 E270.2744
G1 X112.385 Y125.000 Z3.150 E270.3488
G1 X112.526 Y123.122 Z3.150 E270.4231
G1 X112.946 Y121.281 Z3.150 E270.4977
G1 X113.633 Y119.532 Z3.150 E270.5719
G1 X115.751 Y116.422 Z3.150 E270.7206
G1 X117.137 Y115.137 Z3.150 E270.7881
G1 X118.693 Y114.075 Z3.150 E270.8485
G1 X120.391 Y113.258 Z3.150 E270.9019
G1 X122.190 Y112.702 Z3.150 E270.9482
G1 X124.053 Y112.422 Z3.150 E270.9876
G1 X125.383 Y112.480 Z3.150 E271.0119
G1 X126.713 Y112.538 Z3.150 E271.0327
G1 X127.809 Y112.702 Z3.150 E271.0475
G1 X129.608 Y113.258 Z3.150 E271.0658
G1 X131.306 Y114.075 Z3.150 E271.0771
G1 X132.862 Y115.137 Z3.150 E271.0814
G1 X133.707 Y115.920 Z3.150 E271.0814
G1 F2400 E270.0814
G1 F300 Z3.350
G0 F3900 X133.367 Y116.286
G0 X123.345 Y116.672
G0 X120.865 Y117.698
G0 X119.036 Y119.104
G0 X119.421 Y119.421
G1 F300 Z2.900
G1 F1500 E271.0814
G1 F2400 X118.440 Y120.616 Z2.919 E271.0862
G1 X117.710 Y121.980 Z2.939 E271.0956
G1 X117.262 Y123.461 Z2.958 E271.1098
G1 X117.110 Y125.000 Z2.977 E271.1287
G1 X117.262 Y126.538 Z2.997 E271.1523
G1 X117.710 Y128.019 Z3.016 E271.1806
G1 X118.440 Y129.383 Z3.035 E271.2137
G1 X119.421 Y130.578 Z3.055 E271.2515
G1 X120.616 Y131.559 Z3.074 E271.2940
G1 X121.980 Y132.289 Z3.093 E271.3412
G1 X123.461 Y132.737 Z3.113 E271.3932
G1 X125.000 Y132.889 Z3.132 E271.4499
G1 X126.433 Y132.747 Z3.150 E271.5068
G1 X126.538 Y132.737 Z3.150 E271.5110
G1 X128.019 Y132.289 Z3.150 E271.5721
G1 X129.383 Y131.559 Z3.150 E271.6332
G1 X130.578 Y130.578 Z3.150 E271.6942
G1 X131.559 Y129.383 Z3.150 E271.7553
G1 X132.289 Y128.019 Z3.150 E271.8164
G1 X132.737 Y126.538 Z3.150 E271.8775
G1 X132.889 Y125.000 Z3.150 E271.9386
G1 X132.737 Y123.461 Z3.150 E271.9996
G1 X132.289 Y121.980 Z3.150 E272.0607
G1 X131.559 Y120.616 Z3.150 E272.1218
G1 X130.578 Y119.421 Z3.150 E272.1829
G1 X129.383 Y118.440 Z3.150 E272.2440
G1 X128.019 Y117.710 Z3.150 E272.3051
G1 X126.534 Y117.261 Z3.150 E272.3664
G1 X124.529 Y117.156 Z3.150 E272.4457
G1 X123.461 Y117.262 Z3.150 E272.4880
G1 X121.980 Y117.710 Z3.150 E272.5492
G1 X120.616 Y118.440 Z3.150 E272.6103
G1 X119.421 Y119.421 Z3.150 E272.6713
G1 X118.440 Y120.616 Z3.150 E272.7277
G1 X117.710 Y121.980 Z3.150 E272.7793
G1 X117.262 Y123.461 Z3.150 E272.8263
G1 X117.110 Y125.000 Z3.150 E272.8684
G1 X117.262 Y126.538 Z3.150 E272.9059
G1 X117.710 Y128.019 Z3.150 E272.9386
G1 X118.440 Y129.383 Z3.150 E272.9667
G1 X119.421 Y130.578 Z3.150 E272.9900
G1 X120.616 Y131.559 Z3.150 E273.0085
G1 X121.980 Y132.289 Z3.150 E273.0224
G1 X123.461 Y132.737 Z3.150 E273.0315
G1 X125.000 Y132.889 Z3.150 E273.0359
G1 X126.433 Y132.747 Z3.150 E273.0359
G1 F2400 E272.0359
G1 F300 Z3.350
G0 F3900 X126.480 Y133.245
G0 X125.000 Y133.491
G0 X121.750 Y132.844
G0 X118.996 Y131.003
G0 X117.155 Y128.249
G0 X116.789 Y126.408
G0 X116.130 Y116.752
G0 X116.056 Y116.685
;TYPE:WALL-INNER
;WIDTH:0.400
;FLOW:85.0
G1 F300 Z2.900
G1 F1500 E273.0359
G1 F2400 X117.387 Y115.451 Z2.923 E273.0417
G1 X118.894 Y114.422 Z2.945 E273.0535
G1 X120.538 Y113.631 Z2.968 E273.0711
G1 X122.279 Y113.093 Z2.991 E273.0945
G1 X124.074 Y112.823 Z3.014 E273.1237
G1 X125.374 Y112.880 Z3.030 E273.1476
G1 X126.675 Y112.937 Z3.046 E273.1746
G1 X127.720 Y113.093 Z3.060 E273.1984
G1 X129.461 Y113.631 Z3.082 E273.2454
G1 X131.105 Y114.422 Z3.105 E273.2982
G1 X132.612 Y115.451 Z3.128 E273.3570
G1 X133.907 Y116.652 Z3.150 E273.4195
G1 X133.954 Y116.695 Z3.150 E273.4217
G1 X135.091 Y118.120 Z3.150 E273.4861
G1 X136.004 Y119.701 Z3.150 E273.5506
G1 X136.670 Y121.399 Z3.150 E273.6151
G1 X137.076 Y123.182 Z3.150 E273.6797
G1 X137.213 Y125.000 Z3.150 E273.7442
G1 X137.076 Y126.817 Z3.150 E273.8085
G1 X136.670 Y128.600 Z3.150 E273.8732
G1 X136.004 Y130.298 Z3.150 E273.9376
G1 X135.091 Y131.879 Z3.150 E274.0021
G1 X133.954 Y133.304 Z3.150 E274.0666
G1 X132.612 Y134.548 Z3.150 E274.1312
G1 X131.124 Y135.564 Z3.150 E274.1949
G1 X127.697 Y136.909 Z3.150 E274.3250
G1 X125.910 Y137.178 Z3.150 E274.3889
G1 X124.089 Y137.178 Z3.150 E274.4532
G1 X122.279 Y136.906 Z3.150 E274.5179
G1 X120.538 Y136.368 Z3.150 E274.5823
G1 X118.894 Y135.577 Z3.150 E274.6468
G1 X117.387 Y134.548 Z3.150 E274.7113
G1 X116.045 Y133.304 Z3.150 E274.7759
G1 X114.908 Y131.879 Z3.150 E274.8403
G1 X113.995 Y130.298 Z3.150 E274.9049
G1 X113.329 Y128.600 Z3.150 E274.9693
G1 X112.923 Y126.817 Z3.150 E275.0339
G1 X112.786 Y125.000 Z3.150 E275.0983
G1 X112.923 Y123.182 Z3.150 E275.1628
G1 X113.329 Y121.399 Z3.150 E275.2274
G1 X113.989 Y119.720 Z3.150 E275.2911
G1 X116.056 Y116.685 Z3.150 E275.4209
G1 X117.387 Y115.451 Z3.150 E275.4792
G1 X118.894 Y114.422 Z3.150 E275.5320
G1 X120.538 Y113.631 Z3.150 E275.5788
G1 X122.279 Y113.093 Z3.150 E275.6198
G1 X124.074 Y112.823 Z3.150 E275.6547
G1 X125.374 Y112.880 Z3.150 E275.6768
G1 X126.675 Y112.937 Z3.150 E275.6959
G1 X127.720 Y113.093 Z3.150 E275.7094
G1 X129.461 Y113.631 Z3.150 E275.7268
G1 X131.105 Y114.422 Z3.150 E275.7384
G1 X132.612 Y115.451 Z3.150 E275.7441
G1 X133.907 Y116.652 Z3.150 E275.7441
G1 F2400 E274.7441
G1 F300 Z3.350
G0 F3900 X123.423 Y117.066
G0 X121.769 Y117.750
G0 X119.137 Y119.137
G1 F300 Z2.900
G1 F1500 E275.7441
G1 F2400 X118.106 Y120.393 Z2.920 E275.7488
G1 X117.339 Y121.826 Z2.941 E275.7581
G1 X116.868 Y123.383 Z2.961 E275.7721
G1 X116.708 Y125.000 Z2.981 E275.7908
G1 X116.868 Y126.616 Z3.002 E275.8141
G1 X117.339 Y128.173 Z3.022 E275.8421
G1 X118.106 Y129.606 Z3.042 E275.8748
G1 X119.137 Y130.862 Z3.063 E275.9121
G1 X120.393 Y131.893 Z3.083 E275.9541
G1 X121.826 Y132.660 Z3.103 E276.0008
G1 X123.383 Y133.131 Z3.123 E276.0522
G1 X125.000 Y133.291 Z3.144 E276.1082
G1 X125.492 Y133.242 Z3.150 E276.1257
G1 X126.616 Y133.131 Z3.150 E276.1656
G1 X128.173 Y132.660 Z3.150 E276.2231
G1 X129.606 Y131.893 Z3.150 E276.2805
G1 X130.862 Y130.862 Z3.150 E276.3379
G1 X131.893 Y129.606 Z3.150 E276.3954
G1 X132.660 Y128.173 Z3.150 E276.4528
G1 X133.131 Y126.616 Z3.150 E276.5103
G1 X133.291 Y125.000 Z3.150 E276.5677
G1 X133.131 Y123.383 Z3.150 E276.6251
G1 X132.660 Y121.826 Z3.150 E276.6826
G1 X131.893 Y120.393 Z3.150 E276.7400
G1 X130.862 Y119.137 Z3.150 E276.7974
G1 X129.606 Y118.106 Z3.150 E276.8549
G1 X128.173 Y117.339 Z3.150 E276.9123
G1 X126.603 Y116.864 Z3.150 E276.9703
G1 X124.520 Y116.755 Z3.150 E277.0440
G1 X123.383 Y116.868 Z3.150 E277.0844
G1 X121.826 Y117.339 Z3.150 E277.1419
G1 X120.393 Y118.106 Z3.150 E277.1993
G1 X119.137 Y119.137 Z3.150 E277.2567
G1 X118.106 Y120.393 Z3.150 E277.3095
G1 X117.339 Y121.826 Z3.150 E277.3576
G1 X116.868 Y123.383 Z3.150 E277.4010
G1 X116.708 Y125.000 Z3.150 E277.4398
G1 X116.868 Y126.616 Z3.150 E277.4739
G1 X117.339 Y128.173 Z3.150 E277.5033
G1 X118.106 Y129.606 Z3.150 E277.5281
G1 X119.137 Y130.862 Z3.150 E277.5482
G1 X120.393 Y131.893 Z3.150 E277.5636
G1 X121.826 Y132.660 Z3.150 E277.5744
G1 X123.383 Y133.131 Z3.150 E277.5805
G1 X125.000 Y133.291 Z3.150 E277.5819
G1 X125.492 Y133.242 Z3.150 E277.5819
;PRINTING_TIME: 426
;REMAINING_TIME: 553
;LAYER:13
;Z:3.400
;HEIGHT:0.250
;FLOW:100.0
;PRINTING: haibike.stl
;PRINTING_ID: 0
G1 F2400 E276.5819
G1 F300 Z3.600
G0 F3900 X125.500 Y133.342
G0 F300 Z3.400
G0 F3900 X128.249 Y132.844
G0 X131.003 Y131.003
G0 X132.844 Y128.249
G0 X133.491 Y125.000
G0 X132.844 Y121.750
G0 X132.323 Y120.970
G0 X130.331 Y118.234
;TYPE:FILL
;WIDTH:0.360
;FLOW:85.0
G1 F300 Z3.400
G1 F1500 E277.5819
G1 F3600 X131.117 Y118.880 E277.6142
G1 X132.194 Y120.192 E277.6682
G1 X132.996 Y121.688 E277.7222
G1 X133.485 Y123.309 E277.7761
G1 X133.653 Y124.998 E277.8300
G1 X133.485 Y126.689 E277.8841
G1 X133.109 Y127.937 E277.9255
G1 X134.424 Y127.207 E277.9734
G1 X136.679 Y126.944 E278.0456
G1 X136.326 Y128.488 E278.0960
G1 X135.677 Y130.144 E278.1525
G1 X134.793 Y131.675 E278.2088
G1 X133.688 Y133.061 E278.2651
G1 X133.039 Y133.663 E278.2933
G1 X132.387 Y134.266 E278.3215
G1 X131.616 Y134.792 E278.3512
G1 X130.956 Y135.243 E278.3766
G1 X128.945 Y136.032 E278.4454
G1 X127.603 Y136.558 E278.4912
G1 X125.880 Y136.818 E278.5466
G1 X124.119 Y136.818 E278.6026
G1 X123.417 Y136.713 E278.6252
G1 X122.360 Y136.554 E278.6592
G1 X120.669 Y136.032 E278.7155
G1 X119.075 Y135.264 E278.7718
G1 X118.395 Y134.800 E278.7979
G1 X117.612 Y134.266 E278.8281
G1 X116.960 Y133.663 E278.8563
G1 X116.311 Y133.061 E278.8845
G1 X115.206 Y131.675 E278.9409
G1 X114.322 Y130.144 E278.9971
G1 X113.673 Y128.488 E279.0537
G1 X113.627 Y128.287 E279.0602
G1 X115.574 Y127.207 E279.1310
G1 X116.633 Y127.083 E279.1649
G1 X116.514 Y126.689 E279.1780
G1 X116.346 Y125.002 E279.2319
G1 X116.514 Y123.309 E279.2861
G1 X117.003 Y121.688 E279.3399
G1 X117.805 Y120.192 E279.3939
G1 X118.335 Y119.546 E279.4205
G1 X117.930 Y119.089 E279.4399
G1 X115.618 Y117.807 E279.5240
G1 X116.311 Y116.938 E279.5593
G1 X116.960 Y116.336 E279.5875
G1 X117.612 Y115.733 E279.6157
G1 X119.075 Y114.735 E279.6721
G1 X120.669 Y113.967 E279.7283
G1 X122.360 Y113.445 E279.7846
G1 X123.672 Y113.248 E279.8268
G1 X124.096 Y113.185 E279.8404
G1 X124.170 Y113.188 E279.8428
G1 X124.718 Y113.210 E279.8602
G1 X124.999 Y113.366 E279.8705
G1 X125.588 Y113.523 E279.8899
G1 X126.177 Y113.625 E279.9089
G1 X126.766 Y113.668 E279.9276
G1 X127.355 Y113.642 E279.9464
G1 X127.917 Y113.531 E279.9646
G1 X129.330 Y113.967 E280.0116
G1 X130.924 Y114.735 E280.0679
G1 X132.387 Y115.733 E280.1242
G1 X133.039 Y116.337 E280.1525
G1 X133.688 Y116.938 E280.1806
G1 X134.354 Y117.774 E280.2146
G1 X132.068 Y117.507 E280.2878
G1 X130.890 Y117.859 E280.3269
G1 X130.331 Y118.234 E280.3484
G1 F2400 E279.3484
G1 F300 Z3.600
G0 F3900 X126.989 Y116.820
G0 X116.116 Y116.765
G0 X115.751 Y116.422
;TYPE:WALL-OUTER
;WIDTH:0.400
;FLOW:95.0
G1 F300 Z3.150
G1 F1500 E280.3484
G1 F2400 X117.137 Y115.137 Z3.174 E280.3554
G1 X118.693 Y114.075 Z3.197 E280.3695
G1 X120.391 Y113.258 Z3.221 E280.3905
G1 X122.190 Y112.702 Z3.244 E280.4185
G1 X124.054 Y112.422 Z3.268 E280.4536
G1 X125.337 Y112.473 Z3.284 E280.4808
G1 X126.621 Y112.524 Z3.300 E280.5112
G1 X127.809 Y112.702 Z3.315 E280.5425
G1 X129.608 Y113.258 Z3.338 E280.5986
G1 X131.306 Y114.075 Z3.362 E280.6617
G1 X132.862 Y115.137 Z3.386 E280.7319
G1 X133.707 Y115.920 Z3.400 E280.7774
G1 X134.248 Y116.422 Z3.400 E280.8065
G1 X135.422 Y117.894 Z3.400 E280.8809
G1 X136.365 Y119.527 Z3.400 E280.9553
G1 X137.053 Y121.281 Z3.400 E281.0298
G1 X137.473 Y123.122 Z3.400 E281.1043
G1 X137.614 Y125.000 Z3.400 E281.1787
G1 X137.473 Y126.877 Z3.400 E281.2531
G1 X137.053 Y128.718 Z3.400 E281.3277
G1 X136.365 Y130.472 Z3.400 E281.4021
G1 X135.422 Y132.105 Z3.400 E281.4765
G1 X134.248 Y133.577 Z3.400 E281.5509
G1 X132.862 Y134.862 Z3.400 E281.6256
G1 X131.312 Y135.920 Z3.400 E281.6997
G1 X127.801 Y137.298 Z3.400 E281.8487
G1 X125.940 Y137.578 Z3.400 E281.9230
G1 X124.059 Y137.578 Z3.400 E281.9973
G1 X122.190 Y137.297 Z3.400 E282.0719
G1 X120.391 Y136.741 Z3.400 E282.1463
G1 X118.693 Y135.924 Z3.400 E282.2207
G1 X117.137 Y134.862 Z3.400 E282.2951
G1 X115.751 Y133.577 Z3.400 E282.3698
G1 X114.577 Y132.105 Z3.400 E282.4441
G1 X113.634 Y130.472 Z3.400 E282.5186
G1 X112.946 Y128.718 Z3.400 E282.5930
G1 X112.526 Y126.877 Z3.400 E282.6676
G1 X112.385 Y125.000 Z3.400 E282.7420
G1 X112.526 Y123.122 Z3.400 E282.8163
G1 X112.946 Y121.281 Z3.400 E282.8909
G1 X113.634 Y119.527 Z3.400 E282.9653
G1 X114.577 Y117.894 Z3.400 E283.0398
G1 X115.751 Y116.422 Z3.400 E283.1142
G1 X117.137 Y115.137 Z3.400 E283.1818
G1 X118.693 Y114.075 Z3.400 E283.2421
G1 X120.391 Y113.258 Z3.400 E283.2955
G1 X122.190 Y112.702 Z3.400 E283.3418
G1 X124.054 Y112.422 Z3.400 E283.3812
G1 X125.337 Y112.473 Z3.400 E283.4048
G1 X126.621 Y112.524 Z3.400 E283.4251
G1 X127.809 Y112.702 Z3.400 E283.4412
G1 X129.608 Y113.258 Z3.400 E283.4595
G1 X131.306 Y114.075 Z3.400 E283.4708
G1 X132.862 Y115.137 Z3.400 E283.4751
G1 X133.707 Y115.920 Z3.400 E283.4751
G1 F2400 E282.4751
G1 F300 Z3.600
G0 F3900 X133.367 Y116.286
G0 X123.382 Y116.662
G0 X120.872 Y117.696
G0 X119.036 Y119.104
G0 X119.421 Y119.421
G1 F300 Z3.150
G1 F1500 E283.4751
G1 F2400 X118.440 Y120.616 Z3.169 E283.4798
G1 X117.710 Y121.980 Z3.189 E283.4893
G1 X117.262 Y123.461 Z3.208 E283.5034
G1 X117.110 Y125.000 Z3.227 E283.5223
G1 X117.262 Y126.538 Z3.247 E283.5459
G1 X117.710 Y128.019 Z3.266 E283.5743
G1 X118.440 Y129.383 Z3.285 E283.6074
G1 X119.421 Y130.578 Z3.305 E283.6452
G1 X120.616 Y131.559 Z3.324 E283.6876
G1 X121.980 Y132.289 Z3.343 E283.7349
G1 X123.461 Y132.737 Z3.363 E283.7869
G1 X125.000 Y132.889 Z3.382 E283.8436
G1 X126.433 Y132.747 Z3.400 E283.9004
G1 X126.538 Y132.737 Z3.400 E283.9046
G1 X128.019 Y132.289 Z3.400 E283.9657
G1 X129.383 Y131.559 Z3.400 E284.0268
G1 X130.578 Y130.578 Z3.400 E284.0879
G1 X131.559 Y129.383 Z3.400 E284.1490
G1 X132.289 Y128.019 Z3.400 E284.2101
G1 X132.737 Y126.538 Z3.400 E284.2712
G1 X132.889 Y125.000 Z3.400 E284.3322
G1 X132.737 Y123.461 Z3.400 E284.3933
G1 X132.289 Y121.980 Z3.400 E284.4544
G1 X131.559 Y120.616 Z3.400 E284.5155
G1 X130.578 Y119.421 Z3.400 E284.5766
G1 X129.383 Y118.440 Z3.400 E284.6376
G1 X128.019 Y117.710 Z3.400 E284.6987
G1 X126.529 Y117.259 Z3.400 E284.7602
G1 X123.470 Y117.259 Z3.400 E284.8810
G1 X121.980 Y117.710 Z3.400 E284.9425
G1 X120.616 Y118.440 Z3.400 E285.0036
G1 X119.421 Y119.421 Z3.400 E285.0647
G1 X118.440 Y120.616 Z3.400 E285.1210
G1 X117.710 Y121.980 Z3.400 E285.1727
G1 X117.262 Y123.461 Z3.400 E285.2196
G1 X117.110 Y125.000 Z3.400 E285.2618
G1 X117.262 Y126.538 Z3.400 E285.2993
G1 X117.710 Y128.019 Z3.400 E285.3320
G1 X118.440 Y129.383 Z3.400 E285.3600
G1 X119.421 Y130.578 Z3.400 E285.3833
G1 X120.616 Y131.559 Z3.400 E285.4019
G1 X121.980 Y132.289 Z3.400 E285.4157
G1 X123.461 Y132.737 Z3.400 E285.4249
G1 X125.000 Y132.889 Z3.400 E285.4293
G1 X126.433 Y132.747 Z3.400 E285.4293
G1 F2400 E284.4293
G1 F300 Z3.600
G0 F3900 X126.480 Y133.245
G0 X125.000 Y133.491
G0 X121.750 Y132.844
G0 X118.996 Y131.003
G0 X117.155 Y128.249
G0 X116.789 Y126.408
G0 X116.119 Y116.762
G0 X116.045 Y116.695
;TYPE:WALL-INNER
;WIDTH:0.400
;FLOW:85.0
G1 F300 Z3.150
G1 F1500 E285.4293
G1 F2400 X117.387 Y115.451 Z3.173 E285.4352
G1 X118.894 Y114.422 Z3.196 E285.4470
G1 X120.538 Y113.631 Z3.218 E285.4646
G1 X122.279 Y113.093 Z3.241 E285.4881
G1 X124.076 Y112.823 Z3.264 E285.5174
G1 X125.329 Y112.873 Z3.280 E285.5404
G1 X126.583 Y112.923 Z3.295 E285.5662
G1 X127.720 Y113.093 Z3.310 E285.5921
G1 X129.461 Y113.631 Z3.332 E285.6392
G1 X131.105 Y114.422 Z3.355 E285.6921
G1 X132.612 Y115.451 Z3.378 E285.7509
G1 X133.896 Y116.641 Z3.400 E285.8128
G1 X133.954 Y116.695 Z3.400 E285.8156
G1 X135.091 Y118.120 Z3.400 E285.8800
G1 X136.004 Y119.701 Z3.400 E285.9445
G1 X136.670 Y121.399 Z3.400 E286.0090
G1 X137.076 Y123.182 Z3.400 E286.0736
G1 X137.213 Y125.000 Z3.400 E286.1380
G1 X137.076 Y126.817 Z3.400 E286.2024
G1 X136.670 Y128.600 Z3.400 E286.2671
G1 X136.004 Y130.298 Z3.400 E286.3315
G1 X135.091 Y131.879 Z3.400 E286.3960
G1 X133.954 Y133.304 Z3.400 E286.4605
G1 X132.612 Y134.548 Z3.400 E286.5251
G1 X131.124 Y135.564 Z3.400 E286.5888
G1 X127.697 Y136.909 Z3.400 E286.7189
G1 X125.910 Y137.178 Z3.400 E286.7828
G1 X124.089 Y137.178 Z3.400 E286.8471
G1 X122.279 Y136.906 Z3.400 E286.9118
G1 X120.538 Y136.368 Z3.400 E286.9762
G1 X118.894 Y135.577 Z3.400 E287.0407
G1 X117.387 Y134.548 Z3.400 E287.1051
G1 X116.045 Y133.304 Z3.400 E287.1698
G1 X114.908 Y131.879 Z3.400 E287.2342
G1 X113.995 Y130.298 Z3.400 E287.2988
G1 X113.329 Y128.600 Z3.400 E287.3632
G1 X112.923 Y126.817 Z3.400 E287.4278
G1 X112.786 Y125.000 Z3.400 E287.4922
G1 X112.923 Y123.182 Z3.400 E287.5567
G1 X113.329 Y121.399 Z3.400 E287.6213
G1 X113.995 Y119.701 Z3.400 E287.6857
G1 X114.908 Y118.120 Z3.400 E287.7503
G1 X116.045 Y116.695 Z3.400 E287.8147
G1 X117.387 Y115.451 Z3.400 E287.8734
G1 X118.894 Y114.422 Z3.400 E287.9261
G1 X120.538 Y113.631 Z3.400 E287.9729
G1 X122.279 Y113.093 Z3.400 E288.0138
G1 X124.076 Y112.823 Z3.400 E288.0488
G1 X125.329 Y112.873 Z3.400 E288.0701
G1 X126.583 Y112.923 Z3.400 E288.0887
G1 X127.720 Y113.093 Z3.400 E288.1033
G1 X129.461 Y113.631 Z3.400 E288.1207
G1 X131.105 Y114.422 Z3.400 E288.1322
G1 X132.612 Y115.451 Z3.400 E288.1379
G1 X133.896 Y116.641 Z3.400 E288.1379
G1 F2400 E287.1379
G1 F300 Z3.600
G0 F3900 X133.828 Y116.713
G0 X123.382 Y116.662
G0 X120.872 Y117.696
G0 X119.054 Y119.081
G0 X119.137 Y119.137
G1 F300 Z3.150
G1 F1500 E288.1379
G1 F2400 X118.106 Y120.393 Z3.170 E288.1426
G1 X117.339 Y121.826 Z3.191 E288.1519
G1 X116.868 Y123.383 Z3.211 E288.1659
G1 X116.708 Y125.000 Z3.231 E288.1846
G1 X116.868 Y126.616 Z3.252 E288.2079
G1 X117.339 Y128.173 Z3.272 E288.2359
G1 X118.106 Y129.606 Z3.292 E288.2686
G1 X119.137 Y130.862 Z3.313 E288.3059
G1 X120.393 Y131.893 Z3.333 E288.3479
G1 X121.826 Y132.660 Z3.353 E288.3946
G1 X123.383 Y133.131 Z3.373 E288.4460
G1 X125.000 Y133.291 Z3.394 E288.5020
G1 X125.492 Y133.242 Z3.400 E288.5195
G1 X126.616 Y133.131 Z3.400 E288.5594
G1 X128.173 Y132.660 Z3.400 E288.6169
G1 X129.606 Y131.893 Z3.400 E288.6743
G1 X130.862 Y130.862 Z3.400 E288.7317
G1 X131.893 Y129.606 Z3.400 E288.7892
G1 X132.660 Y128.173 Z3.400 E288.8466
G1 X133.131 Y126.616 Z3.400 E288.9041
G1 X133.291 Y125.000 Z3.400 E288.9615
G1 X133.131 Y123.383 Z3.400 E289.0189
G1 X132.660 Y121.826 Z3.400 E289.0764
G1 X131.893 Y120.393 Z3.400 E289.1338
G1 X130.862 Y119.137 Z3.400 E289.1912
G1 X129.606 Y118.106 Z3.400 E289.2487
G1 X128.173 Y117.339 Z3.400 E289.3061
G1 X126.588 Y116.859 Z3.400 E289.3646
G1 X123.411 Y116.859 Z3.400 E289.4769
G1 X121.826 Y117.339 Z3.400 E289.5354
G1 X120.393 Y118.106 Z3.400 E289.5929
G1 X119.137 Y119.137 Z3.400 E289.6503
G1 X118.106 Y120.393 Z3.400 E289.7030
G1 X117.339 Y121.826 Z3.400 E289.7512
G1 X116.868 Y123.383 Z3.400 E289.7946
G1 X116.708 Y125.000 Z3.400 E289.8334
G1 X116.868 Y126.616 Z3.400 E289.8674
G1 X117.339 Y128.173 Z3.400 E289.8969
G1 X118.106 Y129.606 Z3.400 E289.9217
G1 X119.137 Y130.862 Z3.400 E289.9418
G1 X120.393 Y131.893 Z3.400 E289.9572
G1 X121.826 Y132.660 Z3.400 E289.9679
G1 X123.383 Y133.131 Z3.400 E289.9740
G1 X125.000 Y133.291 Z3.400 E289.9755
G1 X125.492 Y133.242 Z3.400 E289.9755
;PRINTING_TIME: 443
;REMAINING_TIME: 536
;LAYER:14
;Z:3.650
;HEIGHT:0.250
;FLOW:100.0
;PRINTING: haibike.stl
;PRINTING_ID: 0
G1 F2400 E288.9755
G1 F300 Z3.850
G0 F3900 X125.500 Y133.342
G0 F300 Z3.650
G0 F3900 X128.249 Y132.844
G0 X131.003 Y131.003
G0 X132.844 Y128.249
G0 X133.491 Y125.000
G0 X132.844 Y121.750
G0 X130.568 Y118.430
;TYPE:FILL
;WIDTH:0.360
;FLOW:85.0
G1 F300 Z3.650
G1 F1500 E289.9755
G1 F3600 X131.117 Y118.880 E289.9980
G1 X132.194 Y120.192 E290.0520
G1 X132.996 Y121.688 E290.1060
G1 X133.485 Y123.309 E290.1599
G1 X133.653 Y124.998 E290.2138
G1 X133.485 Y126.689 E290.2679
G1 X133.122 Y127.892 E290.3079
G1 X134.424 Y127.259 E290.3539
G1 X136.632 Y127.150 E290.4242
G1 X136.326 Y128.488 E290.4679
G1 X135.677 Y130.144 E290.5244
G1 X134.793 Y131.675 E290.5807
G1 X133.688 Y133.061 E290.6370
G1 X133.039 Y133.663 E290.6652
G1 X132.387 Y134.266 E290.6934
G1 X131.616 Y134.792 E290.7231
G1 X130.956 Y135.243 E290.7485
G1 X128.945 Y136.032 E290.8173
G1 X127.603 Y136.558 E290.8631
G1 X125.880 Y136.818 E290.9185
G1 X124.119 Y136.818 E290.9745
G1 X123.417 Y136.713 E290.9971
G1 X122.360 Y136.554 E291.0311
G1 X120.669 Y136.032 E291.0874
G1 X119.075 Y135.264 E291.1437
G1 X118.395 Y134.800 E291.1698
G1 X117.612 Y134.266 E291.2000
G1 X116.960 Y133.663 E291.2282
G1 X116.311 Y133.061 E291.2564
G1 X115.206 Y131.675 E291.3128
G1 X114.322 Y130.144 E291.3690
G1 X113.673 Y128.488 E291.4256
G1 X113.610 Y128.213 E291.4345
G1 X115.574 Y127.259 E291.5040
G1 X116.670 Y127.205 E291.5389
G1 X116.514 Y126.689 E291.5560
G1 X116.346 Y125.002 E291.6099
G1 X116.514 Y123.309 E291.6640
G1 X117.003 Y121.688 E291.7179
G1 X117.805 Y120.192 E291.7719
G1 X118.400 Y119.467 E291.8017
G1 X117.930 Y118.980 E291.8232
G1 X115.590 Y117.842 E291.9060
G1 X116.311 Y116.938 E291.9428
G1 X116.960 Y116.336 E291.9709
G1 X117.612 Y115.733 E291.9992
G1 X119.075 Y114.735 E292.0555
G1 X120.669 Y113.967 E292.1118
G1 X122.360 Y113.445 E292.1681
G1 X123.672 Y113.248 E292.2103
G1 X124.097 Y113.185 E292.2239
G1 X124.157 Y113.187 E292.2258
G1 X124.784 Y113.209 E292.2458
G1 X124.999 Y113.314 E292.2534
G1 X125.588 Y113.435 E292.2725
G1 X126.177 Y113.498 E292.2914
G1 X126.766 Y113.501 E292.3101
G1 X127.355 Y113.431 E292.3290
G1 X127.422 Y113.413 E292.3312
G1 X127.639 Y113.445 E292.3381
G1 X129.330 Y113.967 E292.3944
G1 X130.924 Y114.735 E292.4507
G1 X132.387 Y115.733 E292.5070
G1 X133.039 Y116.337 E292.5353
G1 X133.688 Y116.938 E292.5634
G1 X134.401 Y117.833 E292.5998
G1 X132.068 Y117.718 E292.6741
G1 X130.890 Y118.159 E292.7141
G1 X130.568 Y118.430 E292.7275
G1 F2400 E291.7275
G1 F300 Z3.850
G0 F3900 X128.249 Y117.155
G0 X126.928 Y116.757
G0 X116.116 Y116.765
G0 X115.751 Y116.422
;TYPE:WALL-OUTER
;WIDTH:0.400
;FLOW:95.0
G1 F300 Z3.400
G1 F1500 E292.7275
G1 F2400 X117.137 Y115.137 Z3.424 E292.7346
G1 X118.693 Y114.075 Z3.447 E292.7486
G1 X120.391 Y113.258 Z3.471 E292.7697
G1 X122.190 Y112.702 Z3.494 E292.7977
G1 X124.054 Y112.422 Z3.518 E292.8328
G1 X125.291 Y112.466 Z3.533 E292.8589
G1 X126.529 Y112.510 Z3.549 E292.8880
G1 X127.809 Y112.702 Z3.565 E292.9217
G1 X129.608 Y113.258 Z3.588 E292.9778
G1 X131.306 Y114.075 Z3.612 E293.0409
G1 X132.862 Y115.137 Z3.636 E293.1110
G1 X133.706 Y115.920 Z3.650 E293.1565
G1 X134.248 Y116.422 Z3.650 E293.1857
G1 X135.422 Y117.894 Z3.650 E293.2600
G1 X136.365 Y119.527 Z3.650 E293.3345
G1 X137.053 Y121.281 Z3.650 E293.4089
G1 X137.473 Y123.122 Z3.650 E293.4835
G1 X137.614 Y125.000 Z3.650 E293.5579
G1 X137.473 Y126.877 Z3.650 E293.6322
G1 X137.053 Y128.718 Z3.650 E293.7068
G1 X136.365 Y130.472 Z3.650 E293.7812
G1 X135.422 Y132.105 Z3.650 E293.8557
G1 X134.248 Y133.577 Z3.650 E293.9301
G1 X132.862 Y134.862 Z3.650 E294.0047
G1 X131.312 Y135.920 Z3.650 E294.0789
G1 X127.801 Y137.298 Z3.650 E294.2278
G1 X125.940 Y137.578 Z3.650 E294.3022
G1 X124.059 Y137.578 Z3.650 E294.3765
G1 X122.190 Y137.297 Z3.650 E294.4511
G1 X120.391 Y136.741 Z3.650 E294.5255
G1 X118.693 Y135.924 Z3.650 E294.5999
G1 X117.137 Y134.862 Z3.650 E294.6743
G1 X115.751 Y133.577 Z3.650 E294.7489
G1 X114.577 Y132.105 Z3.650 E294.8233
G1 X113.634 Y130.472 Z3.650 E294.8978
G1 X112.946 Y128.718 Z3.650 E294.9722
G1 X112.526 Y126.877 Z3.650 E295.0468
G1 X112.385 Y125.000 Z3.650 E295.1211
G1 X112.526 Y123.122 Z3.650 E295.1955
G1 X112.946 Y121.281 Z3.650 E295.2701
G1 X113.634 Y119.527 Z3.650 E295.3445
G1 X114.577 Y117.894 Z3.650 E295.4190
G1 X115.751 Y116.422 Z3.650 E295.4934
G1 X117.137 Y115.137 Z3.650 E295.5610
G1 X118.693 Y114.075 Z3.650 E295.6213
G1 X120.391 Y113.258 Z3.650 E295.6747
G1 X122.190 Y112.702 Z3.650 E295.7210
G1 X124.054 Y112.422 Z3.650 E295.7604
G1 X125.291 Y112.466 Z3.650 E295.7832
G1 X126.529 Y112.510 Z3.650 E295.8030
G1 X127.809 Y112.702 Z3.650 E295.8204
G1 X129.608 Y113.258 Z3.650 E295.8387
G1 X131.306 Y114.075 Z3.650 E295.8500
G1 X132.862 Y115.137 Z3.650 E295.8543
G1 X133.706 Y115.920 Z3.650 E295.8543
G1 F2400 E294.8543
G1 F300 Z3.850
G0 F3900 X133.367 Y116.286
G0 X123.382 Y116.662
G0 X120.872 Y117.696
G0 X119.036 Y119.104
G0 X119.421 Y119.421
G1 F300 Z3.400
G1 F1500 E295.8543
G1 F2400 X118.440 Y120.616 Z3.419 E295.8590
G1 X117.710 Y121.980 Z3.439 E295.8684
G1 X117.262 Y123.461 Z3.458 E295.8826
G1 X117.110 Y125.000 Z3.477 E295.9015
G1 X117.262 Y126.538 Z3.497 E295.9251
G1 X117.710 Y128.019 Z3.516 E295.9535
G1 X118.440 Y129.383 Z3.535 E295.9865
G1 X119.421 Y130.578 Z3.555 E296.0243
G1 X120.616 Y131.559 Z3.574 E296.0668
G1 X121.980 Y132.289 Z3.593 E296.1141
G1 X123.461 Y132.737 Z3.613 E296.1661
G1 X125.000 Y132.889 Z3.632 E296.2227
G1 X126.433 Y132.747 Z3.650 E296.2796
G1 X126.538 Y132.737 Z3.650 E296.2838
G1 X128.019 Y132.289 Z3.650 E296.3449
G1 X129.383 Y131.559 Z3.650 E296.4060
G1 X130.578 Y130.578 Z3.650 E296.4671
G1 X131.559 Y129.383 Z3.650 E296.5281
G1 X132.289 Y128.019 Z3.650 E296.5892
G1 X132.737 Y126.538 Z3.650 E296.6503
G1 X132.889 Y125.000 Z3.650 E296.7114
G1 X132.737 Y123.461 Z3.650 E296.7725
G1 X132.289 Y121.980 Z3.650 E296.8336
G1 X131.559 Y120.616 Z3.650 E296.8947
G1 X130.578 Y119.421 Z3.650 E296.9557
G1 X129.383 Y118.440 Z3.650 E297.0168
G1 X128.019 Y117.710 Z3.650 E297.0779
G1 X126.529 Y117.259 Z3.650 E297.1394
G1 X123.470 Y117.259 Z3.650 E297.2602
G1 X121.980 Y117.710 Z3.650 E297.3217
G1 X120.616 Y118.440 Z3.650 E297.3828
G1 X119.421 Y119.421 Z3.650 E297.4439
G1 X118.440 Y120.616 Z3.650 E297.5002
G1 X117.710 Y121.980 Z3.650 E297.5519
G1 X117.262 Y123.461 Z3.650 E297.5988
G1 X117.110 Y125.000 Z3.650 E297.6410
G1 X117.262 Y126.538 Z3.650 E297.6784
G1 X117.710 Y128.019 Z3.650 E297.7112
G1 X118.440 Y129.383 Z3.650 E297.7392
G1 X119.421 Y130.578 Z3.650 E297.7625
G1 X120.616 Y131.559 Z3.650 E297.7811
G1 X121.980 Y132.289 Z3.650 E297.7949
G1 X123.461 Y132.737 Z3.650 E297.8040
G1 X125.000 Y132.889 Z3.650 E297.8084
G1 X126.433 Y132.747 Z3.650 E297.8084
G1 F2400 E296.8084
G1 F300 Z3.850
G0 F3900 X126.480 Y133.245
G0 X125.000 Y133.491
G0 X121.750 Y132.844
G0 X118.996 Y131.003
G0 X117.155 Y128.249
G0 X116.789 Y126.408
G0 X116.119 Y116.762
G0 X116.045 Y116.695
;TYPE:WALL-INNER
;WIDTH:0.400
;FLOW:85.0
G1 F300 Z3.400
G1 F1500 E297.8084
G1 F2400 X117.387 Y115.451 Z3.423 E297.8144
G1 X118.894 Y114.422 Z3.446 E297.8261
G1 X120.538 Y113.631 Z3.468 E297.8438
G1 X122.279 Y113.093 Z3.491 E297.8673
G1 X124.077 Y112.823 Z3.514 E297.8966
G1 X125.284 Y112.866 Z3.529 E297.9187
G1 X126.492 Y112.909 Z3.544 E297.9433
G1 X127.720 Y113.093 Z3.560 E297.9713
G1 X129.461 Y113.631 Z3.582 E298.0183
G1 X131.105 Y114.422 Z3.605 E298.0713
G1 X132.612 Y115.451 Z3.628 E298.1301
G1 X133.896 Y116.641 Z3.650 E298.1920
G1 X133.954 Y116.695 Z3.650 E298.1948
G1 X135.091 Y118.120 Z3.650 E298.2592
G1 X136.004 Y119.701 Z3.650 E298.3237
G1 X136.670 Y121.399 Z3.650 E298.3882
G1 X137.076 Y123.182 Z3.650 E298.4528
G1 X137.213 Y125.000 Z3.650 E298.5172
G1 X137.076 Y126.817 Z3.650 E298.5816
G1 X136.670 Y128.600 Z3.650 E298.6463
G1 X136.004 Y130.298 Z3.650 E298.7107
G1 X135.091 Y131.879 Z3.650 E298.7752
G1 X133.954 Y133.304 Z3.650 E298.8396
G1 X132.612 Y134.548 Z3.650 E298.9043
G1 X131.124 Y135.564 Z3.650 E298.9680
G1 X127.697 Y136.909 Z3.650 E299.0981
G1 X125.910 Y137.178 Z3.650 E299.1620
G1 X124.089 Y137.178 Z3.650 E299.2263
G1 X122.279 Y136.906 Z3.650 E299.2910
G1 X120.538 Y136.368 Z3.650 E299.3554
G1 X118.894 Y135.577 Z3.650 E299.4199
G1 X117.387 Y134.548 Z3.650 E299.4843
G1 X116.045 Y133.304 Z3.650 E299.5490
G1 X114.908 Y131.879 Z3.650 E299.6134
G1 X113.995 Y130.298 Z3.650 E299.6779
G1 X113.329 Y128.600 Z3.650 E299.7424
G1 X112.923 Y126.817 Z3.650 E299.8070
G1 X112.786 Y125.000 Z3.650 E299.8714
G1 X112.923 Y123.182 Z3.650 E299.9358
G1 X113.329 Y121.399 Z3.650 E300.0005
G1 X113.995 Y119.701 Z3.650 E300.0649
G1 X114.908 Y118.120 Z3.650 E300.1294
G1 X116.045 Y116.695 Z3.650 E300.1939
G1 X117.387 Y115.451 Z3.650 E300.2526
G1 X118.894 Y114.422 Z3.650 E300.3053
G1 X120.538 Y113.631 Z3.650 E300.3521
G1 X122.279 Y113.093 Z3.650 E300.3930
G1 X124.077 Y112.823 Z3.650 E300.4280
G1 X125.284 Y112.866 Z3.650 E300.4486
G1 X126.492 Y112.909 Z3.650 E300.4667
G1 X127.720 Y113.093 Z3.650 E300.4825
G1 X129.461 Y113.631 Z3.650 E300.4999
G1 X131.105 Y114.422 Z3.650 E300.5114
G1 X132.612 Y115.451 Z3.650 E300.5171
G1 X133.896 Y116.641 Z3.650 E300.5171
G1 F2400 E299.5171
G1 F300 Z3.850
G0 F3900 X133.828 Y116.713
G0 X123.382 Y116.662
G0 X120.872 Y117.696
G0 X119.054 Y119.081
G0 X119.137 Y119.137
G1 F300 Z3.400
G1 F1500 E300.5171
G1 F2400 X118.106 Y120.393 Z3.420 E300.5218
G1 X117.339 Y121.826 Z3.441 E300.5311
G1 X116.868 Y123.383 Z3.461 E300.5451
G1 X116.708 Y125.000 Z3.481 E300.5638
G1 X116.868 Y126.616 Z3.502 E300.5871
G1 X117.339 Y128.173 Z3.522 E300.6151
G1 X118.106 Y129.606 Z3.542 E300.6478
G1 X119.137 Y130.862 Z3.563 E300.6851
G1 X120.393 Y131.893 Z3.583 E300.7271
G1 X121.826 Y132.660 Z3.603 E300.7738
G1 X123.383 Y133.131 Z3.623 E300.8252
G1 X125.000 Y133.291 Z3.644 E300.8812
G1 X125.492 Y133.242 Z3.650 E300.8987
G1 X126.616 Y133.131 Z3.650 E300.9386
G1 X128.173 Y132.660 Z3.650 E300.9961
G1 X129.606 Y131.893 Z3.650 E301.0535
G1 X130.862 Y130.862 Z3.650 E301.1109
G1 X131.893 Y129.606 Z3.650 E301.1684
G1 X132.660 Y128.173 Z3.650 E301.2258
G1 X133.131 Y126.616 Z3.650 E301.2833
G1 X133.291 Y125.000 Z3.650 E301.3407
G1 X133.131 Y123.383 Z3.650 E301.3981
G1 X132.660 Y121.826 Z3.650 E301.4556
G1 X131.893 Y120.393 Z3.650 E301.5130
G1 X130.862 Y119.137 Z3.650 E301.5704
G1 X129.606 Y118.106 Z3.650 E301.6279
G1 X128.173 Y117.339 Z3.650 E301.6853
G1 X126.588 Y116.859 Z3.650 E301.7438
G1 X123.411 Y116.859 Z3.650 E301.8561
G1 X121.826 Y117.339 Z3.650 E301.9146
G1 X120.393 Y118.106 Z3.650 E301.9721
G1 X119.137 Y119.137 Z3.650 E302.0295
G1 X118.106 Y120.393 Z3.650 E302.0822
G1 X117.339 Y121.826 Z3.650 E302.1303
G1 X116.868 Y123.383 Z3.650 E302.1738
G1 X116.708 Y125.000 Z3.650 E302.2126
G1 X116.868 Y126.616 Z3.650 E302.2466
G1 X117.339 Y128.173 Z3.650 E302.2761
G1 X118.106 Y129.606 Z3.650 E302.3009
G1 X119.137 Y130.862 Z3.650 E302.3209
G1 X120.393 Y131.893 Z3.650 E302.3364
G1 X121.826 Y132.660 Z3.650 E302.3471
G1 X123.383 Y133.131 Z3.650 E302.3532
G1 X125.000 Y133.291 Z3.650 E302.3547
G1 X125.492 Y133.242 Z3.650 E302.3547
;PRINTING_TIME: 460
;REMAINING_TIME: 519
;LAYER:15
;Z:3.900
;HEIGHT:0.250
;FLOW:100.0
;PRINTING: haibike.stl
;PRINTING_ID: 0
G1 F2400 E301.3547
G1 F300 Z4.100
G0 F3900 X125.500 Y133.342
G0 F300 Z3.900
G0 F3900 X128.249 Y132.844
G0 X131.003 Y131.003
G0 X132.844 Y128.249
G0 X133.491 Y125.000
G0 X132.844 Y121.750
G0 X130.733 Y118.565
;TYPE:FILL
;WIDTH:0.360
;FLOW:85.0
G1 F300 Z3.900
G1 F1500 E302.3547
G1 F3600 X131.117 Y118.880 E302.3704
G1 X132.194 Y120.192 E302.4244
G1 X132.996 Y121.688 E302.4784
G1 X133.485 Y123.309 E302.5323
G1 X133.653 Y124.998 E302.5863
G1 X133.485 Y126.689 E302.6403
G1 X133.138 Y127.840 E302.6785
G1 X134.424 Y127.300 E302.7229
G1 X136.590 Y127.332 E302.7918
G1 X136.326 Y128.488 E302.8295
G1 X135.677 Y130.144 E302.8861
G1 X134.793 Y131.675 E302.9423
G1 X133.688 Y133.061 E302.9987
G1 X133.039 Y133.663 E303.0268
G1 X132.387 Y134.266 E303.0551
G1 X131.604 Y134.800 E303.0852
G1 X130.924 Y135.264 E303.1114
G1 X129.330 Y136.032 E303.1677
G1 X127.639 Y136.554 E303.2240
G1 X126.582 Y136.713 E303.2580
G1 X125.880 Y136.818 E303.2805
G1 X124.119 Y136.818 E303.3365
G1 X123.417 Y136.713 E303.3591
G1 X122.360 Y136.554 E303.3931
G1 X120.669 Y136.032 E303.4494
G1 X119.075 Y135.264 E303.5057
G1 X118.395 Y134.800 E303.5319
G1 X117.612 Y134.266 E303.5620
G1 X116.960 Y133.663 E303.5903
G1 X116.311 Y133.061 E303.6184
G1 X115.206 Y131.675 E303.6748
G1 X114.322 Y130.144 E303.7310
G1 X113.673 Y128.488 E303.7876
G1 X113.592 Y128.132 E303.7992
G1 X115.574 Y127.300 E303.8676
G1 X116.703 Y127.317 E303.9035
G1 X116.514 Y126.689 E303.9243
G1 X116.346 Y125.002 E303.9783
G1 X116.514 Y123.309 E304.0324
G1 X117.003 Y121.688 E304.0862
G1 X117.805 Y120.192 E304.1402
G1 X118.469 Y119.383 E304.1735
G1 X117.930 Y118.864 E304.1973
G1 X115.574 Y117.875 E304.2786
G1 X115.564 Y117.875 E304.2789
G1 X116.311 Y116.938 E304.3170
G1 X116.960 Y116.336 E304.3451
G1 X117.612 Y115.733 E304.3734
G1 X119.075 Y114.735 E304.4297
G1 X120.669 Y113.967 E304.4860
G1 X122.360 Y113.445 E304.5423
G1 X122.844 Y113.372 E304.5578
G1 X124.101 Y113.185 E304.5983
G1 X124.842 Y113.208 E304.6218
G1 X124.999 Y113.274 E304.6273
G1 X125.588 Y113.359 E304.6462
G1 X126.177 Y113.385 E304.6649
G1 X126.766 Y113.349 E304.6837
G1 X126.868 Y113.330 E304.6870
G1 X127.639 Y113.445 E304.7118
G1 X129.330 Y113.967 E304.7681
G1 X130.924 Y114.735 E304.8244
G1 X132.387 Y115.733 E304.8807
G1 X133.039 Y116.337 E304.9089
G1 X133.688 Y116.938 E304.9371
G1 X134.441 Y117.882 E304.9755
G1 X134.424 Y117.875 E304.9761
G1 X132.068 Y117.911 E305.0510
G1 X130.890 Y118.430 E305.0920
G1 X130.733 Y118.565 E305.0985
G1 F2400 E304.0985
G1 F300 Z4.100
G0 F3900 X128.249 Y117.155
G0 X126.928 Y116.757
G0 X116.116 Y116.765
G0 X115.751 Y116.422
;TYPE:WALL-OUTER
;WIDTH:0.400
;FLOW:95.0
G1 F300 Z3.650
G1 F1500 E305.0985
G1 F2400 X117.137 Y115.137 Z3.674 E305.1056
G1 X118.693 Y114.075 Z3.697 E305.1196
G1 X120.391 Y113.258 Z3.721 E305.1407
G1 X122.190 Y112.702 Z3.744 E305.1687
G1 X124.055 Y112.422 Z3.768 E305.2038
G1 X125.245 Y112.459 Z3.783 E305.2288
G1 X126.436 Y112.496 Z3.798 E305.2566
G1 X127.809 Y112.702 Z3.815 E305.2928
G1 X129.608 Y113.258 Z3.839 E305.3489
G1 X131.306 Y114.075 Z3.862 E305.4120
G1 X132.862 Y115.137 Z3.886 E305.4821
G1 X133.706 Y115.919 Z3.900 E305.5276
G1 X134.248 Y116.422 Z3.900 E305.5568
G1 X135.422 Y117.894 Z3.900 E305.6311
G1 X136.365 Y119.527 Z3.900 E305.7056
G1 X137.053 Y121.281 Z3.900 E305.7800
G1 X137.473 Y123.122 Z3.900 E305.8546
G1 X137.614 Y125.000 Z3.900 E305.9290
G1 X137.473 Y126.877 Z3.900 E306.0033
G1 X137.053 Y128.718 Z3.900 E306.0779
G1 X136.365 Y130.472 Z3.900 E306.1523
G1 X135.422 Y132.105 Z3.900 E306.2268
G1 X134.248 Y133.577 Z3.900 E306.3012
G1 X132.862 Y134.862 Z3.900 E306.3758
G1 X131.306 Y135.924 Z3.900 E306.4502
G1 X129.608 Y136.741 Z3.900 E306.5246
G1 X127.809 Y137.297 Z3.900 E306.5990
G1 X125.940 Y137.578 Z3.900 E306.6737
G1 X124.059 Y137.578 Z3.900 E306.7480
G1 X122.190 Y137.297 Z3.900 E306.8226
G1 X120.391 Y136.741 Z3.900 E306.8970
G1 X118.693 Y135.924 Z3.900 E306.9714
G1 X117.137 Y134.862 Z3.900 E307.0458
G1 X115.751 Y133.577 Z3.900 E307.1205
G1 X114.577 Y132.105 Z3.900 E307.1948
G1 X113.634 Y130.472 Z3.900 E307.2693
G1 X112.946 Y128.718 Z3.900 E307.3437
G1 X112.526 Y126.877 Z3.900 E307.4183
G1 X112.385 Y125.000 Z3.900 E307.4926
G1 X112.526 Y123.122 Z3.900 E307.5670
G1 X112.946 Y121.281 Z3.900 E307.6416
G1 X113.634 Y119.527 Z3.900 E307.7160
G1 X114.577 Y117.894 Z3.900 E307.7905
G1 X115.751 Y116.422 Z3.900 E307.8649
G1 X117.137 Y115.137 Z3.900 E307.9325
G1 X118.693 Y114.075 Z3.900 E307.9928
G1 X120.391 Y113.258 Z3.900 E308.0462
G1 X122.190 Y112.702 Z3.900 E308.0925
G1 X124.055 Y112.422 Z3.900 E308.1319
G1 X125.245 Y112.459 Z3.900 E308.1540
G1 X126.436 Y112.496 Z3.900 E308.1732
G1 X127.809 Y112.702 Z3.900 E308.1919
G1 X129.608 Y113.258 Z3.900 E308.2102
G1 X131.306 Y114.075 Z3.900 E308.2215
G1 X132.862 Y115.137 Z3.900 E308.2258
G1 X133.706 Y115.919 Z3.900 E308.2258
G1 F2400 E307.2258
G1 F300 Z4.100
G0 F3900 X133.366 Y116.285
G0 X123.382 Y116.662
G0 X120.872 Y117.696
G0 X119.036 Y119.104
G0 X119.421 Y119.421
G1 F300 Z3.650
G1 F1500 E308.2258
G1 F2400 X118.440 Y120.616 Z3.669 E308.2305
G1 X117.710 Y121.980 Z3.689 E308.2399
G1 X117.262 Y123.461 Z3.708 E308.2541
G1 X117.110 Y125.000 Z3.727 E308.2730
G1 X117.262 Y126.538 Z3.747 E308.2966
G1 X117.710 Y128.019 Z3.766 E308.3250
G1 X118.440 Y129.383 Z3.785 E308.3580
G1 X119.421 Y130.578 Z3.805 E308.3958
G1 X120.616 Y131.559 Z3.824 E308.4383
G1 X121.980 Y132.289 Z3.843 E308.4856
G1 X123.461 Y132.737 Z3.863 E308.5375
G1 X125.000 Y132.889 Z3.882 E308.5942
G1 X126.433 Y132.747 Z3.900 E308.6511
G1 X126.538 Y132.737 Z3.900 E308.6553
G1 X128.019 Y132.289 Z3.900 E308.7164
G1 X129.383 Y131.559 Z3.900 E308.7775
G1 X130.578 Y130.578 Z3.900 E308.8385
G1 X131.559 Y129.383 Z3.900 E308.8996
G1 X132.289 Y128.019 Z3.900 E308.9607
G1 X132.737 Y126.538 Z3.900 E309.0218
G1 X132.889 Y125.000 Z3.900 E309.0829
G1 X132.737 Y123.461 Z3.900 E309.1439
G1 X132.289 Y121.980 Z3.900 E309.2051
G1 X131.559 Y120.616 Z3.900 E309.2662
G1 X130.578 Y119.421 Z3.900 E309.3272
G1 X129.383 Y118.440 Z3.900 E309.3883
G1 X128.019 Y117.710 Z3.900 E309.4494
G1 X126.529 Y117.259 Z3.900 E309.5109
G1 X123.470 Y117.259 Z3.900 E309.6317
G1 X121.980 Y117.710 Z3.900 E309.6932
G1 X120.616 Y118.440 Z3.900 E309.7543
G1 X119.421 Y119.421 Z3.900 E309.8154
G1 X118.440 Y120.616 Z3.900 E309.8717
G1 X117.710 Y121.980 Z3.900 E309.9234
G1 X117.262 Y123.461 Z3.900 E309.9703
G1 X117.110 Y125.000 Z3.900 E310.0125
G1 X117.262 Y126.538 Z3.900 E310.0499
G1 X117.710 Y128.019 Z3.900 E310.0827
G1 X118.440 Y129.383 Z3.900 E310.1107
G1 X119.421 Y130.578 Z3.900 E310.1340
G1 X120.616 Y131.559 Z3.900 E310.1526
G1 X121.980 Y132.289 Z3.900 E310.1664
G1 X123.461 Y132.737 Z3.900 E310.1755
G1 X125.000 Y132.889 Z3.900 E310.1799
G1 X126.433 Y132.747 Z3.900 E310.1799
G1 F2400 E309.1799
G1 F300 Z4.100
G0 F3900 X126.480 Y133.245
G0 X125.000 Y133.491
G0 X121.750 Y132.844
G0 X118.996 Y131.003
G0 X117.155 Y128.249
G0 X116.789 Y126.408
G0 X116.119 Y116.762
G0 X116.045 Y116.695
;TYPE:WALL-INNER
;WIDTH:0.400
;FLOW:85.0
G1 F300 Z3.650
G1 F1500 E310.1799
G1 F2400 X117.387 Y115.451 Z3.673 E310.1858
G1 X118.894 Y114.422 Z3.696 E310.1976
G1 X120.538 Y113.631 Z3.718 E310.2153
G1 X122.279 Y113.093 Z3.741 E310.2388
G1 X124.079 Y112.823 Z3.764 E310.2681
G1 X125.239 Y112.859 Z3.779 E310.2892
G1 X126.400 Y112.895 Z3.793 E310.3127
G1 X127.720 Y113.093 Z3.810 E310.3428
G1 X129.461 Y113.631 Z3.833 E310.3899
G1 X131.105 Y114.422 Z3.855 E310.4428
G1 X132.612 Y115.451 Z3.878 E310.5016
G1 X133.895 Y116.640 Z3.900 E310.5635
G1 X133.954 Y116.695 Z3.900 E310.5663
G1 X135.091 Y118.120 Z3.900 E310.6307
G1 X136.004 Y119.701 Z3.900 E310.6953
G1 X136.670 Y121.399 Z3.900 E310.7597
G1 X137.076 Y123.182 Z3.900 E310.8243
G1 X137.213 Y125.000 Z3.900 E310.8888
G1 X137.076 Y126.817 Z3.900 E310.9532
G1 X136.670 Y128.600 Z3.900 E311.0178
G1 X136.004 Y130.298 Z3.900 E311.0822
G1 X135.091 Y131.879 Z3.900 E311.1467
G1 X133.954 Y133.304 Z3.900 E311.2112
G1 X132.612 Y134.548 Z3.900 E311.2758
G1 X131.105 Y135.577 Z3.900 E311.3403
G1 X129.461 Y136.368 Z3.900 E311.4048
G1 X127.720 Y136.906 Z3.900 E311.4692
G1 X125.910 Y137.178 Z3.900 E311.5339
G1 X124.089 Y137.178 Z3.900 E311.5982
G1 X122.279 Y136.906 Z3.900 E311.6629
G1 X120.538 Y136.368 Z3.900 E311.7273
G1 X118.894 Y135.577 Z3.900 E311.7918
G1 X117.387 Y134.548 Z3.900 E311.8563
G1 X116.045 Y133.304 Z3.900 E311.9209
G1 X114.908 Y131.879 Z3.900 E311.9854
G1 X113.995 Y130.298 Z3.900 E312.0499
G1 X113.329 Y128.600 Z3.900 E312.1143
G1 X112.923 Y126.817 Z3.900 E312.1789
G1 X112.786 Y125.000 Z3.900 E312.2433
G1 X112.923 Y123.182 Z3.900 E312.3078
G1 X113.329 Y121.399 Z3.900 E312.3724
G1 X113.995 Y119.701 Z3.900 E312.4368
G1 X114.908 Y118.120 Z3.900 E312.5014
G1 X116.045 Y116.695 Z3.900 E312.5658
G1 X117.387 Y115.451 Z3.900 E312.6245
G1 X118.894 Y114.422 Z3.900 E312.6772
G1 X120.538 Y113.631 Z3.900 E312.7240
G1 X122.279 Y113.093 Z3.900 E312.7649
G1 X124.079 Y112.823 Z3.900 E312.7999
G1 X125.239 Y112.859 Z3.900 E312.8199
G1 X126.400 Y112.895 Z3.900 E312.8374
G1 X127.720 Y113.093 Z3.900 E312.8544
G1 X129.461 Y113.631 Z3.900 E312.8718
G1 X131.105 Y114.422 Z3.900 E312.8834
G1 X132.612 Y115.451 Z3.900 E312.8890
G1 X133.895 Y116.640 Z3.900 E312.8890
G1 F2400 E311.8890
G1 F300 Z4.100
G0 F3900 X133.827 Y116.712
G0 X123.382 Y116.662
G0 X120.872 Y117.696
G0 X119.054 Y119.081
G0 X119.137 Y119.137
G1 F300 Z3.650
G1 F1500 E312.8890
G1 F2400 X118.106 Y120.393 Z3.670 E312.8937
G1 X117.339 Y121.826 Z3.691 E312.9030
G1 X116.868 Y123.383 Z3.711 E312.9170
G1 X116.708 Y125.000 Z3.731 E312.9357
G1 X116.868 Y126.616 Z3.752 E312.9590
G1 X117.339 Y128.173 Z3.772 E312.9870
G1 X118.106 Y129.606 Z3.792 E313.0197
G1 X119.137 Y130.862 Z3.813 E313.0570
G1 X120.393 Y131.893 Z3.833 E313.0990
G1 X121.826 Y132.660 Z3.853 E313.1457
G1 X123.383 Y133.131 Z3.873 E313.1971
G1 X125.000 Y133.291 Z3.894 E313.2531
G1 X125.492 Y133.242 Z3.900 E313.2706
G1 X126.616 Y133.131 Z3.900 E313.3105
G1 X128.173 Y132.660 Z3.900 E313.3680
G1 X129.606 Y131.893 Z3.900 E313.4254
G1 X130.862 Y130.862 Z3.900 E313.4828
G1 X131.893 Y129.606 Z3.900 E313.5403
G1 X132.660 Y128.173 Z3.900 E313.5977
G1 X133.131 Y126.616 Z3.900 E313.6552
G1 X133.291 Y125.000 Z3.900 E313.7126
G1 X133.131 Y123.383 Z3.900 E313.7700
G1 X132.660 Y121.826 Z3.900 E313.8275
G1 X131.893 Y120.393 Z3.900 E313.8849
G1 X130.862 Y119.137 Z3.900 E313.9423
G1 X129.606 Y118.106 Z3.900 E313.9998
G1 X128.173 Y117.339 Z3.900 E314.0572
G1 X126.588 Y116.859 Z3.900 E314.1157
G1 X123.411 Y116.859 Z3.900 E314.2280
G1 X121.826 Y117.339 Z3.900 E314.2865
G1 X120.393 Y118.106 Z3.900 E314.3440
G1 X119.137 Y119.137 Z3.900 E314.4014
G1 X118.106 Y120.393 Z3.900 E314.4541
G1 X117.339 Y121.826 Z3.900 E314.5023
G1 X116.868 Y123.383 Z3.900 E314.5457
G1 X116.708 Y125.000 Z3.900 E314.5845
G1 X116.868 Y126.616 Z3.900 E314.6185
G1 X117.339 Y128.173 Z3.900 E314.6480
G1 X118.106 Y129.606 Z3.900 E314.6728
G1 X119.137 Y130.862 Z3.900 E314.6929
G1 X120.393 Y131.893 Z3.900 E314.7083
G1 X121.826 Y132.660 Z3.900 E314.7190
G1 X123.383 Y133.131 Z3.900 E314.7251
G1 X125.000 Y133.291 Z3.900 E314.7266
G1 X125.492 Y133.242 Z3.900 E314.7266
;PRINTING_TIME: 477
;REMAINING_TIME: 502
;LAYER:16
;Z:4.150
;HEIGHT:0.250
;FLOW:100.0
;PRINTING: haibike.stl
;PRINTING_ID: 0
G1 F2400 E313.7266
G1 F300 Z4.350
G0 F3900 X125.500 Y133.342
G0 F300 Z4.150
G0 F3900 X123.345 Y133.327
G0 X120.282 Y132.059
G0 X117.940 Y129.717
G0 X116.799 Y126.961
G0 X116.116 Y116.765
G0 X115.751 Y116.422
;TYPE:WALL-OUTER
;WIDTH:0.400
;FLOW:95.0
G1 F300 Z3.900
G1 F1500 E314.7266
G1 F2400 X117.137 Y115.137 Z3.924 E314.7336
G1 X118.693 Y114.075 Z3.947 E314.7476
G1 X120.391 Y113.258 Z3.971 E314.7687
G1 X122.190 Y112.702 Z3.994 E314.7967
G1 X124.055 Y112.421 Z4.018 E314.8319
G1 X125.200 Y112.451 Z4.032 E314.8558
G1 X126.345 Y112.482 Z4.046 E314.8823
G1 X127.809 Y112.702 Z4.065 E314.9209
G1 X129.608 Y113.258 Z4.089 E314.9769
G1 X131.306 Y114.075 Z4.112 E315.0401
G1 X132.862 Y115.137 Z4.136 E315.1102
G1 X133.705 Y115.919 Z4.150 E315.1556
G1 X134.248 Y116.422 Z4.150 E315.1849
G1 X135.422 Y117.894 Z4.150 E315.2592
G1 X136.365 Y119.527 Z4.150 E315.3337
G1 X137.053 Y121.281 Z4.150 E315.4081
G1 X137.473 Y123.122 Z4.150 E315.4827
G1 X137.614 Y125.000 Z4.150 E315.5571
G1 X137.473 Y126.877 Z4.150 E315.6314
G1 X137.053 Y128.718 Z4.150 E315.7060
G1 X136.365 Y130.472 Z4.150 E315.7804
G1 X135.422 Y132.105 Z4.150 E315.8549
G1 X134.248 Y133.577 Z4.150 E315.9293
G1 X132.862 Y134.862 Z4.150 E316.0039
G1 X131.306 Y135.924 Z4.150 E316.0783
G1 X129.608 Y136.741 Z4.150 E316.1527
G1 X127.809 Y137.297 Z4.150 E316.2271
G1 X125.940 Y137.578 Z4.150 E316.3018
G1 X124.059 Y137.578 Z4.150 E316.3761
G1 X122.190 Y137.297 Z4.150 E316.4507
G1 X120.391 Y136.741 Z4.150 E316.5251
G1 X118.693 Y135.924 Z4.150 E316.5995
G1 X117.137 Y134.862 Z4.150 E316.6739
G1 X115.751 Y133.577 Z4.150 E316.7486
G1 X114.577 Y132.105 Z4.150 E316.8229
G1 X113.634 Y130.472 Z4.150 E316.8974
G1 X112.946 Y128.718 Z4.150 E316.9718
G1 X112.526 Y126.877 Z4.150 E317.0464
G1 X112.385 Y125.000 Z4.150 E317.1207
G1 X112.526 Y123.122 Z4.150 E317.1951
G1 X112.946 Y121.281 Z4.150 E317.2697
G1 X113.634 Y119.527 Z4.150 E317.3441
G1 X114.577 Y117.894 Z4.150 E317.4186
G1 X115.751 Y116.422 Z4.150 E317.4930
G1 X117.137 Y115.137 Z4.150 E317.5606
G1 X118.693 Y114.075 Z4.150 E317.6209
G1 X120.391 Y113.258 Z4.150 E317.6743
G1 X122.190 Y112.702 Z4.150 E317.7206
G1 X124.055 Y112.421 Z4.150 E317.7600
G1 X125.200 Y112.451 Z4.150 E317.7813
G1 X126.345 Y112.482 Z4.150 E317.8001
G1 X127.809 Y112.702 Z4.150 E317.8199
G1 X129.608 Y113.258 Z4.150 E317.8382
G1 X131.306 Y114.075 Z4.150 E317.8495
G1 X132.862 Y115.137 Z4.150 E317.8538
G1 X133.705 Y115.919 Z4.150 E317.8538
G1 F2400 E316.8538
G1 F300 Z4.350
G0 F3900 X133.365 Y116.284
G0 X123.382 Y116.662
G0 X120.872 Y117.696
G0 X119.036 Y119.104
G0 X119.421 Y119.421
G1 F300 Z3.900
G1 F1500 E317.8538
G1 F2400 X118.440 Y120.616 Z3.919 E317.8585
G1 X117.710 Y121.980 Z3.939 E317.8680
G1 X117.262 Y123.461 Z3.958 E317.8822
G1 X117.110 Y125.000 Z3.977 E317.9010
G1 X117.262 Y126.538 Z3.997 E317.9246
G1 X117.710 Y128.019 Z4.016 E317.9530
G1 X118.440 Y129.383 Z4.035 E317.9861
G1 X119.421 Y130.578 Z4.055 E318.0239
G1 X120.616 Y131.559 Z4.074 E318.0664
G1 X121.980 Y132.289 Z4.093 E318.1136
G1 X123.461 Y132.737 Z4.113 E318.1656
G1 X125.000 Y132.889 Z4.132 E318.2223
G1 X126.433 Y132.747 Z4.150 E318.2792
G1 X126.538 Y132.737 Z4.150 E318.2833
G1 X128.019 Y132.289 Z4.150 E318.3444
G1 X129.383 Y131.559 Z4.150 E318.4055
G1 X130.578 Y130.578 Z4.150 E318.4666
G1 X131.559 Y129.383 Z4.150 E318.5277
G1 X132.289 Y128.019 Z4.150 E318.5888
G1 X132.737 Y126.538 Z4.150 E318.6499
G1 X132.889 Y125.000 Z4.150 E318.7109
G1 X132.737 Y123.461 Z4.150 E318.7720
G1 X132.289 Y121.980 Z4.150 E318.8331
G1 X131.559 Y120.616 Z4.150 E318.8942
G1 X130.578 Y119.421 Z4.150 E318.9553
G1 X129.383 Y118.440 Z4.150 E319.0163
G1 X128.019 Y117.710 Z4.150 E319.0774
G1 X126.529 Y117.259 Z4.150 E319.1389
G1 X123.470 Y117.259 Z4.150 E319.2598
G1 X121.980 Y117.710 Z4.150 E319.3212
G1 X120.616 Y118.440 Z4.150 E319.3823
G1 X119.421 Y119.421 Z4.150 E319.4434
G1 X118.440 Y120.616 Z4.150 E319.4998
G1 X117.710 Y121.980 Z4.150 E319.5514
G1 X117.262 Y123.461 Z4.150 E319.5983
G1 X117.110 Y125.000 Z4.150 E319.6405
G1 X117.262 Y126.538 Z4.150 E319.6780
G1 X117.710 Y128.019 Z4.150 E319.7107
G1 X118.440 Y129.383 Z4.150 E319.7387
G1 X119.421 Y130.578 Z4.150 E319.7620
G1 X120.616 Y131.559 Z4.150 E319.7806
G1 X121.980 Y132.289 Z4.150 E319.7945
G1 X123.461 Y132.737 Z4.150 E319.8036
G1 X125.000 Y132.889 Z4.150 E319.8080
G1 X126.433 Y132.747 Z4.150 E319.8080
G1 F2400 E318.8080
G1 F300 Z4.350
G0 F3900 X126.480 Y133.245
G0 X125.000 Y133.491
G0 X121.750 Y132.844
G0 X118.996 Y131.003
G0 X117.155 Y128.249
G0 X116.789 Y126.408
G0 X116.119 Y116.762
G0 X116.045 Y116.695
;TYPE:WALL-INNER
;WIDTH:0.400
;FLOW:85.0
G1 F300 Z3.900
G1 F1500 E319.8080
G1 F2400 X117.387 Y115.451 Z3.923 E319.8139
G1 X118.894 Y114.422 Z3.946 E319.8257
G1 X120.538 Y113.631 Z3.968 E319.8433
G1 X122.279 Y113.093 Z3.991 E319.8669
G1 X124.080 Y112.822 Z4.014 E319.8962
G1 X125.195 Y112.851 Z4.028 E319.9164
G1 X126.310 Y112.881 Z4.042 E319.9388
G1 X127.720 Y113.093 Z4.060 E319.9710
G1 X129.461 Y113.631 Z4.083 E320.0180
G1 X131.105 Y114.422 Z4.105 E320.0709
G1 X132.612 Y115.451 Z4.128 E320.1298
G1 X133.894 Y116.640 Z4.150 E320.1916
G1 X133.954 Y116.695 Z4.150 E320.1944
G1 X135.091 Y118.120 Z4.150 E320.2589
G1 X136.004 Y119.701 Z4.150 E320.3234
G1 X136.670 Y121.399 Z4.150 E320.3878
G1 X137.076 Y123.182 Z4.150 E320.4525
G1 X137.213 Y125.000 Z4.150 E320.5169
G1 X137.076 Y126.817 Z4.150 E320.5813
G1 X136.670 Y128.600 Z4.150 E320.6459
G1 X136.004 Y130.298 Z4.150 E320.7104
G1 X135.091 Y131.879 Z4.150 E320.7749
G1 X133.954 Y133.304 Z4.150 E320.8393
G1 X132.612 Y134.548 Z4.150 E320.9040
G1 X131.105 Y135.577 Z4.150 E320.9684
G1 X129.461 Y136.368 Z4.150 E321.0329
G1 X127.720 Y136.906 Z4.150 E321.0973
G1 X125.910 Y137.178 Z4.150 E321.1620
G1 X124.089 Y137.178 Z4.150 E321.2263
G1 X122.279 Y136.906 Z4.150 E321.2910
G1 X120.538 Y136.368 Z4.150 E321.3554
G1 X118.894 Y135.577 Z4.150 E321.4199
G1 X117.387 Y134.548 Z4.150 E321.4844
G1 X116.045 Y133.304 Z4.150 E321.5491
G1 X114.908 Y131.879 Z4.150 E321.6135
G1 X113.995 Y130.298 Z4.150 E321.6780
G1 X113.329 Y128.600 Z4.150 E321.7424
G1 X112.923 Y126.817 Z4.150 E321.8071
G1 X112.786 Y125.000 Z4.150 E321.8715
G1 X112.923 Y123.182 Z4.150 E321.9359
G1 X113.329 Y121.399 Z4.150 E322.0005
G1 X113.995 Y119.701 Z4.150 E322.0650
G1 X114.908 Y118.120 Z4.150 E322.1295
G1 X116.045 Y116.695 Z4.150 E322.1939
G1 X117.387 Y115.451 Z4.150 E322.2527
G1 X118.894 Y114.422 Z4.150 E322.3054
G1 X120.538 Y113.631 Z4.150 E322.3522
G1 X122.279 Y113.093 Z4.150 E322.3931
G1 X124.080 Y112.822 Z4.150 E322.4281
G1 X125.195 Y112.851 Z4.150 E322.4473
G1 X126.310 Y112.881 Z4.150 E322.4643
G1 X127.720 Y113.093 Z4.150 E322.4825
G1 X129.461 Y113.631 Z4.150 E322.4999
G1 X131.105 Y114.422 Z4.150 E322.5114
G1 X132.612 Y115.451 Z4.150 E322.5171
G1 X133.894 Y116.640 Z4.150 E322.5171
G1 F2400 E321.5171
G1 F300 Z4.350
G0 F3900 X123.441 Y117.062
G0 X121.778 Y117.747
G0 X119.137 Y119.137
G1 F300 Z3.900
G1 F1500 E322.5171
G1 F2400 X118.106 Y120.393 Z3.920 E322.5217
G1 X117.339 Y121.826 Z3.941 E322.5311
G1 X116.868 Y123.383 Z3.961 E322.5451
G1 X116.708 Y125.000 Z3.981 E322.5638
G1 X116.868 Y126.616 Z4.002 E322.5871
G1 X117.339 Y128.173 Z4.022 E322.6151
G1 X118.106 Y129.606 Z4.042 E322.6478
G1 X119.137 Y130.862 Z4.063 E322.6851
G1 X120.393 Y131.893 Z4.083 E322.7271
G1 X121.826 Y132.660 Z4.103 E322.7738
G1 X123.383 Y133.131 Z4.123 E322.8252
G1 X125.000 Y133.291 Z4.144 E322.8812
G1 X125.492 Y133.242 Z4.150 E322.8987
G1 X126.616 Y133.131 Z4.150 E322.9386
G1 X128.173 Y132.660 Z4.150 E322.9961
G1 X129.606 Y131.893 Z4.150 E323.0535
G1 X130.862 Y130.862 Z4.150 E323.1109
G1 X131.893 Y129.606 Z4.150 E323.1683
G1 X132.660 Y128.173 Z4.150 E323.2258
G1 X133.131 Y126.616 Z4.150 E323.2833
G1 X133.291 Y125.000 Z4.150 E323.3407
G1 X133.131 Y123.383 Z4.150 E323.3981
G1 X132.660 Y121.826 Z4.150 E323.4556
G1 X131.893 Y120.393 Z4.150 E323.5130
G1 X130.862 Y119.137 Z4.150 E323.5704
G1 X129.606 Y118.106 Z4.150 E323.6279
G1 X128.173 Y117.339 Z4.150 E323.6853
G1 X126.588 Y116.859 Z4.150 E323.7438
G1 X123.411 Y116.859 Z4.150 E323.8561
G1 X121.826 Y117.339 Z4.150 E323.9146
G1 X120.393 Y118.106 Z4.150 E323.9721
G1 X119.137 Y119.137 Z4.150 E324.0295
G1 X118.106 Y120.393 Z4.150 E324.0822
G1 X117.339 Y121.826 Z4.150 E324.1303
G1 X116.868 Y123.383 Z4.150 E324.1738
G1 X116.708 Y125.000 Z4.150 E324.2126
G1 X116.868 Y126.616 Z4.150 E324.2466
G1 X117.339 Y128.173 Z4.150 E324.2761
G1 X118.106 Y129.606 Z4.150 E324.3008
G1 X119.137 Y130.862 Z4.150 E324.3209
G1 X120.393 Y131.893 Z4.150 E324.3364
G1 X121.826 Y132.660 Z4.150 E324.3471
G1 X123.383 Y133.131 Z4.150 E324.3532
G1 X125.000 Y133.291 Z4.150 E324.3546
G1 X125.492 Y133.242 Z4.150 E324.3546
G1 F2400 E323.3546
G1 F300 Z4.350
G0 F3900 X118.188 Y134.876
;TYPE:SOLID-FILL
;WIDTH:0.400
G1 F300 Z4.150
G1 F1500 E324.3546
G1 F3600 X115.013 Y131.700 E324.5133
G0 F3600 X114.239 Y130.361
G1 F3600 X119.587 Y135.709 E324.7806
G0 F3600 X120.660 Y136.217
G1 F3600 X113.831 Y129.387 E325.1219
G0 F3600 X113.484 Y128.474
G1 F3600 X121.479 Y136.470 E325.5215
G0 F3600 X122.298 Y136.723
G1 F3600 X113.317 Y127.742 E325.9704
G0 F3600 X113.150 Y127.009
G1 F3600 X122.967 Y136.826 E326.4610
G0 F3600 X123.632 Y136.926
G1 F3600 X119.783 Y133.076 E326.6534
G0 F3600 X120.999 Y133.727
G1 F3600 X124.269 Y136.996 E326.8168
G0 F3600 X124.834 Y136.996
G1 F3600 X121.929 Y134.091 E326.9619
G0 F3600 X122.748 Y134.344
G1 F3600 X125.400 Y136.996 E327.0945
G0 F3600 X125.956 Y136.987
G1 F3600 X123.438 Y134.469 E327.2203
G0 F3600 X124.089 Y134.554
G1 F3600 X126.448 Y136.913 E327.3382
G0 F3600 X126.940 Y136.840
G1 F3600 X124.711 Y134.610 E327.4496
G0 F3600 X125.255 Y134.589
G1 F3600 X127.432 Y136.766 E327.5584
G0 F3600 X127.895 Y136.663
G1 F3600 X125.799 Y134.567 E327.6632
G0 F3600 X126.321 Y134.524
G1 F3600 X128.327 Y136.529 E327.7634
G0 F3600 X128.759 Y136.395
G1 F3600 X126.788 Y134.425 E327.8619
G0 F3600 X127.255 Y134.326
G1 F3600 X129.191 Y136.262 E327.9587
G0 F3600 X129.596 Y136.101
G1 F3600 X127.721 Y134.227 E328.0523
G0 F3600 X128.135 Y134.075
G1 F3600 X129.978 Y135.917 E328.1444
G0 F3600 X130.360 Y135.734
G1 F3600 X128.539 Y133.913 E328.2354
G0 F3600 X128.943 Y133.751
G1 F3600 X130.741 Y135.550 E328.3253
G0 F3600 X131.110 Y135.352
G1 F3600 X129.346 Y133.589 E328.4134
G0 F3600 X129.697 Y133.374
G1 F3600 X131.446 Y135.123 E328.5009
G0 F3600 X131.783 Y134.894
G1 F3600 X130.046 Y133.158 E328.5876
G0 F3600 X130.395 Y132.941
G1 F3600 X132.119 Y134.664 E328.6738
G0 F3600 X132.455 Y134.435
G1 F3600 X130.744 Y132.723 E328.7593
G0 F3600 X131.044 Y132.458
G1 F3600 X132.755 Y134.169 E328.8448
G0 F3600 X133.048 Y133.897
G1 F3600 X131.345 Y132.193 E328.9300
G0 F3600 X131.644 Y131.927
G1 F3600 X133.341 Y133.624 E329.0148
G0 F3600 X133.636 Y133.353
G1 F3600 X131.945 Y131.662 E329.0993
G0 F3600 X132.199 Y131.351
G1 F3600 X133.914 Y133.066 E329.1850
G0 F3600 X134.165 Y132.751
G1 F3600 X132.451 Y131.037 E329.2707
G0 F3600 X132.703 Y130.723
G1 F3600 X134.416 Y132.436 E329.3563
G0 F3600 X134.667 Y132.121
G1 F3600 X132.955 Y130.410 E329.4418
G0 F3600 X133.165 Y130.053
G1 F3600 X134.918 Y131.806 E329.5294
G0 F3600 X135.129 Y131.452
G1 F3600 X133.368 Y129.691 E329.6174
G0 F3600 X133.571 Y129.328
G1 F3600 X135.336 Y131.094 E329.7056
G0 F3600 X135.543 Y130.735
G1 F3600 X133.769 Y128.961 E329.7943
G0 F3600 X133.918 Y128.544
G1 F3600 X135.751 Y130.377 E329.8859
G0 F3600 X135.930 Y129.990
G1 F3600 X134.067 Y128.127 E329.9790
G0 F3600 X134.215 Y127.710
G1 F3600 X136.089 Y129.584 E330.0727
G0 F3600 X136.249 Y129.178
G1 F3600 X134.341 Y127.270 E330.1680
G0 F3600 X134.424 Y126.787
G1 F3600 X136.408 Y128.771 E330.2672
G0 F3600 X136.544 Y128.342
G1 F3600 X134.508 Y126.306 E330.3689
G0 F3600 X134.589 Y125.821
G1 F3600 X136.649 Y127.880 E330.4719
G0 F3600 X136.754 Y127.420
G1 F3600 X134.589 Y125.255 E330.5801
G0 F3600 X134.589 Y124.689
G1 F3600 X136.859 Y126.959 E330.6935
G0 F3600 X136.922 Y126.457
G1 F3600 X134.582 Y124.117 E330.8105
G0 F3600 X134.462 Y123.431
G1 F3600 X136.961 Y125.930 E330.9354
G0 F3600 X137.001 Y125.404
G1 F3600 X134.343 Y122.747 E331.0682
G0 F3600 X134.090 Y121.927
G1 F3600 X137.021 Y124.858 E331.2146
G0 F3600 X136.975 Y124.247
G1 F3600 X133.778 Y121.050 E331.3744
G0 F3600 X133.072 Y119.778
G1 F3600 X136.929 Y123.636 E331.5672
G0 F3600 X136.847 Y122.988
G1 F3600 X127.031 Y113.171 E332.0578
G0 F3600 X126.365 Y113.072
G1 F3600 X130.274 Y116.980 E332.2531
G0 F3600 X128.993 Y116.265
G1 F3600 X125.775 Y113.047 E332.4140
G0 F3600 X125.193 Y113.031
G1 F3600 X128.051 Y115.889 E332.5568
G0 F3600 X127.272 Y115.676
G1 F3600 X124.612 Y113.016 E332.6897
G0 F3600 X124.040 Y113.009
G1 F3600 X126.554 Y115.523 E332.8154
G0 F3600 X125.899 Y115.434
G1 F3600 X123.549 Y113.084 E332.9328
G0 F3600 X123.057 Y113.157
G1 F3600 X125.310 Y115.411 E333.0454
G0 F3600 X124.721 Y115.387
G1 F3600 X122.565 Y113.231 E333.1532
G0 F3600 X122.103 Y113.335
G1 F3600 X124.196 Y115.428 E333.2578
G0 F3600 X123.694 Y115.492
G1 F3600 X121.671 Y113.468 E333.3589
G0 F3600 X121.239 Y113.602
G1 F3600 X123.193 Y115.556 E333.4566
G0 F3600 X122.732 Y115.661
G1 F3600 X120.807 Y113.736 E333.5528
G0 F3600 X120.401 Y113.896
G1 F3600 X122.298 Y115.792 E333.6476
G0 F3600 X121.864 Y115.924
G1 F3600 X120.020 Y114.080 E333.7397
G0 F3600 X119.638 Y114.264
G1 F3600 X121.431 Y116.057 E333.8293
G0 F3600 X121.054 Y116.246
G1 F3600 X119.256 Y114.448 E333.9192
G0 F3600 X118.887 Y114.645
G1 F3600 X120.676 Y116.434 E334.0086
G0 F3600 X120.300 Y116.623
G1 F3600 X118.551 Y114.874 E334.0960
G0 F3600 X118.214 Y115.103
G1 F3600 X119.928 Y116.817 E334.1817
G0 F3600 X119.602 Y117.057
G1 F3600 X117.878 Y115.333 E334.2678
G0 F3600 X117.542 Y115.562
G1 F3600 X119.276 Y117.296 E334.3545
G0 F3600 X118.950 Y117.536
G1 F3600 X117.243 Y115.829 E334.4398
G0 F3600 X116.949 Y116.101
G1 F3600 X118.629 Y117.781 E334.5238
G0 F3600 X118.353 Y118.070
G1 F3600 X116.656 Y116.373 E334.6086
G0 F3600 X116.362 Y116.645
G1 F3600 X118.076 Y118.359 E334.6942
G0 F3600 X117.799 Y118.648
G1 F3600 X116.083 Y116.932 E334.7800
G0 F3600 X115.832 Y117.246
G1 F3600 X117.523 Y118.937 E334.8645
G0 F3600 X117.291 Y119.271
G1 F3600 X115.582 Y117.562 E334.9499
G0 F3600 X115.331 Y117.876
G1 F3600 X117.063 Y119.609 E335.0365
G0 F3600 X116.836 Y119.947
G1 F3600 X115.080 Y118.191 E335.1243
G0 F3600 X114.868 Y118.545
G1 F3600 X116.609 Y120.286 E335.2113
G0 F3600 X116.427 Y120.669
G1 F3600 X114.661 Y118.904 E335.2995
G0 F3600 X114.454 Y119.262
G1 F3600 X116.251 Y121.059 E335.3893
G0 F3600 X116.075 Y121.449
G1 F3600 X114.247 Y119.621 E335.4807
G0 F3600 X114.067 Y120.007
G1 F3600 X115.904 Y121.844 E335.5725
G0 F3600 X115.789 Y122.294
G1 F3600 X113.908 Y120.413 E335.6665
G0 F3600 X113.748 Y120.819
G1 F3600 X115.673 Y122.744 E335.7627
G0 F3600 X115.558 Y123.194
G1 F3600 X113.589 Y121.226 E335.8611
G0 F3600 X113.453 Y121.656
G1 F3600 X115.481 Y123.683 E335.9624
G0 F3600 X115.436 Y124.204
G1 F3600 X113.348 Y122.116 E336.0667
G0 F3600 X113.243 Y122.576
G1 F3600 X115.392 Y124.725 E336.1741
G0 F3600 X115.396 Y125.296
G1 F3600 X113.138 Y123.037 E336.2870
G0 F3600 X113.074 Y123.540
G1 F3600 X115.448 Y125.913 E336.4056
G0 F3600 X115.500 Y126.531
G1 F3600 X113.035 Y124.066 E336.5288
G0 F3600 X112.996 Y124.592
G1 F3600 X115.679 Y127.276 E336.6629
G0 F3600 X115.875 Y128.037
G1 F3600 X112.976 Y125.138 E336.8078
G0 F3600 X113.022 Y125.750
G1 F3600 X116.290 Y129.018 E336.9711
G0 F3600 X116.992 Y130.285
G1 F3600 X113.068 Y126.362 E337.1672
G1 F2400 E336.1672
G1 F300 Z4.350
G0 F3900 X118.996 Y118.996
G0 X127.699 Y113.274
G1 F300 Z4.150
G1 F1500 E337.1672
G1 F3600 X136.680 Y122.255 E337.6161
G0 F3600 X136.514 Y121.523
G1 F3600 X128.518 Y113.528 E338.0157
G0 F3600 X129.337 Y113.781
G1 F3600 X136.166 Y120.610 E338.3569
G0 F3600 X135.758 Y119.636
G1 F3600 X130.410 Y114.288 E338.6242
G1 F2400 E337.6242
G1 F300 Z4.350
G0 F3900 X131.809 Y115.121
G1 F300 Z4.150
G1 F1500 E338.6242
G1 F3600 X134.985 Y118.297 E338.7829
;PRINTING_TIME: 513
;REMAINING_TIME: 466
;LAYER:17
;Z:4.400
;HEIGHT:0.250
;FLOW:100.0
;PRINTING: haibike.stl
;PRINTING_ID: 0
G1 F2400 E337.7829
G1 F300 Z4.600
G0 F3900 X127.454 Y116.826
G0 F300 Z4.400
G0 F3900 X116.116 Y116.765
G0 X115.751 Y116.422
;TYPE:WALL-OUTER
;WIDTH:0.400
;FLOW:95.0
G1 F300 Z4.150
G1 F1500 E338.7829
G1 F2400 X117.137 Y115.137 Z4.174 E338.7900
G1 X118.693 Y114.075 Z4.197 E338.8040
G1 X120.391 Y113.258 Z4.221 E338.8251
G1 X122.190 Y112.702 Z4.244 E338.8531
G1 X124.056 Y112.421 Z4.268 E338.8883
G1 X125.154 Y112.444 Z4.282 E338.9111
G1 X126.252 Y112.468 Z4.295 E338.9363
G1 X127.809 Y112.702 Z4.315 E338.9774
G1 X129.608 Y113.258 Z4.339 E339.0334
G1 X131.306 Y114.075 Z4.362 E339.0966
G1 X132.862 Y115.137 Z4.386 E339.1667
G1 X133.705 Y115.918 Z4.400 E339.2121
G1 X134.248 Y116.422 Z4.400 E339.2414
G1 X135.422 Y117.894 Z4.400 E339.3157
G1 X136.362 Y119.523 Z4.400 E339.3900
G1 X137.123 Y121.590 Z4.400 E339.4770
G1 X137.473 Y123.124 Z4.400 E339.5391
G1 X137.614 Y125.000 Z4.400 E339.6135
G1 X137.473 Y126.877 Z4.400 E339.6878
G1 X137.053 Y128.718 Z4.400 E339.7624
G1 X136.365 Y130.472 Z4.400 E339.8368
G1 X135.422 Y132.105 Z4.400 E339.9113
G1 X134.248 Y133.577 Z4.400 E339.9856
G1 X132.862 Y134.862 Z4.400 E340.0603
G1 X131.306 Y135.924 Z4.400 E340.1347
G1 X129.608 Y136.741 Z4.400 E340.2091
G1 X127.809 Y137.297 Z4.400 E340.2835
G1 X125.940 Y137.578 Z4.400 E340.3581
G1 X124.059 Y137.578 Z4.400 E340.4324
G1 X122.190 Y137.297 Z4.400 E340.5071
G1 X120.391 Y136.741 Z4.400 E340.5814
G1 X118.693 Y135.924 Z4.400 E340.6559
G1 X117.137 Y134.862 Z4.400 E340.7303
G1 X115.751 Y133.577 Z4.400 E340.8049
G1 X114.577 Y132.105 Z4.400 E340.8793
G1 X113.634 Y130.472 Z4.400 E340.9538
G1 X112.946 Y128.718 Z4.400 E341.0282
G1 X112.526 Y126.877 Z4.400 E341.1028
G1 X112.385 Y125.000 Z4.400 E341.1771
G1 X112.526 Y123.122 Z4.400 E341.2515
G1 X112.946 Y121.281 Z4.400 E341.3261
G1 X113.634 Y119.527 Z4.400 E341.4005
G1 X114.577 Y117.894 Z4.400 E341.4750
G1 X115.751 Y116.422 Z4.400 E341.5493
G1 X117.137 Y115.137 Z4.400 E341.6169
G1 X118.693 Y114.075 Z4.400 E341.6773
G1 X120.391 Y113.258 Z4.400 E341.7307
G1 X122.190 Y112.702 Z4.400 E341.7770
G1 X124.056 Y112.421 Z4.400 E341.8164
G1 X125.154 Y112.444 Z4.400 E341.8369
G1 X126.252 Y112.468 Z4.400 E341.8551
G1 X127.809 Y112.702 Z4.400 E341.8762
G1 X129.608 Y113.258 Z4.400 E341.8945
G1 X131.306 Y114.075 Z4.400 E341.9058
G1 X132.862 Y115.137 Z4.400 E341.9101
G1 X133.705 Y115.918 Z4.400 E341.9101
G1 F2400 E340.9101
G1 F300 Z4.600
G0 F3900 X133.364 Y116.283
G0 X123.382 Y116.662
G0 X120.872 Y117.696
G0 X119.036 Y119.104
G0 X119.421 Y119.421
G1 F300 Z4.150
G1 F1500 E341.9101
G1 F2400 X118.440 Y120.616 Z4.169 E341.9148
G1 X117.710 Y121.980 Z4.189 E341.9243
G1 X117.262 Y123.461 Z4.208 E341.9384
G1 X117.110 Y125.000 Z4.227 E341.9573
G1 X117.262 Y126.538 Z4.247 E341.9809
G1 X117.710 Y128.019 Z4.266 E342.0093
G1 X118.440 Y129.383 Z4.285 E342.0424
G1 X119.421 Y130.578 Z4.305 E342.0802
G1 X120.616 Y131.559 Z4.324 E342.1226
G1 X121.980 Y132.289 Z4.343 E342.1699
G1 X123.461 Y132.737 Z4.363 E342.2219
G1 X125.000 Y132.889 Z4.382 E342.2786
G1 X126.433 Y132.747 Z4.400 E342.3354
G1 X126.538 Y132.737 Z4.400 E342.3396
G1 X128.019 Y132.289 Z4.400 E342.4007
G1 X129.383 Y131.559 Z4.400 E342.4618
G1 X130.578 Y130.578 Z4.400 E342.5229
G1 X131.559 Y129.383 Z4.400 E342.5840
G1 X132.289 Y128.019 Z4.400 E342.6451
G1 X132.737 Y126.538 Z4.400 E342.7062
G1 X132.889 Y125.000 Z4.400 E342.7672
G1 X132.737 Y123.461 Z4.400 E342.8283
G1 X132.289 Y121.980 Z4.400 E342.8894
G1 X131.559 Y120.616 Z4.400 E342.9505
G1 X130.578 Y119.421 Z4.400 E343.0116
G1 X129.383 Y118.440 Z4.400 E343.0726
G1 X128.019 Y117.710 Z4.400 E343.1337
G1 X126.529 Y117.259 Z4.400 E343.1952
G1 X123.470 Y117.259 Z4.400 E343.3160
G1 X121.980 Y117.710 Z4.400 E343.3775
G1 X120.616 Y118.440 Z4.400 E343.4386
G1 X119.421 Y119.421 Z4.400 E343.4997
G1 X118.440 Y120.616 Z4.400 E343.5560
G1 X117.710 Y121.980 Z4.400 E343.6077
G1 X117.262 Y123.461 Z4.400 E343.6546
G1 X117.110 Y125.000 Z4.400 E343.6968
G1 X117.262 Y126.538 Z4.400 E343.7343
G1 X117.710 Y128.019 Z4.400 E343.7670
G1 X118.440 Y129.383 Z4.400 E343.7950
G1 X119.421 Y130.578 Z4.400 E343.8183
G1 X120.616 Y131.559 Z4.400 E343.8369
G1 X121.980 Y132.289 Z4.400 E343.8507
G1 X123.461 Y132.737 Z4.400 E343.8599
G1 X125.000 Y132.889 Z4.400 E343.8643
G1 X126.433 Y132.747 Z4.400 E343.8643
G1 F2400 E342.8643
G1 F300 Z4.600
G0 F3900 X126.480 Y133.245
G0 X125.000 Y133.491
G0 X121.750 Y132.844
G0 X118.996 Y131.003
G0 X117.155 Y128.249
G0 X116.789 Y126.408
G0 X116.119 Y116.762
G0 X116.045 Y116.695
;TYPE:WALL-INNER
;WIDTH:0.400
;FLOW:85.0
G1 F300 Z4.150
G1 F1500 E343.8643
G1 F2400 X117.387 Y115.451 Z4.173 E343.8702
G1 X118.894 Y114.422 Z4.196 E343.8820
G1 X120.538 Y113.631 Z4.218 E343.8996
G1 X122.279 Y113.093 Z4.241 E343.9231
G1 X124.082 Y112.822 Z4.264 E343.9525
G1 X125.150 Y112.844 Z4.277 E343.9718
G1 X126.218 Y112.867 Z4.291 E343.9930
G1 X127.720 Y113.093 Z4.310 E344.0273
G1 X129.461 Y113.631 Z4.333 E344.0743
G1 X131.105 Y114.422 Z4.355 E344.1273
G1 X132.612 Y115.451 Z4.378 E344.1862
G1 X133.894 Y116.639 Z4.400 E344.2479
G1 X133.954 Y116.695 Z4.400 E344.2508
G1 X135.091 Y118.120 Z4.400 E344.3152
G1 X135.998 Y119.693 Z4.400 E344.3794
G1 X136.739 Y121.704 Z4.400 E344.4551
G1 X137.076 Y123.184 Z4.400 E344.5088
G1 X137.213 Y125.000 Z4.400 E344.5731
G1 X137.076 Y126.817 Z4.400 E344.6375
G1 X136.670 Y128.600 Z4.400 E344.7022
G1 X136.004 Y130.298 Z4.400 E344.7666
G1 X135.091 Y131.879 Z4.400 E344.8311
G1 X133.954 Y133.304 Z4.400 E344.8956
G1 X132.612 Y134.548 Z4.400 E344.9602
G1 X131.105 Y135.577 Z4.400 E345.0247
G1 X129.461 Y136.368 Z4.400 E345.0892
G1 X127.720 Y136.906 Z4.400 E345.1536
G1 X125.910 Y137.178 Z4.400 E345.2183
G1 X124.089 Y137.178 Z4.400 E345.2826
G1 X122.279 Y136.906 Z4.400 E345.3473
G1 X120.538 Y136.368 Z4.400 E345.4117
G1 X118.894 Y135.577 Z4.400 E345.4762
G1 X117.387 Y134.548 Z4.400 E345.5406
G1 X116.045 Y133.304 Z4.400 E345.6053
G1 X114.908 Y131.879 Z4.400 E345.6697
G1 X113.995 Y130.298 Z4.400 E345.7343
G1 X113.329 Y128.600 Z4.400 E345.7987
G1 X112.923 Y126.817 Z4.400 E345.8633
G1 X112.786 Y125.000 Z4.400 E345.9277
G1 X112.923 Y123.182 Z4.400 E345.9922
G1 X113.329 Y121.399 Z4.400 E346.0568
G1 X113.995 Y119.701 Z4.400 E346.1212
G1 X114.908 Y118.120 Z4.400 E346.1857
G1 X116.045 Y116.695 Z4.400 E346.2502
G1 X117.387 Y115.451 Z4.400 E346.3089
G1 X118.894 Y114.422 Z4.400 E346.3616
G1 X120.538 Y113.631 Z4.400 E346.4084
G1 X122.279 Y113.093 Z4.400 E346.4493
G1 X124.082 Y112.822 Z4.400 E346.4844
G1 X125.150 Y112.844 Z4.400 E346.5029
G1 X126.218 Y112.867 Z4.400 E346.5194
G1 X127.720 Y113.093 Z4.400 E346.5387
G1 X129.461 Y113.631 Z4.400 E346.5561
G1 X131.105 Y114.422 Z4.400 E346.5676
G1 X132.612 Y115.451 Z4.400 E346.5733
G1 X133.894 Y116.639 Z4.400 E346.5733
G1 F2400 E345.5733
G1 F300 Z4.600
G0 F3900 X133.826 Y116.711
G0 X123.382 Y116.662
G0 X120.872 Y117.696
G0 X119.054 Y119.081
G0 X119.137 Y119.137
G1 F300 Z4.150
G1 F1500 E346.5733
G1 F2400 X118.106 Y120.393 Z4.170 E346.5779
G1 X117.339 Y121.826 Z4.191 E346.5873
G1 X116.868 Y123.383 Z4.211 E346.6013
G1 X116.708 Y125.000 Z4.231 E346.6200
G1 X116.868 Y126.616 Z4.252 E346.6433
G1 X117.339 Y128.173 Z4.272 E346.6713
G1 X118.106 Y129.606 Z4.292 E346.7040
G1 X119.137 Y130.862 Z4.313 E346.7413
G1 X120.393 Y131.893 Z4.333 E346.7833
G1 X121.826 Y132.660 Z4.353 E346.8300
G1 X123.383 Y133.131 Z4.373 E346.8814
G1 X125.000 Y133.291 Z4.394 E346.9374
G1 X125.492 Y133.242 Z4.400 E346.9549
G1 X126.616 Y133.131 Z4.400 E346.9948
G1 X128.173 Y132.660 Z4.400 E347.0523
G1 X129.606 Y131.893 Z4.400 E347.1097
G1 X130.862 Y130.862 Z4.400 E347.1671
G1 X131.893 Y129.606 Z4.400 E347.2245
G1 X132.660 Y128.173 Z4.400 E347.2820
G1 X133.131 Y126.616 Z4.400 E347.3395
G1 X133.291 Y125.000 Z4.400 E347.3969
G1 X133.131 Y123.383 Z4.400 E347.4543
G1 X132.660 Y121.826 Z4.400 E347.5118
G1 X131.893 Y120.393 Z4.400 E347.5692
G1 X130.862 Y119.137 Z4.400 E347.6266
G1 X129.606 Y118.106 Z4.400 E347.6840
G1 X128.173 Y117.339 Z4.400 E347.7415
G1 X126.588 Y116.859 Z4.400 E347.8000
G1 X123.411 Y116.859 Z4.400 E347.9123
G1 X121.826 Y117.339 Z4.400 E347.9708
G1 X120.393 Y118.106 Z4.400 E348.0282
G1 X119.137 Y119.137 Z4.400 E348.0857
G1 X118.106 Y120.393 Z4.400 E348.1384
G1 X117.339 Y121.826 Z4.400 E348.1865
G1 X116.868 Y123.383 Z4.400 E348.2300
G1 X116.708 Y125.000 Z4.400 E348.2688
G1 X116.868 Y126.616 Z4.400 E348.3028
G1 X117.339 Y128.173 Z4.400 E348.3323
G1 X118.106 Y129.606 Z4.400 E348.3570
G1 X119.137 Y130.862 Z4.400 E348.3771
G1 X120.393 Y131.893 Z4.400 E348.3926
G1 X121.826 Y132.660 Z4.400 E348.4033
G1 X123.383 Y133.131 Z4.400 E348.4094
G1 X125.000 Y133.291 Z4.400 E348.4108
G1 X125.492 Y133.242 Z4.400 E348.4108
G1 F2400 E347.4108
G1 F300 Z4.600
G0 F3900 X131.916 Y134.804
;TYPE:SOLID-FILL
;WIDTH:0.400
G1 F300 Z4.400
G1 F1500 E348.4108
G1 F3600 X134.930 Y131.789 E348.5615
G0 F3600 X135.711 Y130.443
G1 F3600 X130.476 Y135.678 E348.8231
G0 F3600 X129.387 Y136.202
G1 F3600 X136.144 Y129.445 E349.1608
G0 F3600 X136.502 Y128.520
G1 F3600 X128.568 Y136.455 E349.5574
G0 F3600 X127.749 Y136.708
G1 F3600 X136.670 Y127.787 E350.0032
G0 F3600 X136.837 Y127.055
G1 F3600 X127.071 Y136.820 E350.4912
G0 F3600 X126.405 Y136.920
G1 F3600 X130.378 Y132.948 E350.6898
G0 F3600 X129.059 Y133.701
G1 F3600 X125.763 Y136.996 E350.8545
G0 F3600 X125.198 Y136.996
G1 F3600 X128.110 Y134.084 E351.0000
G0 F3600 X127.321 Y134.307
G1 F3600 X124.632 Y136.996 E351.1344
G0 F3600 X124.071 Y136.992
G1 F3600 X126.597 Y134.466 E351.2606
G0 F3600 X125.946 Y134.551
G1 F3600 X123.579 Y136.918 E351.3789
G0 F3600 X123.087 Y136.844
G1 F3600 X125.355 Y134.577 E351.4923
G0 F3600 X124.764 Y134.602
G1 F3600 X122.595 Y136.771 E351.6007
G0 F3600 X122.129 Y136.671
G1 F3600 X124.228 Y134.573 E351.7055
G0 F3600 X123.729 Y134.505
G1 F3600 X121.697 Y136.538 E351.8071
G0 F3600 X121.265 Y136.404
G1 F3600 X123.231 Y134.438 E351.9054
G0 F3600 X122.756 Y134.347
G1 F3600 X120.833 Y136.270 E352.0015
G0 F3600 X120.424 Y136.113
G1 F3600 X122.325 Y134.212 E352.0965
G0 F3600 X121.895 Y134.077
G1 F3600 X120.042 Y135.929 E352.1891
G0 F3600 X119.661 Y135.745
G1 F3600 X121.464 Y133.942 E352.2792
G0 F3600 X121.076 Y133.764
G1 F3600 X119.279 Y135.561 E352.3690
G0 F3600 X118.907 Y135.367
G1 F3600 X120.702 Y133.573 E352.4587
G0 F3600 X120.328 Y133.381
G1 F3600 X118.571 Y135.138 E352.5465
G0 F3600 X118.235 Y134.908
G1 F3600 X119.954 Y133.189 E352.6324
G0 F3600 X119.622 Y132.955
G1 F3600 X117.898 Y134.679 E352.7185
G0 F3600 X117.562 Y134.449
G1 F3600 X119.298 Y132.714 E352.8053
G0 F3600 X118.974 Y132.472
G1 F3600 X117.260 Y134.186 E352.8909
G0 F3600 X116.967 Y133.914
G1 F3600 X118.651 Y132.230 E352.9751
G0 F3600 X118.371 Y131.944
G1 F3600 X116.673 Y133.642 E353.0599
G0 F3600 X116.379 Y133.370
G1 F3600 X118.093 Y131.656 E353.1456
G0 F3600 X117.814 Y131.369
G1 F3600 X116.099 Y133.084 E353.2313
G0 F3600 X115.849 Y132.769
G1 F3600 X117.538 Y131.079 E353.3158
G0 F3600 X117.309 Y130.744
G1 F3600 X115.598 Y132.454 E353.4012
G0 F3600 X115.347 Y132.139
G1 F3600 X117.078 Y130.408 E353.4877
G0 F3600 X116.848 Y130.072
G1 F3600 X115.096 Y131.825 E353.5753
G0 F3600 X114.882 Y131.473
G1 F3600 X116.620 Y129.735 E353.6622
G0 F3600 X116.442 Y129.348
G1 F3600 X114.675 Y131.114 E353.7505
G0 F3600 X114.468 Y130.756
G1 F3600 X116.263 Y128.960 E353.8402
G0 F3600 X116.087 Y128.571
G1 F3600 X114.261 Y130.397 E353.9315
G0 F3600 X114.078 Y130.015
G1 F3600 X115.919 Y128.173 E354.0235
G0 F3600 X115.802 Y127.724
G1 F3600 X113.919 Y129.608 E354.1176
G0 F3600 X113.759 Y129.202
G1 F3600 X115.686 Y127.275 E354.2139
G0 F3600 X115.570 Y126.825
G1 F3600 X113.600 Y128.795 E354.3124
G0 F3600 X113.460 Y128.369
G1 F3600 X115.483 Y126.346 E354.4135
G0 F3600 X115.441 Y125.823
G1 F3600 X113.356 Y127.908 E354.5177
G0 F3600 X113.250 Y127.448
G1 F3600 X115.400 Y125.298 E354.6251
G0 F3600 X115.389 Y124.744
G1 F3600 X113.146 Y126.987 E354.7372
G0 F3600 X113.079 Y126.488
G1 F3600 X115.447 Y124.120 E354.8556
G0 F3600 X115.504 Y123.497
G1 F3600 X113.039 Y125.962 E354.9788
G0 F3600 X112.999 Y125.436
G1 F3600 X115.667 Y122.769 E355.1121
G0 F3600 X115.870 Y121.999
G1 F3600 X112.974 Y124.896 E355.2568
G0 F3600 X113.020 Y124.284
G1 F3600 X116.261 Y121.043 E355.4188
G0 F3600 X116.929 Y119.810
G1 F3600 X113.065 Y123.673 E355.6119
G0 F3600 X113.139 Y123.033
G1 F3600 X123.009 Y113.164 E356.1052
G0 F3600 X123.674 Y113.064
G1 F3600 X119.898 Y116.840 E356.2939
G0 F3600 X121.045 Y116.259
G1 F3600 X124.298 Y113.006 E356.4564
G0 F3600 X124.852 Y113.018
G1 F3600 X121.980 Y115.890 E356.6000
G0 F3600 X122.792 Y115.643
G1 F3600 X125.406 Y113.029 E356.7306
G0 F3600 X125.960 Y113.041
G1 F3600 X123.474 Y115.527 E356.8549
G0 F3600 X124.128 Y115.439
G1 F3600 X126.479 Y113.088 E356.9724
G0 F3600 X126.970 Y113.162
G1 F3600 X124.740 Y115.393 E357.0838
G0 F3600 X125.285 Y115.413
G1 F3600 X127.463 Y113.236 E357.1926
G0 F3600 X127.921 Y113.342
G1 F3600 X125.832 Y115.432 E357.2971
G0 F3600 X126.345 Y115.484
G1 F3600 X128.354 Y113.476 E357.3975
G0 F3600 X128.786 Y113.610
G1 F3600 X126.814 Y115.581 E357.4960
G0 F3600 X127.283 Y115.678
G1 F3600 X129.218 Y113.743 E357.5927
G0 F3600 X129.620 Y113.907
G1 F3600 X127.749 Y115.778 E357.6862
G0 F3600 X128.157 Y115.935
G1 F3600 X130.002 Y114.090 E357.7784
G0 F3600 X130.384 Y114.274
G1 F3600 X128.563 Y116.095 E357.8694
G0 F3600 X128.969 Y116.255
G1 F3600 X130.765 Y114.458 E357.9592
G0 F3600 X131.131 Y114.658
G1 F3600 X129.361 Y116.428 E358.0477
G0 F3600 X129.713 Y116.642
G1 F3600 X131.468 Y114.887 E358.1354
G0 F3600 X131.803 Y115.117
G1 F3600 X130.065 Y116.855 E358.2222
G0 F3600 X130.418 Y117.069
G1 F3600 X132.140 Y115.346 E358.3083
G0 F3600 X132.477 Y115.575
G1 F3600 X130.755 Y117.297 E358.3944
G0 F3600 X131.055 Y117.562
G1 F3600 X132.773 Y115.845 E358.4802
G0 F3600 X133.066 Y116.117
G1 F3600 X131.357 Y117.827 E358.5656
G0 F3600 X131.658 Y118.091
G1 F3600 X133.360 Y116.389 E358.6507
G0 F3600 X133.654 Y116.661
G1 F3600 X131.959 Y118.356 E358.7354
G0 F3600 X132.216 Y118.665
G1 F3600 X133.928 Y116.952 E358.8210
G0 F3600 X134.179 Y117.267
G1 F3600 X132.466 Y118.980 E358.9066
G0 F3600 X132.717 Y119.295
G1 F3600 X134.430 Y117.581 E358.9922
G0 F3600 X134.681 Y117.897
G1 F3600 X132.967 Y119.610 E359.0779
G0 F3600 X133.177 Y119.966
G1 F3600 X134.932 Y118.211 E359.1656
G0 F3600 X135.140 Y118.569
G1 F3600 X133.378 Y120.331 E359.2536
G0 F3600 X133.578 Y120.697
G1 F3600 X135.348 Y118.927 E359.3421
G0 F3600 X135.554 Y119.286
G1 F3600 X133.778 Y121.063 E359.4309
G0 F3600 X133.930 Y121.476
G1 F3600 X135.761 Y119.645 E359.5224
G0 F3600 X135.932 Y120.039
G1 F3600 X134.078 Y121.893 E359.6150
G0 F3600 X134.227 Y122.311
G1 F3600 X136.084 Y120.453 E359.7079
G0 F3600 X136.236 Y120.867
G1 F3600 X134.341 Y122.762 E359.8026
G0 F3600 X134.428 Y123.241
G1 F3600 X136.389 Y121.280 E359.9006
G0 F3600 X136.541 Y121.693
G1 F3600 X134.514 Y123.721 E360.0019
G0 F3600 X134.584 Y124.216
G1 F3600 X136.654 Y122.146 E360.1054
G0 F3600 X136.759 Y122.607
G1 F3600 X134.584 Y124.782 E360.2141
G0 F3600 X134.584 Y125.348
G1 F3600 X136.864 Y123.067 E360.3280
G0 F3600 X136.924 Y123.573
G1 F3600 X134.575 Y125.922 E360.4454
G0 F3600 X134.454 Y126.608
G1 F3600 X136.963 Y124.100 E360.5708
G0 F3600 X137.002 Y124.626
G1 F3600 X134.331 Y127.298 E360.7043
G0 F3600 X134.066 Y128.129
G1 F3600 X137.017 Y125.177 E360.8518
G0 F3600 X136.971 Y125.789
G1 F3600 X133.744 Y129.016 E361.0131
G0 F3600 X133.033 Y130.292
G1 F3600 X136.926 Y126.400 E361.2076
G1 F2400 E360.2076
G1 F300 Z4.600
G0 F3900 X131.003 Y118.996
G0 X122.343 Y113.264
G1 F300 Z4.400
G1 F1500 E361.2076
G1 F3600 X113.307 Y122.300 E361.6592
G0 F3600 X113.474 Y121.567
G1 F3600 X121.530 Y113.511 E362.0618
G0 F3600 X120.711 Y113.764
G1 F3600 X113.809 Y120.667 E362.4068
G0 F3600 X114.192 Y119.718
G1 F3600 X119.655 Y114.255 E362.6798
G0 F3600 X118.299 Y115.045
G1 F3600 X114.965 Y118.379 E362.8464
;PRINTING_TIME: 549
;REMAINING_TIME: 430
;LAYER:18
;Z:4.650
;HEIGHT:0.250
;FLOW:100.0
;PRINTING: haibike.stl
;PRINTING_ID: 0
G1 F2400 E361.8464
G1 F300 Z4.850
G0 F3900 X115.751 Y116.422
G0 F300 Z4.650
;TYPE:WALL-OUTER
;WIDTH:0.400
;FLOW:95.0
G1 F300 Z4.400
G1 F1500 E362.8464
G1 F2400 X117.137 Y115.137 Z4.424 E362.8535
G1 X118.693 Y114.075 Z4.447 E362.8675
G1 X120.391 Y113.258 Z4.471 E362.8886
G1 X122.190 Y112.702 Z4.494 E362.9166
G1 X124.057 Y112.421 Z4.518 E362.9518
G1 X125.109 Y112.437 Z4.531 E362.9736
G1 X126.161 Y112.454 Z4.544 E362.9975
G1 X127.809 Y112.702 Z4.565 E363.0410
G1 X129.608 Y113.258 Z4.589 E363.0971
G1 X131.306 Y114.075 Z4.612 E363.1602
G1 X132.862 Y115.137 Z4.636 E363.2303
G1 X133.704 Y115.918 Z4.650 E363.2757
G1 X134.248 Y116.422 Z4.650 E363.3050
G1 X135.422 Y117.894 Z4.650 E363.3793
G1 X136.364 Y119.526 Z4.650 E363.4538
G1 X137.103 Y121.497 Z4.650 E363.5369
G1 X137.473 Y123.122 Z4.650 E363.6027
G1 X137.614 Y125.000 Z4.650 E363.6771
G1 X137.473 Y126.877 Z4.650 E363.7515
G1 X137.053 Y128.718 Z4.650 E363.8260
G1 X136.365 Y130.472 Z4.650 E363.9005
G1 X135.422 Y132.105 Z4.650 E363.9749
G1 X134.248 Y133.577 Z4.650 E364.0493
G1 X132.862 Y134.862 Z4.650 E364.1240
G1 X131.306 Y135.924 Z4.650 E364.1984
G1 X129.608 Y136.741 Z4.650 E364.2728
G1 X127.809 Y137.297 Z4.650 E364.3472
G1 X125.940 Y137.578 Z4.650 E364.4218
G1 X124.059 Y137.578 Z4.650 E364.4961
G1 X122.190 Y137.297 Z4.650 E364.5707
G1 X120.391 Y136.741 Z4.650 E364.6451
G1 X118.693 Y135.924 Z4.650 E364.7195
G1 X117.134 Y134.860 Z4.650 E364.7941
G1 X115.616 Y133.408 Z4.650 E364.8771
G1 X114.577 Y132.105 Z4.650 E364.9429
G1 X113.634 Y130.472 Z4.650 E365.0174
G1 X112.946 Y128.718 Z4.650 E365.0918
G1 X112.526 Y126.877 Z4.650 E365.1664
G1 X112.385 Y125.000 Z4.650 E365.2407
G1 X112.526 Y123.122 Z4.650 E365.3151
G1 X112.946 Y121.281 Z4.650 E365.3897
G1 X113.634 Y119.527 Z4.650 E365.4641
G1 X114.577 Y117.894 Z4.650 E365.5386
G1 X115.751 Y116.422 Z4.650 E365.6129
G1 X117.137 Y115.137 Z4.650 E365.6805
G1 X118.693 Y114.075 Z4.650 E365.7409
G1 X120.391 Y113.258 Z4.650 E365.7942
G1 X122.190 Y112.702 Z4.650 E365.8406
G1 X124.057 Y112.421 Z4.650 E365.8800
G1 X125.109 Y112.437 Z4.650 E365.8998
G1 X126.161 Y112.454 Z4.650 E365.9174
G1 X127.809 Y112.702 Z4.650 E365.9397
G1 X129.608 Y113.258 Z4.650 E365.9580
G1 X131.306 Y114.075 Z4.650 E365.9693
G1 X132.862 Y115.137 Z4.650 E365.9736
G1 X133.704 Y115.918 Z4.650 E365.9736
G1 F2400 E364.9736
G1 F300 Z4.850
G0 F3900 X133.364 Y116.283
G0 X123.382 Y116.662
G0 X120.872 Y117.696
G0 X119.036 Y119.104
G0 X119.421 Y119.421
G1 F300 Z4.400
G1 F1500 E365.9736
G1 F2400 X118.440 Y120.616 Z4.419 E365.9783
G1 X117.710 Y121.980 Z4.439 E365.9878
G1 X117.262 Y123.461 Z4.458 E366.0019
G1 X117.110 Y125.000 Z4.477 E366.0208
G1 X117.262 Y126.538 Z4.497 E366.0444
G1 X117.710 Y128.019 Z4.516 E366.0728
G1 X118.440 Y129.383 Z4.535 E366.1059
G1 X119.421 Y130.578 Z4.555 E366.1436
G1 X120.616 Y131.559 Z4.574 E366.1861
G1 X121.980 Y132.289 Z4.593 E366.2334
G1 X123.461 Y132.737 Z4.613 E366.2854
G1 X125.000 Y132.889 Z4.632 E366.3421
G1 X126.433 Y132.747 Z4.650 E366.3989
G1 X126.538 Y132.737 Z4.650 E366.4031
G1 X128.019 Y132.289 Z4.650 E366.4642
G1 X129.383 Y131.559 Z4.650 E366.5253
G1 X130.578 Y130.578 Z4.650 E366.5864
G1 X131.559 Y129.383 Z4.650 E366.6474
G1 X132.289 Y128.019 Z4.650 E366.7085
G1 X132.737 Y126.538 Z4.650 E366.7697
G1 X132.889 Y125.000 Z4.650 E366.8307
G1 X132.737 Y123.461 Z4.650 E366.8918
G1 X132.289 Y121.980 Z4.650 E366.9529
G1 X131.559 Y120.616 Z4.650 E367.0140
G1 X130.578 Y119.421 Z4.650 E367.0751
G1 X129.383 Y118.440 Z4.650 E367.1361
G1 X128.019 Y117.710 Z4.650 E367.1972
G1 X126.529 Y117.259 Z4.650 E367.2587
G1 X123.470 Y117.259 Z4.650 E367.3795
G1 X121.980 Y117.710 Z4.650 E367.4410
G1 X120.616 Y118.440 Z4.650 E367.5021
G1 X119.421 Y119.421 Z4.650 E367.5632
G1 X118.440 Y120.616 Z4.650 E367.6195
G1 X117.710 Y121.980 Z4.650 E367.6712
G1 X117.262 Y123.461 Z4.650 E367.7181
G1 X117.110 Y125.000 Z4.650 E367.7603
G1 X117.262 Y126.538 Z4.650 E367.7977
G1 X117.710 Y128.019 Z4.650 E367.8305
G1 X118.440 Y129.383 Z4.650 E367.8585
G1 X119.421 Y130.578 Z4.650 E367.8818
G1 X120.616 Y131.559 Z4.650 E367.9004
G1 X121.980 Y132.289 Z4.650 E367.9142
G1 X123.461 Y132.737 Z4.650 E367.9234
G1 X125.000 Y132.889 Z4.650 E367.9278
G1 X126.433 Y132.747 Z4.650 E367.9278
G1 F2400 E366.9278
G1 F300 Z4.850
G0 F3900 X126.480 Y133.245
G0 X125.000 Y133.491
G0 X121.750 Y132.844
G0 X118.996 Y131.003
G0 X117.155 Y128.249
G0 X116.789 Y126.408
G0 X116.119 Y116.762
G0 X116.045 Y116.695
;TYPE:WALL-INNER
;WIDTH:0.400
;FLOW:85.0
G1 F300 Z4.400
G1 F1500 E367.9278
G1 F2400 X117.387 Y115.451 Z4.423 E367.9337
G1 X118.894 Y114.422 Z4.446 E367.9455
G1 X120.538 Y113.631 Z4.468 E367.9631
G1 X122.279 Y113.093 Z4.491 E367.9866
G1 X124.084 Y112.821 Z4.514 E368.0161
G1 X125.106 Y112.837 Z4.527 E368.0344
G1 X126.128 Y112.854 Z4.540 E368.0546
G1 X127.720 Y113.093 Z4.560 E368.0909
G1 X129.461 Y113.631 Z4.583 E368.1379
G1 X131.105 Y114.422 Z4.605 E368.1909
G1 X132.612 Y115.451 Z4.628 E368.2498
G1 X133.893 Y116.639 Z4.650 E368.3115
G1 X133.954 Y116.695 Z4.650 E368.3144
G1 X135.091 Y118.120 Z4.650 E368.3788
G1 X136.001 Y119.697 Z4.650 E368.4432
G1 X136.719 Y121.612 Z4.650 E368.5155
G1 X137.076 Y123.182 Z4.650 E368.5724
G1 X137.213 Y125.000 Z4.650 E368.6368
G1 X137.076 Y126.817 Z4.650 E368.7012
G1 X136.670 Y128.600 Z4.650 E368.7658
G1 X136.004 Y130.298 Z4.650 E368.8303
G1 X135.091 Y131.879 Z4.650 E368.8948
G1 X133.954 Y133.304 Z4.650 E368.9592
G1 X132.612 Y134.548 Z4.650 E369.0239
G1 X131.105 Y135.577 Z4.650 E369.0883
G1 X129.461 Y136.368 Z4.650 E369.1528
G1 X127.720 Y136.906 Z4.650 E369.2172
G1 X125.910 Y137.178 Z4.650 E369.2819
G1 X124.089 Y137.178 Z4.650 E369.3463
G1 X122.279 Y136.906 Z4.650 E369.4109
G1 X120.538 Y136.368 Z4.650 E369.4753
G1 X118.894 Y135.577 Z4.650 E369.5398
G1 X117.387 Y134.548 Z4.650 E369.6043
G1 X115.912 Y133.138 Z4.650 E369.6764
G1 X114.908 Y131.879 Z4.650 E369.7333
G1 X113.995 Y130.298 Z4.650 E369.7978
G1 X113.329 Y128.600 Z4.650 E369.8623
G1 X112.923 Y126.817 Z4.650 E369.9269
G1 X112.786 Y125.000 Z4.650 E369.9913
G1 X112.923 Y123.182 Z4.650 E370.0557
G1 X113.329 Y121.399 Z4.650 E370.1203
G1 X113.995 Y119.701 Z4.650 E370.1848
G1 X114.908 Y118.120 Z4.650 E370.2493
G1 X116.045 Y116.695 Z4.650 E370.3137
G1 X117.387 Y115.451 Z4.650 E370.3725
G1 X118.894 Y114.422 Z4.650 E370.4252
G1 X120.538 Y113.631 Z4.650 E370.4720
G1 X122.279 Y113.093 Z4.650 E370.5129
G1 X124.084 Y112.821 Z4.650 E370.5480
G1 X125.106 Y112.837 Z4.650 E370.5658
G1 X126.128 Y112.854 Z4.650 E370.5817
G1 X127.720 Y113.093 Z4.650 E370.6022
G1 X129.461 Y113.631 Z4.650 E370.6196
G1 X131.105 Y114.422 Z4.650 E370.6311
G1 X132.612 Y115.451 Z4.650 E370.6368
G1 X133.893 Y116.639 Z4.650 E370.6368
G1 F2400 E369.6368
G1 F300 Z4.850
G0 F3900 X123.441 Y117.062
G0 X121.778 Y117.747
G0 X119.137 Y119.137
G1 F300 Z4.400
G1 F1500 E370.6368
G1 F2400 X118.106 Y120.393 Z4.420 E370.6414
G1 X117.339 Y121.826 Z4.441 E370.6508
G1 X116.868 Y123.383 Z4.461 E370.6648
G1 X116.708 Y125.000 Z4.481 E370.6834
G1 X116.868 Y126.616 Z4.502 E370.7068
G1 X117.339 Y128.173 Z4.522 E370.7348
G1 X118.106 Y129.606 Z4.542 E370.7675
G1 X119.137 Y130.862 Z4.563 E370.8048
G1 X120.393 Y131.893 Z4.583 E370.8468
G1 X121.826 Y132.660 Z4.603 E370.8935
G1 X123.383 Y133.131 Z4.623 E370.9449
G1 X125.000 Y133.291 Z4.644 E371.0009
G1 X125.492 Y133.242 Z4.650 E371.0183
G1 X126.616 Y133.131 Z4.650 E371.0583
G1 X128.173 Y132.660 Z4.650 E371.1157
G1 X129.606 Y131.893 Z4.650 E371.1732
G1 X130.862 Y130.862 Z4.650 E371.2306
G1 X131.893 Y129.606 Z4.650 E371.2880
G1 X132.660 Y128.173 Z4.650 E371.3455
G1 X133.131 Y126.616 Z4.650 E371.4030
G1 X133.291 Y125.000 Z4.650 E371.4603
G1 X133.131 Y123.383 Z4.650 E371.5178
G1 X132.660 Y121.826 Z4.650 E371.5752
G1 X131.893 Y120.393 Z4.650 E371.6327
G1 X130.862 Y119.137 Z4.650 E371.6901
G1 X129.606 Y118.106 Z4.650 E371.7475
G1 X128.173 Y117.339 Z4.650 E371.8050
G1 X126.588 Y116.859 Z4.650 E371.8635
G1 X123.411 Y116.859 Z4.650 E371.9758
G1 X121.826 Y117.339 Z4.650 E372.0343
G1 X120.393 Y118.106 Z4.650 E372.0917
G1 X119.137 Y119.137 Z4.650 E372.1492
G1 X118.106 Y120.393 Z4.650 E372.2019
G1 X117.339 Y121.826 Z4.650 E372.2500
G1 X116.868 Y123.383 Z4.650 E372.2935
G1 X116.708 Y125.000 Z4.650 E372.3322
G1 X116.868 Y126.616 Z4.650 E372.3663
G1 X117.339 Y128.173 Z4.650 E372.3958
G1 X118.106 Y129.606 Z4.650 E372.4205
G1 X119.137 Y130.862 Z4.650 E372.4406
G1 X120.393 Y131.893 Z4.650 E372.4560
G1 X121.826 Y132.660 Z4.650 E372.4668
G1 X123.383 Y133.131 Z4.650 E372.4729
G1 X125.000 Y133.291 Z4.650 E372.4743
G1 X125.492 Y133.242 Z4.650 E372.4743
G1 F2400 E371.4743
G1 F300 Z4.850
G0 F3900 X118.190 Y134.877
;TYPE:SOLID-FILL
;WIDTH:0.400
G1 F300 Z4.650
G1 F1500 E372.4743
G1 F3600 X115.013 Y131.700 E372.6331
G0 F3600 X114.239 Y130.361
G1 F3600 X119.587 Y135.709 E372.9004
G0 F3600 X120.660 Y136.217
G1 F3600 X113.831 Y129.387 E373.2417
G0 F3600 X113.484 Y128.474
G1 F3600 X121.479 Y136.470 E373.6413
G0 F3600 X122.298 Y136.723
G1 F3600 X113.317 Y127.742 E374.0901
G0 F3600 X113.150 Y127.009
G1 F3600 X122.967 Y136.826 E374.5807
G0 F3600 X123.632 Y136.926
G1 F3600 X119.781 Y133.075 E374.7732
G0 F3600 X120.997 Y133.725
G1 F3600 X124.269 Y136.996 E374.9367
G0 F3600 X124.834 Y136.996
G1 F3600 X121.920 Y134.083 E375.0823
G0 F3600 X122.747 Y134.343
G1 F3600 X125.400 Y136.996 E375.2149
G0 F3600 X125.956 Y136.987
G1 F3600 X123.432 Y134.463 E375.3410
G0 F3600 X124.088 Y134.553
G1 F3600 X126.448 Y136.913 E375.4590
G0 F3600 X126.940 Y136.840
G1 F3600 X124.703 Y134.602 E375.5708
G0 F3600 X125.247 Y134.581
G1 F3600 X127.432 Y136.766 E375.6800
G0 F3600 X127.895 Y136.663
G1 F3600 X125.790 Y134.558 E375.7852
G0 F3600 X126.311 Y134.514
G1 F3600 X128.327 Y136.529 E375.8859
G0 F3600 X128.759 Y136.395
G1 F3600 X126.777 Y134.413 E375.9850
G0 F3600 X127.242 Y134.313
G1 F3600 X129.191 Y136.262 E376.0824
G0 F3600 X129.596 Y136.101
G1 F3600 X127.707 Y134.213 E376.1768
G0 F3600 X128.135 Y134.075
G1 F3600 X129.978 Y135.917 E376.2689
G0 F3600 X130.360 Y135.734
G1 F3600 X128.539 Y133.913 E376.3599
G0 F3600 X128.939 Y133.747
G1 F3600 X130.741 Y135.550 E376.4499
G0 F3600 X131.110 Y135.352
G1 F3600 X129.339 Y133.581 E376.5385
G0 F3600 X129.697 Y133.374
G1 F3600 X131.446 Y135.123 E376.6259
G0 F3600 X131.783 Y134.894
G1 F3600 X130.044 Y133.155 E376.7128
G0 F3600 X130.391 Y132.936
G1 F3600 X132.119 Y134.664 E376.7991
G0 F3600 X132.455 Y134.435
G1 F3600 X130.736 Y132.716 E376.8850
G0 F3600 X131.045 Y132.459
G1 F3600 X132.755 Y134.169 E376.9705
G0 F3600 X133.048 Y133.897
G1 F3600 X131.343 Y132.192 E377.0557
G0 F3600 X131.641 Y131.924
G1 F3600 X133.341 Y133.624 E377.1407
G0 F3600 X133.636 Y133.353
G1 F3600 X131.938 Y131.655 E377.2255
G0 F3600 X132.199 Y131.350
G1 F3600 X133.914 Y133.066 E377.3113
G0 F3600 X134.165 Y132.751
G1 F3600 X132.450 Y131.036 E377.3970
G0 F3600 X132.699 Y130.720
G1 F3600 X134.416 Y132.436 E377.4828
G0 F3600 X134.667 Y132.121
G1 F3600 X132.948 Y130.402 E377.5687
G0 F3600 X133.165 Y130.053
G1 F3600 X134.918 Y131.806 E377.6563
G0 F3600 X135.129 Y131.452
G1 F3600 X133.368 Y129.691 E377.7443
G0 F3600 X133.570 Y129.327
G1 F3600 X135.336 Y131.094 E377.8326
G0 F3600 X135.543 Y130.735
G1 F3600 X133.761 Y128.952 E377.9217
G0 F3600 X133.913 Y128.539
G1 F3600 X135.751 Y130.377 E378.0135
G0 F3600 X135.930 Y129.990
G1 F3600 X134.065 Y128.125 E378.1067
G0 F3600 X134.216 Y127.711
G1 F3600 X136.089 Y129.584 E378.2003
G0 F3600 X136.249 Y129.178
G1 F3600 X134.332 Y127.261 E378.2961
G0 F3600 X134.420 Y126.783
G1 F3600 X136.408 Y128.771 E378.3955
G0 F3600 X136.544 Y128.342
G1 F3600 X134.508 Y126.306 E378.4972
G0 F3600 X134.577 Y125.809
G1 F3600 X136.649 Y127.880 E378.6008
G0 F3600 X136.754 Y127.420
G1 F3600 X134.577 Y125.244 E378.7095
G0 F3600 X134.577 Y124.678
G1 F3600 X136.859 Y126.959 E378.8236
G0 F3600 X136.922 Y126.457
G1 F3600 X134.577 Y124.112 E378.9408
G0 F3600 X134.460 Y123.429
G1 F3600 X136.961 Y125.930 E379.0658
G0 F3600 X137.001 Y125.404
G1 F3600 X134.331 Y122.735 E379.1992
G0 F3600 X134.082 Y121.920
G1 F3600 X137.021 Y124.858 E379.3460
G0 F3600 X136.975 Y124.247
G1 F3600 X133.752 Y121.024 E379.5071
G0 F3600 X133.072 Y119.778
G1 F3600 X136.929 Y123.635 E379.6999
G0 F3600 X136.846 Y122.987
G1 F3600 X127.031 Y113.171 E380.1904
G0 F3600 X126.365 Y113.072
G1 F3600 X130.275 Y116.982 E380.3858
G0 F3600 X128.992 Y116.264
G1 F3600 X125.756 Y113.028 E380.5475
G0 F3600 X125.181 Y113.018
G1 F3600 X128.064 Y115.901 E380.6916
G0 F3600 X127.272 Y115.675
G1 F3600 X124.606 Y113.009 E380.8249
G0 F3600 X124.041 Y113.010
G1 F3600 X126.562 Y115.532 E380.9509
G0 F3600 X125.899 Y115.434
G1 F3600 X123.549 Y113.084 E381.0683
G0 F3600 X123.057 Y113.158
G1 F3600 X125.314 Y115.414 E381.1811
G0 F3600 X124.730 Y115.396
G1 F3600 X122.565 Y113.231 E381.2893
G0 F3600 X122.103 Y113.335
G1 F3600 X124.196 Y115.428 E381.3939
G0 F3600 X123.699 Y115.497
G1 F3600 X121.671 Y113.468 E381.4953
G0 F3600 X121.239 Y113.602
G1 F3600 X123.204 Y115.567 E381.5935
G0 F3600 X122.732 Y115.661
G1 F3600 X120.807 Y113.736 E381.6897
G0 F3600 X120.401 Y113.896
G1 F3600 X122.298 Y115.792 E381.7845
G0 F3600 X121.864 Y115.924
G1 F3600 X120.020 Y114.080 E381.8766
G0 F3600 X119.638 Y114.264
G1 F3600 X121.439 Y116.065 E381.9666
G0 F3600 X121.063 Y116.255
G1 F3600 X119.256 Y114.448 E382.0569
G0 F3600 X118.887 Y114.645
G1 F3600 X120.687 Y116.444 E382.1469
G0 F3600 X120.312 Y116.635
G1 F3600 X118.551 Y114.874 E382.2349
G0 F3600 X118.214 Y115.103
G1 F3600 X119.935 Y116.824 E382.3209
G0 F3600 X119.602 Y117.057
G1 F3600 X117.878 Y115.333 E382.4070
G0 F3600 X117.542 Y115.562
G1 F3600 X119.279 Y117.299 E382.4939
G0 F3600 X118.957 Y117.543
G1 F3600 X117.243 Y115.829 E382.5795
G0 F3600 X116.949 Y116.101
G1 F3600 X118.635 Y117.787 E382.6638
G0 F3600 X118.353 Y118.070
G1 F3600 X116.656 Y116.373 E382.7486
G0 F3600 X116.362 Y116.645
G1 F3600 X118.077 Y118.360 E382.8343
G0 F3600 X117.804 Y118.653
G1 F3600 X116.083 Y116.932 E382.9203
G0 F3600 X115.832 Y117.246
G1 F3600 X117.531 Y118.945 E383.0052
G0 F3600 X117.291 Y119.271
G1 F3600 X115.582 Y117.562 E383.0906
G0 F3600 X115.331 Y117.876
G1 F3600 X117.064 Y119.609 E383.1772
G0 F3600 X116.837 Y119.948
G1 F3600 X115.080 Y118.191 E383.2650
G0 F3600 X114.868 Y118.545
G1 F3600 X116.614 Y120.291 E383.3523
G0 F3600 X116.434 Y120.676
G1 F3600 X114.661 Y118.904 E383.4409
G0 F3600 X114.454 Y119.262
G1 F3600 X116.254 Y121.062 E383.5308
G0 F3600 X116.076 Y121.450
G1 F3600 X114.247 Y119.621 E383.6223
G0 F3600 X114.067 Y120.007
G1 F3600 X115.916 Y121.855 E383.7146
G0 F3600 X115.795 Y122.300
G1 F3600 X113.908 Y120.413 E383.8089
G0 F3600 X113.748 Y120.819
G1 F3600 X115.674 Y122.745 E383.9052
G0 F3600 X115.557 Y123.194
G1 F3600 X113.589 Y121.226 E384.0036
G0 F3600 X113.453 Y121.656
G1 F3600 X115.491 Y123.693 E384.1054
G0 F3600 X115.440 Y124.208
G1 F3600 X113.348 Y122.116 E384.2099
G0 F3600 X113.243 Y122.576
G1 F3600 X115.392 Y124.725 E384.3173
G0 F3600 X115.404 Y125.304
G1 F3600 X113.138 Y123.037 E384.4306
G0 F3600 X113.074 Y123.540
G1 F3600 X115.449 Y125.914 E384.5493
G0 F3600 X115.499 Y126.530
G1 F3600 X113.035 Y124.066 E384.6724
G0 F3600 X112.996 Y124.592
G1 F3600 X115.698 Y127.294 E384.8075
G0 F3600 X115.896 Y128.059
G1 F3600 X112.976 Y125.138 E384.9534
G0 F3600 X113.022 Y125.750
G1 F3600 X116.294 Y129.022 E385.1169
G0 F3600 X117.002 Y130.296
G1 F3600 X113.068 Y126.362 E385.3135
G1 F2400 E384.3135
G1 F300 Z4.850
G0 F3900 X118.996 Y118.996
G0 X127.699 Y113.274
G1 F300 Z4.650
G1 F1500 E385.3135
G1 F3600 X136.679 Y122.254 E385.7623
G0 F3600 X136.478 Y121.488
G1 F3600 X128.518 Y113.528 E386.1601
G0 F3600 X129.337 Y113.781
G1 F3600 X136.139 Y120.583 E386.5001
G0 F3600 X135.757 Y119.635
G1 F3600 X130.410 Y114.288 E386.7673
G1 F2400 E385.7673
G1 F300 Z4.850
G0 F3900 X131.809 Y115.121
G1 F300 Z4.650
G1 F1500 E386.7673
G1 F3600 X134.985 Y118.297 E386.9260
;PRINTING_TIME: 584
;REMAINING_TIME: 395
;LAYER:19
;Z:4.900
;HEIGHT:0.250
;FLOW:100.0
;PRINTING: haibike.stl
;PRINTING_ID: 0
G1 F2400 E385.9260
G1 F300 Z5.100
G0 F3900 X126.630 Y116.665
G0 F300 Z4.900
G0 F3900 X116.116 Y116.765
G0 X115.751 Y116.422
;TYPE:WALL-OUTER
;WIDTH:0.400
;FLOW:95.0
G1 F300 Z4.650
G1 F1500 E386.9260
G1 F2400 X117.137 Y115.137 Z4.674 E386.9331
G1 X118.693 Y114.075 Z4.697 E386.9471
G1 X120.391 Y113.258 Z4.721 E386.9682
G1 X122.190 Y112.702 Z4.744 E386.9962
G1 X124.058 Y112.421 Z4.768 E387.0314
G1 X125.063 Y112.430 Z4.780 E387.0521
G1 X126.069 Y112.440 Z4.793 E387.0749
G1 X127.809 Y112.702 Z4.815 E387.1207
G1 X129.608 Y113.258 Z4.839 E387.1768
G1 X131.307 Y114.076 Z4.862 E387.2400
G1 X132.131 Y114.650 Z4.875 E387.2757
G1 X132.956 Y115.224 Z4.887 E387.3133
G1 X133.704 Y115.918 Z4.900 E387.3536
G1 X134.248 Y116.422 Z4.900 E387.3829
G1 X135.422 Y117.894 Z4.900 E387.4573
G1 X136.365 Y119.527 Z4.900 E387.5318
G1 X137.053 Y121.281 Z4.900 E387.6062
G1 X137.473 Y123.122 Z4.900 E387.6808
G1 X137.614 Y125.000 Z4.900 E387.7551
G1 X137.473 Y126.877 Z4.900 E387.8295
G1 X137.053 Y128.718 Z4.900 E387.9041
G1 X136.365 Y130.472 Z4.900 E387.9785
G1 X135.422 Y132.105 Z4.900 E388.0530
G1 X134.248 Y133.577 Z4.900 E388.1273
G1 X132.862 Y134.862 Z4.900 E388.2020
G1 X131.306 Y135.924 Z4.900 E388.2764
G1 X129.608 Y136.741 Z4.900 E388.3508
G1 X127.809 Y137.297 Z4.900 E388.4252
G1 X125.940 Y137.578 Z4.900 E388.4998
G1 X124.055 Y137.578 Z4.900 E388.5743
G1 X122.071 Y137.260 Z4.900 E388.6536
G1 X120.391 Y136.741 Z4.900 E388.7231
G1 X118.693 Y135.924 Z4.900 E388.7975
G1 X117.133 Y134.860 Z4.900 E388.8721
G1 X115.673 Y133.480 Z4.900 E388.9514
G1 X114.577 Y132.105 Z4.900 E389.0209
G1 X113.634 Y130.472 Z4.900 E389.0954
G1 X112.946 Y128.718 Z4.900 E389.1698
G1 X112.526 Y126.877 Z4.900 E389.2444
G1 X112.385 Y125.000 Z4.900 E389.3187
G1 X112.526 Y123.122 Z4.900 E389.3931
G1 X112.946 Y121.280 Z4.900 E389.4677
G1 X113.699 Y119.415 Z4.900 E389.5471
G1 X114.577 Y117.894 Z4.900 E389.6165
G1 X115.751 Y116.422 Z4.900 E389.6909
G1 X117.137 Y115.137 Z4.900 E389.7585
G1 X118.693 Y114.075 Z4.900 E389.8188
G1 X120.391 Y113.258 Z4.900 E389.8722
G1 X122.190 Y112.702 Z4.900 E389.9185
G1 X124.058 Y112.421 Z4.900 E389.9580
G1 X125.063 Y112.430 Z4.900 E389.9769
G1 X126.069 Y112.440 Z4.900 E389.9939
G1 X127.809 Y112.702 Z4.900 E390.0176
G1 X129.608 Y113.258 Z4.900 E390.0359
G1 X131.307 Y114.076 Z4.900 E390.0471
G1 X132.131 Y114.650 Z4.900 E390.0512
G1 X132.956 Y115.224 Z4.900 E390.0532
G1 X133.704 Y115.918 Z4.900 E390.0532
G1 F2400 E389.0532
G1 F300 Z5.100
G0 F3900 X133.364 Y116.283
G0 X124.186 Y116.581
G0 X121.774 Y117.142
G0 X121.352 Y117.368
G0 X119.036 Y119.104
G0 X119.421 Y119.421
G1 F300 Z4.650
G1 F1500 E390.0532
G1 F2400 X118.440 Y120.616 Z4.669 E390.0579
G1 X117.710 Y121.980 Z4.689 E390.0674
G1 X117.262 Y123.461 Z4.708 E390.0815
G1 X117.110 Y125.000 Z4.727 E390.1004
G1 X117.262 Y126.538 Z4.747 E390.1240
G1 X117.710 Y128.019 Z4.766 E390.1524
G1 X118.440 Y129.383 Z4.785 E390.1855
G1 X119.421 Y130.578 Z4.805 E390.2232
G1 X120.616 Y131.559 Z4.824 E390.2657
G1 X121.980 Y132.289 Z4.843 E390.3130
G1 X123.461 Y132.737 Z4.863 E390.3650
G1 X125.000 Y132.889 Z4.882 E390.4217
G1 X126.433 Y132.747 Z4.900 E390.4785
G1 X126.538 Y132.737 Z4.900 E390.4827
G1 X128.019 Y132.289 Z4.900 E390.5438
G1 X129.383 Y131.559 Z4.900 E390.6049
G1 X130.578 Y130.578 Z4.900 E390.6660
G1 X131.559 Y129.383 Z4.900 E390.7270
G1 X132.289 Y128.019 Z4.900 E390.7881
G1 X132.737 Y126.538 Z4.900 E390.8493
G1 X132.889 Y125.000 Z4.900 E390.9103
G1 X132.737 Y123.461 Z4.900 E390.9714
G1 X132.289 Y121.980 Z4.900 E391.0325
G1 X131.559 Y120.616 Z4.900 E391.0936
G1 X130.578 Y119.421 Z4.900 E391.1547
G1 X129.383 Y118.440 Z4.900 E391.2157
G1 X128.019 Y117.710 Z4.900 E391.2768
G1 X126.532 Y117.260 Z4.900 E391.3382
G1 X124.244 Y117.182 Z4.900 E391.4286
G1 X121.986 Y117.707 Z4.900 E391.5202
G1 X120.616 Y118.440 Z4.900 E391.5815
G1 X119.421 Y119.421 Z4.900 E391.6426
G1 X118.440 Y120.616 Z4.900 E391.6990
G1 X117.710 Y121.980 Z4.900 E391.7506
G1 X117.262 Y123.461 Z4.900 E391.7975
G1 X117.110 Y125.000 Z4.900 E391.8397
G1 X117.262 Y126.538 Z4.900 E391.8772
G1 X117.710 Y128.019 Z4.900 E391.9099
G1 X118.440 Y129.383 Z4.900 E391.9379
G1 X119.421 Y130.578 Z4.900 E391.9612
G1 X120.616 Y131.559 Z4.900 E391.9798
G1 X121.980 Y132.289 Z4.900 E391.9937
G1 X123.461 Y132.737 Z4.900 E392.0028
G1 X125.000 Y132.889 Z4.900 E392.0072
G1 X126.433 Y132.747 Z4.900 E392.0072
G1 F2400 E391.0072
G1 F300 Z5.100
G0 F3900 X126.480 Y133.245
G0 X125.000 Y133.491
G0 X121.750 Y132.844
G0 X118.996 Y131.003
G0 X117.155 Y128.249
G0 X116.789 Y126.408
G0 X116.119 Y116.762
G0 X116.045 Y116.695
;TYPE:WALL-INNER
;WIDTH:0.400
;FLOW:85.0
G1 F300 Z4.650
G1 F1500 E392.0072
G1 F2400 X117.387 Y115.451 Z4.673 E392.0131
G1 X118.894 Y114.422 Z4.696 E392.0249
G1 X120.538 Y113.631 Z4.718 E392.0425
G1 X122.279 Y113.093 Z4.741 E392.0661
G1 X124.086 Y112.821 Z4.764 E392.0955
G1 X126.037 Y112.840 Z4.788 E392.1337
G1 X127.720 Y113.093 Z4.810 E392.1722
G1 X129.461 Y113.631 Z4.833 E392.2192
G1 X131.105 Y114.423 Z4.855 E392.2722
G1 X132.705 Y115.536 Z4.880 E392.3354
G1 X133.894 Y116.639 Z4.900 E392.3928
G1 X133.954 Y116.695 Z4.900 E392.3957
G1 X135.091 Y118.120 Z4.900 E392.4601
G1 X136.004 Y119.701 Z4.900 E392.5246
G1 X136.670 Y121.399 Z4.900 E392.5891
G1 X137.076 Y123.182 Z4.900 E392.6537
G1 X137.213 Y125.000 Z4.900 E392.7181
G1 X137.076 Y126.817 Z4.900 E392.7825
G1 X136.670 Y128.600 Z4.900 E392.8471
G1 X136.004 Y130.298 Z4.900 E392.9116
G1 X135.091 Y131.879 Z4.900 E392.9761
G1 X133.954 Y133.304 Z4.900 E393.0405
G1 X132.612 Y134.548 Z4.900 E393.1052
G1 X131.105 Y135.577 Z4.900 E393.1697
G1 X129.461 Y136.368 Z4.900 E393.2341
G1 X127.720 Y136.906 Z4.900 E393.2985
G1 X125.910 Y137.178 Z4.900 E393.3632
G1 X124.087 Y137.178 Z4.900 E393.4276
G1 X122.162 Y136.870 Z4.900 E393.4965
G1 X120.538 Y136.368 Z4.900 E393.5566
G1 X118.894 Y135.577 Z4.900 E393.6211
G1 X117.385 Y134.547 Z4.900 E393.6856
G1 X115.968 Y133.209 Z4.900 E393.7545
G1 X114.908 Y131.879 Z4.900 E393.8146
G1 X113.995 Y130.298 Z4.900 E393.8791
G1 X113.329 Y128.600 Z4.900 E393.9436
G1 X112.923 Y126.817 Z4.900 E394.0082
G1 X112.786 Y125.000 Z4.900 E394.0726
G1 X112.923 Y123.182 Z4.900 E394.1370
G1 X113.329 Y121.400 Z4.900 E394.2016
G1 X114.059 Y119.591 Z4.900 E394.2706
G1 X114.908 Y118.120 Z4.900 E394.3306
G1 X116.045 Y116.695 Z4.900 E394.3950
G1 X117.387 Y115.451 Z4.900 E394.4537
G1 X118.894 Y114.422 Z4.900 E394.5065
G1 X120.538 Y113.631 Z4.900 E394.5533
G1 X122.279 Y113.093 Z4.900 E394.5941
G1 X124.086 Y112.821 Z4.900 E394.6293
G1 X126.037 Y112.840 Z4.900 E394.6600
G1 X127.720 Y113.093 Z4.900 E394.6817
G1 X129.461 Y113.631 Z4.900 E394.6991
G1 X131.105 Y114.423 Z4.900 E394.7106
G1 X132.705 Y115.536 Z4.900 E394.7162
G1 X133.894 Y116.639 Z4.900 E394.7162
G1 F2400 E393.7162
G1 F300 Z5.100
G0 F3900 X133.825 Y116.711
G0 X124.186 Y116.581
G0 X121.774 Y117.142
G0 X121.352 Y117.368
G0 X119.054 Y119.081
G0 X119.137 Y119.137
G1 F300 Z4.650
G1 F1500 E394.7162
G1 F2400 X118.106 Y120.393 Z4.670 E394.7209
G1 X117.339 Y121.826 Z4.691 E394.7302
G1 X116.868 Y123.383 Z4.711 E394.7442
G1 X116.708 Y125.000 Z4.731 E394.7629
G1 X116.868 Y126.616 Z4.752 E394.7862
G1 X117.339 Y128.173 Z4.772 E394.8142
G1 X118.106 Y129.606 Z4.792 E394.8469
G1 X119.137 Y130.862 Z4.813 E394.8842
G1 X120.393 Y131.893 Z4.833 E394.9262
G1 X121.826 Y132.660 Z4.853 E394.9729
G1 X123.383 Y133.131 Z4.873 E395.0243
G1 X125.000 Y133.291 Z4.894 E395.0803
G1 X125.492 Y133.242 Z4.900 E395.0978
G1 X126.616 Y133.131 Z4.900 E395.1377
G1 X128.173 Y132.660 Z4.900 E395.1952
G1 X129.606 Y131.893 Z4.900 E395.2526
G1 X130.862 Y130.862 Z4.900 E395.3100
G1 X131.893 Y129.606 Z4.900 E395.3675
G1 X132.660 Y128.173 Z4.900 E395.4249
G1 X133.131 Y126.616 Z4.900 E395.4824
G1 X133.291 Y125.000 Z4.900 E395.5398
G1 X133.131 Y123.383 Z4.900 E395.5972
G1 X132.660 Y121.826 Z4.900 E395.6547
G1 X131.893 Y120.393 Z4.900 E395.7121
G1 X130.862 Y119.137 Z4.900 E395.7695
G1 X129.606 Y118.106 Z4.900 E395.8270
G1 X128.173 Y117.339 Z4.900 E395.8844
G1 X126.598 Y116.862 Z4.900 E395.9426
G1 X124.205 Y116.780 Z4.900 E396.0272
G1 X121.844 Y117.329 Z4.900 E396.1128
G1 X120.393 Y118.106 Z4.900 E396.1710
G1 X119.137 Y119.137 Z4.900 E396.2284
G1 X118.106 Y120.393 Z4.900 E396.2812
G1 X117.339 Y121.826 Z4.900 E396.3293
G1 X116.868 Y123.383 Z4.900 E396.3727
G1 X116.708 Y125.000 Z4.900 E396.4115
G1 X116.868 Y126.616 Z4.900 E396.4456
G1 X117.339 Y128.173 Z4.900 E396.4750
G1 X118.106 Y129.606 Z4.900 E396.4998
G1 X119.137 Y130.862 Z4.900 E396.5199
G1 X120.393 Y131.893 Z4.900 E396.5353
G1 X121.826 Y132.660 Z4.900 E396.5461
G1 X123.383 Y133.131 Z4.900 E396.5522
G1 X125.000 Y133.291 Z4.900 E396.5536
G1 X125.492 Y133.242 Z4.900 E396.5536
G1 F2400 E395.5536
G1 F300 Z5.100
G0 F3900 X131.916 Y134.804
;TYPE:SOLID-FILL
;WIDTH:0.400
G1 F300 Z4.900
G1 F1500 E396.5536
G1 F3600 X134.930 Y131.789 E396.7042
G0 F3600 X135.711 Y130.443
G1 F3600 X130.476 Y135.678 E396.9659
G0 F3600 X129.387 Y136.202
G1 F3600 X136.144 Y129.445 E397.3036
G0 F3600 X136.502 Y128.520
G1 F3600 X128.568 Y136.455 E397.7001
G0 F3600 X127.749 Y136.708
G1 F3600 X136.670 Y127.787 E398.1459
G0 F3600 X136.837 Y127.055
G1 F3600 X127.071 Y136.820 E398.6340
G0 F3600 X126.405 Y136.920
G1 F3600 X130.402 Y132.924 E398.8337
G0 F3600 X129.072 Y133.688
G1 F3600 X125.763 Y136.996 E398.9991
G0 F3600 X125.198 Y136.996
G1 F3600 X128.110 Y134.084 E399.1446
G0 F3600 X127.335 Y134.293
G1 F3600 X124.632 Y136.996 E399.2797
G0 F3600 X124.071 Y136.992
G1 F3600 X126.615 Y134.448 E399.4068
G0 F3600 X125.959 Y134.538
G1 F3600 X123.583 Y136.914 E399.5256
G0 F3600 X123.095 Y136.837
G1 F3600 X125.368 Y134.563 E399.6392
G0 F3600 X124.778 Y134.588
G1 F3600 X122.607 Y136.759 E399.7477
G0 F3600 X122.128 Y136.672
G1 F3600 X124.228 Y134.572 E399.8526
G0 F3600 X123.732 Y134.503
G1 F3600 X121.696 Y136.538 E399.9544
G0 F3600 X121.265 Y136.404
G1 F3600 X123.238 Y134.431 E400.0530
G0 F3600 X122.757 Y134.346
G1 F3600 X120.833 Y136.270 E400.1491
G0 F3600 X120.424 Y136.113
G1 F3600 X122.326 Y134.211 E400.2442
G0 F3600 X121.899 Y134.073
G1 F3600 X120.042 Y135.929 E400.3370
G0 F3600 X119.661 Y135.745
G1 F3600 X121.472 Y133.934 E400.4275
G0 F3600 X121.075 Y133.765
G1 F3600 X119.279 Y135.561 E400.5172
G0 F3600 X118.907 Y135.367
G1 F3600 X120.703 Y133.572 E400.6070
G0 F3600 X120.332 Y133.377
G1 F3600 X118.571 Y135.138 E400.6950
G0 F3600 X118.234 Y134.909
G1 F3600 X119.961 Y133.182 E400.7813
G0 F3600 X119.622 Y132.955
G1 F3600 X117.898 Y134.679 E400.8675
G0 F3600 X117.562 Y134.450
G1 F3600 X119.298 Y132.714 E400.9542
G0 F3600 X118.974 Y132.472
G1 F3600 X117.262 Y134.184 E401.0398
G0 F3600 X116.971 Y133.909
G1 F3600 X118.658 Y132.223 E401.1241
G0 F3600 X118.376 Y131.939
G1 F3600 X116.681 Y133.634 E401.2088
G0 F3600 X116.390 Y133.359
G1 F3600 X118.095 Y131.654 E401.2940
G0 F3600 X117.814 Y131.369
G1 F3600 X116.100 Y133.083 E401.3796
G0 F3600 X115.849 Y132.769
G1 F3600 X117.546 Y131.072 E401.4644
G0 F3600 X117.313 Y130.739
G1 F3600 X115.598 Y132.454 E401.5502
G0 F3600 X115.347 Y132.139
G1 F3600 X117.080 Y130.406 E401.6368
G0 F3600 X116.847 Y130.073
G1 F3600 X115.096 Y131.825 E401.7243
G0 F3600 X114.882 Y131.473
G1 F3600 X116.628 Y129.727 E401.8116
G0 F3600 X116.447 Y129.343
G1 F3600 X114.675 Y131.114 E401.9001
G0 F3600 X114.468 Y130.756
G1 F3600 X116.265 Y128.959 E401.9899
G0 F3600 X116.087 Y128.571
G1 F3600 X114.261 Y130.397 E402.0812
G0 F3600 X114.078 Y130.015
G1 F3600 X115.930 Y128.162 E402.1737
G0 F3600 X115.814 Y127.713
G1 F3600 X113.919 Y129.608 E402.2684
G0 F3600 X113.759 Y129.202
G1 F3600 X115.697 Y127.264 E402.3653
G0 F3600 X115.580 Y126.815
G1 F3600 X113.600 Y128.795 E402.4643
G0 F3600 X113.460 Y128.369
G1 F3600 X115.483 Y126.347 E402.5653
G0 F3600 X115.444 Y125.820
G1 F3600 X113.356 Y127.908 E402.6697
G0 F3600 X113.250 Y127.448
G1 F3600 X115.407 Y125.291 E402.7775
G0 F3600 X115.389 Y124.744
G1 F3600 X113.146 Y126.987 E402.8896
G0 F3600 X113.079 Y126.488
G1 F3600 X115.447 Y124.119 E403.0080
G0 F3600 X115.509 Y123.492
G1 F3600 X113.039 Y125.962 E403.1314
G0 F3600 X112.999 Y125.436
G1 F3600 X115.674 Y122.761 E403.2651
G0 F3600 X115.877 Y121.992
G1 F3600 X112.974 Y124.896 E403.4102
G0 F3600 X113.020 Y124.284
G1 F3600 X116.265 Y121.039 E403.5724
G0 F3600 X116.949 Y119.789
G1 F3600 X113.065 Y123.673 E403.7665
G0 F3600 X113.139 Y123.033
G1 F3600 X123.009 Y113.164 E404.2597
G0 F3600 X123.674 Y113.064
G1 F3600 X119.837 Y116.901 E404.4515
G0 F3600 X121.031 Y116.273
G1 F3600 X124.302 Y113.002 E404.6150
G0 F3600 X124.862 Y113.008
G1 F3600 X121.979 Y115.891 E404.7590
G0 F3600 X122.773 Y115.662
G1 F3600 X125.422 Y113.014 E404.8914
G0 F3600 X125.982 Y113.019
G1 F3600 X123.471 Y115.530 E405.0169
G0 F3600 X124.129 Y115.438
G1 F3600 X126.479 Y113.088 E405.1343
G0 F3600 X126.970 Y113.162
G1 F3600 X124.732 Y115.401 E405.2462
G0 F3600 X125.283 Y115.416
G1 F3600 X127.463 Y113.236 E405.3552
G0 F3600 X127.921 Y113.342
G1 F3600 X125.832 Y115.432 E405.4596
G0 F3600 X126.338 Y115.491
G1 F3600 X128.354 Y113.476 E405.5603
G0 F3600 X128.786 Y113.610
G1 F3600 X126.811 Y115.585 E405.6590
G0 F3600 X127.283 Y115.678
G1 F3600 X129.218 Y113.743 E405.7557
G0 F3600 X129.620 Y113.907
G1 F3600 X127.742 Y115.785 E405.8496
G0 F3600 X128.151 Y115.941
G1 F3600 X130.002 Y114.090 E405.9421
G0 F3600 X130.383 Y114.275
G1 F3600 X128.561 Y116.097 E406.0331
G0 F3600 X128.968 Y116.256
G1 F3600 X130.765 Y114.459 E406.1230
G0 F3600 X131.130 Y114.659
G1 F3600 X129.355 Y116.435 E406.2117
G0 F3600 X129.710 Y116.645
G1 F3600 X131.464 Y114.891 E406.2993
G0 F3600 X131.798 Y115.123
G1 F3600 X130.065 Y116.855 E406.3859
G0 F3600 X130.418 Y117.069
G1 F3600 X132.132 Y115.355 E406.4716
G0 F3600 X132.465 Y115.587
G1 F3600 X130.747 Y117.305 E406.5575
G0 F3600 X131.048 Y117.569
G1 F3600 X132.774 Y115.844 E406.6437
G0 F3600 X133.067 Y116.116
G1 F3600 X131.350 Y117.834 E406.7295
G0 F3600 X131.650 Y118.099
G1 F3600 X133.361 Y116.389 E406.8150
G0 F3600 X133.654 Y116.661
G1 F3600 X131.951 Y118.364 E406.9001
G0 F3600 X132.216 Y118.665
G1 F3600 X133.928 Y116.952 E406.9857
G0 F3600 X134.179 Y117.267
G1 F3600 X132.466 Y118.980 E407.0713
G0 F3600 X132.714 Y119.298
G1 F3600 X134.430 Y117.581 E407.1571
G0 F3600 X134.681 Y117.897
G1 F3600 X132.961 Y119.617 E407.2431
G0 F3600 X133.177 Y119.966
G1 F3600 X134.932 Y118.211 E407.3308
G0 F3600 X135.140 Y118.569
G1 F3600 X133.378 Y120.331 E407.4188
G0 F3600 X133.578 Y120.697
G1 F3600 X135.348 Y118.927 E407.5073
G0 F3600 X135.555 Y119.286
G1 F3600 X133.768 Y121.072 E407.5966
G0 F3600 X133.921 Y121.485
G1 F3600 X135.762 Y119.644 E407.6886
G0 F3600 X135.939 Y120.032
G1 F3600 X134.075 Y121.897 E407.7818
G0 F3600 X134.226 Y122.311
G1 F3600 X136.098 Y120.439 E407.8753
G0 F3600 X136.258 Y120.845
G1 F3600 X134.335 Y122.768 E407.9714
G0 F3600 X134.425 Y123.244
G1 F3600 X136.417 Y121.251 E408.0710
G0 F3600 X136.550 Y121.685
G1 F3600 X134.514 Y123.721 E408.1728
G0 F3600 X134.572 Y124.228
G1 F3600 X136.654 Y122.146 E408.2768
G0 F3600 X136.760 Y122.606
G1 F3600 X134.572 Y124.794 E408.3862
G0 F3600 X134.572 Y125.360
G1 F3600 X136.864 Y123.067 E408.5007
G0 F3600 X136.924 Y123.573
G1 F3600 X134.572 Y125.925 E408.6183
G0 F3600 X134.452 Y126.611
G1 F3600 X136.963 Y124.100 E408.7438
G0 F3600 X137.002 Y124.626
G1 F3600 X134.322 Y127.307 E408.8777
G0 F3600 X134.064 Y128.130
G1 F3600 X137.017 Y125.177 E409.0253
G0 F3600 X136.971 Y125.789
G1 F3600 X133.703 Y129.056 E409.1886
G0 F3600 X133.017 Y130.309
G1 F3600 X136.926 Y126.400 E409.3840
G1 F2400 E408.3840
G1 F300 Z5.100
G0 F3900 X131.003 Y118.996
G0 X122.343 Y113.264
G1 F300 Z4.900
G1 F1500 E409.3840
G1 F3600 X113.306 Y122.301 E409.8356
G0 F3600 X113.473 Y121.568
G1 F3600 X121.530 Y113.511 E410.2383
G0 F3600 X120.711 Y113.764
G1 F3600 X113.825 Y120.651 E410.5824
G0 F3600 X114.208 Y119.702
G1 F3600 X119.655 Y114.255 E410.8547
G0 F3600 X118.299 Y115.045
G1 F3600 X114.965 Y118.379 E411.0213
;PRINTING_TIME: 620
;REMAINING_TIME: 359
;LAYER:20
;Z:5.150
;HEIGHT:0.250
;FLOW:100.0
;PRINTING: haibike.stl
;PRINTING_ID: 0
G1 F2400 E410.0213
G1 F300 Z5.350
G0 F3900 X115.751 Y116.422
G0 F300 Z5.150
;TYPE:WALL-OUTER
;WIDTH:0.400
;FLOW:95.0
G1 F300 Z4.900
G1 F1500 E411.0213
G1 F2400 X117.137 Y115.137 Z4.924 E411.0283
G1 X118.693 Y114.075 Z4.947 E411.0424
G1 X120.391 Y113.258 Z4.971 E411.0634
G1 X122.190 Y112.702 Z4.994 E411.0915
G1 X124.058 Y112.421 Z5.018 E411.1266
G1 X125.977 Y112.427 Z5.042 E411.1697
G1 X127.809 Y112.702 Z5.065 E411.2180
G1 X129.608 Y113.258 Z5.089 E411.2740
G1 X131.306 Y114.075 Z5.112 E411.3372
G1 X132.890 Y115.162 Z5.136 E411.4089
G1 X133.703 Y115.916 Z5.150 E411.4527
G1 X134.248 Y116.422 Z5.150 E411.4820
G1 X135.422 Y117.894 Z5.150 E411.5564
G1 X136.364 Y119.527 Z5.150 E411.6308
G1 X137.061 Y121.316 Z5.150 E411.7067
G1 X137.473 Y123.124 Z5.150 E411.7799
G1 X137.614 Y124.999 Z5.150 E411.8542
G1 X137.473 Y126.875 Z5.150 E411.9285
G1 X137.039 Y128.755 Z5.150 E412.0047
G1 X136.365 Y130.472 Z5.150 E412.0776
G1 X135.422 Y132.105 Z5.150 E412.1520
G1 X134.248 Y133.577 Z5.150 E412.2264
G1 X132.862 Y134.862 Z5.150 E412.3010
G1 X131.306 Y135.924 Z5.150 E412.3755
G1 X129.608 Y136.741 Z5.150 E412.4499
G1 X127.809 Y137.297 Z5.150 E412.5242
G1 X125.940 Y137.578 Z5.150 E412.5989
G1 X124.059 Y137.578 Z5.150 E412.6732
G1 X122.155 Y137.285 Z5.150 E412.7493
G1 X120.391 Y136.741 Z5.150 E412.8222
G1 X118.693 Y135.924 Z5.150 E412.8966
G1 X117.137 Y134.862 Z5.150 E412.9710
G1 X115.751 Y133.577 Z5.150 E413.0457
G1 X114.577 Y132.105 Z5.150 E413.1200
G1 X113.634 Y130.472 Z5.150 E413.1945
G1 X112.946 Y128.718 Z5.150 E413.2689
G1 X112.526 Y126.877 Z5.150 E413.3435
G1 X112.385 Y124.999 Z5.150 E413.4179
G1 X112.526 Y123.122 Z5.150 E413.4922
G1 X112.946 Y121.281 Z5.150 E413.5668
G1 X113.634 Y119.527 Z5.150 E413.6412
G1 X114.577 Y117.894 Z5.150 E413.7157
G1 X115.751 Y116.422 Z5.150 E413.7901
G1 X117.137 Y115.137 Z5.150 E413.8577
G1 X118.693 Y114.075 Z5.150 E413.9180
G1 X120.391 Y113.258 Z5.150 E413.9714
G1 X122.190 Y112.702 Z5.150 E414.0177
G1 X124.058 Y112.421 Z5.150 E414.0572
G1 X125.977 Y112.427 Z5.150 E414.0899
G1 X127.809 Y112.702 Z5.150 E414.1148
G1 X129.608 Y113.258 Z5.150 E414.1331
G1 X131.306 Y114.075 Z5.150 E414.1444
G1 X132.890 Y115.162 Z5.150 E414.1486
G1 X133.703 Y115.916 Z5.150 E414.1486
G1 F2400 E413.1486
G1 F300 Z5.350
G0 F3900 X133.361 Y116.281
G0 X124.096 Y116.596
G0 X121.774 Y117.143
G0 X121.352 Y117.368
G0 X119.036 Y119.104
G0 X119.421 Y119.421
G1 F300 Z4.900
G1 F1500 E414.1486
G1 F2400 X118.440 Y120.616 Z4.919 E414.1533
G1 X117.710 Y121.980 Z4.939 E414.1628
G1 X117.262 Y123.461 Z4.958 E414.1769
G1 X117.110 Y125.000 Z4.977 E414.1958
G1 X117.262 Y126.538 Z4.997 E414.2194
G1 X117.710 Y128.019 Z5.016 E414.2478
G1 X118.440 Y129.383 Z5.035 E414.2809
G1 X119.421 Y130.578 Z5.055 E414.3186
G1 X120.616 Y131.559 Z5.074 E414.3611
G1 X121.980 Y132.289 Z5.093 E414.4084
G1 X123.461 Y132.737 Z5.113 E414.4604
G1 X125.000 Y132.889 Z5.132 E414.5171
G1 X126.433 Y132.747 Z5.150 E414.5739
G1 X126.538 Y132.737 Z5.150 E414.5781
G1 X128.019 Y132.289 Z5.150 E414.6392
G1 X129.383 Y131.559 Z5.150 E414.7003
G1 X130.578 Y130.578 Z5.150 E414.7614
G1 X131.559 Y129.383 Z5.150 E414.8224
G1 X132.289 Y128.019 Z5.150 E414.8835
G1 X132.737 Y126.538 Z5.150 E414.9447
G1 X132.889 Y125.000 Z5.150 E415.0057
G1 X132.737 Y123.461 Z5.150 E415.0668
G1 X132.289 Y121.980 Z5.150 E415.1279
G1 X131.559 Y120.616 Z5.150 E415.1890
G1 X130.578 Y119.421 Z5.150 E415.2501
G1 X129.383 Y118.440 Z5.150 E415.3111
G1 X128.019 Y117.710 Z5.150 E415.3722
G1 X126.538 Y117.262 Z5.150 E415.4333
G1 X125.000 Y117.110 Z5.150 E415.4944
G1 X124.193 Y117.189 Z5.150 E415.5264
G1 X121.986 Y117.707 Z5.150 E415.6159
G1 X120.616 Y118.440 Z5.150 E415.6773
G1 X119.421 Y119.421 Z5.150 E415.7384
G1 X118.440 Y120.616 Z5.150 E415.7947
G1 X117.710 Y121.980 Z5.150 E415.8464
G1 X117.262 Y123.461 Z5.150 E415.8933
G1 X117.110 Y125.000 Z5.150 E415.9355
G1 X117.262 Y126.538 Z5.150 E415.9729
G1 X117.710 Y128.019 Z5.150 E416.0057
G1 X118.440 Y129.383 Z5.150 E416.0337
G1 X119.421 Y130.578 Z5.150 E416.0570
G1 X120.616 Y131.559 Z5.150 E416.0756
G1 X121.980 Y132.289 Z5.150 E416.0894
G1 X123.461 Y132.737 Z5.150 E416.0985
G1 X125.000 Y132.889 Z5.150 E416.1029
G1 X126.433 Y132.747 Z5.150 E416.1029
G1 F2400 E415.1029
G1 F300 Z5.350
G0 F3900 X126.480 Y133.245
G0 X125.000 Y133.491
G0 X121.750 Y132.844
G0 X118.996 Y131.003
G0 X117.155 Y128.249
G0 X116.789 Y126.408
G0 X116.119 Y116.762
G0 X116.045 Y116.695
;TYPE:WALL-INNER
;WIDTH:0.400
;FLOW:85.0
G1 F300 Z4.900
G1 F1500 E416.1029
G1 F2400 X117.387 Y115.451 Z4.923 E416.1089
G1 X118.894 Y114.422 Z4.946 E416.1206
G1 X120.538 Y113.631 Z4.968 E416.1383
G1 X122.279 Y113.093 Z4.991 E416.1618
G1 X124.087 Y112.821 Z5.014 E416.1913
G1 X125.947 Y112.827 Z5.037 E416.2274
G1 X127.720 Y113.093 Z5.060 E416.2679
G1 X129.461 Y113.631 Z5.083 E416.3149
G1 X131.105 Y114.422 Z5.105 E416.3679
G1 X132.639 Y115.475 Z5.129 E416.4280
G1 X133.892 Y116.638 Z5.150 E416.4885
G1 X133.954 Y116.695 Z5.150 E416.4914
G1 X135.091 Y118.120 Z5.150 E416.5559
G1 X136.002 Y119.701 Z5.150 E416.6203
G1 X136.678 Y121.434 Z5.150 E416.6861
G1 X137.076 Y123.184 Z5.150 E416.7495
G1 X137.213 Y124.999 Z5.150 E416.8138
G1 X137.076 Y126.815 Z5.150 E416.8782
G1 X136.656 Y128.636 Z5.150 E416.9442
G1 X136.004 Y130.298 Z5.150 E417.0073
G1 X135.091 Y131.879 Z5.150 E417.0718
G1 X133.954 Y133.304 Z5.150 E417.1362
G1 X132.612 Y134.548 Z5.150 E417.2009
G1 X131.105 Y135.577 Z5.150 E417.2654
G1 X129.461 Y136.368 Z5.150 E417.3299
G1 X127.720 Y136.906 Z5.150 E417.3943
G1 X125.910 Y137.178 Z5.150 E417.4589
G1 X124.090 Y137.178 Z5.150 E417.5233
G1 X122.245 Y136.894 Z5.150 E417.5892
G1 X120.537 Y136.368 Z5.150 E417.6524
G1 X118.894 Y135.577 Z5.150 E417.7168
G1 X117.387 Y134.548 Z5.150 E417.7813
G1 X116.045 Y133.304 Z5.150 E417.8460
G1 X114.908 Y131.879 Z5.150 E417.9104
G1 X113.995 Y130.298 Z5.150 E417.9749
G1 X113.329 Y128.600 Z5.150 E418.0394
G1 X112.923 Y126.817 Z5.150 E418.1040
G1 X112.786 Y124.999 Z5.150 E418.1684
G1 X112.923 Y123.182 Z5.150 E418.2328
G1 X113.329 Y121.399 Z5.150 E418.2974
G1 X113.995 Y119.701 Z5.150 E418.3619
G1 X114.908 Y118.120 Z5.150 E418.4264
G1 X116.045 Y116.695 Z5.150 E418.4908
G1 X117.387 Y115.451 Z5.150 E418.5496
G1 X118.894 Y114.422 Z5.150 E418.6023
G1 X120.538 Y113.631 Z5.150 E418.6491
G1 X122.279 Y113.093 Z5.150 E418.6900
G1 X124.087 Y112.821 Z5.150 E418.7251
G1 X125.947 Y112.827 Z5.150 E418.7547
G1 X127.720 Y113.093 Z5.150 E418.7776
G1 X129.461 Y113.631 Z5.150 E418.7950
G1 X131.105 Y114.422 Z5.150 E418.8065
G1 X132.639 Y115.475 Z5.150 E418.8121
G1 X133.892 Y116.638 Z5.150 E418.8121
G1 F2400 E417.8121
G1 F300 Z5.350
G0 F3900 X124.161 Y116.992
G0 X122.344 Y117.419
G0 X119.137 Y119.137
G1 F300 Z4.900
G1 F1500 E418.8121
G1 F2400 X118.106 Y120.393 Z4.920 E418.8168
G1 X117.339 Y121.826 Z4.941 E418.8261
G1 X116.868 Y123.383 Z4.961 E418.8401
G1 X116.708 Y125.000 Z4.981 E418.8588
G1 X116.868 Y126.616 Z5.002 E418.8821
G1 X117.339 Y128.173 Z5.022 E418.9101
G1 X118.106 Y129.606 Z5.042 E418.9428
G1 X119.137 Y130.862 Z5.063 E418.9801
G1 X120.393 Y131.893 Z5.083 E419.0221
G1 X121.826 Y132.660 Z5.103 E419.0688
G1 X123.383 Y133.131 Z5.123 E419.1202
G1 X125.000 Y133.291 Z5.144 E419.1762
G1 X125.492 Y133.242 Z5.150 E419.1937
G1 X126.616 Y133.131 Z5.150 E419.2336
G1 X128.173 Y132.660 Z5.150 E419.2911
G1 X129.606 Y131.893 Z5.150 E419.3485
G1 X130.862 Y130.862 Z5.150 E419.4059
G1 X131.893 Y129.606 Z5.150 E419.4634
G1 X132.660 Y128.173 Z5.150 E419.5208
G1 X133.131 Y126.616 Z5.150 E419.5783
G1 X133.291 Y125.000 Z5.150 E419.6357
G1 X133.131 Y123.383 Z5.150 E419.6931
G1 X132.660 Y121.826 Z5.150 E419.7506
G1 X131.893 Y120.393 Z5.150 E419.8080
G1 X130.862 Y119.137 Z5.150 E419.8654
G1 X129.606 Y118.106 Z5.150 E419.9229
G1 X128.173 Y117.339 Z5.150 E419.9803
G1 X126.616 Y116.868 Z5.150 E420.0378
G1 X125.000 Y116.708 Z5.150 E420.0952
G1 X124.128 Y116.793 Z5.150 E420.1261
G1 X121.844 Y117.330 Z5.150 E420.2091
G1 X120.393 Y118.106 Z5.150 E420.2672
G1 X119.137 Y119.137 Z5.150 E420.3246
G1 X118.106 Y120.393 Z5.150 E420.3774
G1 X117.339 Y121.826 Z5.150 E420.4255
G1 X116.868 Y123.383 Z5.150 E420.4690
G1 X116.708 Y125.000 Z5.150 E420.5077
G1 X116.868 Y126.616 Z5.150 E420.5418
G1 X117.339 Y128.173 Z5.150 E420.5712
G1 X118.106 Y129.606 Z5.150 E420.5960
G1 X119.137 Y130.862 Z5.150 E420.6161
G1 X120.393 Y131.893 Z5.150 E420.6315
G1 X121.826 Y132.660 Z5.150 E420.6423
G1 X123.383 Y133.131 Z5.150 E420.6484
G1 X125.000 Y133.291 Z5.150 E420.6498
G1 X125.492 Y133.242 Z5.150 E420.6498
G1 F2400 E419.6498
G1 F300 Z5.350
G0 F3900 X118.188 Y134.876
;TYPE:SOLID-FILL
;WIDTH:0.400
G1 F300 Z5.150
G1 F1500 E420.6498
G1 F3600 X115.013 Y131.700 E420.8085
G0 F3600 X114.239 Y130.361
G1 F3600 X119.588 Y135.710 E421.0758
G0 F3600 X120.661 Y136.217
G1 F3600 X113.831 Y129.387 E421.4172
G0 F3600 X113.484 Y128.474
G1 F3600 X121.479 Y136.470 E421.8167
G0 F3600 X122.294 Y136.719
G1 F3600 X113.317 Y127.742 E422.2654
G0 F3600 X113.150 Y127.009
G1 F3600 X122.962 Y136.821 E422.7558
G0 F3600 X123.630 Y136.924
G1 F3600 X119.781 Y133.074 E422.9481
G0 F3600 X120.997 Y133.725
G1 F3600 X124.269 Y136.996 E423.1116
G0 F3600 X124.834 Y136.996
G1 F3600 X121.914 Y134.076 E423.2576
G0 F3600 X122.748 Y134.344
G1 F3600 X125.400 Y136.996 E423.3901
G0 F3600 X125.956 Y136.987
G1 F3600 X123.425 Y134.456 E423.5166
G0 F3600 X124.089 Y134.554
G1 F3600 X126.448 Y136.913 E423.6345
G0 F3600 X126.940 Y136.840
G1 F3600 X124.688 Y134.587 E423.7471
G0 F3600 X125.230 Y134.564
G1 F3600 X127.432 Y136.766 E423.8571
G0 F3600 X127.895 Y136.663
G1 F3600 X125.773 Y134.541 E423.9632
G0 F3600 X126.311 Y134.513
G1 F3600 X128.327 Y136.529 E424.0639
G0 F3600 X128.759 Y136.395
G1 F3600 X126.777 Y134.413 E424.1630
G0 F3600 X127.243 Y134.314
G1 F3600 X129.191 Y136.262 E424.2603
G0 F3600 X129.596 Y136.101
G1 F3600 X127.704 Y134.209 E424.3549
G0 F3600 X128.135 Y134.075
G1 F3600 X129.978 Y135.917 E424.4470
G0 F3600 X130.360 Y135.734
G1 F3600 X128.539 Y133.913 E424.5380
G0 F3600 X128.935 Y133.744
G1 F3600 X130.741 Y135.550 E424.6282
G0 F3600 X131.110 Y135.352
G1 F3600 X129.331 Y133.574 E424.7171
G0 F3600 X129.697 Y133.374
G1 F3600 X131.446 Y135.123 E424.8045
G0 F3600 X131.783 Y134.894
G1 F3600 X130.043 Y133.154 E424.8915
G0 F3600 X130.386 Y132.932
G1 F3600 X132.119 Y134.664 E424.9781
G0 F3600 X132.455 Y134.435
G1 F3600 X130.729 Y132.709 E425.0643
G0 F3600 X131.045 Y132.459
G1 F3600 X132.755 Y134.169 E425.1498
G0 F3600 X133.048 Y133.897
G1 F3600 X131.343 Y132.192 E425.2350
G0 F3600 X131.638 Y131.921
G1 F3600 X133.341 Y133.624 E425.3201
G0 F3600 X133.636 Y133.353
G1 F3600 X131.933 Y131.650 E425.4052
G0 F3600 X132.199 Y131.351
G1 F3600 X133.914 Y133.066 E425.4909
G0 F3600 X134.165 Y132.751
G1 F3600 X132.450 Y131.036 E425.5766
G0 F3600 X132.697 Y130.717
G1 F3600 X134.416 Y132.436 E425.6626
G0 F3600 X134.667 Y132.121
G1 F3600 X132.943 Y130.398 E425.7487
G0 F3600 X133.166 Y130.055
G1 F3600 X134.918 Y131.806 E425.8362
G0 F3600 X135.129 Y131.452
G1 F3600 X133.364 Y129.687 E425.9244
G0 F3600 X133.560 Y129.317
G1 F3600 X135.336 Y131.094 E426.0132
G0 F3600 X135.543 Y130.735
G1 F3600 X133.756 Y128.947 E426.1026
G0 F3600 X133.913 Y128.539
G1 F3600 X135.751 Y130.377 E426.1944
G0 F3600 X135.930 Y129.990
G1 F3600 X134.066 Y128.126 E426.2876
G0 F3600 X134.215 Y127.710
G1 F3600 X136.089 Y129.584 E426.3812
G0 F3600 X136.248 Y129.177
G1 F3600 X134.326 Y127.255 E426.4773
G0 F3600 X134.419 Y126.782
G1 F3600 X136.408 Y128.771 E426.5767
G0 F3600 X136.539 Y128.337
G1 F3600 X134.507 Y126.305 E426.6782
G0 F3600 X134.565 Y125.797
G1 F3600 X136.645 Y127.877 E426.7822
G0 F3600 X136.752 Y127.418
G1 F3600 X134.565 Y125.232 E426.8915
G0 F3600 X134.565 Y124.666
G1 F3600 X136.858 Y126.958 E427.0060
G0 F3600 X136.922 Y126.457
G1 F3600 X134.565 Y124.100 E427.1238
G0 F3600 X134.459 Y123.429
G1 F3600 X136.962 Y125.931 E427.2489
G0 F3600 X137.001 Y125.404
G1 F3600 X134.325 Y122.728 E427.3826
G0 F3600 X134.083 Y121.921
G1 F3600 X137.021 Y124.859 E427.5295
G0 F3600 X136.975 Y124.247
G1 F3600 X133.732 Y121.005 E427.6915
G0 F3600 X133.073 Y119.780
G1 F3600 X136.929 Y123.636 E427.8842
G0 F3600 X136.847 Y122.987
G1 F3600 X127.031 Y113.171 E428.3748
G0 F3600 X126.365 Y113.072
G1 F3600 X130.274 Y116.980 E428.5701
G0 F3600 X128.992 Y116.264
G1 F3600 X125.734 Y113.006 E428.7330
G0 F3600 X125.167 Y113.004
G1 F3600 X128.074 Y115.911 E428.8782
G0 F3600 X127.272 Y115.675
G1 F3600 X124.599 Y113.002 E429.0118
G0 F3600 X124.041 Y113.010
G1 F3600 X126.568 Y115.537 E429.1381
G0 F3600 X125.899 Y115.434
G1 F3600 X123.549 Y113.084 E429.2556
G0 F3600 X123.057 Y113.158
G1 F3600 X125.316 Y115.416 E429.3684
G0 F3600 X124.737 Y115.404
G1 F3600 X122.565 Y113.231 E429.4770
G0 F3600 X122.103 Y113.335
G1 F3600 X124.196 Y115.428 E429.5816
G0 F3600 X123.699 Y115.497
G1 F3600 X121.671 Y113.468 E429.6830
G0 F3600 X121.239 Y113.602
G1 F3600 X123.203 Y115.566 E429.7811
G0 F3600 X122.743 Y115.672
G1 F3600 X120.807 Y113.736 E429.8779
G0 F3600 X120.401 Y113.896
G1 F3600 X122.302 Y115.797 E429.9729
G0 F3600 X121.864 Y115.925
G1 F3600 X120.020 Y114.080 E430.0651
G0 F3600 X119.638 Y114.264
G1 F3600 X121.445 Y116.071 E430.1554
G0 F3600 X121.064 Y116.256
G1 F3600 X119.256 Y114.448 E430.2457
G0 F3600 X118.887 Y114.645
G1 F3600 X120.688 Y116.445 E430.3357
G0 F3600 X120.312 Y116.635
G1 F3600 X118.551 Y114.874 E430.4237
G0 F3600 X118.214 Y115.103
G1 F3600 X119.942 Y116.831 E430.5101
G0 F3600 X119.611 Y117.065
G1 F3600 X117.878 Y115.333 E430.5967
G0 F3600 X117.542 Y115.562
G1 F3600 X119.279 Y117.299 E430.6835
G0 F3600 X118.957 Y117.543
G1 F3600 X117.243 Y115.829 E430.7692
G0 F3600 X116.949 Y116.101
G1 F3600 X118.647 Y117.799 E430.8540
G0 F3600 X118.371 Y118.088
G1 F3600 X116.656 Y116.373 E430.9397
G0 F3600 X116.362 Y116.645
G1 F3600 X118.093 Y118.376 E431.0262
G0 F3600 X117.817 Y118.665
G1 F3600 X116.083 Y116.932 E431.1129
G0 F3600 X115.832 Y117.246
G1 F3600 X117.540 Y118.954 E431.1982
G0 F3600 X117.291 Y119.271
G1 F3600 X115.582 Y117.562 E431.2836
G0 F3600 X115.331 Y117.876
G1 F3600 X117.066 Y119.612 E431.3704
G0 F3600 X116.844 Y119.955
G1 F3600 X115.080 Y118.191 E431.4585
G0 F3600 X114.868 Y118.545
G1 F3600 X116.623 Y120.300 E431.5462
G0 F3600 X116.435 Y120.677
G1 F3600 X114.661 Y118.904 E431.6349
G0 F3600 X114.454 Y119.262
G1 F3600 X116.255 Y121.063 E431.7249
G0 F3600 X116.085 Y121.459
G1 F3600 X114.247 Y119.621 E431.8167
G0 F3600 X114.067 Y120.007
G1 F3600 X115.916 Y121.855 E431.9091
G0 F3600 X115.795 Y122.300
G1 F3600 X113.908 Y120.413 E432.0034
G0 F3600 X113.748 Y120.819
G1 F3600 X115.679 Y122.750 E432.0999
G0 F3600 X115.570 Y123.206
G1 F3600 X113.589 Y121.226 E432.1989
G0 F3600 X113.453 Y121.656
G1 F3600 X115.490 Y123.692 E432.3007
G0 F3600 X115.440 Y124.208
G1 F3600 X113.348 Y122.116 E432.4052
G0 F3600 X113.243 Y122.576
G1 F3600 X115.392 Y124.725 E432.5126
G0 F3600 X115.412 Y125.312
G1 F3600 X113.138 Y123.037 E432.6263
G0 F3600 X113.074 Y123.540
G1 F3600 X115.451 Y125.916 E432.7451
G0 F3600 X115.516 Y126.547
G1 F3600 X113.035 Y124.066 E432.8691
G0 F3600 X112.997 Y124.593
G1 F3600 X115.715 Y127.311 E433.0049
G0 F3600 X115.913 Y128.075
G1 F3600 X112.977 Y125.139 E433.1516
G0 F3600 X113.023 Y125.751
G1 F3600 X116.297 Y129.025 E433.3153
G0 F3600 X117.009 Y130.302
G1 F3600 X113.068 Y126.362 E433.5122
G1 F2400 E432.5122
G1 F300 Z5.350
G0 F3900 X118.996 Y118.996
G0 X127.699 Y113.274
G1 F300 Z5.150
G1 F1500 E433.5122
G1 F3600 X136.680 Y122.255 E433.9610
G0 F3600 X136.514 Y121.523
G1 F3600 X128.518 Y113.528 E434.3606
G0 F3600 X129.337 Y113.781
G1 F3600 X136.159 Y120.603 E434.7016
G0 F3600 X135.753 Y119.631
G1 F3600 X130.410 Y114.288 E434.9686
G1 F2400 E433.9686
G1 F300 Z5.350
G0 F3900 X131.817 Y115.129
G1 F300 Z5.150
G1 F1500 E434.9686
G1 F3600 X134.984 Y118.296 E435.1269
;PRINTING_TIME: 656
;REMAINING_TIME: 324
;LAYER:21
;Z:5.400
;HEIGHT:0.250
;FLOW:100.0
M106 S148
;PRINTING: haibike.stl
;PRINTING_ID: 0
G1 F2400 E434.1269
G1 F300 Z5.600
G0 F3900 X133.258 Y119.450
G0 F300 Z5.400
G0 F3900 X126.576 Y117.066
G0 X125.881 Y117.047
G0 X118.446 Y117.512
G0 X118.379 Y117.437
;TYPE:WALL-OUTER
;WIDTH:0.400
;FLOW:95.0
G1 F300 Z5.150
G1 F1500 E435.1269
G1 F2076 X119.752 Y116.428 Z5.171 E435.1326
G1 X121.280 Y115.664 Z5.193 E435.1441
G1 X122.909 Y115.169 Z5.214 E435.1613
G1 X124.541 Y114.961 Z5.234 E435.1833
G1 X126.247 Y115.028 Z5.256 E435.2118
G1 X127.917 Y115.383 Z5.277 E435.2461
G1 X129.499 Y116.014 Z5.298 E435.2861
G1 X130.954 Y116.905 Z5.320 E435.3319
G1 X132.274 Y118.065 Z5.342 E435.3851
G1 X133.341 Y119.394 Z5.363 E435.4425
G1 X134.167 Y120.883 Z5.384 E435.5055
G1 X134.584 Y122.062 Z5.400 E435.5549
G1 X134.719 Y122.443 Z5.400 E435.5709
G1 X135.010 Y124.119 Z5.400 E435.6381
G1 X135.010 Y125.880 Z5.400 E435.7076
G1 X134.718 Y127.561 Z5.400 E435.7750
G1 X134.147 Y129.161 Z5.400 E435.8421
G1 X133.341 Y130.605 Z5.400 E435.9074
G1 X132.276 Y131.931 Z5.400 E435.9746
G1 X130.994 Y133.065 Z5.400 E436.0422
G1 X129.552 Y133.959 Z5.400 E436.1092
G1 X127.915 Y134.617 Z5.400 E436.1789
G1 X126.247 Y134.971 Z5.400 E436.2462
G1 X124.542 Y135.038 Z5.400 E436.3136
G1 X122.856 Y134.818 Z5.400 E436.3808
G1 X121.225 Y134.313 Z5.400 E436.4482
G1 X119.710 Y133.545 Z5.400 E436.5153
G1 X118.335 Y132.523 Z5.400 E436.5830
G1 X117.197 Y131.335 Z5.400 E436.6479
G1 X116.240 Y129.926 Z5.400 E436.7152
G1 X115.516 Y128.325 Z5.400 E436.7846
G1 X115.089 Y126.667 Z5.400 E436.8522
G1 X114.949 Y124.971 Z5.400 E436.9194
G1 X115.089 Y123.332 Z5.400 E436.9844
G1 X115.516 Y121.673 Z5.400 E437.0521
G1 X116.211 Y120.126 Z5.400 E437.1191
G1 X117.166 Y118.704 Z5.400 E437.1867
G1 X118.379 Y117.437 Z5.400 E437.2560
G1 X119.752 Y116.428 Z5.400 E437.3176
G1 X121.280 Y115.664 Z5.400 E437.3735
G1 X122.909 Y115.169 Z5.400 E437.4236
G1 X124.541 Y114.961 Z5.400 E437.4666
G1 X126.247 Y115.028 Z5.400 E437.5055
G1 X127.917 Y115.383 Z5.400 E437.5386
G1 X129.499 Y116.014 Z5.400 E437.5659
G1 X130.954 Y116.905 Z5.400 E437.5875
G1 X132.274 Y118.065 Z5.400 E437.6037
G1 X133.341 Y119.394 Z5.400 E437.6136
G1 X134.167 Y120.883 Z5.400 E437.6178
G1 X134.584 Y122.062 Z5.400 E437.6178
G1 F2400 E436.6178
G1 F300 Z5.600
G0 F3900 X134.113 Y122.228
G0 X129.717 Y117.940
G0 X126.654 Y116.672
G0 X124.056 Y116.601
G0 X121.773 Y117.143
G0 X120.175 Y118.244
G0 X119.036 Y119.104
G0 X119.421 Y119.421
G1 F300 Z5.150
G1 F1500 E437.6178
G1 F2076 X118.440 Y120.616 Z5.169 E437.6226
G1 X117.710 Y121.980 Z5.189 E437.6320
G1 X117.262 Y123.461 Z5.208 E437.6462
G1 X117.110 Y125.000 Z5.227 E437.6651
G1 X117.262 Y126.538 Z5.247 E437.6887
G1 X117.710 Y128.019 Z5.266 E437.7170
G1 X118.440 Y129.383 Z5.285 E437.7501
G1 X119.421 Y130.578 Z5.305 E437.7879
G1 X120.616 Y131.559 Z5.324 E437.8304
G1 X121.980 Y132.289 Z5.343 E437.8777
G1 X123.461 Y132.737 Z5.363 E437.9296
G1 X125.000 Y132.889 Z5.382 E437.9863
G1 X126.433 Y132.747 Z5.400 E438.0432
G1 X126.538 Y132.737 Z5.400 E438.0474
G1 X128.019 Y132.289 Z5.400 E438.1085
G1 X129.383 Y131.559 Z5.400 E438.1696
G1 X130.578 Y130.578 Z5.400 E438.2306
G1 X131.559 Y129.383 Z5.400 E438.2917
G1 X132.289 Y128.019 Z5.400 E438.3528
G1 X132.737 Y126.538 Z5.400 E438.4139
G1 X132.889 Y125.000 Z5.400 E438.4750
G1 X132.737 Y123.461 Z5.400 E438.5360
G1 X132.289 Y121.980 Z5.400 E438.5972
G1 X131.559 Y120.616 Z5.400 E438.6583
G1 X130.578 Y119.421 Z5.400 E438.7193
G1 X129.383 Y118.440 Z5.400 E438.7804
G1 X128.019 Y117.710 Z5.400 E438.8415
G1 X126.538 Y117.262 Z5.400 E438.9026
G1 X125.000 Y117.110 Z5.400 E438.9636
G1 X124.154 Y117.193 Z5.400 E438.9972
G1 X121.986 Y117.707 Z5.400 E439.0852
G1 X120.616 Y118.440 Z5.400 E439.1466
G1 X119.421 Y119.421 Z5.400 E439.2077
G1 X118.440 Y120.616 Z5.400 E439.2640
G1 X117.710 Y121.980 Z5.400 E439.3157
G1 X117.262 Y123.461 Z5.400 E439.3626
G1 X117.110 Y125.000 Z5.400 E439.4048
G1 X117.262 Y126.538 Z5.400 E439.4422
G1 X117.710 Y128.019 Z5.400 E439.4750
G1 X118.440 Y129.383 Z5.400 E439.5030
G1 X119.421 Y130.578 Z5.400 E439.5263
G1 X120.616 Y131.559 Z5.400 E439.5448
G1 X121.980 Y132.289 Z5.400 E439.5587
G1 X123.461 Y132.737 Z5.400 E439.5678
G1 X125.000 Y132.889 Z5.400 E439.5722
G1 X126.433 Y132.747 Z5.400 E439.5722
G1 F2400 E438.5722
G1 F300 Z5.600
G0 F3900 X126.480 Y133.245
G0 X125.000 Y133.491
G0 X121.750 Y132.844
G0 X118.996 Y131.003
G0 X117.155 Y128.249
G0 X116.508 Y125.000
G0 X116.874 Y123.159
G0 X118.711 Y117.814
G0 X118.644 Y117.739
;TYPE:WALL-INNER
;WIDTH:0.400
;FLOW:85.0
G1 F300 Z5.150
G1 F1500 E439.5722
G1 F2076 X119.961 Y116.771 Z5.170 E439.5769
G1 X121.429 Y116.037 Z5.191 E439.5864
G1 X122.993 Y115.562 Z5.211 E439.6006
G1 X124.559 Y115.362 Z5.231 E439.6187
G1 X126.197 Y115.426 Z5.252 E439.6423
G1 X127.800 Y115.767 Z5.272 E439.6706
G1 X129.319 Y116.373 Z5.293 E439.7035
G1 X130.716 Y117.228 Z5.313 E439.7412
G1 X131.984 Y118.343 Z5.334 E439.7852
G1 X133.008 Y119.618 Z5.355 E439.8325
G1 X133.801 Y121.048 Z5.375 E439.8845
G1 X134.331 Y122.545 Z5.395 E439.9394
G1 X134.401 Y122.951 Z5.400 E439.9540
G1 X134.610 Y124.153 Z5.400 E439.9971
G1 X134.610 Y125.846 Z5.400 E440.0569
G1 X134.330 Y127.459 Z5.400 E440.1148
G1 X133.781 Y128.995 Z5.400 E440.1724
G1 X133.008 Y130.381 Z5.400 E440.2285
G1 X131.985 Y131.654 Z5.400 E440.2862
G1 X130.754 Y132.743 Z5.400 E440.3443
G1 X129.371 Y133.601 Z5.400 E440.4018
G1 X127.798 Y134.233 Z5.400 E440.4617
G1 X126.197 Y134.573 Z5.400 E440.5196
G1 X124.560 Y134.637 Z5.400 E440.5775
G1 X122.942 Y134.426 Z5.400 E440.6351
G1 X121.376 Y133.941 Z5.400 E440.6931
G1 X119.921 Y133.204 Z5.400 E440.7507
G1 X118.601 Y132.222 Z5.400 E440.8088
G1 X117.509 Y131.083 Z5.400 E440.8646
G1 X116.590 Y129.730 Z5.400 E440.9224
G1 X115.895 Y128.192 Z5.400 E440.9821
G1 X115.485 Y126.600 Z5.400 E441.0401
G1 X115.350 Y124.972 Z5.400 E441.0979
G1 X115.485 Y123.399 Z5.400 E441.1537
G1 X115.895 Y121.806 Z5.400 E441.2118
G1 X116.562 Y120.321 Z5.400 E441.2693
G1 X117.479 Y118.956 Z5.400 E441.3274
G1 X118.644 Y117.739 Z5.400 E441.3870
G1 X119.961 Y116.771 Z5.400 E441.4400
G1 X121.429 Y116.037 Z5.400 E441.4885
G1 X122.993 Y115.562 Z5.400 E441.5321
G1 X124.559 Y115.362 Z5.400 E441.5698
G1 X126.197 Y115.426 Z5.400 E441.6042
G1 X127.800 Y115.767 Z5.400 E441.6338
G1 X129.319 Y116.373 Z5.400 E441.6586
G1 X130.716 Y117.228 Z5.400 E441.6788
G1 X131.984 Y118.343 Z5.400 E441.6945
G1 X133.008 Y119.618 Z5.400 E441.7050
G1 X133.801 Y121.048 Z5.400 E441.7108
G1 X134.331 Y122.545 Z5.400 E441.7120
G1 X134.401 Y122.951 Z5.400 E441.7120
G1 F2400 E440.7120
G1 F300 Z5.600
G0 F3900 X129.494 Y118.274
G0 X126.576 Y117.066
G0 X124.122 Y116.996
G0 X122.336 Y117.419
G0 X119.137 Y119.137
G1 F300 Z5.150
G1 F1500 E441.7120
G1 F2076 X118.106 Y120.393 Z5.170 E441.7166
G1 X117.339 Y121.826 Z5.191 E441.7260
G1 X116.868 Y123.383 Z5.211 E441.7400
G1 X116.708 Y125.000 Z5.231 E441.7586
G1 X116.868 Y126.616 Z5.252 E441.7820
G1 X117.339 Y128.173 Z5.272 E441.8100
G1 X118.106 Y129.606 Z5.292 E441.8427
G1 X119.137 Y130.862 Z5.313 E441.8800
G1 X120.393 Y131.893 Z5.333 E441.9220
G1 X121.826 Y132.660 Z5.353 E441.9687
G1 X123.383 Y133.131 Z5.373 E442.0201
G1 X125.000 Y133.291 Z5.394 E442.0761
G1 X125.492 Y133.242 Z5.400 E442.0935
G1 X126.616 Y133.131 Z5.400 E442.1335
G1 X128.173 Y132.660 Z5.400 E442.1909
G1 X129.606 Y131.893 Z5.400 E442.2484
G1 X130.862 Y130.862 Z5.400 E442.3058
G1 X131.893 Y129.606 Z5.400 E442.3632
G1 X132.660 Y128.173 Z5.400 E442.4207
G1 X133.131 Y126.616 Z5.400 E442.4782
G1 X133.291 Y125.000 Z5.400 E442.5355
G1 X133.131 Y123.383 Z5.400 E442.5930
G1 X132.660 Y121.826 Z5.400 E442.6504
G1 X131.893 Y120.393 Z5.400 E442.7079
G1 X130.862 Y119.137 Z5.400 E442.7653
G1 X129.606 Y118.106 Z5.400 E442.8227
G1 X128.173 Y117.339 Z5.400 E442.8802
G1 X126.616 Y116.868 Z5.400 E442.9377
G1 X125.000 Y116.708 Z5.400 E442.9950
G1 X124.088 Y116.798 Z5.400 E443.0274
G1 X121.843 Y117.330 Z5.400 E443.1090
G1 X120.393 Y118.106 Z5.400 E443.1671
G1 X119.137 Y119.137 Z5.400 E443.2245
G1 X118.106 Y120.393 Z5.400 E443.2773
G1 X117.339 Y121.826 Z5.400 E443.3254
G1 X116.868 Y123.383 Z5.400 E443.3688
G1 X116.708 Y125.000 Z5.400 E443.4076
G1 X116.868 Y126.616 Z5.400 E443.4417
G1 X117.339 Y128.173 Z5.400 E443.4711
G1 X118.106 Y129.606 Z5.400 E443.4959
G1 X119.137 Y130.862 Z5.400 E443.5160
G1 X120.393 Y131.893 Z5.400 E443.5314
G1 X121.826 Y132.660 Z5.400 E443.5422
G1 X123.383 Y133.131 Z5.400 E443.5482
G1 X125.000 Y133.291 Z5.400 E443.5497
G1 X125.492 Y133.242 Z5.400 E443.5497
;PRINTING_TIME: 669
;REMAINING_TIME: 311
;LAYER:22
;Z:5.650
;HEIGHT:0.250
;FLOW:100.0
;PRINTING: haibike.stl
;PRINTING_ID: 0
G1 F2400 E442.5497
G1 F300 Z5.850
G0 F3900 X125.500 Y133.342
G0 F300 Z5.650
G0 F3900 X123.345 Y133.327
G0 X120.282 Y132.059
G0 X117.940 Y129.717
G0 X116.672 Y126.654
G0 X116.672 Y123.676
G0 X118.637 Y117.880
G0 X118.303 Y117.508
;TYPE:WALL-OUTER
;WIDTH:0.400
;FLOW:95.0
G1 F300 Z5.400
G1 F1500 E443.5497
G1 F2091 X119.666 Y116.484 Z5.421 E443.5554
G1 X121.325 Y115.647 Z5.445 E443.5685
G1 X122.810 Y115.193 Z5.464 E443.5842
G1 X124.497 Y114.965 Z5.485 E443.6071
G1 X126.202 Y115.024 Z5.507 E443.6358
G1 X127.874 Y115.371 Z5.528 E443.6703
G1 X129.455 Y115.994 Z5.549 E443.7104
G1 X130.916 Y116.878 Z5.570 E443.7563
G1 X132.301 Y118.098 Z5.594 E443.8128
G1 X133.368 Y119.440 Z5.615 E443.8710
G1 X134.183 Y120.924 Z5.636 E443.9342
G1 X134.552 Y121.968 Z5.650 E443.9779
G1 X134.704 Y122.398 Z5.650 E443.9959
G1 X135.005 Y124.073 Z5.650 E444.0631
G1 X135.005 Y125.926 Z5.650 E444.1363
G1 X134.704 Y127.604 Z5.650 E444.2037
G1 X134.126 Y129.202 Z5.650 E444.2708
G1 X133.365 Y130.563 Z5.650 E444.3324
G1 X132.300 Y131.902 Z5.650 E444.3999
G1 X131.033 Y133.035 Z5.650 E444.4671
G1 X129.592 Y133.937 Z5.650 E444.5342
G1 X128.011 Y134.586 Z5.650 E444.6017
G1 X126.351 Y134.956 Z5.650 E444.6689
G1 X124.496 Y135.034 Z5.650 E444.7422
G1 X122.813 Y134.807 Z5.650 E444.8093
G1 X121.184 Y134.295 Z5.650 E444.8767
G1 X119.669 Y133.517 Z5.650 E444.9440
G1 X118.413 Y132.588 Z5.650 E445.0057
G1 X117.230 Y131.371 Z5.650 E445.0727
G1 X116.265 Y129.966 Z5.650 E445.1401
G1 X115.551 Y128.417 Z5.650 E445.2074
G1 X115.083 Y126.620 Z5.650 E445.2808
G1 X114.951 Y124.926 Z5.650 E445.3479
G1 X115.108 Y123.229 Z5.650 E445.4152
G1 X115.550 Y121.585 Z5.650 E445.4824
G1 X116.265 Y120.034 Z5.650 E445.5499
G1 X117.138 Y118.742 Z5.650 E445.6115
G1 X118.303 Y117.508 Z5.650 E445.6785
G1 X119.666 Y116.484 Z5.650 E445.7401
G1 X121.325 Y115.647 Z5.650 E445.8004
G1 X122.810 Y115.193 Z5.650 E445.8461
G1 X124.497 Y114.965 Z5.650 E445.8904
G1 X126.202 Y115.024 Z5.650 E445.9290
G1 X127.874 Y115.371 Z5.650 E445.9620
G1 X129.455 Y115.994 Z5.650 E445.9891
G1 X130.916 Y116.878 Z5.650 E446.0105
G1 X132.301 Y118.098 Z5.650 E446.0270
G1 X133.368 Y119.440 Z5.650 E446.0365
G1 X134.183 Y120.924 Z5.650 E446.0402
G1 X134.552 Y121.968 Z5.650 E446.0402
G1 F2400 E445.0402
G1 F300 Z5.850
G0 F3900 X134.080 Y122.133
G0 X129.717 Y117.940
G0 X126.654 Y116.672
G0 X124.017 Y116.605
G0 X121.771 Y117.144
G0 X120.173 Y118.244
G0 X119.036 Y119.104
G0 X119.421 Y119.421
G1 F300 Z5.400
G1 F1500 E446.0402
G1 F2091 X118.440 Y120.616 Z5.419 E446.0449
G1 X117.710 Y121.980 Z5.439 E446.0543
G1 X117.262 Y123.461 Z5.458 E446.0685
G1 X117.110 Y125.000 Z5.477 E446.0874
G1 X117.262 Y126.538 Z5.497 E446.1110
G1 X117.710 Y128.019 Z5.516 E446.1394
G1 X118.440 Y129.383 Z5.535 E446.1724
G1 X119.421 Y130.578 Z5.555 E446.2102
G1 X120.616 Y131.559 Z5.574 E446.2527
G1 X121.980 Y132.289 Z5.593 E446.3000
G1 X123.461 Y132.737 Z5.613 E446.3519
G1 X125.000 Y132.889 Z5.632 E446.4086
G1 X126.433 Y132.747 Z5.650 E446.4655
G1 X126.538 Y132.737 Z5.650 E446.4697
G1 X128.019 Y132.289 Z5.650 E446.5308
G1 X129.383 Y131.559 Z5.650 E446.5919
G1 X130.578 Y130.578 Z5.650 E446.6529
G1 X131.559 Y129.383 Z5.650 E446.7140
G1 X132.289 Y128.019 Z5.650 E446.7751
G1 X132.737 Y126.538 Z5.650 E446.8362
G1 X132.889 Y125.000 Z5.650 E446.8973
G1 X132.737 Y123.461 Z5.650 E446.9583
G1 X132.289 Y121.980 Z5.650 E447.0195
G1 X131.559 Y120.616 Z5.650 E447.0806
G1 X130.578 Y119.421 Z5.650 E447.1416
G1 X129.383 Y118.440 Z5.650 E447.2027
G1 X128.019 Y117.710 Z5.650 E447.2638
G1 X126.538 Y117.262 Z5.650 E447.3249
G1 X125.000 Y117.110 Z5.650 E447.3860
G1 X124.116 Y117.197 Z5.650 E447.4210
G1 X121.985 Y117.707 Z5.650 E447.5076
G1 X120.616 Y118.440 Z5.650 E447.5689
G1 X119.421 Y119.421 Z5.650 E447.6300
G1 X118.440 Y120.616 Z5.650 E447.6863
G1 X117.710 Y121.980 Z5.650 E447.7380
G1 X117.262 Y123.461 Z5.650 E447.7849
G1 X117.110 Y125.000 Z5.650 E447.8271
G1 X117.262 Y126.538 Z5.650 E447.8645
G1 X117.710 Y128.019 Z5.650 E447.8973
G1 X118.440 Y129.383 Z5.650 E447.9253
G1 X119.421 Y130.578 Z5.650 E447.9486
G1 X120.616 Y131.559 Z5.650 E447.9672
G1 X121.980 Y132.289 Z5.650 E447.9810
G1 X123.461 Y132.737 Z5.650 E447.9902
G1 X125.000 Y132.889 Z5.650 E447.9945
G1 X126.433 Y132.747 Z5.650 E447.9945
G1 F2400 E446.9945
G1 F300 Z5.850
G0 F3900 X126.480 Y133.245
G0 X125.000 Y133.491
G0 X121.750 Y132.844
G0 X118.996 Y131.003
G0 X117.155 Y128.249
G0 X116.508 Y125.000
G0 X116.874 Y123.159
G0 X118.637 Y117.880
G0 X118.570 Y117.807
;TYPE:WALL-INNER
;WIDTH:0.400
;FLOW:85.0
G1 F300 Z5.400
G1 F1500 E447.9945
G1 F2091 X119.878 Y116.825 Z5.420 E447.9993
G1 X121.475 Y116.020 Z5.443 E448.0101
G1 X122.896 Y115.585 Z5.461 E448.0230
G1 X124.517 Y115.366 Z5.482 E448.0419
G1 X126.154 Y115.423 Z5.502 E448.0656
G1 X127.759 Y115.756 Z5.523 E448.0940
G1 X129.277 Y116.354 Z5.543 E448.1271
G1 X130.678 Y117.202 Z5.564 E448.1650
G1 X132.010 Y118.375 Z5.586 E448.2116
G1 X133.034 Y119.662 Z5.606 E448.2596
G1 X133.817 Y121.088 Z5.627 E448.3117
G1 X134.316 Y122.501 Z5.645 E448.3637
G1 X134.380 Y122.858 Z5.650 E448.3765
G1 X134.605 Y124.109 Z5.650 E448.4214
G1 X134.605 Y125.890 Z5.650 E448.4844
G1 X134.316 Y127.500 Z5.650 E448.5422
G1 X133.761 Y129.035 Z5.650 E448.5999
G1 X133.032 Y130.339 Z5.650 E448.6526
G1 X132.008 Y131.626 Z5.650 E448.7108
G1 X130.792 Y132.714 Z5.650 E448.7684
G1 X129.409 Y133.580 Z5.650 E448.8261
G1 X127.891 Y134.203 Z5.650 E448.8841
G1 X126.299 Y134.558 Z5.650 E448.9417
G1 X124.514 Y134.633 Z5.650 E449.0049
G1 X122.900 Y134.415 Z5.650 E449.0624
G1 X121.336 Y133.924 Z5.650 E449.1203
G1 X119.881 Y133.176 Z5.650 E449.1782
G1 X118.677 Y132.286 Z5.650 E449.2311
G1 X117.540 Y131.117 Z5.650 E449.2887
G1 X116.614 Y129.768 Z5.650 E449.3465
G1 X115.929 Y128.282 Z5.650 E449.4043
G1 X115.479 Y126.554 Z5.650 E449.4674
G1 X115.352 Y124.929 Z5.650 E449.5250
G1 X115.503 Y123.300 Z5.650 E449.5829
G1 X115.927 Y121.722 Z5.650 E449.6406
G1 X116.615 Y120.231 Z5.650 E449.6986
G1 X117.451 Y118.993 Z5.650 E449.7514
G1 X118.570 Y117.807 Z5.650 E449.8090
G1 X119.878 Y116.825 Z5.650 E449.8621
G1 X121.475 Y116.020 Z5.650 E449.9145
G1 X122.896 Y115.585 Z5.650 E449.9541
G1 X124.517 Y115.366 Z5.650 E449.9930
G1 X126.154 Y115.423 Z5.650 E450.0272
G1 X127.759 Y115.756 Z5.650 E450.0567
G1 X129.277 Y116.354 Z5.650 E450.0813
G1 X130.678 Y117.202 Z5.650 E450.1013
G1 X132.010 Y118.375 Z5.650 E450.1174
G1 X133.034 Y119.662 Z5.650 E450.1275
G1 X133.817 Y121.088 Z5.650 E450.1329
G1 X134.316 Y122.501 Z5.650 E450.1339
G1 X134.380 Y122.858 Z5.650 E450.1339
G1 F2400 E449.1339
G1 F300 Z5.850
G0 F3900 X129.494 Y118.274
G0 X126.576 Y117.066
G0 X124.084 Y117.000
G0 X122.328 Y117.421
G0 X119.137 Y119.137
G1 F300 Z5.400
G1 F1500 E450.1339
G1 F2091 X118.106 Y120.393 Z5.420 E450.1385
G1 X117.339 Y121.826 Z5.441 E450.1479
G1 X116.868 Y123.383 Z5.461 E450.1619
G1 X116.708 Y125.000 Z5.481 E450.1805
G1 X116.868 Y126.616 Z5.502 E450.2039
G1 X117.339 Y128.173 Z5.522 E450.2319
G1 X118.106 Y129.606 Z5.542 E450.2646
G1 X119.137 Y130.862 Z5.563 E450.3019
G1 X120.393 Y131.893 Z5.583 E450.3439
G1 X121.826 Y132.660 Z5.603 E450.3906
G1 X123.383 Y133.131 Z5.623 E450.4420
G1 X125.000 Y133.291 Z5.644 E450.4980
G1 X125.492 Y133.242 Z5.650 E450.5154
G1 X126.616 Y133.131 Z5.650 E450.5554
G1 X128.173 Y132.660 Z5.650 E450.6128
G1 X129.606 Y131.893 Z5.650 E450.6703
G1 X130.862 Y130.862 Z5.650 E450.7277
G1 X131.893 Y129.606 Z5.650 E450.7851
G1 X132.660 Y128.173 Z5.650 E450.8426
G1 X133.131 Y126.616 Z5.650 E450.9000
G1 X133.291 Y125.000 Z5.650 E450.9574
G1 X133.131 Y123.383 Z5.650 E451.0149
G1 X132.660 Y121.826 Z5.650 E451.0723
G1 X131.893 Y120.393 Z5.650 E451.1298
G1 X130.862 Y119.137 Z5.650 E451.1872
G1 X129.606 Y118.106 Z5.650 E451.2446
G1 X128.173 Y117.339 Z5.650 E451.3021
G1 X126.616 Y116.868 Z5.650 E451.3596
G1 X125.000 Y116.708 Z5.650 E451.4169
G1 X124.050 Y116.802 Z5.650 E451.4507
G1 X121.842 Y117.330 Z5.650 E451.5309
G1 X120.393 Y118.106 Z5.650 E451.5890
G1 X119.137 Y119.137 Z5.650 E451.6464
G1 X118.106 Y120.393 Z5.650 E451.6992
G1 X117.339 Y121.826 Z5.650 E451.7473
G1 X116.868 Y123.383 Z5.650 E451.7907
G1 X116.708 Y125.000 Z5.650 E451.8295
G1 X116.868 Y126.616 Z5.650 E451.8636
G1 X117.339 Y128.173 Z5.650 E451.8930
G1 X118.106 Y129.606 Z5.650 E451.9178
G1 X119.137 Y130.862 Z5.650 E451.9379
G1 X120.393 Y131.893 Z5.650 E451.9533
G1 X121.826 Y132.660 Z5.650 E451.9641
G1 X123.383 Y133.131 Z5.650 E451.9702
G1 X125.000 Y133.291 Z5.650 E451.9716
G1 X125.492 Y133.242 Z5.650 E451.9716
;PRINTING_TIME: 682
;REMAINING_TIME: 297
;LAYER:23
;Z:5.900
;HEIGHT:0.250
;FLOW:100.0
M106 S145
;PRINTING: haibike.stl
;PRINTING_ID: 0
G1 F2400 E450.9716
G1 F300 Z6.100
G0 F3900 X125.500 Y133.342
G0 F300 Z5.900
G0 F3900 X128.249 Y132.844
G0 X131.003 Y131.003
G0 X132.844 Y128.249
G0 X133.491 Y125.000
G0 X132.968 Y122.369
G0 X131.631 Y119.507
;TYPE:FILL
;WIDTH:0.360
;FLOW:85.0
G1 F300 Z5.900
G1 F1500 E451.9716
G1 F3205 X132.068 Y119.035 E451.9920
G1 X132.074 Y119.032 E451.9922
G1 F2400 E450.9922
G1 F300 Z6.100
G0 F3900 X126.654 Y116.672
G0 X124.486 Y116.621
G0 X118.610 Y117.907
G0 X118.274 Y117.536
;TYPE:WALL-OUTER
;WIDTH:0.400
;FLOW:95.0
G1 F300 Z5.650
G1 F1500 E451.9922
G1 F2137 X119.627 Y116.511 Z5.671 E451.9979
G1 X121.370 Y115.631 Z5.696 E452.0120
G1 X122.764 Y115.205 Z5.714 E452.0267
G1 X124.452 Y114.968 Z5.735 E452.0496
G1 X126.157 Y115.020 Z5.756 E452.0783
G1 X127.830 Y115.360 Z5.778 E452.1128
G1 X129.409 Y115.973 Z5.799 E452.1527
G1 X130.878 Y116.853 Z5.820 E452.1988
G1 X132.335 Y118.135 Z5.845 E452.2585
G1 X133.388 Y119.472 Z5.866 E452.3165
G1 X134.104 Y120.754 Z5.884 E452.3709
G1 X134.536 Y121.934 Z5.900 E452.4205
G1 X134.690 Y122.352 Z5.900 E452.4381
G1 X134.999 Y124.029 Z5.900 E452.5054
G1 X134.999 Y125.970 Z5.900 E452.5821
G1 X134.690 Y127.647 Z5.900 E452.6495
G1 X134.104 Y129.245 Z5.900 E452.7167
G1 X133.388 Y130.527 Z5.900 E452.7747
G1 X132.337 Y131.862 Z5.900 E452.8418
G1 X131.068 Y133.006 Z5.900 E452.9093
G1 X129.631 Y133.915 Z5.900 E452.9764
G1 X128.057 Y134.569 Z5.900 E453.0437
G1 X126.154 Y134.979 Z5.900 E453.1206
G1 X124.452 Y135.031 Z5.900 E453.1879
G1 X122.769 Y134.795 Z5.900 E453.2550
G1 X121.143 Y134.275 Z5.900 E453.3224
G1 X119.628 Y133.489 Z5.900 E453.3898
G1 X118.453 Y132.620 Z5.900 E453.4476
G1 X117.257 Y131.402 Z5.900 E453.5150
G1 X116.289 Y130.004 Z5.900 E453.5821
G1 X115.569 Y128.462 Z5.900 E453.6494
G1 X115.077 Y126.574 Z5.900 E453.7264
G1 X114.953 Y124.881 Z5.900 E453.7935
G1 X115.118 Y123.185 Z5.900 E453.8608
G1 X115.568 Y121.539 Z5.900 E453.9282
G1 X116.288 Y119.997 Z5.900 E453.9954
G1 X117.108 Y118.783 Z5.900 E454.0532
G1 X118.274 Y117.536 Z5.900 E454.1207
G1 X119.627 Y116.511 Z5.900 E454.1820
G1 X121.370 Y115.631 Z5.900 E454.2451
G1 X122.764 Y115.205 Z5.900 E454.2879
G1 X124.452 Y114.968 Z5.900 E454.3323
G1 X126.157 Y115.020 Z5.900 E454.3710
G1 X127.830 Y115.360 Z5.900 E454.4040
G1 X129.409 Y115.973 Z5.900 E454.4310
G1 X130.878 Y116.853 Z5.900 E454.4525
G1 X132.335 Y118.135 Z5.900 E454.4695
G1 X133.388 Y119.472 Z5.900 E454.4787
G1 X134.104 Y120.754 Z5.900 E454.4823
G1 X134.536 Y121.934 Z5.900 E454.4823
G1 F2400 E453.4823
G1 F300 Z6.100
G0 F3900 X134.068 Y122.105
G0 X129.717 Y117.940
G0 X126.654 Y116.672
G0 X123.977 Y116.608
G0 X121.770 Y117.145
G0 X120.174 Y118.244
G0 X119.036 Y119.104
G0 X119.421 Y119.421
G1 F300 Z5.650
G1 F1500 E454.4823
G1 F2137 X118.440 Y120.616 Z5.669 E454.4870
G1 X117.710 Y121.980 Z5.689 E454.4965
G1 X117.262 Y123.461 Z5.708 E454.5107
G1 X117.110 Y125.000 Z5.727 E454.5296
G1 X117.262 Y126.538 Z5.747 E454.5532
G1 X117.710 Y128.019 Z5.766 E454.5815
G1 X118.440 Y129.383 Z5.785 E454.6146
G1 X119.421 Y130.578 Z5.805 E454.6524
G1 X120.616 Y131.559 Z5.824 E454.6949
G1 X121.980 Y132.289 Z5.843 E454.7421
G1 X123.461 Y132.737 Z5.863 E454.7941
G1 X125.000 Y132.889 Z5.882 E454.8508
G1 X126.433 Y132.747 Z5.900 E454.9077
G1 X126.538 Y132.737 Z5.900 E454.9118
G1 X128.019 Y132.289 Z5.900 E454.9729
G1 X129.383 Y131.559 Z5.900 E455.0340
G1 X130.578 Y130.578 Z5.900 E455.0951
G1 X131.559 Y129.383 Z5.900 E455.1562
G1 X132.289 Y128.019 Z5.900 E455.2173
G1 X132.737 Y126.538 Z5.900 E455.2784
G1 X132.889 Y125.000 Z5.900 E455.3394
G1 X132.737 Y123.461 Z5.900 E455.4005
G1 X132.289 Y121.980 Z5.900 E455.4616
G1 X131.559 Y120.616 Z5.900 E455.5227
G1 X130.578 Y119.421 Z5.900 E455.5838
G1 X129.383 Y118.440 Z5.900 E455.6449
G1 X128.019 Y117.710 Z5.900 E455.7060
G1 X126.538 Y117.262 Z5.900 E455.7671
G1 X125.000 Y117.110 Z5.900 E455.8281
G1 X124.077 Y117.200 Z5.900 E455.8647
G1 X121.985 Y117.708 Z5.900 E455.9498
G1 X120.616 Y118.440 Z5.900 E456.0111
G1 X119.421 Y119.421 Z5.900 E456.0721
G1 X118.440 Y120.616 Z5.900 E456.1285
G1 X117.710 Y121.980 Z5.900 E456.1801
G1 X117.262 Y123.461 Z5.900 E456.2271
G1 X117.110 Y125.000 Z5.900 E456.2693
G1 X117.262 Y126.538 Z5.900 E456.3067
G1 X117.710 Y128.019 Z5.900 E456.3395
G1 X118.440 Y129.383 Z5.900 E456.3675
G1 X119.421 Y130.578 Z5.900 E456.3908
G1 X120.616 Y131.559 Z5.900 E456.4093
G1 X121.980 Y132.289 Z5.900 E456.4232
G1 X123.461 Y132.737 Z5.900 E456.4323
G1 X125.000 Y132.889 Z5.900 E456.4367
G1 X126.433 Y132.747 Z5.900 E456.4367
G1 F2400 E455.4367
G1 F300 Z6.100
G0 F3900 X126.480 Y133.245
G0 X125.000 Y133.491
G0 X121.750 Y132.844
G0 X118.996 Y131.003
G0 X117.155 Y128.249
G0 X116.508 Y125.000
G0 X116.874 Y123.159
G0 X118.610 Y117.907
G0 X118.543 Y117.834
;TYPE:WALL-INNER
;WIDTH:0.400
;FLOW:85.0
G1 F300 Z5.650
G1 F1500 E456.4367
G1 F2137 X119.840 Y116.852 Z5.670 E456.4414
G1 X121.520 Y116.004 Z5.694 E456.4531
G1 X122.851 Y115.597 Z5.711 E456.4651
G1 X124.474 Y115.369 Z5.732 E456.4840
G1 X126.111 Y115.419 Z5.752 E456.5077
G1 X127.717 Y115.745 Z5.773 E456.5361
G1 X129.233 Y116.334 Z5.793 E456.5690
G1 X130.641 Y117.177 Z5.814 E456.6070
G1 X132.043 Y118.411 Z5.837 E456.6563
G1 X133.054 Y119.695 Z5.857 E456.7042
G1 X133.739 Y120.921 Z5.875 E456.7488
G1 X134.303 Y122.458 Z5.895 E456.8056
G1 X134.370 Y122.824 Z5.900 E456.8188
G1 X134.599 Y124.066 Z5.900 E456.8634
G1 X134.599 Y125.933 Z5.900 E456.9294
G1 X134.303 Y127.541 Z5.900 E456.9871
G1 X133.739 Y129.078 Z5.900 E457.0450
G1 X133.054 Y130.304 Z5.900 E457.0946
G1 X132.044 Y131.588 Z5.900 E457.1524
G1 X130.825 Y132.686 Z5.900 E457.2103
G1 X129.446 Y133.559 Z5.900 E457.2680
G1 X127.937 Y134.186 Z5.900 E457.3258
G1 X126.105 Y134.580 Z5.900 E457.3920
G1 X124.474 Y134.630 Z5.900 E457.4497
G1 X122.858 Y134.404 Z5.900 E457.5073
G1 X121.297 Y133.904 Z5.900 E457.5652
G1 X119.840 Y133.149 Z5.900 E457.6232
G1 X118.716 Y132.317 Z5.900 E457.6726
G1 X117.566 Y131.146 Z5.900 E457.7306
G1 X116.637 Y129.804 Z5.900 E457.7883
G1 X115.947 Y128.326 Z5.900 E457.8460
G1 X115.473 Y126.508 Z5.900 E457.9124
G1 X115.354 Y124.886 Z5.900 E457.9698
G1 X115.513 Y123.258 Z5.900 E458.0276
G1 X115.945 Y121.677 Z5.900 E458.0856
G1 X116.637 Y120.195 Z5.900 E458.1434
G1 X117.422 Y119.033 Z5.900 E458.1929
G1 X118.543 Y117.834 Z5.900 E458.2509
G1 X119.840 Y116.852 Z5.900 E458.3037
G1 X121.520 Y116.004 Z5.900 E458.3586
G1 X122.851 Y115.597 Z5.900 E458.3957
G1 X124.474 Y115.369 Z5.900 E458.4347
G1 X126.111 Y115.419 Z5.900 E458.4689
G1 X127.717 Y115.745 Z5.900 E458.4984
G1 X129.233 Y116.334 Z5.900 E458.5230
G1 X130.641 Y117.177 Z5.900 E458.5430
G1 X132.043 Y118.411 Z5.900 E458.5597
G1 X133.054 Y119.695 Z5.900 E458.5696
G1 X133.739 Y120.921 Z5.900 E458.5745
G1 X134.303 Y122.458 Z5.900 E458.5756
G1 X134.370 Y122.824 Z5.900 E458.5756
G1 F2400 E457.5756
G1 F300 Z6.100
G0 F3900 X129.494 Y118.274
G0 X126.576 Y117.066
G0 X124.044 Y117.003
G0 X122.320 Y117.423
G0 X119.137 Y119.137
G1 F300 Z5.650
G1 F1500 E458.5756
G1 F2137 X118.106 Y120.393 Z5.670 E458.5803
G1 X117.339 Y121.826 Z5.691 E458.5896
G1 X116.868 Y123.383 Z5.711 E458.6036
G1 X116.708 Y125.000 Z5.731 E458.6223
G1 X116.868 Y126.616 Z5.752 E458.6456
G1 X117.339 Y128.173 Z5.772 E458.6737
G1 X118.106 Y129.606 Z5.792 E458.7063
G1 X119.137 Y130.862 Z5.813 E458.7437
G1 X120.393 Y131.893 Z5.833 E458.7857
G1 X121.826 Y132.660 Z5.853 E458.8323
G1 X123.383 Y133.131 Z5.873 E458.8837
G1 X125.000 Y133.291 Z5.894 E458.9397
G1 X125.492 Y133.242 Z5.900 E458.9572
G1 X126.616 Y133.131 Z5.900 E458.9971
G1 X128.173 Y132.660 Z5.900 E459.0546
G1 X129.606 Y131.893 Z5.900 E459.1120
G1 X130.862 Y130.862 Z5.900 E459.1695
G1 X131.893 Y129.606 Z5.900 E459.2269
G1 X132.660 Y128.173 Z5.900 E459.2843
G1 X133.131 Y126.616 Z5.900 E459.3418
G1 X133.291 Y125.000 Z5.900 E459.3992
G1 X133.131 Y123.383 Z5.900 E459.4566
G1 X132.660 Y121.826 Z5.900 E459.5141
G1 X131.893 Y120.393 Z5.900 E459.5716
G1 X130.862 Y119.137 Z5.900 E459.6290
G1 X129.606 Y118.106 Z5.900 E459.6864
G1 X128.173 Y117.339 Z5.900 E459.7438
G1 X126.616 Y116.868 Z5.900 E459.8013
G1 X125.000 Y116.708 Z5.900 E459.8587
G1 X124.010 Y116.805 Z5.900 E459.8939
G1 X121.841 Y117.331 Z5.900 E459.9727
G1 X120.393 Y118.106 Z5.900 E460.0308
G1 X119.137 Y119.137 Z5.900 E460.0882
G1 X118.106 Y120.393 Z5.900 E460.1410
G1 X117.339 Y121.826 Z5.900 E460.1891
G1 X116.868 Y123.383 Z5.900 E460.2325
G1 X116.708 Y125.000 Z5.900 E460.2713
G1 X116.868 Y126.616 Z5.900 E460.3054
G1 X117.339 Y128.173 Z5.900 E460.3348
G1 X118.106 Y129.606 Z5.900 E460.3596
G1 X119.137 Y130.862 Z5.900 E460.3797
G1 X120.393 Y131.893 Z5.900 E460.3951
G1 X121.826 Y132.660 Z5.900 E460.4058
G1 X123.383 Y133.131 Z5.900 E460.4119
G1 X125.000 Y133.291 Z5.900 E460.4134
G1 X125.492 Y133.242 Z5.900 E460.4134
;PRINTING_TIME: 696
;REMAINING_TIME: 283
;LAYER:24
;Z:6.150
;HEIGHT:0.250
;FLOW:100.0
;PRINTING: haibike.stl
;PRINTING_ID: 0
G1 F2400 E459.4134
G1 F300 Z6.350
G0 F3900 X125.500 Y133.342
G0 F300 Z6.150
G0 F3900 X128.249 Y132.844
G0 X131.003 Y131.003
G0 X132.844 Y128.249
G0 X133.491 Y125.000
G0 X132.968 Y122.369
G0 X131.695 Y119.584
;TYPE:FILL
;WIDTH:0.360
;FLOW:85.0
G1 F300 Z6.150
G1 F1500 E460.4134
G1 F3208 X132.068 Y119.143 E460.4317
G1 X132.131 Y119.106 E460.4341
G1 F2400 E459.4341
G1 F300 Z6.350
G0 F3900 X128.249 Y117.155
G0 X125.000 Y116.508
G0 X118.817 Y117.731
G0 X118.488 Y117.351
;TYPE:WALL-OUTER
;WIDTH:0.400
;FLOW:95.0
G1 F300 Z5.900
G1 F1500 E460.4341
G1 F2139 X119.876 Y116.359 Z5.921 E460.4398
G1 X121.410 Y115.618 Z5.943 E460.4513
G1 X123.049 Y115.145 Z5.964 E460.4685
G1 X124.402 Y114.972 Z5.981 E460.4860
G1 X126.112 Y115.017 Z6.002 E460.5136
G1 X127.780 Y115.348 Z6.024 E460.5468
G1 X129.373 Y115.957 Z6.045 E460.5859
G1 X130.838 Y116.825 Z6.066 E460.6306
G1 X131.601 Y117.497 Z6.079 E460.6594
G1 X132.365 Y118.169 Z6.092 E460.6902
G1 X133.413 Y119.512 Z6.113 E460.7475
G1 X134.085 Y120.715 Z6.130 E460.7976
G1 X134.637 Y122.200 Z6.150 E460.8602
G1 X134.676 Y122.303 Z6.150 E460.8645
G1 X134.993 Y123.983 Z6.150 E460.9320
G1 X134.993 Y126.016 Z6.150 E461.0123
G1 X134.677 Y127.692 Z6.150 E461.0797
G1 X134.219 Y128.987 Z6.150 E461.1340
G1 X133.414 Y130.485 Z6.150 E461.2011
G1 X132.366 Y131.829 Z6.150 E461.2684
G1 X131.106 Y132.974 Z6.150 E461.3357
G1 X129.666 Y133.895 Z6.150 E461.4032
G1 X128.101 Y134.554 Z6.150 E461.4703
G1 X126.442 Y134.940 Z6.150 E461.5375
G1 X124.405 Y135.026 Z6.150 E461.6181
G1 X122.720 Y134.782 Z6.150 E461.6853
G1 X121.101 Y134.257 Z6.150 E461.7525
G1 X119.592 Y133.465 Z6.150 E461.8198
G1 X118.490 Y132.650 Z6.150 E461.8740
G1 X117.291 Y131.439 Z6.150 E461.9413
G1 X116.312 Y130.041 Z6.150 E462.0087
G1 X115.587 Y128.505 Z6.150 E462.0758
G1 X115.073 Y126.532 Z6.150 E462.1563
G1 X114.956 Y124.827 Z6.150 E462.2238
G1 X115.072 Y123.467 Z6.150 E462.2777
G1 X115.473 Y121.814 Z6.150 E462.3449
G1 X116.152 Y120.242 Z6.150 E462.4125
G1 X117.080 Y118.821 Z6.150 E462.4796
G1 X118.488 Y117.351 Z6.150 E462.5600
G1 X119.876 Y116.359 Z6.150 E462.6216
G1 X121.410 Y115.618 Z6.150 E462.6774
G1 X123.049 Y115.145 Z6.150 E462.7276
G1 X124.402 Y114.972 Z6.150 E462.7640
G1 X126.112 Y115.017 Z6.150 E462.8039
G1 X127.780 Y115.348 Z6.150 E462.8378
G1 X129.373 Y115.957 Z6.150 E462.8661
G1 X130.838 Y116.825 Z6.150 E462.8887
G1 X131.601 Y117.497 Z6.150 E462.9001
G1 X132.365 Y118.169 Z6.150 E462.9094
G1 X133.413 Y119.512 Z6.150 E462.9194
G1 X134.085 Y120.715 Z6.150 E462.9237
G1 X134.637 Y122.200 Z6.150 E462.9237
G1 F2400 E461.9237
G1 F300 Z6.350
G0 F3900 X134.169 Y122.372
G0 X129.717 Y117.940
G0 X126.654 Y116.672
G0 X123.938 Y116.612
G0 X121.770 Y117.146
G0 X120.173 Y118.244
G0 X119.036 Y119.104
G0 X119.421 Y119.421
G1 F300 Z5.900
G1 F1500 E462.9237
G1 F2139 X118.440 Y120.616 Z5.919 E462.9285
G1 X117.710 Y121.980 Z5.939 E462.9379
G1 X117.262 Y123.461 Z5.958 E462.9521
G1 X117.110 Y125.000 Z5.977 E462.9710
G1 X117.262 Y126.538 Z5.997 E462.9946
G1 X117.710 Y128.019 Z6.016 E463.0229
G1 X118.440 Y129.383 Z6.035 E463.0560
G1 X119.421 Y130.578 Z6.055 E463.0938
G1 X120.616 Y131.559 Z6.074 E463.1363
G1 X121.980 Y132.289 Z6.093 E463.1835
G1 X123.461 Y132.737 Z6.113 E463.2355
G1 X125.000 Y132.889 Z6.132 E463.2922
G1 X126.433 Y132.747 Z6.150 E463.3491
G1 X126.538 Y132.737 Z6.150 E463.3532
G1 X128.019 Y132.289 Z6.150 E463.4144
G1 X129.383 Y131.559 Z6.150 E463.4755
G1 X130.578 Y130.578 Z6.150 E463.5365
G1 X131.559 Y129.383 Z6.150 E463.5976
G1 X132.289 Y128.019 Z6.150 E463.6587
G1 X132.737 Y126.538 Z6.150 E463.7198
G1 X132.889 Y125.000 Z6.150 E463.7808
G1 X132.737 Y123.461 Z6.150 E463.8419
G1 X132.289 Y121.980 Z6.150 E463.9030
G1 X131.559 Y120.616 Z6.150 E463.9641
G1 X130.578 Y119.421 Z6.150 E464.0252
G1 X129.383 Y118.440 Z6.150 E464.0863
G1 X128.019 Y117.710 Z6.150 E464.1474
G1 X126.538 Y117.262 Z6.150 E464.2085
G1 X125.000 Y117.110 Z6.150 E464.2695
G1 X124.038 Y117.204 Z6.150 E464.3077
G1 X121.985 Y117.708 Z6.150 E464.3912
G1 X120.616 Y118.440 Z6.150 E464.4525
G1 X119.421 Y119.421 Z6.150 E464.5136
G1 X118.440 Y120.616 Z6.150 E464.5699
G1 X117.710 Y121.980 Z6.150 E464.6216
G1 X117.262 Y123.461 Z6.150 E464.6685
G1 X117.110 Y125.000 Z6.150 E464.7107
G1 X117.262 Y126.538 Z6.150 E464.7481
G1 X117.710 Y128.019 Z6.150 E464.7809
G1 X118.440 Y129.383 Z6.150 E464.8089
G1 X119.421 Y130.578 Z6.150 E464.8322
G1 X120.616 Y131.559 Z6.150 E464.8508
G1 X121.980 Y132.289 Z6.150 E464.8646
G1 X123.461 Y132.737 Z6.150 E464.8738
G1 X125.000 Y132.889 Z6.150 E464.8781
G1 X126.433 Y132.747 Z6.150 E464.8781
G1 F2400 E463.8781
G1 F300 Z6.350
G0 F3900 X126.480 Y133.245
G0 X125.000 Y133.491
G0 X121.750 Y132.844
G0 X118.996 Y131.003
G0 X117.155 Y128.249
G0 X116.508 Y125.000
G0 X117.031 Y122.369
G0 X118.817 Y117.731
G0 X118.751 Y117.655
;TYPE:WALL-INNER
;WIDTH:0.400
;FLOW:85.0
G1 F300 Z5.900
G1 F1500 E464.8781
G1 F2139 X120.081 Y116.704 Z5.920 E464.8829
G1 X121.553 Y115.993 Z5.941 E464.8923
G1 X123.130 Y115.538 Z5.961 E464.9066
G1 X124.422 Y115.373 Z5.978 E464.9209
G1 X126.067 Y115.416 Z5.998 E464.9437
G1 X127.669 Y115.734 Z6.019 E464.9711
G1 X129.198 Y116.318 Z6.039 E465.0033
G1 X130.602 Y117.150 Z6.060 E465.0401
G1 X132.073 Y118.445 Z6.084 E465.0911
G1 X133.079 Y119.734 Z6.104 E465.1383
G1 X133.721 Y120.883 Z6.121 E465.1794
G1 X134.289 Y122.411 Z6.141 E465.2350
G1 X134.418 Y123.096 Z6.150 E465.2597
G1 X134.593 Y124.020 Z6.150 E465.2929
G1 X134.593 Y125.979 Z6.150 E465.3621
G1 X134.290 Y127.588 Z6.150 E465.4200
G1 X133.852 Y128.825 Z6.150 E465.4663
G1 X133.078 Y130.266 Z6.150 E465.5242
G1 X132.072 Y131.556 Z6.150 E465.5820
G1 X130.862 Y132.655 Z6.150 E465.6397
G1 X129.479 Y133.540 Z6.150 E465.6978
G1 X127.977 Y134.172 Z6.150 E465.7553
G1 X126.388 Y134.542 Z6.150 E465.8130
G1 X124.425 Y134.625 Z6.150 E465.8824
G1 X122.811 Y134.391 Z6.150 E465.9401
G1 X121.257 Y133.887 Z6.150 E465.9978
G1 X119.805 Y133.125 Z6.150 E466.0557
G1 X118.753 Y132.347 Z6.150 E466.1020
G1 X117.599 Y131.182 Z6.150 E466.1599
G1 X116.659 Y129.839 Z6.150 E466.2179
G1 X115.965 Y128.368 Z6.150 E466.2753
G1 X115.470 Y126.467 Z6.150 E466.3448
G1 X115.357 Y124.830 Z6.150 E466.4027
G1 X115.468 Y123.532 Z6.150 E466.4488
G1 X115.854 Y121.941 Z6.150 E466.5066
G1 X116.506 Y120.432 Z6.150 E466.5647
G1 X117.395 Y119.071 Z6.150 E466.6222
G1 X118.751 Y117.655 Z6.150 E466.6915
G1 X120.081 Y116.704 Z6.150 E466.7445
G1 X121.553 Y115.993 Z6.150 E466.7928
G1 X123.130 Y115.538 Z6.150 E466.8366
G1 X124.422 Y115.373 Z6.150 E466.8683
G1 X126.067 Y115.416 Z6.150 E466.9036
G1 X127.669 Y115.734 Z6.150 E466.9340
G1 X129.198 Y116.318 Z6.150 E466.9596
G1 X130.602 Y117.150 Z6.150 E466.9805
G1 X132.073 Y118.445 Z6.150 E466.9988
G1 X133.079 Y119.734 Z6.150 E467.0093
G1 X133.721 Y120.883 Z6.150 E467.0147
G1 X134.289 Y122.411 Z6.150 E467.0167
G1 X134.418 Y123.096 Z6.150 E467.0167
G1 F2400 E466.0167
G1 F300 Z6.350
G0 F3900 X129.494 Y118.274
G0 X126.576 Y117.066
G0 X124.005 Y117.007
G0 X122.313 Y117.423
G0 X119.137 Y119.137
G1 F300 Z5.900
G1 F1500 E467.0167
G1 F2139 X118.106 Y120.393 Z5.920 E467.0214
G1 X117.339 Y121.826 Z5.941 E467.0307
G1 X116.868 Y123.383 Z5.961 E467.0447
G1 X116.708 Y125.000 Z5.981 E467.0634
G1 X116.868 Y126.616 Z6.002 E467.0867
G1 X117.339 Y128.173 Z6.022 E467.1147
G1 X118.106 Y129.606 Z6.042 E467.1474
G1 X119.137 Y130.862 Z6.063 E467.1848
G1 X120.393 Y131.893 Z6.083 E467.2268
G1 X121.826 Y132.660 Z6.103 E467.2734
G1 X123.383 Y133.131 Z6.123 E467.3248
G1 X125.000 Y133.291 Z6.144 E467.3808
G1 X125.492 Y133.242 Z6.150 E467.3983
G1 X126.616 Y133.131 Z6.150 E467.4382
G1 X128.173 Y132.660 Z6.150 E467.4957
G1 X129.606 Y131.893 Z6.150 E467.5531
G1 X130.862 Y130.862 Z6.150 E467.6106
G1 X131.893 Y129.606 Z6.150 E467.6680
G1 X132.660 Y128.173 Z6.150 E467.7254
G1 X133.131 Y126.616 Z6.150 E467.7829
G1 X133.291 Y125.000 Z6.150 E467.8403
G1 X133.131 Y123.383 Z6.150 E467.8977
G1 X132.660 Y121.826 Z6.150 E467.9552
G1 X131.893 Y120.393 Z6.150 E468.0126
G1 X130.862 Y119.137 Z6.150 E468.0701
G1 X129.606 Y118.106 Z6.150 E468.1275
G1 X128.173 Y117.339 Z6.150 E468.1849
G1 X126.616 Y116.868 Z6.150 E468.2424
G1 X125.000 Y116.708 Z6.150 E468.2998
G1 X123.971 Y116.809 Z6.150 E468.3363
G1 X121.841 Y117.332 Z6.150 E468.4138
G1 X120.393 Y118.106 Z6.150 E468.4719
G1 X119.137 Y119.137 Z6.150 E468.5293
G1 X118.106 Y120.393 Z6.150 E468.5820
G1 X117.339 Y121.826 Z6.150 E468.6302
G1 X116.868 Y123.383 Z6.150 E468.6736
G1 X116.708 Y125.000 Z6.150 E468.7124
G1 X116.868 Y126.616 Z6.150 E468.7464
G1 X117.339 Y128.173 Z6.150 E468.7759
G1 X118.106 Y129.606 Z6.150 E468.8007
G1 X119.137 Y130.862 Z6.150 E468.8208
G1 X120.393 Y131.893 Z6.150 E468.8362
G1 X121.826 Y132.660 Z6.150 E468.8469
G1 X123.383 Y133.131 Z6.150 E468.8530
G1 X125.000 Y133.291 Z6.150 E468.8545
G1 X125.492 Y133.242 Z6.150 E468.8545
;PRINTING_TIME: 710
;REMAINING_TIME: 270
;LAYER:25
;Z:6.400
;HEIGHT:0.250
;FLOW:100.0
M106 S143
;PRINTING: haibike.stl
;PRINTING_ID: 0
G1 F2400 E467.8545
G1 F300 Z6.600
G0 F3900 X125.500 Y133.342
G0 F300 Z6.400
G0 F3900 X128.249 Y132.844
G0 X131.003 Y131.003
G0 X132.844 Y128.249
G0 X133.491 Y125.000
G0 X132.968 Y122.369
G0 X131.754 Y119.656
;TYPE:FILL
;WIDTH:0.360
;FLOW:85.0
G1 F300 Z6.400
G1 F1500 E468.8545
G1 F3212 X132.068 Y119.245 E468.8709
G1 X132.183 Y119.169 E468.8753
G1 F2400 E467.8753
G1 F300 Z6.600
G0 F3900 X128.249 Y117.155
G0 X125.000 Y116.508
G0 X118.851 Y117.702
G0 X118.524 Y117.322
;TYPE:WALL-OUTER
;WIDTH:0.400
;FLOW:95.0
G1 F300 Z6.150
G1 F1500 E468.8753
G1 F2142 X119.918 Y116.335 Z6.171 E468.8810
G1 X121.451 Y115.603 Z6.193 E468.8925
G1 X123.094 Y115.137 Z6.214 E468.9097
G1 X124.355 Y114.976 Z6.230 E468.9258
G1 X126.067 Y115.013 Z6.251 E468.9531
G1 X127.735 Y115.335 Z6.272 E468.9860
G1 X129.334 Y115.938 Z6.294 E469.0248
G1 X130.797 Y116.797 Z6.315 E469.0691
G1 X131.597 Y117.502 Z6.328 E469.0991
G1 X132.398 Y118.207 Z6.342 E469.1314
G1 X133.436 Y119.549 Z6.363 E469.1885
G1 X134.238 Y121.058 Z6.384 E469.2518
G1 X134.657 Y122.244 Z6.400 E469.3014
G1 X134.665 Y122.267 Z6.400 E469.3024
G1 X134.987 Y123.932 Z6.400 E469.3694
G1 X134.987 Y126.067 Z6.400 E469.4537
G1 X134.665 Y127.732 Z6.400 E469.5207
G1 X134.238 Y128.941 Z6.400 E469.5713
G1 X133.436 Y130.450 Z6.400 E469.6388
G1 X132.396 Y131.795 Z6.400 E469.7060
G1 X131.144 Y132.944 Z6.400 E469.7731
G1 X129.708 Y133.872 Z6.400 E469.8406
G1 X128.146 Y134.537 Z6.400 E469.9077
G1 X126.486 Y134.932 Z6.400 E469.9751
G1 X124.359 Y135.022 Z6.400 E470.0591
G1 X122.676 Y134.770 Z6.400 E470.1264
G1 X121.060 Y134.238 Z6.400 E470.1936
G1 X119.551 Y133.437 Z6.400 E470.2610
G1 X118.522 Y132.676 Z6.400 E470.3116
G1 X117.323 Y131.476 Z6.400 E470.3786
G1 X116.334 Y130.080 Z6.400 E470.4462
G1 X115.604 Y128.551 Z6.400 E470.5131
G1 X115.067 Y126.486 Z6.400 E470.5973
G1 X114.958 Y124.780 Z6.400 E470.6649
G1 X115.065 Y123.518 Z6.400 E470.7149
G1 X115.462 Y121.852 Z6.400 E470.7825
G1 X116.128 Y120.289 Z6.400 E470.8496
G1 X117.055 Y118.855 Z6.400 E470.9171
G1 X118.524 Y117.322 Z6.400 E471.0009
G1 X119.918 Y116.335 Z6.400 E471.0626
G1 X121.451 Y115.603 Z6.400 E471.1183
G1 X123.094 Y115.137 Z6.400 E471.1685
G1 X124.355 Y114.976 Z6.400 E471.2027
G1 X126.067 Y115.013 Z6.400 E471.2429
G1 X127.735 Y115.335 Z6.400 E471.2772
G1 X129.334 Y115.938 Z6.400 E471.3058
G1 X130.797 Y116.797 Z6.400 E471.3286
G1 X131.597 Y117.502 Z6.400 E471.3407
G1 X132.398 Y118.207 Z6.400 E471.3505
G1 X133.436 Y119.549 Z6.400 E471.3604
G1 X134.238 Y121.058 Z6.400 E471.3647
G1 X134.657 Y122.244 Z6.400 E471.3647
G1 F2400 E470.3647
G1 F300 Z6.600
G0 F3900 X134.180 Y122.395
G0 X129.717 Y117.940
G0 X126.654 Y116.672
G0 X123.898 Y116.616
G0 X121.769 Y117.146
G0 X120.173 Y118.244
G0 X119.036 Y119.104
G0 X119.421 Y119.421
G1 F300 Z6.150
G1 F1500 E471.3647
G1 F2142 X118.440 Y120.616 Z6.169 E471.3694
G1 X117.710 Y121.980 Z6.189 E471.3789
G1 X117.262 Y123.461 Z6.208 E471.3930
G1 X117.110 Y125.000 Z6.227 E471.4119
G1 X117.262 Y126.538 Z6.247 E471.4355
G1 X117.710 Y128.019 Z6.266 E471.4639
G1 X118.440 Y129.383 Z6.285 E471.4970
G1 X119.421 Y130.578 Z6.305 E471.5347
G1 X120.616 Y131.559 Z6.324 E471.5772
G1 X121.980 Y132.289 Z6.343 E471.6245
G1 X123.461 Y132.737 Z6.363 E471.6765
G1 X125.000 Y132.889 Z6.382 E471.7332
G1 X126.433 Y132.747 Z6.400 E471.7900
G1 X126.538 Y132.737 Z6.400 E471.7942
G1 X128.019 Y132.289 Z6.400 E471.8553
G1 X129.383 Y131.559 Z6.400 E471.9164
G1 X130.578 Y130.578 Z6.400 E471.9775
G1 X131.559 Y129.383 Z6.400 E472.0385
G1 X132.289 Y128.019 Z6.400 E472.0996
G1 X132.737 Y126.538 Z6.400 E472.1608
G1 X132.889 Y125.000 Z6.400 E472.2218
G1 X132.737 Y123.461 Z6.400 E472.2829
G1 X132.289 Y121.980 Z6.400 E472.3440
G1 X131.559 Y120.616 Z6.400 E472.4051
G1 X130.578 Y119.421 Z6.400 E472.4662
G1 X129.383 Y118.440 Z6.400 E472.5272
G1 X128.019 Y117.710 Z6.400 E472.5883
G1 X126.538 Y117.262 Z6.400 E472.6494
G1 X125.000 Y117.110 Z6.400 E472.7105
G1 X123.999 Y117.208 Z6.400 E472.7502
G1 X121.985 Y117.708 Z6.400 E472.8322
G1 X120.616 Y118.440 Z6.400 E472.8935
G1 X119.421 Y119.421 Z6.400 E472.9545
G1 X118.440 Y120.616 Z6.400 E473.0109
G1 X117.710 Y121.980 Z6.400 E473.0625
G1 X117.262 Y123.461 Z6.400 E473.1095
G1 X117.110 Y125.000 Z6.400 E473.1517
G1 X117.262 Y126.538 Z6.400 E473.1891
G1 X117.710 Y128.019 Z6.400 E473.2219
G1 X118.440 Y129.383 Z6.400 E473.2499
G1 X119.421 Y130.578 Z6.400 E473.2732
G1 X120.616 Y131.559 Z6.400 E473.2917
G1 X121.980 Y132.289 Z6.400 E473.3056
G1 X123.461 Y132.737 Z6.400 E473.3147
G1 X125.000 Y132.889 Z6.400 E473.3191
G1 X126.433 Y132.747 Z6.400 E473.3191
G1 F2400 E472.3191
G1 F300 Z6.600
G0 F3900 X126.480 Y133.245
G0 X125.000 Y133.491
G0 X121.750 Y132.844
G0 X118.996 Y131.003
G0 X117.155 Y128.249
G0 X116.508 Y125.000
G0 X117.031 Y122.369
G0 X118.851 Y117.702
G0 X118.786 Y117.626
;TYPE:WALL-INNER
;WIDTH:0.400
;FLOW:85.0
G1 F300 Z6.150
G1 F1500 E473.3191
G1 F2142 X120.121 Y116.681 Z6.170 E473.3238
G1 X121.593 Y115.979 Z6.191 E473.3333
G1 X123.174 Y115.530 Z6.211 E473.3475
G1 X124.376 Y115.377 Z6.227 E473.3606
G1 X126.024 Y115.412 Z6.247 E473.3833
G1 X127.626 Y115.721 Z6.268 E473.4104
G1 X129.161 Y116.300 Z6.288 E473.4424
G1 X130.561 Y117.123 Z6.308 E473.4787
G1 X131.333 Y117.802 Z6.321 E473.5036
G1 X132.105 Y118.482 Z6.334 E473.5304
G1 X133.099 Y119.767 Z6.354 E473.5773
G1 X133.871 Y121.219 Z6.375 E473.6296
G1 X134.278 Y122.372 Z6.390 E473.6711
G1 X134.427 Y123.142 Z6.400 E473.6988
G1 X134.587 Y123.970 Z6.400 E473.7286
G1 X134.587 Y126.029 Z6.400 E473.8014
G1 X134.278 Y127.627 Z6.400 E473.8589
G1 X133.871 Y128.780 Z6.400 E473.9021
G1 X133.099 Y130.232 Z6.400 E473.9602
G1 X132.100 Y131.523 Z6.400 E474.0179
G1 X130.898 Y132.626 Z6.400 E474.0755
G1 X129.520 Y133.517 Z6.400 E474.1335
G1 X128.020 Y134.156 Z6.400 E474.1911
G1 X126.431 Y134.534 Z6.400 E474.2489
G1 X124.380 Y134.621 Z6.400 E474.3214
G1 X122.769 Y134.379 Z6.400 E474.3790
G1 X121.217 Y133.869 Z6.400 E474.4367
G1 X119.765 Y133.098 Z6.400 E474.4948
G1 X118.784 Y132.372 Z6.400 E474.5379
G1 X117.630 Y131.217 Z6.400 E474.5956
G1 X116.680 Y129.877 Z6.400 E474.6537
G1 X115.981 Y128.413 Z6.400 E474.7110
G1 X115.464 Y126.422 Z6.400 E474.7837
G1 X115.359 Y124.784 Z6.400 E474.8417
G1 X115.461 Y123.582 Z6.400 E474.8843
G1 X115.843 Y121.978 Z6.400 E474.9426
G1 X116.483 Y120.477 Z6.400 E475.0003
G1 X117.370 Y119.104 Z6.400 E475.0580
G1 X118.786 Y117.626 Z6.400 E475.1304
G1 X120.121 Y116.681 Z6.400 E475.1834
G1 X121.593 Y115.979 Z6.400 E475.2317
G1 X123.174 Y115.530 Z6.400 E475.2755
G1 X124.376 Y115.377 Z6.400 E475.3052
G1 X126.024 Y115.412 Z6.400 E475.3408
G1 X127.626 Y115.721 Z6.400 E475.3714
G1 X129.161 Y116.300 Z6.400 E475.3973
G1 X130.561 Y117.123 Z6.400 E475.4184
G1 X131.333 Y117.802 Z6.400 E475.4298
G1 X132.105 Y118.482 Z6.400 E475.4394
G1 X133.099 Y119.767 Z6.400 E475.4499
G1 X133.871 Y121.219 Z6.400 E475.4557
G1 X134.278 Y122.372 Z6.400 E475.4574
G1 X134.427 Y123.142 Z6.400 E475.4574
G1 F2400 E474.4574
G1 F300 Z6.600
G0 F3900 X134.328 Y123.159
G0 X131.003 Y118.996
G0 X128.249 Y117.155
G0 X125.000 Y116.508
G0 X121.769 Y117.146
G0 X120.185 Y118.229
G0 X119.054 Y119.081
G0 X119.137 Y119.137
G1 F300 Z6.150
G1 F1500 E475.4574
G1 F2142 X118.106 Y120.393 Z6.170 E475.4621
G1 X117.339 Y121.826 Z6.191 E475.4714
G1 X116.868 Y123.383 Z6.211 E475.4855
G1 X116.708 Y125.000 Z6.231 E475.5041
G1 X116.868 Y126.616 Z6.252 E475.5274
G1 X117.339 Y128.173 Z6.272 E475.5555
G1 X118.106 Y129.606 Z6.292 E475.5882
G1 X119.137 Y130.862 Z6.313 E475.6255
G1 X120.393 Y131.893 Z6.333 E475.6675
G1 X121.826 Y132.660 Z6.353 E475.7142
G1 X123.383 Y133.131 Z6.373 E475.7656
G1 X125.000 Y133.291 Z6.394 E475.8216
G1 X125.492 Y133.242 Z6.400 E475.8390
G1 X126.616 Y133.131 Z6.400 E475.8789
G1 X128.173 Y132.660 Z6.400 E475.9364
G1 X129.606 Y131.893 Z6.400 E475.9939
G1 X130.862 Y130.862 Z6.400 E476.0513
G1 X131.893 Y129.606 Z6.400 E476.1087
G1 X132.660 Y128.173 Z6.400 E476.1661
G1 X133.131 Y126.616 Z6.400 E476.2236
G1 X133.291 Y125.000 Z6.400 E476.2810
G1 X133.131 Y123.383 Z6.400 E476.3384
G1 X132.660 Y121.826 Z6.400 E476.3959
G1 X131.893 Y120.393 Z6.400 E476.4534
G1 X130.862 Y119.137 Z6.400 E476.5108
G1 X129.606 Y118.106 Z6.400 E476.5682
G1 X128.173 Y117.339 Z6.400 E476.6257
G1 X126.616 Y116.868 Z6.400 E476.6831
G1 X125.000 Y116.708 Z6.400 E476.7405
G1 X123.931 Y116.813 Z6.400 E476.7785
G1 X121.840 Y117.332 Z6.400 E476.8546
G1 X120.393 Y118.106 Z6.400 E476.9126
G1 X119.137 Y119.137 Z6.400 E476.9700
G1 X118.106 Y120.393 Z6.400 E477.0228
G1 X117.339 Y121.826 Z6.400 E477.0709
G1 X116.868 Y123.383 Z6.400 E477.1144
G1 X116.708 Y125.000 Z6.400 E477.1531
G1 X116.868 Y126.616 Z6.400 E477.1872
G1 X117.339 Y128.173 Z6.400 E477.2166
G1 X118.106 Y129.606 Z6.400 E477.2414
G1 X119.137 Y130.862 Z6.400 E477.2615
G1 X120.393 Y131.893 Z6.400 E477.2769
G1 X121.826 Y132.660 Z6.400 E477.2877
G1 X123.383 Y133.131 Z6.400 E477.2938
G1 X125.000 Y133.291 Z6.400 E477.2952
G1 X125.492 Y133.242 Z6.400 E477.2952
;PRINTING_TIME: 724
;REMAINING_TIME: 255
;LAYER:26
;Z:6.650
;HEIGHT:0.250
;FLOW:100.0
;PRINTING: haibike.stl
;PRINTING_ID: 0
G1 F2400 E476.2952
G1 F300 Z6.850
G0 F3900 X125.500 Y133.342
G0 F300 Z6.650
G0 F3900 X123.755 Y133.331
G0 X120.204 Y132.200
;TYPE:FILL
;WIDTH:0.360
;FLOW:85.0
G1 F300 Z6.650
G1 F1500 E477.2952
G1 F3600 X120.257 Y132.228 E477.2971
G1 X120.287 Y132.273 E477.2988
G1 X120.447 Y132.330 E477.3042
G1 X121.688 Y132.996 E477.3490
G1 X123.310 Y133.485 E477.4029
G1 X125.000 Y133.653 E477.4569
G1 X126.689 Y133.485 E477.5109
G1 X128.311 Y132.996 E477.5648
G1 X129.795 Y132.200 E477.6183
G1 X129.808 Y132.194 E477.6188
G1 X129.814 Y132.190 E477.6190
G1 X129.819 Y132.185 E477.6193
G1 X131.119 Y131.117 E477.6728
G1 X132.188 Y129.815 E477.7263
G1 X132.200 Y129.798 E477.7270
G1 X132.996 Y128.311 E477.7806
G1 X133.485 Y126.689 E477.8345
G1 X133.653 Y124.998 E477.8886
G1 X133.485 Y123.309 E477.9426
G1 X132.996 Y121.688 E477.9964
G1 X132.194 Y120.192 E478.0504
G1 X131.811 Y119.726 E478.0696
G1 X132.068 Y119.344 E478.0842
G1 X132.195 Y119.250 E478.0893
G1 X132.967 Y120.391 E478.1331
G1 X133.358 Y120.968 E478.1552
G1 X133.915 Y122.428 E478.2049
G1 X134.221 Y123.964 E478.2547
G1 X134.221 Y126.035 E478.3206
G1 X133.918 Y127.559 E478.3700
G1 X132.815 Y130.000 E478.4552
G1 X131.861 Y131.248 E478.5052
G1 X130.708 Y132.316 E478.5552
G1 X129.387 Y133.177 E478.6053
G1 X127.941 Y133.801 E478.6554
G1 X126.432 Y134.168 E478.7048
G1 X124.355 Y134.255 E478.7709
G1 X122.810 Y134.017 E478.8206
G1 X121.324 Y133.519 E478.8705
G1 X119.351 Y132.306 E478.9442
G1 X119.049 Y132.121 E478.9554
G1 X117.931 Y131.012 E479.0055
G1 X117.016 Y129.732 E479.0555
G1 X116.337 Y128.329 E479.1051
G1 X115.818 Y126.331 E479.1708
G1 X115.816 Y123.666 E479.2555
G1 X116.172 Y122.135 E479.3055
G1 X116.782 Y120.689 E479.3554
G1 X117.629 Y119.364 E479.4055
G1 X119.060 Y117.870 E479.4713
G1 X119.612 Y117.484 E479.4927
G1 X120.287 Y117.726 E479.5155
G1 X120.301 Y117.747 E479.5163
G1 X120.204 Y117.799 E479.5198
G1 X120.191 Y117.805 E479.5202
G1 X120.185 Y117.809 E479.5205
G1 X120.180 Y117.814 E479.5207
G1 X119.354 Y118.493 E479.5547
G1 X118.880 Y118.882 E479.5742
G1 X117.805 Y120.192 E479.6281
G1 X117.003 Y121.688 E479.6821
G1 X116.514 Y123.309 E479.7359
G1 X116.346 Y125.002 E479.7900
G1 X116.514 Y126.689 E479.8440
G1 X117.003 Y128.311 E479.8979
G1 X117.799 Y129.798 E479.9515
G1 X117.811 Y129.815 E479.9522
G1 X118.880 Y131.117 E480.0057
G1 X120.180 Y132.185 E480.0592
G1 X120.185 Y132.190 E480.0595
G1 X120.191 Y132.194 E480.0597
G1 X120.204 Y132.200 E480.0602
G1 F2400 E479.0602
G1 F300 Z6.850
G0 F3900 X117.940 Y129.717
G0 X116.672 Y126.654
G0 X116.672 Y123.345
G0 X118.886 Y117.674
G0 X118.559 Y117.293
;TYPE:WALL-OUTER
;WIDTH:0.400
;FLOW:95.0
G1 F300 Z6.400
G1 F1500 E480.0602
G1 F2400 X119.958 Y116.314 Z6.421 E480.0659
G1 X121.494 Y115.588 Z6.443 E480.0773
G1 X123.145 Y115.128 Z6.464 E480.0947
G1 X124.309 Y114.980 Z6.479 E480.1093
G1 X126.016 Y115.009 Z6.500 E480.1362
G1 X127.697 Y115.326 Z6.521 E480.1690
G1 X129.288 Y115.918 Z6.543 E480.2073
G1 X130.760 Y116.773 Z6.564 E480.2514
G1 X131.593 Y117.506 Z6.578 E480.2825
G1 X132.426 Y118.239 Z6.592 E480.3161
G1 X133.462 Y119.593 Z6.613 E480.3735
G1 X134.042 Y120.630 Z6.628 E480.4162
G1 X134.650 Y122.221 Z6.649 E480.4833
G1 X134.664 Y122.292 Z6.650 E480.4861
G1 X134.981 Y123.887 Z6.650 E480.5503
G1 X134.981 Y126.112 Z6.650 E480.6382
G1 X134.650 Y127.778 Z6.650 E480.7053
G1 X134.042 Y129.369 Z6.650 E480.7726
G1 X133.462 Y130.406 Z6.650 E480.8195
G1 X132.426 Y131.760 Z6.650 E480.8869
G1 X131.177 Y132.918 Z6.650 E480.9541
G1 X129.750 Y133.848 Z6.650 E481.0214
G1 X128.183 Y134.525 Z6.650 E481.0888
G1 X126.537 Y134.924 Z6.650 E481.1557
G1 X124.313 Y135.018 Z6.650 E481.2436
G1 X122.630 Y134.758 Z6.650 E481.3109
G1 X121.016 Y134.218 Z6.650 E481.3781
G1 X119.515 Y133.412 Z6.650 E481.4454
G1 X118.562 Y132.708 Z6.650 E481.4922
G1 X117.351 Y131.508 Z6.650 E481.5595
G1 X116.360 Y130.121 Z6.650 E481.6269
G1 X115.621 Y128.593 Z6.650 E481.6939
G1 X115.061 Y126.439 Z6.650 E481.7818
G1 X114.960 Y124.734 Z6.650 E481.8493
G1 X115.060 Y123.563 Z6.650 E481.8957
G1 X115.447 Y121.897 Z6.650 E481.9632
G1 X116.107 Y120.333 Z6.650 E482.0303
G1 X117.029 Y118.892 Z6.650 E482.0978
G1 X118.559 Y117.293 Z6.650 E482.1853
G1 X119.958 Y116.314 Z6.650 E482.2469
G1 X121.494 Y115.588 Z6.650 E482.3026
G1 X123.145 Y115.128 Z6.650 E482.3530
G1 X124.309 Y114.980 Z6.650 E482.3847
G1 X126.016 Y115.009 Z6.650 E482.4252
G1 X127.697 Y115.326 Z6.650 E482.4599
G1 X129.288 Y115.918 Z6.650 E482.4887
G1 X130.760 Y116.773 Z6.650 E482.5119
G1 X131.593 Y117.506 Z6.650 E482.5246
G1 X132.426 Y118.239 Z6.650 E482.5348
G1 X133.462 Y119.593 Z6.650 E482.5448
G1 X134.042 Y120.630 Z6.650 E482.5489
G1 X134.650 Y122.221 Z6.650 E482.5492
G1 X134.664 Y122.292 Z6.650 E482.5492
G1 F2400 E481.5492
G1 F300 Z6.850
G0 F3900 X134.173 Y122.388
G0 X129.717 Y117.940
G0 X126.654 Y116.672
G0 X123.858 Y116.620
G0 X121.767 Y117.146
G0 X120.172 Y118.244
G0 X119.036 Y119.104
G0 X119.421 Y119.421
G1 F300 Z6.400
G1 F1500 E482.5492
G1 F2400 X118.440 Y120.616 Z6.419 E482.5539
G1 X117.710 Y121.980 Z6.439 E482.5634
G1 X117.262 Y123.461 Z6.458 E482.5775
G1 X117.110 Y125.000 Z6.477 E482.5964
G1 X117.262 Y126.538 Z6.497 E482.6200
G1 X117.710 Y128.019 Z6.516 E482.6484
G1 X118.440 Y129.383 Z6.535 E482.6815
G1 X119.421 Y130.578 Z6.555 E482.7192
G1 X120.616 Y131.559 Z6.574 E482.7617
G1 X121.980 Y132.289 Z6.593 E482.8090
G1 X123.461 Y132.737 Z6.613 E482.8610
G1 X125.000 Y132.889 Z6.632 E482.9177
G1 X126.433 Y132.747 Z6.650 E482.9745
G1 X126.538 Y132.737 Z6.650 E482.9787
G1 X128.019 Y132.289 Z6.650 E483.0398
G1 X129.383 Y131.559 Z6.650 E483.1009
G1 X130.578 Y130.578 Z6.650 E483.1620
G1 X131.559 Y129.383 Z6.650 E483.2231
G1 X132.289 Y128.019 Z6.650 E483.2842
G1 X132.737 Y126.538 Z6.650 E483.3453
G1 X132.889 Y125.000 Z6.650 E483.4063
G1 X132.737 Y123.461 Z6.650 E483.4674
G1 X132.289 Y121.980 Z6.650 E483.5285
G1 X131.559 Y120.616 Z6.650 E483.5896
G1 X130.578 Y119.421 Z6.650 E483.6507
G1 X129.383 Y118.440 Z6.650 E483.7117
G1 X128.019 Y117.710 Z6.650 E483.7728
G1 X126.538 Y117.262 Z6.650 E483.8339
G1 X125.000 Y117.110 Z6.650 E483.8950
G1 X123.961 Y117.212 Z6.650 E483.9362
G1 X121.984 Y117.708 Z6.650 E484.0167
G1 X120.616 Y118.440 Z6.650 E484.0780
G1 X119.421 Y119.421 Z6.650 E484.1391
G1 X118.440 Y120.616 Z6.650 E484.1954
G1 X117.710 Y121.980 Z6.650 E484.2471
G1 X117.262 Y123.461 Z6.650 E484.2940
G1 X117.110 Y125.000 Z6.650 E484.3362
G1 X117.262 Y126.538 Z6.650 E484.3736
G1 X117.710 Y128.019 Z6.650 E484.4064
G1 X118.440 Y129.383 Z6.650 E484.4344
G1 X119.421 Y130.578 Z6.650 E484.4577
G1 X120.616 Y131.559 Z6.650 E484.4763
G1 X121.980 Y132.289 Z6.650 E484.4901
G1 X123.461 Y132.737 Z6.650 E484.4992
G1 X125.000 Y132.889 Z6.650 E484.5036
G1 X126.433 Y132.747 Z6.650 E484.5036
G1 F2400 E483.5036
G1 F300 Z6.850
G0 F3900 X126.480 Y133.245
G0 X125.000 Y133.491
G0 X121.750 Y132.844
G0 X118.996 Y131.003
G0 X117.155 Y128.249
G0 X116.508 Y125.000
G0 X117.031 Y122.369
G0 X118.886 Y117.674
G0 X118.821 Y117.598
;TYPE:WALL-INNER
;WIDTH:0.400
;FLOW:85.0
G1 F300 Z6.400
G1 F1500 E484.5036
G1 F2400 X120.160 Y116.661 Z6.420 E484.5084
G1 X121.634 Y115.964 Z6.441 E484.5178
G1 X123.224 Y115.521 Z6.461 E484.5321
G1 X124.599 Y115.464 Z6.479 E484.5474
G1 X125.975 Y115.408 Z6.496 E484.5661
G1 X127.589 Y115.713 Z6.516 E484.5931
G1 X129.117 Y116.281 Z6.537 E484.6246
G1 X130.525 Y117.099 Z6.557 E484.6608
G1 X131.328 Y117.806 Z6.570 E484.6866
G1 X132.132 Y118.513 Z6.584 E484.7144
G1 X132.905 Y119.656 Z6.601 E484.7536
G1 X133.679 Y120.800 Z6.618 E484.7963
G1 X134.264 Y122.332 Z6.639 E484.8516
G1 X134.437 Y123.203 Z6.650 E484.8830
G1 X134.581 Y123.926 Z6.650 E484.9091
G1 X134.581 Y126.073 Z6.650 E484.9849
G1 X134.264 Y127.667 Z6.650 E485.0424
G1 X133.127 Y130.186 Z6.650 E485.1400
G1 X132.129 Y131.490 Z6.650 E485.1981
G1 X130.930 Y132.601 Z6.650 E485.2558
G1 X129.560 Y133.494 Z6.650 E485.3136
G1 X128.056 Y134.144 Z6.650 E485.3715
G1 X126.481 Y134.526 Z6.650 E485.4288
G1 X124.335 Y134.617 Z6.650 E485.5047
G1 X122.725 Y134.368 Z6.650 E485.5623
G1 X121.175 Y133.849 Z6.650 E485.6200
G1 X118.823 Y132.403 Z6.650 E485.7176
G1 X117.657 Y131.248 Z6.650 E485.7756
G1 X116.705 Y129.916 Z6.650 E485.8335
G1 X115.998 Y128.454 Z6.650 E485.8909
G1 X115.458 Y126.376 Z6.650 E485.9667
G1 X115.456 Y123.626 Z6.650 E486.0639
G1 X115.829 Y122.021 Z6.650 E486.1221
G1 X116.462 Y120.520 Z6.650 E486.1797
G1 X117.345 Y119.140 Z6.650 E486.2376
G1 X118.821 Y117.598 Z6.650 E486.3130
G1 X120.160 Y116.661 Z6.650 E486.3661
G1 X121.634 Y115.964 Z6.650 E486.4143
G1 X123.224 Y115.521 Z6.650 E486.4583
G1 X124.599 Y115.464 Z6.650 E486.4916
G1 X125.975 Y115.408 Z6.650 E486.5216
G1 X127.589 Y115.713 Z6.650 E486.5526
G1 X129.117 Y116.281 Z6.650 E486.5787
G1 X130.525 Y117.099 Z6.650 E486.6001
G1 X131.328 Y117.806 Z6.650 E486.6121
G1 X132.132 Y118.513 Z6.650 E486.6221
G1 X132.905 Y119.656 Z6.650 E486.6317
G1 X133.679 Y120.800 Z6.650 E486.6378
G1 X134.264 Y122.332 Z6.650 E486.6404
G1 X134.437 Y123.203 Z6.650 E486.6404
G1 F2400 E485.6404
G1 F300 Z6.850
G0 F3900 X129.494 Y118.274
G0 X126.576 Y117.066
G0 X123.927 Y117.015
G0 X122.787 Y117.301
G0 X119.137 Y119.137
G1 F300 Z6.400
G1 F1500 E486.6404
G1 F2400 X118.106 Y120.393 Z6.420 E486.6451
G1 X117.339 Y121.826 Z6.441 E486.6544
G1 X116.868 Y123.383 Z6.461 E486.6684
G1 X116.708 Y125.000 Z6.481 E486.6871
G1 X116.868 Y126.616 Z6.502 E486.7104
G1 X117.339 Y128.173 Z6.522 E486.7385
G1 X118.106 Y129.606 Z6.542 E486.7711
G1 X119.137 Y130.862 Z6.563 E486.8085
G1 X120.393 Y131.893 Z6.583 E486.8505
G1 X121.826 Y132.660 Z6.603 E486.8971
G1 X123.383 Y133.131 Z6.623 E486.9485
G1 X125.000 Y133.291 Z6.644 E487.0045
G1 X125.492 Y133.242 Z6.650 E487.0220
G1 X126.616 Y133.131 Z6.650 E487.0619
G1 X128.173 Y132.660 Z6.650 E487.1194
G1 X129.606 Y131.893 Z6.650 E487.1768
G1 X130.862 Y130.862 Z6.650 E487.2343
G1 X131.893 Y129.606 Z6.650 E487.2917
G1 X132.660 Y128.173 Z6.650 E487.3491
G1 X133.131 Y126.616 Z6.650 E487.4066
G1 X133.291 Y125.000 Z6.650 E487.4640
G1 X133.131 Y123.383 Z6.650 E487.5214
G1 X132.660 Y121.826 Z6.650 E487.5789
G1 X131.893 Y120.393 Z6.650 E487.6363
G1 X130.862 Y119.137 Z6.650 E487.6938
G1 X129.606 Y118.106 Z6.650 E487.7512
G1 X128.173 Y117.339 Z6.650 E487.8086
G1 X126.616 Y116.868 Z6.650 E487.8661
G1 X125.000 Y116.708 Z6.650 E487.9235
G1 X123.892 Y116.817 Z6.650 E487.9628
G1 X121.839 Y117.332 Z6.650 E488.0376
G1 X120.393 Y118.106 Z6.650 E488.0956
G1 X119.137 Y119.137 Z6.650 E488.1530
G1 X118.106 Y120.393 Z6.650 E488.2058
G1 X117.339 Y121.826 Z6.650 E488.2539
G1 X116.868 Y123.383 Z6.650 E488.2974
G1 X116.708 Y125.000 Z6.650 E488.3361
G1 X116.868 Y126.616 Z6.650 E488.3702
G1 X117.339 Y128.173 Z6.650 E488.3996
G1 X118.106 Y129.606 Z6.650 E488.4244
G1 X119.137 Y130.862 Z6.650 E488.4445
G1 X120.393 Y131.893 Z6.650 E488.4599
G1 X121.826 Y132.660 Z6.650 E488.4707
G1 X123.383 Y133.131 Z6.650 E488.4768
G1 X125.000 Y133.291 Z6.650 E488.4782
G1 X125.492 Y133.242 Z6.650 E488.4782
;PRINTING_TIME: 740
;REMAINING_TIME: 239
;LAYER:27
;Z:6.900
;HEIGHT:0.250
;FLOW:100.0
M106 S140
;PRINTING: haibike.stl
;PRINTING_ID: 0
G1 F2400 E487.4782
G1 F300 Z7.100
G0 F3900 X122.836 Y133.342
G0 F300 Z6.900
;TYPE:FILL
;WIDTH:0.360
;FLOW:85.0
G1 F300 Z6.900
G1 F1500 E488.4782
G1 F3309 X122.643 Y133.417 E488.4848
G1 X120.458 Y133.055 E488.5552
G1 X120.550 Y133.105 E488.5586
G1 X121.287 Y133.503 E488.5852
G1 X122.760 Y134.005 E488.6347
G1 X124.312 Y134.251 E488.6847
G1 X126.472 Y134.160 E488.7534
G1 X127.986 Y133.785 E488.8030
G1 X128.705 Y133.471 E488.8280
G1 X129.425 Y133.156 E488.8530
G1 X130.294 Y132.584 E488.8861
G1 X130.741 Y132.290 E488.9031
G1 X131.893 Y131.213 E488.9532
G1 X132.826 Y129.981 E489.0024
G1 X133.909 Y127.583 E489.0861
G1 X134.215 Y126.083 E489.1348
G1 X134.215 Y123.916 E489.2037
G1 X133.909 Y122.416 E489.2524
G1 X132.826 Y120.018 E489.3361
G1 X132.264 Y119.277 E489.3656
G1 X132.068 Y119.439 E489.3737
G1 X131.867 Y119.794 E489.3867
G1 F2400 E488.3867
G1 F300 Z7.100
G0 F3900 X129.717 Y117.940
G0 X126.654 Y116.672
G0 X124.358 Y116.635
G0 X118.924 Y117.645
G0 X118.598 Y117.262
;TYPE:WALL-OUTER
;WIDTH:0.400
;FLOW:95.0
G1 F300 Z6.650
G1 F1500 E489.3867
G1 F2206 X119.995 Y116.293 Z6.671 E489.3924
G1 X121.532 Y115.576 Z6.692 E489.4038
G1 X122.904 Y115.280 Z6.710 E489.4171
G1 X124.276 Y114.984 Z6.728 E489.4343
G1 X125.971 Y115.005 Z6.749 E489.4607
G1 X127.647 Y115.313 Z6.770 E489.4930
G1 X129.245 Y115.900 Z6.791 E489.5311
G1 X130.229 Y116.506 Z6.806 E489.5595
G1 X131.213 Y117.112 Z6.820 E489.5906
G1 X132.459 Y118.276 Z6.842 E489.6422
G1 X133.484 Y119.627 Z6.863 E489.6991
G1 X134.060 Y120.903 Z6.880 E489.7501
G1 X134.637 Y122.179 Z6.898 E489.8049
G1 X134.673 Y122.357 Z6.900 E489.8120
G1 X134.975 Y123.842 Z6.900 E489.8719
G1 X134.975 Y126.157 Z6.900 E489.9633
G1 X134.637 Y127.820 Z6.900 E490.0304
G1 X133.484 Y130.372 Z6.900 E490.1410
G1 X132.459 Y131.723 Z6.900 E490.2079
G1 X131.212 Y132.889 Z6.900 E490.2754
G1 X129.789 Y133.826 Z6.900 E490.3427
G1 X128.231 Y134.508 Z6.900 E490.4098
G1 X126.581 Y134.916 Z6.900 E490.4770
G1 X124.267 Y135.014 Z6.900 E490.5684
G1 X122.582 Y134.747 Z6.900 E490.6358
G1 X120.977 Y134.201 Z6.900 E490.7028
G1 X119.481 Y133.390 Z6.900 E490.7700
G1 X117.378 Y131.538 Z6.900 E490.8807
G1 X116.387 Y130.163 Z6.900 E490.9476
G1 X115.639 Y128.633 Z6.900 E491.0149
G1 X115.055 Y126.392 Z6.900 E491.1063
G1 X114.962 Y124.699 Z6.900 E491.1733
G1 X115.435 Y121.940 Z6.900 E491.2839
G1 X116.089 Y120.369 Z6.900 E491.3511
G1 X116.998 Y118.930 Z6.900 E491.4183
G1 X118.598 Y117.262 Z6.900 E491.5096
G1 X119.995 Y116.293 Z6.900 E491.5710
G1 X121.532 Y115.576 Z6.900 E491.6267
G1 X122.904 Y115.280 Z6.900 E491.6688
G1 X124.276 Y114.984 Z6.900 E491.7070
G1 X125.971 Y115.005 Z6.900 E491.7475
G1 X127.647 Y115.313 Z6.900 E491.7825
G1 X129.245 Y115.900 Z6.900 E491.8118
G1 X130.229 Y116.506 Z6.900 E491.8290
G1 X131.213 Y117.112 Z6.900 E491.8435
G1 X132.459 Y118.276 Z6.900 E491.8593
G1 X133.484 Y119.627 Z6.900 E491.8693
G1 X134.060 Y120.903 Z6.900 E491.8737
G1 X134.637 Y122.179 Z6.900 E491.8742
G1 X134.673 Y122.357 Z6.900 E491.8742
G1 F2400 E490.8742
G1 F300 Z7.100
G0 F3900 X134.183 Y122.455
G0 X129.717 Y117.940
G0 X126.654 Y116.672
G0 X123.818 Y116.625
G0 X121.766 Y117.146
G0 X120.171 Y118.244
G0 X119.036 Y119.104
G0 X119.421 Y119.421
G1 F300 Z6.650
G1 F1500 E491.8742
G1 F2206 X118.440 Y120.616 Z6.669 E491.8789
G1 X117.710 Y121.980 Z6.689 E491.8883
G1 X117.262 Y123.461 Z6.708 E491.9025
G1 X117.110 Y125.000 Z6.727 E491.9214
G1 X117.262 Y126.538 Z6.747 E491.9450
G1 X117.710 Y128.019 Z6.766 E491.9734
G1 X118.440 Y129.383 Z6.785 E492.0064
G1 X119.421 Y130.578 Z6.805 E492.0442
G1 X120.616 Y131.559 Z6.824 E492.0867
G1 X121.980 Y132.289 Z6.843 E492.1340
G1 X123.461 Y132.737 Z6.863 E492.1859
G1 X125.000 Y132.889 Z6.882 E492.2426
G1 X126.433 Y132.747 Z6.900 E492.2995
G1 X126.538 Y132.737 Z6.900 E492.3037
G1 X128.019 Y132.289 Z6.900 E492.3648
G1 X129.383 Y131.559 Z6.900 E492.4259
G1 X130.578 Y130.578 Z6.900 E492.4870
G1 X131.559 Y129.383 Z6.900 E492.5480
G1 X132.289 Y128.019 Z6.900 E492.6091
G1 X132.737 Y126.538 Z6.900 E492.6702
G1 X132.889 Y125.000 Z6.900 E492.7313
G1 X132.737 Y123.461 Z6.900 E492.7924
G1 X132.289 Y121.980 Z6.900 E492.8535
G1 X131.559 Y120.616 Z6.900 E492.9146
G1 X130.578 Y119.421 Z6.900 E492.9756
G1 X129.383 Y118.440 Z6.900 E493.0367
G1 X128.019 Y117.710 Z6.900 E493.0978
G1 X126.538 Y117.262 Z6.900 E493.1589
G1 X125.000 Y117.110 Z6.900 E493.2200
G1 X123.921 Y117.216 Z6.900 E493.2628
G1 X121.984 Y117.708 Z6.900 E493.3417
G1 X120.616 Y118.440 Z6.900 E493.4030
G1 X119.421 Y119.421 Z6.900 E493.4641
G1 X118.440 Y120.616 Z6.900 E493.5204
G1 X117.710 Y121.980 Z6.900 E493.5721
G1 X117.262 Y123.461 Z6.900 E493.6190
G1 X117.110 Y125.000 Z6.900 E493.6612
G1 X117.262 Y126.538 Z6.900 E493.6986
G1 X117.710 Y128.019 Z6.900 E493.7314
G1 X118.440 Y129.383 Z6.900 E493.7594
G1 X119.421 Y130.578 Z6.900 E493.7827
G1 X120.616 Y131.559 Z6.900 E493.8013
G1 X121.980 Y132.289 Z6.900 E493.8151
G1 X123.461 Y132.737 Z6.900 E493.8242
G1 X125.000 Y132.889 Z6.900 E493.8286
G1 X126.433 Y132.747 Z6.900 E493.8286
G1 F2400 E492.8286
G1 F300 Z7.100
G0 F3900 X126.480 Y133.245
G0 X125.000 Y133.491
G0 X121.750 Y132.844
G0 X118.996 Y131.003
G0 X117.155 Y128.249
G0 X116.508 Y125.000
G0 X117.031 Y122.369
G0 X118.924 Y117.645
G0 X118.859 Y117.568
;TYPE:WALL-INNER
;WIDTH:0.400
;FLOW:85.0
G1 F300 Z6.650
G1 F1500 E493.8286
G1 F2206 X120.195 Y116.641 Z6.670 E493.8333
G1 X121.660 Y115.958 Z6.691 E493.8426
G1 X122.988 Y115.671 Z6.708 E493.8536
G1 X124.316 Y115.385 Z6.724 E493.8679
G1 X125.932 Y115.405 Z6.745 E493.8895
G1 X127.541 Y115.700 Z6.765 E493.9162
G1 X129.069 Y116.262 Z6.785 E493.9474
G1 X130.019 Y116.847 Z6.799 E493.9709
G1 X130.969 Y117.432 Z6.813 E493.9967
G1 X132.161 Y118.545 Z6.834 E494.0391
G1 X133.138 Y119.833 Z6.854 E494.0857
G1 X133.696 Y121.068 Z6.871 E494.1280
G1 X134.254 Y122.303 Z6.888 E494.1736
G1 X134.447 Y123.254 Z6.900 E494.2078
G1 X134.575 Y123.882 Z6.900 E494.2305
G1 X134.575 Y126.117 Z6.900 E494.3095
G1 X134.254 Y127.696 Z6.900 E494.3664
G1 X133.138 Y130.166 Z6.900 E494.4622
G1 X132.161 Y131.454 Z6.900 E494.5193
G1 X130.964 Y132.574 Z6.900 E494.5773
G1 X129.597 Y133.473 Z6.900 E494.6351
G1 X128.102 Y134.128 Z6.900 E494.6928
G1 X126.524 Y134.518 Z6.900 E494.7502
G1 X124.290 Y134.613 Z6.900 E494.8292
G1 X122.678 Y134.357 Z6.900 E494.8869
G1 X121.138 Y133.833 Z6.900 E494.9444
G1 X119.711 Y133.060 Z6.900 E495.0017
G1 X117.676 Y131.268 Z6.900 E495.0976
G1 X116.731 Y129.957 Z6.900 E495.1547
G1 X116.016 Y128.493 Z6.900 E495.2122
G1 X115.452 Y126.330 Z6.900 E495.2912
G1 X115.364 Y124.722 Z6.900 E495.3482
G1 X115.822 Y122.052 Z6.900 E495.4439
G1 X116.445 Y120.554 Z6.900 E495.5012
G1 X117.315 Y119.178 Z6.900 E495.5587
G1 X118.859 Y117.568 Z6.900 E495.6376
G1 X120.195 Y116.641 Z6.900 E495.6904
G1 X121.660 Y115.958 Z6.900 E495.7382
G1 X122.988 Y115.671 Z6.900 E495.7752
G1 X124.316 Y115.385 Z6.900 E495.8089
G1 X125.932 Y115.405 Z6.900 E495.8444
G1 X127.541 Y115.700 Z6.900 E495.8756
G1 X129.069 Y116.262 Z6.900 E495.9019
G1 X130.019 Y116.847 Z6.900 E495.9178
G1 X130.969 Y117.432 Z6.900 E495.9314
G1 X132.161 Y118.545 Z6.900 E495.9467
G1 X133.138 Y119.833 Z6.900 E495.9572
G1 X133.696 Y121.068 Z6.900 E495.9628
G1 X134.254 Y122.303 Z6.900 E495.9651
G1 X134.447 Y123.254 Z6.900 E495.9651
G1 F2400 E494.9651
G1 F300 Z7.100
G0 F3900 X129.494 Y118.274
G0 X126.576 Y117.066
G0 X123.887 Y117.020
G0 X122.768 Y117.303
G0 X119.137 Y119.137
G1 F300 Z6.650
G1 F1500 E495.9651
G1 F2206 X118.106 Y120.393 Z6.670 E495.9698
G1 X117.339 Y121.826 Z6.691 E495.9791
G1 X116.868 Y123.383 Z6.711 E495.9931
G1 X116.708 Y125.000 Z6.731 E496.0118
G1 X116.868 Y126.616 Z6.752 E496.0351
G1 X117.339 Y128.173 Z6.772 E496.0631
G1 X118.106 Y129.606 Z6.792 E496.0958
G1 X119.137 Y130.862 Z6.813 E496.1332
G1 X120.393 Y131.893 Z6.833 E496.1752
G1 X121.826 Y132.660 Z6.853 E496.2218
G1 X123.383 Y133.131 Z6.873 E496.2732
G1 X125.000 Y133.291 Z6.894 E496.3292
G1 X125.492 Y133.242 Z6.900 E496.3467
G1 X126.616 Y133.131 Z6.900 E496.3866
G1 X128.173 Y132.660 Z6.900 E496.4441
G1 X129.606 Y131.893 Z6.900 E496.5015
G1 X130.862 Y130.862 Z6.900 E496.5590
G1 X131.893 Y129.606 Z6.900 E496.6164
G1 X132.660 Y128.173 Z6.900 E496.6738
G1 X133.131 Y126.616 Z6.900 E496.7313
G1 X133.291 Y125.000 Z6.900 E496.7887
G1 X133.131 Y123.383 Z6.900 E496.8461
G1 X132.660 Y121.826 Z6.900 E496.9036
G1 X131.893 Y120.393 Z6.900 E496.9610
G1 X130.862 Y119.137 Z6.900 E497.0185
G1 X129.606 Y118.106 Z6.900 E497.0759
G1 X128.173 Y117.339 Z6.900 E497.1333
G1 X126.616 Y116.868 Z6.900 E497.1908
G1 X125.000 Y116.708 Z6.900 E497.2482
G1 X123.852 Y116.821 Z6.900 E497.2890
G1 X121.838 Y117.332 Z6.900 E497.3624
G1 X120.393 Y118.106 Z6.900 E497.4203
G1 X119.137 Y119.137 Z6.900 E497.4777
G1 X118.106 Y120.393 Z6.900 E497.5305
G1 X117.339 Y121.826 Z6.900 E497.5786
G1 X116.868 Y123.383 Z6.900 E497.6221
G1 X116.708 Y125.000 Z6.900 E497.6608
G1 X116.868 Y126.616 Z6.900 E497.6949
G1 X117.339 Y128.173 Z6.900 E497.7244
G1 X118.106 Y129.606 Z6.900 E497.7491
G1 X119.137 Y130.862 Z6.900 E497.7692
G1 X120.393 Y131.893 Z6.900 E497.7846
G1 X121.826 Y132.660 Z6.900 E497.7954
G1 X123.383 Y133.131 Z6.900 E497.8015
G1 X125.000 Y133.291 Z6.900 E497.8029
G1 X125.492 Y133.242 Z6.900 E497.8029
;PRINTING_TIME: 755
;REMAINING_TIME: 225
;LAYER:28
;Z:7.150
;HEIGHT:0.250
;FLOW:100.0
M106 S145
;PRINTING: haibike.stl
;PRINTING_ID: 0
G1 F2400 E496.8029
G1 F300 Z7.350
G0 F3900 X125.500 Y133.342
G0 F300 Z7.150
G0 F3900 X123.345 Y133.327
G0 X121.610 Y132.609
G0 X119.052 Y131.259
;TYPE:FILL
;WIDTH:0.360
;FLOW:85.0
G1 F300 Z7.150
G1 F1500 E497.8029
G1 F3178 X119.392 Y132.068 E497.8308
G1 X119.384 Y132.298 E497.8381
G1 X117.979 Y131.062 E497.8977
G1 X117.059 Y129.797 E497.9474
G1 X116.371 Y128.412 E497.9966
G1 X116.029 Y127.098 E498.0398
G1 X116.390 Y127.355 E498.0539
G1 X116.829 Y127.733 E498.0723
G1 F2400 E497.0723
G1 F300 Z7.350
G0 F3900 X116.508 Y125.000
G0 X117.031 Y122.369
G0 X118.957 Y117.617
G0 X118.633 Y117.234
;TYPE:WALL-OUTER
;WIDTH:0.400
;FLOW:95.0
G1 F300 Z6.900
G1 F1500 E498.0723
G1 F2119 X120.034 Y116.271 Z6.921 E498.0780
G1 X121.586 Y115.556 Z6.943 E498.0895
G1 X123.222 Y115.117 Z6.964 E498.1066
G1 X124.577 Y115.059 Z6.981 E498.1239
G1 X125.932 Y115.002 Z6.998 E498.1448
G1 X127.604 Y115.301 Z7.019 E498.1767
G1 X129.202 Y115.880 Z7.040 E498.2143
G1 X130.684 Y116.722 Z7.061 E498.2578
G1 X131.586 Y117.516 Z7.076 E498.2913
G1 X132.489 Y118.311 Z7.092 E498.3277
G1 X133.509 Y119.668 Z7.113 E498.3848
G1 X134.066 Y120.901 Z7.130 E498.4339
G1 X134.623 Y122.134 Z7.147 E498.4866
G1 X134.678 Y122.402 Z7.150 E498.4974
G1 X134.969 Y123.797 Z7.150 E498.5537
G1 X134.969 Y126.202 Z7.150 E498.6487
G1 X134.623 Y127.865 Z7.150 E498.7158
G1 X133.509 Y130.331 Z7.150 E498.8226
G1 X132.485 Y131.693 Z7.150 E498.8899
G1 X131.254 Y132.856 Z7.150 E498.9568
G1 X129.829 Y133.804 Z7.150 E499.0244
G1 X128.273 Y134.492 Z7.150 E499.0916
G1 X126.626 Y134.908 Z7.150 E499.1587
G1 X124.216 Y135.010 Z7.150 E499.2540
G1 X122.544 Y134.737 Z7.150 E499.3209
G1 X120.931 Y134.180 Z7.150 E499.3883
G1 X119.444 Y133.364 Z7.150 E499.4553
G1 X117.411 Y131.575 Z7.150 E499.5623
G1 X116.408 Y130.197 Z7.150 E499.6296
G1 X115.656 Y128.679 Z7.150 E499.6965
G1 X115.049 Y126.346 Z7.150 E499.7917
G1 X114.964 Y124.653 Z7.150 E499.8586
G1 X115.423 Y121.980 Z7.150 E499.9658
G1 X116.067 Y120.414 Z7.150 E500.0326
G1 X116.971 Y118.967 Z7.150 E500.1000
G1 X118.633 Y117.234 Z7.150 E500.1949
G1 X120.034 Y116.271 Z7.150 E500.2563
G1 X121.586 Y115.556 Z7.150 E500.3123
G1 X123.222 Y115.117 Z7.150 E500.3621
G1 X124.577 Y115.059 Z7.150 E500.3984
G1 X125.932 Y115.002 Z7.150 E500.4310
G1 X127.604 Y115.301 Z7.150 E500.4662
G1 X129.202 Y115.880 Z7.150 E500.4957
G1 X130.684 Y116.722 Z7.150 E500.5195
G1 X131.586 Y117.516 Z7.150 E500.5335
G1 X132.489 Y118.311 Z7.150 E500.5446
G1 X133.509 Y119.668 Z7.150 E500.5546
G1 X134.066 Y120.901 Z7.150 E500.5589
G1 X134.623 Y122.134 Z7.150 E500.5597
G1 X134.678 Y122.402 Z7.150 E500.5597
G1 F2400 E499.5597
G1 F300 Z7.350
G0 F3900 X134.189 Y122.503
G0 X129.717 Y117.940
G0 X126.654 Y116.672
G0 X123.779 Y116.628
G0 X121.766 Y117.147
G0 X120.171 Y118.244
G0 X119.036 Y119.104
G0 X119.421 Y119.421
G1 F300 Z6.900
G1 F1500 E500.5597
G1 F2119 X118.440 Y120.616 Z6.919 E500.5644
G1 X117.710 Y121.980 Z6.939 E500.5738
G1 X117.262 Y123.461 Z6.958 E500.5880
G1 X117.110 Y125.000 Z6.977 E500.6069
G1 X117.262 Y126.538 Z6.997 E500.6305
G1 X117.710 Y128.019 Z7.016 E500.6589
G1 X118.440 Y129.383 Z7.035 E500.6919
G1 X119.421 Y130.578 Z7.055 E500.7297
G1 X120.616 Y131.559 Z7.074 E500.7722
G1 X121.980 Y132.289 Z7.093 E500.8195
G1 X123.461 Y132.737 Z7.113 E500.8715
G1 X125.000 Y132.889 Z7.132 E500.9281
G1 X126.433 Y132.747 Z7.150 E500.9850
G1 X126.538 Y132.737 Z7.150 E500.9892
G1 X128.019 Y132.289 Z7.150 E501.0503
G1 X129.383 Y131.559 Z7.150 E501.1114
G1 X130.578 Y130.578 Z7.150 E501.1725
G1 X131.559 Y129.383 Z7.150 E501.2335
G1 X132.289 Y128.019 Z7.150 E501.2946
G1 X132.737 Y126.538 Z7.150 E501.3557
G1 X132.889 Y125.000 Z7.150 E501.4168
G1 X132.737 Y123.461 Z7.150 E501.4779
G1 X132.289 Y121.980 Z7.150 E501.5390
G1 X131.559 Y120.616 Z7.150 E501.6001
G1 X130.578 Y119.421 Z7.150 E501.6611
G1 X129.383 Y118.440 Z7.150 E501.7222
G1 X128.019 Y117.710 Z7.150 E501.7833
G1 X126.538 Y117.262 Z7.150 E501.8444
G1 X125.000 Y117.110 Z7.150 E501.9055
G1 X123.883 Y117.219 Z7.150 E501.9498
G1 X121.984 Y117.708 Z7.150 E502.0272
G1 X120.616 Y118.440 Z7.150 E502.0885
G1 X119.421 Y119.421 Z7.150 E502.1496
G1 X118.440 Y120.616 Z7.150 E502.2059
G1 X117.710 Y121.980 Z7.150 E502.2576
G1 X117.262 Y123.461 Z7.150 E502.3045
G1 X117.110 Y125.000 Z7.150 E502.3467
G1 X117.262 Y126.538 Z7.150 E502.3841
G1 X117.710 Y128.019 Z7.150 E502.4169
G1 X118.440 Y129.383 Z7.150 E502.4449
G1 X119.421 Y130.578 Z7.150 E502.4682
G1 X120.616 Y131.559 Z7.150 E502.4868
G1 X121.980 Y132.289 Z7.150 E502.5006
G1 X123.461 Y132.737 Z7.150 E502.5098
G1 X125.000 Y132.889 Z7.150 E502.5142
G1 X126.433 Y132.747 Z7.150 E502.5142
G1 F2400 E501.5142
G1 F300 Z7.350
G0 F3900 X126.480 Y133.245
G0 X125.000 Y133.491
G0 X121.750 Y132.844
G0 X118.996 Y131.003
G0 X117.155 Y128.249
G0 X116.508 Y125.000
G0 X117.031 Y122.369
G0 X118.957 Y117.617
G0 X118.893 Y117.540
;TYPE:WALL-INNER
;WIDTH:0.400
;FLOW:85.0
G1 F300 Z6.900
G1 F1500 E502.5142
G1 F2119 X120.232 Y116.620 Z6.920 E502.5188
G1 X121.722 Y115.934 Z6.941 E502.5283
G1 X123.283 Y115.515 Z6.961 E502.5422
G1 X124.594 Y115.459 Z6.977 E502.5566
G1 X125.905 Y115.404 Z6.994 E502.5740
G1 X127.500 Y115.689 Z7.014 E502.6001
G1 X129.034 Y116.245 Z7.034 E502.6311
G1 X130.451 Y117.049 Z7.055 E502.6668
G1 X131.322 Y117.816 Z7.069 E502.6946
G1 X132.194 Y118.584 Z7.084 E502.7248
G1 X133.163 Y119.873 Z7.104 E502.7713
G1 X133.701 Y121.066 Z7.120 E502.8120
G1 X134.240 Y122.259 Z7.137 E502.8559
G1 X134.456 Y123.297 Z7.150 E502.8933
G1 X134.569 Y123.838 Z7.150 E502.9129
G1 X134.569 Y126.161 Z7.150 E502.9949
G1 X134.240 Y127.740 Z7.150 E503.0519
G1 X133.163 Y130.126 Z7.150 E503.1445
G1 X132.186 Y131.426 Z7.150 E503.2019
G1 X131.004 Y132.542 Z7.150 E503.2594
G1 X129.636 Y133.452 Z7.150 E503.3174
G1 X128.142 Y134.112 Z7.150 E503.3751
G1 X126.568 Y134.510 Z7.150 E503.4325
G1 X124.240 Y134.609 Z7.150 E503.5149
G1 X122.642 Y134.348 Z7.150 E503.5721
G1 X121.094 Y133.813 Z7.150 E503.6300
G1 X119.675 Y133.035 Z7.150 E503.6872
G1 X117.708 Y131.304 Z7.150 E503.7797
G1 X116.751 Y129.989 Z7.150 E503.8372
G1 X116.033 Y128.538 Z7.150 E503.8944
G1 X115.446 Y126.285 Z7.150 E503.9767
G1 X115.366 Y124.677 Z7.150 E504.0336
G1 X115.810 Y122.091 Z7.150 E504.1263
G1 X116.424 Y120.597 Z7.150 E504.1834
G1 X117.288 Y119.214 Z7.150 E504.2410
G1 X118.893 Y117.540 Z7.150 E504.3230
G1 X120.232 Y116.620 Z7.150 E504.3757
G1 X121.722 Y115.934 Z7.150 E504.4242
G1 X123.283 Y115.515 Z7.150 E504.4674
G1 X124.594 Y115.459 Z7.150 E504.4994
G1 X125.905 Y115.404 Z7.150 E504.5284
G1 X127.500 Y115.689 Z7.150 E504.5595
G1 X129.034 Y116.245 Z7.150 E504.5862
G1 X130.451 Y117.049 Z7.150 E504.6081
G1 X131.322 Y117.816 Z7.150 E504.6213
G1 X132.194 Y118.584 Z7.150 E504.6322
G1 X133.163 Y119.873 Z7.150 E504.6427
G1 X133.701 Y121.066 Z7.150 E504.6482
G1 X134.240 Y122.259 Z7.150 E504.6506
G1 X134.456 Y123.297 Z7.150 E504.6506
G1 F2400 E503.6506
G1 F300 Z7.350
G0 F3900 X129.494 Y118.274
G0 X126.576 Y117.066
G0 X123.849 Y117.023
G0 X122.752 Y117.305
G0 X119.137 Y119.137
G1 F300 Z6.900
G1 F1500 E504.6506
G1 F2119 X118.106 Y120.393 Z6.920 E504.6553
G1 X117.339 Y121.826 Z6.941 E504.6646
G1 X116.868 Y123.383 Z6.961 E504.6786
G1 X116.708 Y125.000 Z6.981 E504.6973
G1 X116.868 Y126.616 Z7.002 E504.7206
G1 X117.339 Y128.173 Z7.022 E504.7486
G1 X118.106 Y129.606 Z7.042 E504.7813
G1 X119.137 Y130.862 Z7.063 E504.8186
G1 X120.393 Y131.893 Z7.083 E504.8606
G1 X121.826 Y132.660 Z7.103 E504.9073
G1 X123.383 Y133.131 Z7.123 E504.9587
G1 X125.000 Y133.291 Z7.144 E505.0147
G1 X125.492 Y133.242 Z7.150 E505.0322
G1 X126.616 Y133.131 Z7.150 E505.0721
G1 X128.173 Y132.660 Z7.150 E505.1296
G1 X129.606 Y131.893 Z7.150 E505.1870
G1 X130.862 Y130.862 Z7.150 E505.2444
G1 X131.893 Y129.606 Z7.150 E505.3019
G1 X132.660 Y128.173 Z7.150 E505.3593
G1 X133.131 Y126.616 Z7.150 E505.4168
G1 X133.291 Y125.000 Z7.150 E505.4742
G1 X133.131 Y123.383 Z7.150 E505.5316
G1 X132.660 Y121.826 Z7.150 E505.5891
G1 X131.893 Y120.393 Z7.150 E505.6465
G1 X130.862 Y119.137 Z7.150 E505.7040
G1 X129.606 Y118.106 Z7.150 E505.7614
G1 X128.173 Y117.339 Z7.150 E505.8188
G1 X126.616 Y116.868 Z7.150 E505.8763
G1 X125.000 Y116.708 Z7.150 E505.9337
G1 X123.813 Y116.824 Z7.150 E505.9758
G1 X121.838 Y117.333 Z7.150 E506.0479
G1 X120.393 Y118.106 Z7.150 E506.1058
G1 X119.137 Y119.137 Z7.150 E506.1632
G1 X118.106 Y120.393 Z7.150 E506.2160
G1 X117.339 Y121.826 Z7.150 E506.2641
G1 X116.868 Y123.383 Z7.150 E506.3076
G1 X116.708 Y125.000 Z7.150 E506.3463
G1 X116.868 Y126.616 Z7.150 E506.3804
G1 X117.339 Y128.173 Z7.150 E506.4099
G1 X118.106 Y129.606 Z7.150 E506.4346
G1 X119.137 Y130.862 Z7.150 E506.4547
G1 X120.393 Y131.893 Z7.150 E506.4701
G1 X121.826 Y132.660 Z7.150 E506.4809
G1 X123.383 Y133.131 Z7.150 E506.4870
G1 X125.000 Y133.291 Z7.150 E506.4884
G1 X125.492 Y133.242 Z7.150 E506.4884
;PRINTING_TIME: 769
;REMAINING_TIME: 211
;LAYER:29
;Z:7.400
;HEIGHT:0.250
;FLOW:100.0
M106 S135
;PRINTING: haibike.stl
;PRINTING_ID: 0
G1 F2400 E505.4884
G1 F300 Z7.600
G0 F3900 X125.500 Y133.342
G0 F300 Z7.400
G0 F3900 X123.345 Y133.327
G0 X120.282 Y132.059
G0 X118.386 Y130.163
G0 X116.809 Y127.667
;TYPE:FILL
;WIDTH:0.360
;FLOW:85.0
G1 F300 Z7.400
G1 F1500 E506.4884
G1 F3391 X116.484 Y127.355 E506.5027
G1 X116.009 Y126.993 E506.5217
G1 X116.389 Y128.453 E506.5697
G1 X117.083 Y129.841 E506.6191
G1 X117.237 Y130.050 E506.6273
G1 X118.005 Y131.093 E506.6685
G1 X119.845 Y132.712 E506.7465
G1 X121.199 Y133.463 E506.7957
G1 X122.690 Y133.985 E506.8460
G1 X123.612 Y134.141 E506.8757
G1 X124.220 Y134.243 E506.8953
G1 X126.561 Y134.144 E506.9698
G1 X128.073 Y133.755 E507.0195
G1 X129.500 Y133.114 E507.0692
G1 X130.160 Y132.672 E507.0945
G1 X130.808 Y132.236 E507.1193
G1 X131.949 Y131.149 E507.1695
G1 X132.874 Y129.906 E507.2187
G1 X133.884 Y127.672 E507.2967
G1 X134.132 Y126.500 E507.3348
G1 X133.613 Y126.177 E507.3543
G1 X133.540 Y126.134 E507.3570
G1 F2400 E506.3570
G1 F300 Z7.600
G0 F3900 X133.327 Y123.345
G0 X132.059 Y120.282
G0 X129.717 Y117.940
G0 X126.654 Y116.672
G0 X124.294 Y116.641
G0 X118.994 Y117.588
G0 X118.670 Y117.204
;TYPE:WALL-OUTER
;WIDTH:0.400
;FLOW:95.0
G1 F300 Z7.150
G1 F1500 E507.3570
G1 F2261 X120.076 Y116.247 Z7.171 E507.3627
G1 X121.620 Y115.544 Z7.192 E507.3741
G1 X122.901 Y115.268 Z7.209 E507.3862
G1 X124.183 Y114.992 Z7.225 E507.4018
G1 X125.881 Y114.997 Z7.246 E507.4277
G1 X127.560 Y115.289 Z7.268 E507.4594
G1 X129.157 Y115.860 Z7.289 E507.4966
G1 X130.222 Y116.515 Z7.305 E507.5272
G1 X131.287 Y117.170 Z7.320 E507.5608
G1 X132.521 Y118.346 Z7.342 E507.6124
G1 X133.533 Y119.705 Z7.363 E507.6693
G1 X134.071 Y120.896 Z7.379 E507.7166
G1 X134.610 Y122.088 Z7.395 E507.7673
G1 X134.686 Y122.447 Z7.400 E507.7818
G1 X134.963 Y123.751 Z7.400 E507.8345
G1 X134.963 Y126.248 Z7.400 E507.9331
G1 X134.610 Y127.911 Z7.400 E508.0003
G1 X133.533 Y130.294 Z7.400 E508.1035
G1 X132.521 Y131.653 Z7.400 E508.1705
G1 X131.286 Y132.830 Z7.400 E508.2378
G1 X129.868 Y133.782 Z7.400 E508.3053
G1 X128.322 Y134.476 Z7.400 E508.3722
G1 X126.671 Y134.900 Z7.400 E508.4396
G1 X124.170 Y135.006 Z7.400 E508.5384
G1 X122.500 Y134.725 Z7.400 E508.6053
G1 X120.890 Y134.161 Z7.400 E508.6727
G1 X119.404 Y133.337 Z7.400 E508.7398
G1 X117.439 Y131.608 Z7.400 E508.8432
G1 X116.434 Y130.241 Z7.400 E508.9102
G1 X115.674 Y128.722 Z7.400 E508.9773
G1 X115.043 Y126.299 Z7.400 E509.0762
G1 X114.966 Y124.605 Z7.400 E509.1431
G1 X115.409 Y122.026 Z7.400 E509.2465
G1 X116.045 Y120.454 Z7.400 E509.3135
G1 X116.942 Y119.007 Z7.400 E509.3807
G1 X118.670 Y117.204 Z7.400 E509.4794
G1 X120.076 Y116.247 Z7.400 E509.5408
G1 X121.620 Y115.544 Z7.400 E509.5964
G1 X122.901 Y115.268 Z7.400 E509.6360
G1 X124.183 Y114.992 Z7.400 E509.6722
G1 X125.881 Y114.997 Z7.400 E509.7134
G1 X127.560 Y115.289 Z7.400 E509.7490
G1 X129.157 Y115.860 Z7.400 E509.7788
G1 X130.222 Y116.515 Z7.400 E509.7976
G1 X131.287 Y117.170 Z7.400 E509.8134
G1 X132.521 Y118.346 Z7.400 E509.8291
G1 X133.533 Y119.705 Z7.400 E509.8391
G1 X134.071 Y120.896 Z7.400 E509.8434
G1 X134.610 Y122.088 Z7.400 E509.8444
G1 X134.686 Y122.447 Z7.400 E509.8444
G1 F2400 E508.8444
G1 F300 Z7.600
G0 F3900 X134.198 Y122.549
G0 X129.717 Y117.940
G0 X126.654 Y116.672
G0 X123.739 Y116.632
G0 X121.765 Y117.147
G0 X120.171 Y118.244
G0 X119.036 Y119.104
G0 X119.421 Y119.421
G1 F300 Z7.150
G1 F1500 E509.8444
G1 F2261 X118.440 Y120.616 Z7.169 E509.8491
G1 X117.710 Y121.980 Z7.189 E509.8585
G1 X117.262 Y123.461 Z7.208 E509.8727
G1 X117.110 Y125.000 Z7.227 E509.8916
G1 X117.262 Y126.538 Z7.247 E509.9152
G1 X117.710 Y128.019 Z7.266 E509.9436
G1 X118.440 Y129.383 Z7.285 E509.9766
G1 X119.421 Y130.578 Z7.305 E510.0144
G1 X120.616 Y131.559 Z7.324 E510.0569
G1 X121.980 Y132.289 Z7.343 E510.1042
G1 X123.461 Y132.737 Z7.363 E510.1562
G1 X125.000 Y132.889 Z7.382 E510.2128
G1 X126.433 Y132.747 Z7.400 E510.2697
G1 X126.538 Y132.737 Z7.400 E510.2739
G1 X128.019 Y132.289 Z7.400 E510.3350
G1 X129.383 Y131.559 Z7.400 E510.3961
G1 X130.578 Y130.578 Z7.400 E510.4572
G1 X131.559 Y129.383 Z7.400 E510.5182
G1 X132.289 Y128.019 Z7.400 E510.5793
G1 X132.737 Y126.538 Z7.400 E510.6404
G1 X132.889 Y125.000 Z7.400 E510.7015
G1 X132.737 Y123.461 Z7.400 E510.7626
G1 X132.289 Y121.980 Z7.400 E510.8237
G1 X131.559 Y120.616 Z7.400 E510.8848
G1 X130.578 Y119.421 Z7.400 E510.9458
G1 X129.383 Y118.440 Z7.400 E511.0069
G1 X128.019 Y117.710 Z7.400 E511.0680
G1 X126.538 Y117.262 Z7.400 E511.1291
G1 X125.000 Y117.110 Z7.400 E511.1902
G1 X123.844 Y117.223 Z7.400 E511.2360
G1 X121.984 Y117.708 Z7.400 E511.3120
G1 X120.616 Y118.440 Z7.400 E511.3732
G1 X119.421 Y119.421 Z7.400 E511.4343
G1 X118.440 Y120.616 Z7.400 E511.4907
G1 X117.710 Y121.980 Z7.400 E511.5423
G1 X117.262 Y123.461 Z7.400 E511.5892
G1 X117.110 Y125.000 Z7.400 E511.6314
G1 X117.262 Y126.538 Z7.400 E511.6689
G1 X117.710 Y128.019 Z7.400 E511.7016
G1 X118.440 Y129.383 Z7.400 E511.7296
G1 X119.421 Y130.578 Z7.400 E511.7529
G1 X120.616 Y131.559 Z7.400 E511.7715
G1 X121.980 Y132.289 Z7.400 E511.7854
G1 X123.461 Y132.737 Z7.400 E511.7945
G1 X125.000 Y132.889 Z7.400 E511.7989
G1 X126.433 Y132.747 Z7.400 E511.7989
G1 F2400 E510.7989
G1 F300 Z7.600
G0 F3900 X126.480 Y133.245
G0 X125.000 Y133.491
G0 X121.750 Y132.844
G0 X118.996 Y131.003
G0 X117.155 Y128.249
G0 X116.508 Y125.000
G0 X117.031 Y122.369
G0 X118.994 Y117.588
G0 X118.930 Y117.511
;TYPE:WALL-INNER
;WIDTH:0.400
;FLOW:85.0
G1 F300 Z7.150
G1 F1500 E511.7989
G1 F2261 X120.273 Y116.597 Z7.170 E511.8035
G1 X121.746 Y115.926 Z7.191 E511.8128
G1 X122.985 Y115.659 Z7.206 E511.8229
G1 X124.225 Y115.392 Z7.222 E511.8359
G1 X125.846 Y115.397 Z7.243 E511.8571
G1 X127.458 Y115.677 Z7.263 E511.8832
G1 X128.983 Y116.223 Z7.283 E511.9137
G1 X130.012 Y116.856 Z7.298 E511.9390
G1 X131.042 Y117.489 Z7.313 E511.9669
G1 X132.220 Y118.612 Z7.334 E512.0092
G1 X133.186 Y119.909 Z7.354 E512.0558
G1 X133.707 Y121.061 Z7.370 E512.0951
G1 X134.228 Y122.213 Z7.386 E512.1372
G1 X134.467 Y123.341 Z7.400 E512.1780
G1 X134.563 Y123.793 Z7.400 E512.1943
G1 X134.563 Y126.206 Z7.400 E512.2796
G1 X134.228 Y127.786 Z7.400 E512.3367
G1 X133.186 Y130.090 Z7.400 E512.4260
G1 X132.220 Y131.387 Z7.400 E512.4832
G1 X131.035 Y132.517 Z7.400 E512.5410
G1 X129.673 Y133.431 Z7.400 E512.5990
G1 X128.189 Y134.097 Z7.400 E512.6565
G1 X126.612 Y134.502 Z7.400 E512.7140
G1 X124.195 Y134.605 Z7.400 E512.7995
G1 X122.600 Y134.336 Z7.400 E512.8567
G1 X121.054 Y133.795 Z7.400 E512.9145
G1 X119.636 Y133.008 Z7.400 E512.9719
G1 X117.736 Y131.336 Z7.400 E513.0613
G1 X116.776 Y130.032 Z7.400 E513.1185
G1 X116.051 Y128.581 Z7.400 E513.1758
G1 X115.441 Y126.239 Z7.400 E513.2614
G1 X115.368 Y124.630 Z7.400 E513.3183
G1 X115.796 Y122.136 Z7.400 E513.4077
G1 X116.403 Y120.636 Z7.400 E513.4649
G1 X117.260 Y119.253 Z7.400 E513.5224
G1 X118.930 Y117.511 Z7.400 E513.6077
G1 X120.273 Y116.597 Z7.400 E513.6604
G1 X121.746 Y115.926 Z7.400 E513.7083
G1 X122.985 Y115.659 Z7.400 E513.7430
G1 X124.225 Y115.392 Z7.400 E513.7749
G1 X125.846 Y115.397 Z7.400 E513.8110
G1 X127.458 Y115.677 Z7.400 E513.8427
G1 X128.983 Y116.223 Z7.400 E513.8694
G1 X130.012 Y116.856 Z7.400 E513.8868
G1 X131.042 Y117.489 Z7.400 E513.9016
G1 X132.220 Y118.612 Z7.400 E513.9168
G1 X133.186 Y119.909 Z7.400 E513.9274
G1 X133.707 Y121.061 Z7.400 E513.9328
G1 X134.228 Y122.213 Z7.400 E513.9353
G1 X134.467 Y123.341 Z7.400 E513.9353
G1 F2400 E512.9353
G1 F300 Z7.600
G0 F3900 X129.494 Y118.274
G0 X126.576 Y117.066
G0 X123.809 Y117.027
G0 X122.734 Y117.306
G0 X119.137 Y119.137
G1 F300 Z7.150
G1 F1500 E513.9353
G1 F2261 X118.106 Y120.393 Z7.170 E513.9400
G1 X117.339 Y121.826 Z7.191 E513.9493
G1 X116.868 Y123.383 Z7.211 E513.9634
G1 X116.708 Y125.000 Z7.231 E513.9820
G1 X116.868 Y126.616 Z7.252 E514.0053
G1 X117.339 Y128.173 Z7.272 E514.0334
G1 X118.106 Y129.606 Z7.292 E514.0660
G1 X119.137 Y130.862 Z7.313 E514.1034
G1 X120.393 Y131.893 Z7.333 E514.1454
G1 X121.826 Y132.660 Z7.353 E514.1921
G1 X123.383 Y133.131 Z7.373 E514.2434
G1 X125.000 Y133.291 Z7.394 E514.2994
G1 X125.492 Y133.242 Z7.400 E514.3169
G1 X126.616 Y133.131 Z7.400 E514.3568
G1 X128.173 Y132.660 Z7.400 E514.4143
G1 X129.606 Y131.893 Z7.400 E514.4718
G1 X130.862 Y130.862 Z7.400 E514.5292
G1 X131.893 Y129.606 Z7.400 E514.5866
G1 X132.660 Y128.173 Z7.400 E514.6440
G1 X133.131 Y126.616 Z7.400 E514.7015
G1 X133.291 Y125.000 Z7.400 E514.7589
G1 X133.131 Y123.383 Z7.400 E514.8163
G1 X132.660 Y121.826 Z7.400 E514.8738
G1 X131.893 Y120.393 Z7.400 E514.9313
G1 X130.862 Y119.137 Z7.400 E514.9887
G1 X129.606 Y118.106 Z7.400 E515.0461
G1 X128.173 Y117.339 Z7.400 E515.1035
G1 X126.616 Y116.868 Z7.400 E515.1610
G1 X125.000 Y116.708 Z7.400 E515.2184
G1 X123.774 Y116.828 Z7.400 E515.2620
G1 X121.837 Y117.333 Z7.400 E515.3327
G1 X120.393 Y118.106 Z7.400 E515.3906
G1 X119.137 Y119.137 Z7.400 E515.4480
G1 X118.106 Y120.393 Z7.400 E515.5008
G1 X117.339 Y121.826 Z7.400 E515.5489
G1 X116.868 Y123.383 Z7.400 E515.5923
G1 X116.708 Y125.000 Z7.400 E515.6311
G1 X116.868 Y126.616 Z7.400 E515.6652
G1 X117.339 Y128.173 Z7.400 E515.6946
G1 X118.106 Y129.606 Z7.400 E515.7194
G1 X119.137 Y130.862 Z7.400 E515.7395
G1 X120.393 Y131.893 Z7.400 E515.7549
G1 X121.826 Y132.660 Z7.400 E515.7656
G1 X123.383 Y133.131 Z7.400 E515.7717
G1 X125.000 Y133.291 Z7.400 E515.7732
G1 X125.492 Y133.242 Z7.400 E515.7732
;PRINTING_TIME: 784
;REMAINING_TIME: 195
;LAYER:30
;Z:7.650
;HEIGHT:0.250
;FLOW:100.0
;PRINTING: haibike.stl
;PRINTING_ID: 0
G1 F2400 E514.7732
G1 F300 Z7.850
G0 F3900 X125.500 Y133.342
G0 F300 Z7.650
G0 F3900 X123.345 Y133.327
G0 X120.282 Y132.059
G0 X118.386 Y130.163
G0 X116.778 Y127.566
;TYPE:FILL
;WIDTH:0.360
;FLOW:85.0
G1 F300 Z7.650
G1 F1500 E515.7732
G1 F3600 X116.514 Y126.689 E515.8023
G1 X116.346 Y125.002 E515.8562
G1 X116.514 Y123.309 E515.9103
G1 X117.003 Y121.688 E515.9642
G1 X117.805 Y120.192 E516.0182
G1 X118.880 Y118.882 E516.0721
G1 X120.180 Y117.814 E516.1256
G1 X120.185 Y117.809 E516.1258
G1 X120.191 Y117.805 E516.1260
G1 X120.204 Y117.799 E516.1265
G1 X121.704 Y116.996 E516.1806
G1 X123.370 Y116.557 E516.2354
G1 X123.668 Y116.478 E516.2452
G1 X125.000 Y116.346 E516.2878
G1 X126.689 Y116.514 E516.3417
G1 X128.311 Y117.003 E516.3956
G1 X129.795 Y117.799 E516.4492
G1 X129.808 Y117.805 E516.4496
G1 X129.814 Y117.809 E516.4499
G1 X129.819 Y117.814 E516.4501
G1 X131.117 Y118.880 E516.5035
G1 X132.194 Y120.192 E516.5575
G1 X132.996 Y121.688 E516.6115
G1 X133.485 Y123.309 E516.6653
G1 X133.653 Y124.998 E516.7193
G1 X133.561 Y125.927 E516.7490
G1 X133.923 Y126.177 E516.7630
G1 X134.168 Y126.352 E516.7726
G1 X134.197 Y126.217 E516.7770
G1 X134.197 Y123.782 E516.8544
G1 X133.872 Y122.287 E516.9031
G1 X132.898 Y120.136 E516.9782
G1 X131.974 Y118.880 E517.0278
G1 X130.852 Y117.802 E517.0773
G1 X128.790 Y116.532 E517.1543
G1 X127.992 Y116.252 E517.1812
G1 X127.314 Y116.015 E517.2040
G1 X126.389 Y115.857 E517.2339
G1 X125.776 Y115.753 E517.2536
G1 X124.222 Y115.756 E517.3031
G1 X121.901 Y116.254 E517.3786
G1 X120.492 Y116.889 E517.4277
G1 X119.197 Y117.763 E517.4774
G1 X117.522 Y119.508 E517.5543
G1 X116.706 Y120.840 E517.6040
G1 X116.319 Y121.808 E517.6372
G1 X116.129 Y122.283 E517.6534
G1 X115.870 Y123.792 E517.7021
G1 X115.731 Y124.605 E517.7284
G1 X115.793 Y126.142 E517.7773
G1 X115.972 Y126.832 E517.8000
G1 X116.581 Y127.355 E517.8255
G1 X116.778 Y127.566 E517.8347
G1 X117.003 Y128.311 E517.8594
G1 X117.799 Y129.798 E517.9131
G1 X117.811 Y129.815 E517.9137
G1 X118.549 Y130.714 E517.9507
G1 X118.609 Y130.890 E517.9567
G1 X118.750 Y131.757 E517.9846
G1 X119.810 Y132.688 E518.0295
G1 X120.525 Y133.090 E518.0555
G1 X121.162 Y133.448 E518.0788
G1 X122.648 Y133.976 E518.1289
G1 X124.172 Y134.239 E518.1781
G1 X126.606 Y134.136 E518.2556
G1 X128.108 Y133.743 E518.3050
G1 X129.544 Y133.090 E518.3552
G1 X130.832 Y132.216 E518.4047
G1 X131.976 Y131.117 E518.4551
G1 X132.899 Y129.863 E518.5046
G1 X133.872 Y127.712 E518.5797
G1 X134.168 Y126.352 E518.6240
G1 F2400 E517.6240
G1 F300 Z7.850
G0 F3900 X132.844 Y121.750
G0 X131.003 Y118.996
G0 X128.249 Y117.155
G0 X125.325 Y116.573
G0 X119.028 Y117.561
G0 X118.706 Y117.176
;TYPE:WALL-OUTER
;WIDTH:0.400
;FLOW:95.0
G1 F300 Z7.400
G1 F1500 E518.6240
G1 F2400 X120.121 Y116.223 Z7.421 E518.6297
G1 X121.663 Y115.528 Z7.442 E518.6411
G1 X122.900 Y115.262 Z7.458 E518.6527
G1 X124.137 Y114.996 Z7.474 E518.6676
G1 X125.836 Y114.993 Z7.495 E518.6932
G1 X127.510 Y115.277 Z7.517 E518.7244
G1 X129.117 Y115.841 Z7.538 E518.7615
G1 X130.220 Y116.520 Z7.554 E518.7930
G1 X131.323 Y117.200 Z7.570 E518.8279
G1 X132.549 Y118.378 Z7.591 E518.8793
G1 X133.558 Y119.748 Z7.613 E518.9365
G1 X134.078 Y120.898 Z7.629 E518.9821
G1 X134.598 Y122.048 Z7.644 E519.0308
G1 X134.694 Y122.492 Z7.650 E519.0487
G1 X134.957 Y123.700 Z7.650 E519.0976
G1 X134.957 Y126.299 Z7.650 E519.2002
G1 X134.598 Y127.951 Z7.650 E519.2670
G1 X133.558 Y130.251 Z7.650 E519.3667
G1 X132.549 Y131.621 Z7.650 E519.4339
G1 X131.317 Y132.804 Z7.650 E519.5013
G1 X129.915 Y133.756 Z7.650 E519.5683
G1 X128.359 Y134.463 Z7.650 E519.6358
G1 X126.721 Y134.892 Z7.650 E519.7027
G1 X124.125 Y135.002 Z7.650 E519.8053
G1 X122.451 Y134.713 Z7.650 E519.8724
G1 X120.848 Y134.143 Z7.650 E519.9396
G1 X119.367 Y133.312 Z7.650 E520.0066
G1 X117.471 Y131.644 Z7.650 E520.1064
G1 X116.454 Y130.273 Z7.650 E520.1738
G1 X115.691 Y128.768 Z7.650 E520.2404
G1 X115.037 Y126.253 Z7.650 E520.3431
G1 X114.968 Y124.559 Z7.650 E520.4100
G1 X115.394 Y122.073 Z7.650 E520.5097
G1 X116.024 Y120.497 Z7.650 E520.5767
G1 X116.917 Y119.041 Z7.650 E520.6442
G1 X118.706 Y117.176 Z7.650 E520.7462
G1 X120.121 Y116.223 Z7.650 E520.8079
G1 X121.663 Y115.528 Z7.650 E520.8633
G1 X122.900 Y115.262 Z7.650 E520.9016
G1 X124.137 Y114.996 Z7.650 E520.9368
G1 X125.836 Y114.993 Z7.650 E520.9783
G1 X127.510 Y115.277 Z7.650 E521.0141
G1 X129.117 Y115.841 Z7.650 E521.0443
G1 X130.220 Y116.520 Z7.650 E521.0639
G1 X131.323 Y117.200 Z7.650 E521.0803
G1 X132.549 Y118.378 Z7.650 E521.0960
G1 X133.558 Y119.748 Z7.650 E521.1060
G1 X134.078 Y120.898 Z7.650 E521.1103
G1 X134.598 Y122.048 Z7.650 E521.1114
G1 X134.694 Y122.492 Z7.650 E521.1114
G1 F2400 E520.1114
G1 F300 Z7.850
G0 F3900 X134.206 Y122.597
G0 X129.717 Y117.940
G0 X126.654 Y116.672
G0 X123.699 Y116.637
G0 X121.763 Y117.148
G0 X120.170 Y118.244
G0 X119.036 Y119.104
G0 X119.421 Y119.421
G1 F300 Z7.400
G1 F1500 E521.1114
G1 F2400 X118.440 Y120.616 Z7.419 E521.1161
G1 X117.710 Y121.980 Z7.439 E521.1256
G1 X117.262 Y123.461 Z7.458 E521.1398
G1 X117.110 Y125.000 Z7.477 E521.1586
G1 X117.262 Y126.538 Z7.497 E521.1822
G1 X117.710 Y128.019 Z7.516 E521.2106
G1 X118.440 Y129.383 Z7.535 E521.2437
G1 X119.421 Y130.578 Z7.555 E521.2815
G1 X120.616 Y131.559 Z7.574 E521.3240
G1 X121.980 Y132.289 Z7.593 E521.3712
G1 X123.461 Y132.737 Z7.613 E521.4232
G1 X125.000 Y132.889 Z7.632 E521.4799
G1 X126.433 Y132.747 Z7.650 E521.5367
G1 X126.538 Y132.737 Z7.650 E521.5409
G1 X128.019 Y132.289 Z7.650 E521.6020
G1 X129.383 Y131.559 Z7.650 E521.6631
G1 X130.578 Y130.578 Z7.650 E521.7242
G1 X131.559 Y129.383 Z7.650 E521.7853
G1 X132.289 Y128.019 Z7.650 E521.8464
G1 X132.737 Y126.538 Z7.650 E521.9075
G1 X132.889 Y125.000 Z7.650 E521.9685
G1 X132.737 Y123.461 Z7.650 E522.0296
G1 X132.289 Y121.980 Z7.650 E522.0907
G1 X131.559 Y120.616 Z7.650 E522.1518
G1 X130.578 Y119.421 Z7.650 E522.2129
G1 X129.383 Y118.440 Z7.650 E522.2739
G1 X128.019 Y117.710 Z7.650 E522.3350
G1 X126.538 Y117.262 Z7.650 E522.3962
G1 X125.000 Y117.110 Z7.650 E522.4572
G1 X123.805 Y117.228 Z7.650 E522.5046
G1 X121.983 Y117.709 Z7.650 E522.5791
G1 X120.616 Y118.440 Z7.650 E522.6403
G1 X119.421 Y119.421 Z7.650 E522.7013
G1 X118.440 Y120.616 Z7.650 E522.7577
G1 X117.710 Y121.980 Z7.650 E522.8093
G1 X117.262 Y123.461 Z7.650 E522.8563
G1 X117.110 Y125.000 Z7.650 E522.8985
G1 X117.262 Y126.538 Z7.650 E522.9359
G1 X117.710 Y128.019 Z7.650 E522.9687
G1 X118.440 Y129.383 Z7.650 E522.9967
G1 X119.421 Y130.578 Z7.650 E523.0200
G1 X120.616 Y131.559 Z7.650 E523.0385
G1 X121.980 Y132.289 Z7.650 E523.0524
G1 X123.461 Y132.737 Z7.650 E523.0615
G1 X125.000 Y132.889 Z7.650 E523.0659
G1 X126.433 Y132.747 Z7.650 E523.0659
G1 F2400 E522.0659
G1 F300 Z7.850
G0 F3900 X126.480 Y133.245
G0 X125.000 Y133.491
G0 X121.750 Y132.844
G0 X118.996 Y131.003
G0 X117.155 Y128.249
G0 X116.508 Y125.000
G0 X117.031 Y122.369
G0 X119.028 Y117.561
G0 X118.965 Y117.484
;TYPE:WALL-INNER
;WIDTH:0.400
;FLOW:85.0
G1 F300 Z7.400
G1 F1500 E523.0659
G1 F2400 X120.316 Y116.574 Z7.420 E523.0706
G1 X121.789 Y115.910 Z7.441 E523.0799
G1 X122.984 Y115.653 Z7.456 E523.0895
G1 X124.180 Y115.396 Z7.471 E523.1018
G1 X125.803 Y115.393 Z7.491 E523.1228
G1 X127.410 Y115.666 Z7.512 E523.1485
G1 X128.944 Y116.204 Z7.532 E523.1789
G1 X130.010 Y116.861 Z7.548 E523.2051
G1 X131.077 Y117.518 Z7.563 E523.2340
G1 X132.247 Y118.643 Z7.584 E523.2762
G1 X133.211 Y119.951 Z7.604 E523.3230
G1 X133.713 Y121.062 Z7.619 E523.3608
G1 X134.216 Y122.174 Z7.635 E523.4013
G1 X134.478 Y123.384 Z7.650 E523.4450
G1 X134.557 Y123.743 Z7.650 E523.4580
G1 X134.557 Y126.256 Z7.650 E523.5468
G1 X134.216 Y127.825 Z7.650 E523.6036
G1 X133.211 Y130.048 Z7.650 E523.6898
G1 X132.247 Y131.356 Z7.650 E523.7472
G1 X131.064 Y132.492 Z7.650 E523.8051
G1 X129.718 Y133.406 Z7.650 E523.8626
G1 X128.225 Y134.085 Z7.650 E523.9206
G1 X126.661 Y134.494 Z7.650 E523.9777
G1 X124.151 Y134.601 Z7.650 E524.0665
G1 X122.553 Y134.325 Z7.650 E524.1238
G1 X121.014 Y133.778 Z7.650 E524.1815
G1 X119.600 Y132.984 Z7.650 E524.2389
G1 X117.767 Y131.372 Z7.650 E524.3251
G1 X116.795 Y130.062 Z7.650 E524.3828
G1 X116.067 Y128.626 Z7.650 E524.4397
G1 X115.435 Y126.194 Z7.650 E524.5285
G1 X115.369 Y124.585 Z7.650 E524.5854
G1 X115.781 Y122.182 Z7.650 E524.6715
G1 X116.383 Y120.677 Z7.650 E524.7288
G1 X117.235 Y119.287 Z7.650 E524.7864
G1 X118.965 Y117.484 Z7.650 E524.8747
G1 X120.316 Y116.574 Z7.650 E524.9276
G1 X121.789 Y115.910 Z7.650 E524.9754
G1 X122.984 Y115.653 Z7.650 E525.0090
G1 X124.180 Y115.396 Z7.650 E525.0399
G1 X125.803 Y115.393 Z7.650 E525.0763
G1 X127.410 Y115.666 Z7.650 E525.1081
G1 X128.944 Y116.204 Z7.650 E525.1352
G1 X130.010 Y116.861 Z7.650 E525.1533
G1 X131.077 Y117.518 Z7.650 E525.1687
G1 X132.247 Y118.643 Z7.650 E525.1839
G1 X133.211 Y119.951 Z7.650 E525.1944
G1 X133.713 Y121.062 Z7.650 E525.1997
G1 X134.216 Y122.174 Z7.650 E525.2024
G1 X134.478 Y123.384 Z7.650 E525.2024
G1 F2400 E524.2024
G1 F300 Z7.850
G0 F3900 X129.494 Y118.274
G0 X126.576 Y117.066
G0 X123.770 Y117.032
G0 X122.717 Y117.309
G0 X119.137 Y119.137
G1 F300 Z7.400
G1 F1500 E525.2024
G1 F2400 X118.106 Y120.393 Z7.420 E525.2071
G1 X117.339 Y121.826 Z7.441 E525.2164
G1 X116.868 Y123.383 Z7.461 E525.2304
G1 X116.708 Y125.000 Z7.481 E525.2491
G1 X116.868 Y126.616 Z7.502 E525.2724
G1 X117.339 Y128.173 Z7.522 E525.3004
G1 X118.106 Y129.606 Z7.542 E525.3331
G1 X119.137 Y130.862 Z7.563 E525.3704
G1 X120.393 Y131.893 Z7.583 E525.4124
G1 X121.826 Y132.660 Z7.603 E525.4591
G1 X123.383 Y133.131 Z7.623 E525.5105
G1 X125.000 Y133.291 Z7.644 E525.5665
G1 X125.492 Y133.242 Z7.650 E525.5840
G1 X126.616 Y133.131 Z7.650 E525.6239
G1 X128.173 Y132.660 Z7.650 E525.6814
G1 X129.606 Y131.893 Z7.650 E525.7388
G1 X130.862 Y130.862 Z7.650 E525.7962
G1 X131.893 Y129.606 Z7.650 E525.8537
G1 X132.660 Y128.173 Z7.650 E525.9111
G1 X133.131 Y126.616 Z7.650 E525.9686
G1 X133.291 Y125.000 Z7.650 E526.0260
G1 X133.131 Y123.383 Z7.650 E526.0834
G1 X132.660 Y121.826 Z7.650 E526.1409
G1 X131.893 Y120.393 Z7.650 E526.1983
G1 X130.862 Y119.137 Z7.650 E526.2557
G1 X129.606 Y118.106 Z7.650 E526.3132
G1 X128.173 Y117.339 Z7.650 E526.3706
G1 X126.616 Y116.868 Z7.650 E526.4281
G1 X125.000 Y116.708 Z7.650 E526.4855
G1 X123.734 Y116.833 Z7.650 E526.5304
G1 X121.836 Y117.334 Z7.650 E526.5998
G1 X120.393 Y118.106 Z7.650 E526.6576
G1 X119.137 Y119.137 Z7.650 E526.7151
G1 X118.106 Y120.393 Z7.650 E526.7678
G1 X117.339 Y121.826 Z7.650 E526.8159
G1 X116.868 Y123.383 Z7.650 E526.8594
G1 X116.708 Y125.000 Z7.650 E526.8981
G1 X116.868 Y126.616 Z7.650 E526.9322
G1 X117.339 Y128.173 Z7.650 E526.9617
G1 X118.106 Y129.606 Z7.650 E526.9864
G1 X119.137 Y130.862 Z7.650 E527.0065
G1 X120.393 Y131.893 Z7.650 E527.0219
G1 X121.826 Y132.660 Z7.650 E527.0327
G1 X123.383 Y133.131 Z7.650 E527.0388
G1 X125.000 Y133.291 Z7.650 E527.0402
G1 X125.492 Y133.242 Z7.650 E527.0402
;PRINTING_TIME: 801
;REMAINING_TIME: 178
;LAYER:31
;Z:7.900
;HEIGHT:0.250
;FLOW:100.0
;PRINTING: haibike.stl
;PRINTING_ID: 0
G1 F2400 E526.0402
G1 F300 Z8.100
G0 F3900 X125.500 Y133.342
G0 F300 Z7.900
G0 F3900 X123.345 Y133.327
G0 X120.282 Y132.059
G0 X118.386 Y130.163
G0 X116.733 Y127.416
;TYPE:FILL
;WIDTH:0.360
;FLOW:85.0
G1 F300 Z7.900
G1 F1500 E527.0402
G1 F3600 X116.514 Y126.689 E527.0644
G1 X116.346 Y125.002 E527.1183
G1 X116.514 Y123.309 E527.1724
G1 X117.003 Y121.688 E527.2263
G1 X117.805 Y120.192 E527.2802
G1 X118.880 Y118.882 E527.3341
G1 X119.158 Y118.654 E527.3456
G1 X120.180 Y117.814 E527.3876
G1 X120.185 Y117.809 E527.3879
G1 X120.191 Y117.805 E527.3881
G1 X120.205 Y117.799 E527.3886
G1 X121.685 Y117.007 E527.4420
G1 X121.706 Y116.997 E527.4427
G1 X123.411 Y116.540 E527.4989
G1 X123.627 Y116.482 E527.5060
G1 X125.000 Y116.346 E527.5498
G1 X126.689 Y116.514 E527.6038
G1 X128.311 Y117.003 E527.6577
G1 X129.795 Y117.799 E527.7113
G1 X129.808 Y117.805 E527.7117
G1 X129.814 Y117.809 E527.7120
G1 X129.819 Y117.814 E527.7122
G1 X131.117 Y118.880 E527.7656
G1 X132.194 Y120.192 E527.8196
G1 X132.996 Y121.688 E527.8736
G1 X133.485 Y123.309 E527.9274
G1 X133.653 Y124.998 E527.9814
G1 X133.582 Y125.712 E528.0042
G1 X134.190 Y126.177 E528.0286
G1 X134.191 Y126.178 E528.0286
G1 X134.191 Y123.740 E528.1062
G1 X133.858 Y122.243 E528.1549
G1 X132.923 Y120.175 E528.2271
G1 X132.001 Y118.911 E528.2769
G1 X130.888 Y117.831 E528.3262
G1 X128.750 Y116.516 E528.4060
G1 X127.280 Y116.006 E528.4555
G1 X125.748 Y115.753 E528.5049
G1 X123.468 Y115.849 E528.5775
G1 X121.968 Y116.230 E528.6267
G1 X120.522 Y116.872 E528.6770
G1 X119.234 Y117.731 E528.7263
G1 X117.493 Y119.548 E528.8063
G1 X116.687 Y120.877 E528.8557
G1 X116.313 Y121.824 E528.8881
G1 X116.117 Y122.322 E528.9051
G1 X115.733 Y124.558 E528.9773
G1 X115.787 Y126.096 E529.0262
G1 X115.933 Y126.656 E529.0447
G1 X116.069 Y126.766 E529.0502
G1 X116.682 Y127.355 E529.0773
G1 X116.733 Y127.416 E529.0798
G1 X117.003 Y128.311 E529.1095
G1 X117.799 Y129.798 E529.1632
G1 X117.811 Y129.815 E529.1638
G1 X118.336 Y130.455 E529.1902
G1 X118.455 Y130.890 E529.2045
G1 X118.508 Y131.552 E529.2256
G1 X119.767 Y132.659 E529.2789
G1 X121.132 Y133.433 E529.3288
G1 X121.865 Y133.697 E529.3536
G1 X122.603 Y133.963 E529.3786
G1 X124.129 Y134.235 E529.4279
G1 X126.651 Y134.129 E529.5082
G1 X128.142 Y133.731 E529.5572
G1 X129.574 Y133.071 E529.6074
G1 X130.178 Y132.658 E529.6307
G1 X130.877 Y132.180 E529.6576
G1 X132.002 Y131.088 E529.7075
G1 X132.924 Y129.823 E529.7572
G1 X133.858 Y127.756 E529.8294
G1 X134.191 Y126.259 E529.8782
G1 X134.191 Y126.178 E529.8807
G1 F2400 E528.8807
G1 F300 Z8.100
G0 F3900 X132.844 Y121.750
G0 X131.003 Y118.996
G0 X128.249 Y117.155
G0 X125.325 Y116.573
G0 X119.064 Y117.531
G0 X118.743 Y117.145
;TYPE:WALL-OUTER
;WIDTH:0.400
;FLOW:95.0
G1 F300 Z7.650
G1 F1500 E529.8807
G1 F2400 X120.155 Y116.203 Z7.671 E529.8864
G1 X121.714 Y115.511 Z7.693 E529.8979
G1 X123.361 Y115.093 Z7.714 E529.9150
G1 X124.578 Y115.041 Z7.729 E529.9302
G1 X125.795 Y114.990 Z7.744 E529.9483
G1 X127.465 Y115.265 Z7.765 E529.9792
G1 X129.074 Y115.823 Z7.787 E530.0160
G1 X130.216 Y116.526 Z7.803 E530.0485
G1 X131.359 Y117.229 Z7.820 E530.0846
G1 X132.578 Y118.412 Z7.841 E530.1359
G1 X133.583 Y119.789 Z7.863 E530.1932
G1 X134.083 Y120.895 Z7.878 E530.2369
G1 X134.583 Y122.002 Z7.893 E530.2836
G1 X134.702 Y122.540 Z7.900 E530.3054
G1 X134.951 Y123.655 Z7.900 E530.3505
G1 X134.951 Y126.344 Z7.900 E530.4567
G1 X134.583 Y127.997 Z7.900 E530.5236
G1 X133.583 Y130.210 Z7.900 E530.6195
G1 X132.578 Y131.587 Z7.900 E530.6868
G1 X131.356 Y132.773 Z7.900 E530.7541
G1 X129.952 Y133.735 Z7.900 E530.8213
G1 X128.404 Y134.447 Z7.900 E530.8886
G1 X126.765 Y134.885 Z7.900 E530.9556
G1 X124.079 Y134.998 Z7.900 E531.0618
G1 X122.407 Y134.701 Z7.900 E531.1289
G1 X120.807 Y134.124 Z7.900 E531.1960
G1 X119.326 Y133.284 Z7.900 E531.2633
G1 X117.502 Y131.679 Z7.900 E531.3592
G1 X116.482 Y130.318 Z7.900 E531.4264
G1 X115.709 Y128.808 Z7.900 E531.4934
G1 X115.031 Y126.206 Z7.900 E531.5996
G1 X114.970 Y124.512 Z7.900 E531.6666
G1 X115.381 Y122.116 Z7.900 E531.7626
G1 X116.004 Y120.537 Z7.900 E531.8296
G1 X116.887 Y119.081 Z7.900 E531.8969
G1 X118.743 Y117.145 Z7.900 E532.0028
G1 X120.155 Y116.203 Z7.900 E532.0642
G1 X121.714 Y115.511 Z7.900 E532.1201
G1 X123.361 Y115.093 Z7.900 E532.1701
G1 X124.578 Y115.041 Z7.900 E532.2030
G1 X125.795 Y114.990 Z7.900 E532.2329
G1 X127.465 Y115.265 Z7.900 E532.2689
G1 X129.074 Y115.823 Z7.900 E532.2994
G1 X130.216 Y116.526 Z7.900 E532.3199
G1 X131.359 Y117.229 Z7.900 E532.3368
G1 X132.578 Y118.412 Z7.900 E532.3525
G1 X133.583 Y119.789 Z7.900 E532.3626
G1 X134.083 Y120.895 Z7.900 E532.3668
G1 X134.583 Y122.002 Z7.900 E532.3681
G1 X134.702 Y122.540 Z7.900 E532.3681
G1 F2400 E531.3681
G1 F300 Z8.100
G0 F3900 X134.215 Y122.646
G0 X131.003 Y118.996
G0 X128.249 Y117.155
G0 X125.000 Y116.508
G0 X121.762 Y117.150
G0 X120.169 Y118.245
G0 X119.036 Y119.104
G0 X119.421 Y119.421
G1 F300 Z7.650
G1 F1500 E532.3681
G1 F2400 X118.440 Y120.616 Z7.669 E532.3728
G1 X117.710 Y121.980 Z7.689 E532.3823
G1 X117.262 Y123.461 Z7.708 E532.3965
G1 X117.110 Y125.000 Z7.727 E532.4154
G1 X117.262 Y126.538 Z7.747 E532.4390
G1 X117.710 Y128.019 Z7.766 E532.4673
G1 X118.440 Y129.383 Z7.785 E532.5004
G1 X119.421 Y130.578 Z7.805 E532.5382
G1 X120.616 Y131.559 Z7.824 E532.5807
G1 X121.980 Y132.289 Z7.843 E532.6279
G1 X123.461 Y132.737 Z7.863 E532.6799
G1 X125.000 Y132.889 Z7.882 E532.7366
G1 X126.433 Y132.747 Z7.900 E532.7935
G1 X126.538 Y132.737 Z7.900 E532.7976
G1 X128.019 Y132.289 Z7.900 E532.8587
G1 X129.383 Y131.559 Z7.900 E532.9198
G1 X130.578 Y130.578 Z7.900 E532.9809
G1 X131.559 Y129.383 Z7.900 E533.0420
G1 X132.289 Y128.019 Z7.900 E533.1031
G1 X132.737 Y126.538 Z7.900 E533.1642
G1 X132.889 Y125.000 Z7.900 E533.2252
G1 X132.737 Y123.461 Z7.900 E533.2863
G1 X132.289 Y121.980 Z7.900 E533.3474
G1 X131.559 Y120.616 Z7.900 E533.4085
G1 X130.578 Y119.421 Z7.900 E533.4696
G1 X129.383 Y118.440 Z7.900 E533.5306
G1 X128.019 Y117.710 Z7.900 E533.5918
G1 X126.538 Y117.262 Z7.900 E533.6529
G1 X125.000 Y117.110 Z7.900 E533.7139
G1 X123.766 Y117.232 Z7.900 E533.7629
G1 X121.983 Y117.709 Z7.900 E533.8358
G1 X120.616 Y118.440 Z7.900 E533.8970
G1 X119.421 Y119.421 Z7.900 E533.9581
G1 X118.440 Y120.616 Z7.900 E534.0144
G1 X117.710 Y121.980 Z7.900 E534.0661
G1 X117.262 Y123.461 Z7.900 E534.1130
G1 X117.110 Y125.000 Z7.900 E534.1552
G1 X117.262 Y126.538 Z7.900 E534.1926
G1 X117.710 Y128.019 Z7.900 E534.2254
G1 X118.440 Y129.383 Z7.900 E534.2534
G1 X119.421 Y130.578 Z7.900 E534.2767
G1 X120.616 Y131.559 Z7.900 E534.2953
G1 X121.980 Y132.289 Z7.900 E534.3091
G1 X123.461 Y132.737 Z7.900 E534.3182
G1 X125.000 Y132.889 Z7.900 E534.3226
G1 X126.433 Y132.747 Z7.900 E534.3226
G1 F2400 E533.3226
G1 F300 Z8.100
G0 F3900 X126.480 Y133.245
G0 X125.000 Y133.491
G0 X121.750 Y132.844
G0 X118.996 Y131.003
G0 X117.155 Y128.249
G0 X116.508 Y125.000
G0 X117.031 Y122.369
G0 X119.064 Y117.531
G0 X119.001 Y117.453
;TYPE:WALL-INNER
;WIDTH:0.400
;FLOW:85.0
G1 F300 Z7.650
G1 F1500 E534.3226
G1 F2400 X120.349 Y116.555 Z7.670 E534.3273
G1 X121.845 Y115.890 Z7.691 E534.3367
G1 X123.419 Y115.491 Z7.711 E534.3507
G1 X124.595 Y115.441 Z7.726 E534.3633
G1 X125.771 Y115.391 Z7.740 E534.3783
G1 X127.366 Y115.654 Z7.761 E534.4036
G1 X128.902 Y116.187 Z7.781 E534.4337
G1 X130.007 Y116.867 Z7.797 E534.4607
G1 X131.112 Y117.547 Z7.813 E534.4907
G1 X132.275 Y118.675 Z7.834 E534.5328
G1 X133.236 Y119.991 Z7.854 E534.5797
G1 X133.719 Y121.060 Z7.869 E534.6160
G1 X134.202 Y122.129 Z7.883 E534.6547
G1 X134.491 Y123.429 Z7.900 E534.7018
G1 X134.551 Y123.699 Z7.900 E534.7115
G1 X134.551 Y126.300 Z7.900 E534.8035
G1 X134.202 Y127.870 Z7.900 E534.8603
G1 X133.236 Y130.008 Z7.900 E534.9432
G1 X132.275 Y131.324 Z7.900 E535.0008
G1 X131.102 Y132.462 Z7.900 E535.0585
G1 X129.754 Y133.386 Z7.900 E535.1163
G1 X128.268 Y134.069 Z7.900 E535.1741
G1 X126.704 Y134.487 Z7.900 E535.2313
G1 X124.106 Y134.597 Z7.900 E535.3232
G1 X122.511 Y134.313 Z7.900 E535.3804
G1 X120.975 Y133.759 Z7.900 E535.4381
G1 X119.559 Y132.956 Z7.900 E535.4957
G1 X117.797 Y131.406 Z7.900 E535.5786
G1 X116.823 Y130.105 Z7.900 E535.6360
G1 X116.085 Y128.665 Z7.900 E535.6932
G1 X115.429 Y126.148 Z7.900 E535.7851
G1 X115.371 Y124.539 Z7.900 E535.8420
G1 X115.768 Y122.224 Z7.900 E535.9250
G1 X116.364 Y120.715 Z7.900 E535.9824
G1 X117.206 Y119.326 Z7.900 E536.0398
G1 X119.001 Y117.453 Z7.900 E536.1315
G1 X120.349 Y116.555 Z7.900 E536.1841
G1 X121.845 Y115.890 Z7.900 E536.2325
G1 X123.419 Y115.491 Z7.900 E536.2759
G1 X124.595 Y115.441 Z7.900 E536.3049
G1 X125.771 Y115.391 Z7.900 E536.3314
G1 X127.366 Y115.654 Z7.900 E536.3633
G1 X128.902 Y116.187 Z7.900 E536.3906
G1 X130.007 Y116.867 Z7.900 E536.4095
G1 X131.112 Y117.547 Z7.900 E536.4254
G1 X132.275 Y118.675 Z7.900 E536.4406
G1 X133.236 Y119.991 Z7.900 E536.4511
G1 X133.719 Y121.060 Z7.900 E536.4563
G1 X134.202 Y122.129 Z7.900 E536.4591
G1 X134.491 Y123.429 Z7.900 E536.4591
G1 F2400 E535.4591
G1 F300 Z8.100
G0 F3900 X134.394 Y123.450
G0 X131.003 Y118.996
G0 X128.249 Y117.155
G0 X125.000 Y116.508
G0 X121.762 Y117.150
G0 X120.182 Y118.230
G0 X119.054 Y119.081
G0 X119.137 Y119.137
G1 F300 Z7.650
G1 F1500 E536.4591
G1 F2400 X118.106 Y120.393 Z7.670 E536.4638
G1 X117.339 Y121.826 Z7.691 E536.4731
G1 X116.868 Y123.383 Z7.711 E536.4871
G1 X116.708 Y125.000 Z7.731 E536.5058
G1 X116.868 Y126.616 Z7.752 E536.5291
G1 X117.339 Y128.173 Z7.772 E536.5571
G1 X118.106 Y129.606 Z7.792 E536.5898
G1 X119.137 Y130.862 Z7.813 E536.6271
G1 X120.393 Y131.893 Z7.833 E536.6691
G1 X121.826 Y132.660 Z7.853 E536.7158
G1 X123.383 Y133.131 Z7.873 E536.7672
G1 X125.000 Y133.291 Z7.894 E536.8232
G1 X125.492 Y133.242 Z7.900 E536.8407
G1 X126.616 Y133.131 Z7.900 E536.8806
G1 X128.173 Y132.660 Z7.900 E536.9381
G1 X129.606 Y131.893 Z7.900 E536.9955
G1 X130.862 Y130.862 Z7.900 E537.0529
G1 X131.893 Y129.606 Z7.900 E537.1104
G1 X132.660 Y128.173 Z7.900 E537.1678
G1 X133.131 Y126.616 Z7.900 E537.2253
G1 X133.291 Y125.000 Z7.900 E537.2827
G1 X133.131 Y123.383 Z7.900 E537.3401
G1 X132.660 Y121.826 Z7.900 E537.3976
G1 X131.893 Y120.393 Z7.900 E537.4550
G1 X130.862 Y119.137 Z7.900 E537.5124
G1 X129.606 Y118.106 Z7.900 E537.5699
G1 X128.173 Y117.339 Z7.900 E537.6273
G1 X126.616 Y116.868 Z7.900 E537.6848
G1 X125.000 Y116.708 Z7.900 E537.7422
G1 X123.694 Y116.837 Z7.900 E537.7886
G1 X121.835 Y117.335 Z7.900 E537.8566
G1 X120.393 Y118.106 Z7.900 E537.9144
G1 X119.137 Y119.137 Z7.900 E537.9718
G1 X118.106 Y120.393 Z7.900 E538.0245
G1 X117.339 Y121.826 Z7.900 E538.0726
G1 X116.868 Y123.383 Z7.900 E538.1161
G1 X116.708 Y125.000 Z7.900 E538.1549
G1 X116.868 Y126.616 Z7.900 E538.1889
G1 X117.339 Y128.173 Z7.900 E538.2184
G1 X118.106 Y129.606 Z7.900 E538.2431
G1 X119.137 Y130.862 Z7.900 E538.2632
G1 X120.393 Y131.893 Z7.900 E538.2787
G1 X121.826 Y132.660 Z7.900 E538.2894
G1 X123.383 Y133.131 Z7.900 E538.2955
G1 X125.000 Y133.291 Z7.900 E538.2969
G1 X125.492 Y133.242 Z7.900 E538.2969
;PRINTING_TIME: 818
;REMAINING_TIME: 161
;LAYER:32
;Z:8.150
;HEIGHT:0.250
;FLOW:100.0
M106 S145
;PRINTING: haibike.stl
;PRINTING_ID: 0
G1 F2400 E537.2969
G1 F300 Z8.350
G0 F3900 X125.500 Y133.342
G0 F300 Z8.150
G0 F3900 X123.345 Y133.327
G0 X120.865 Y132.301
G0 X118.188 Y130.274
;TYPE:FILL
;WIDTH:0.360
;FLOW:85.0
G1 F300 Z8.150
G1 F1500 E538.2969
G1 F3182 X118.317 Y130.890 E538.3170
G1 X118.319 Y131.393 E538.3330
G1 X118.091 Y131.192 E538.3426
G1 X117.157 Y129.960 E538.3918
G1 X116.438 Y128.574 E538.4415
G1 X115.885 Y126.451 E538.5112
G1 X116.236 Y126.766 E538.5262
G1 X116.680 Y127.240 E538.5469
G1 F2400 E537.5469
G1 F300 Z8.350
G0 F3900 X116.672 Y123.345
G0 X119.100 Y117.503
G0 X118.779 Y117.116
;TYPE:WALL-OUTER
;WIDTH:0.400
;FLOW:95.0
G1 F300 Z7.900
G1 F1500 E538.5469
G1 F2121 X120.199 Y116.178 Z7.921 E538.5526
G1 X121.751 Y115.497 Z7.942 E538.5640
G1 X122.897 Y115.250 Z7.957 E538.5746
G1 X124.044 Y115.004 Z7.972 E538.5879
G1 X125.745 Y114.985 Z7.993 E538.6129
G1 X127.424 Y115.254 Z8.014 E538.6436
G1 X129.029 Y115.801 Z8.035 E538.6799
G1 X130.212 Y116.530 Z8.053 E538.7134
G1 X131.396 Y117.259 Z8.070 E538.7508
G1 X132.611 Y118.449 Z8.091 E538.8023
G1 X133.607 Y119.827 Z8.113 E538.8594
G1 X134.088 Y120.891 Z8.127 E538.9014
G1 X134.569 Y121.956 Z8.142 E538.9460
G1 X134.711 Y122.583 Z8.150 E538.9714
G1 X134.945 Y123.610 Z8.150 E539.0130
G1 X134.945 Y126.389 Z8.150 E539.1228
G1 X134.569 Y128.043 Z8.150 E539.1898
G1 X133.607 Y130.172 Z8.150 E539.2820
G1 X132.611 Y131.550 Z8.150 E539.3492
G1 X131.391 Y132.745 Z8.150 E539.4167
G1 X129.991 Y133.714 Z8.150 E539.4839
G1 X128.451 Y134.429 Z8.150 E539.5510
G1 X126.810 Y134.877 Z8.150 E539.6181
G1 X124.033 Y134.994 Z8.150 E539.7279
G1 X122.363 Y134.689 Z8.150 E539.7950
G1 X120.763 Y134.104 Z8.150 E539.8623
G1 X119.286 Y133.258 Z8.150 E539.9295
G1 X117.532 Y131.713 Z8.150 E540.0218
G1 X116.509 Y130.361 Z8.150 E540.0888
G1 X115.725 Y128.850 Z8.150 E540.1560
G1 X115.025 Y126.160 Z8.150 E540.2658
G1 X114.972 Y124.466 Z8.150 E540.3327
G1 X115.367 Y122.160 Z8.150 E540.4251
G1 X115.984 Y120.575 Z8.150 E540.4923
G1 X116.858 Y119.120 Z8.150 E540.5593
G1 X118.779 Y117.116 Z8.150 E540.6690
G1 X120.199 Y116.178 Z8.150 E540.7305
G1 X121.751 Y115.497 Z8.150 E540.7861
G1 X122.897 Y115.250 Z8.150 E540.8218
G1 X124.044 Y115.004 Z8.150 E540.8548
G1 X125.745 Y114.985 Z8.150 E540.8970
G1 X127.424 Y115.254 Z8.150 E540.9335
G1 X129.029 Y115.801 Z8.150 E540.9641
G1 X130.212 Y116.530 Z8.150 E540.9855
G1 X131.396 Y117.259 Z8.150 E541.0030
G1 X132.611 Y118.449 Z8.150 E541.0187
G1 X133.607 Y119.827 Z8.150 E541.0287
G1 X134.088 Y120.891 Z8.150 E541.0329
G1 X134.569 Y121.956 Z8.150 E541.0344
G1 X134.711 Y122.583 Z8.150 E541.0344
G1 F2400 E540.0344
G1 F300 Z8.350
G0 F3900 X134.224 Y122.693
G0 X131.003 Y118.996
G0 X128.249 Y117.155
G0 X125.000 Y116.508
G0 X121.761 Y117.150
G0 X120.168 Y118.244
G0 X119.036 Y119.104
G0 X119.421 Y119.421
G1 F300 Z7.900
G1 F1500 E541.0344
G1 F2121 X118.440 Y120.616 Z7.919 E541.0391
G1 X117.710 Y121.980 Z7.939 E541.0485
G1 X117.262 Y123.461 Z7.958 E541.0627
G1 X117.110 Y125.000 Z7.977 E541.0816
G1 X117.262 Y126.538 Z7.997 E541.1052
G1 X117.710 Y128.019 Z8.016 E541.1336
G1 X118.440 Y129.383 Z8.035 E541.1666
G1 X119.421 Y130.578 Z8.055 E541.2044
G1 X120.616 Y131.559 Z8.074 E541.2469
G1 X121.980 Y132.289 Z8.093 E541.2942
G1 X123.461 Y132.737 Z8.113 E541.3462
G1 X125.000 Y132.889 Z8.132 E541.4028
G1 X126.433 Y132.747 Z8.150 E541.4597
G1 X126.538 Y132.737 Z8.150 E541.4639
G1 X128.019 Y132.289 Z8.150 E541.5250
G1 X129.383 Y131.559 Z8.150 E541.5861
G1 X130.578 Y130.578 Z8.150 E541.6472
G1 X131.559 Y129.383 Z8.150 E541.7082
G1 X132.289 Y128.019 Z8.150 E541.7693
G1 X132.737 Y126.538 Z8.150 E541.8304
G1 X132.889 Y125.000 Z8.150 E541.8915
G1 X132.737 Y123.461 Z8.150 E541.9526
G1 X132.289 Y121.980 Z8.150 E542.0137
G1 X131.559 Y120.616 Z8.150 E542.0748
G1 X130.578 Y119.421 Z8.150 E542.1358
G1 X129.383 Y118.440 Z8.150 E542.1969
G1 X128.019 Y117.710 Z8.150 E542.2580
G1 X126.538 Y117.262 Z8.150 E542.3191
G1 X125.000 Y117.110 Z8.150 E542.3802
G1 X123.728 Y117.236 Z8.150 E542.4306
G1 X121.983 Y117.709 Z8.150 E542.5021
G1 X120.616 Y118.440 Z8.150 E542.5633
G1 X119.421 Y119.421 Z8.150 E542.6243
G1 X118.440 Y120.616 Z8.150 E542.6807
G1 X117.710 Y121.980 Z8.150 E542.7323
G1 X117.262 Y123.461 Z8.150 E542.7793
G1 X117.110 Y125.000 Z8.150 E542.8215
G1 X117.262 Y126.538 Z8.150 E542.8589
G1 X117.710 Y128.019 Z8.150 E542.8917
G1 X118.440 Y129.383 Z8.150 E542.9197
G1 X119.421 Y130.578 Z8.150 E542.9430
G1 X120.616 Y131.559 Z8.150 E542.9615
G1 X121.980 Y132.289 Z8.150 E542.9754
G1 X123.461 Y132.737 Z8.150 E542.9845
G1 X125.000 Y132.889 Z8.150 E542.9889
G1 X126.433 Y132.747 Z8.150 E542.9889
G1 F2400 E541.9889
G1 F300 Z8.350
G0 F3900 X126.480 Y133.245
G0 X125.000 Y133.491
G0 X121.750 Y132.844
G0 X118.996 Y131.003
G0 X117.155 Y128.249
G0 X116.508 Y125.000
G0 X117.031 Y122.369
G0 X119.100 Y117.503
G0 X119.037 Y117.425
;TYPE:WALL-INNER
;WIDTH:0.400
;FLOW:85.0
G1 F300 Z7.900
G1 F1500 E542.9889
G1 F2121 X120.391 Y116.531 Z7.920 E542.9936
G1 X121.875 Y115.880 Z7.941 E543.0029
G1 X122.982 Y115.642 Z7.955 E543.0116
G1 X124.089 Y115.404 Z7.969 E543.0226
G1 X125.715 Y115.385 Z7.989 E543.0431
G1 X127.327 Y115.644 Z8.010 E543.0684
G1 X128.857 Y116.165 Z8.030 E543.0981
G1 X130.002 Y116.870 Z8.047 E543.1259
G1 X131.148 Y117.576 Z8.063 E543.1570
G1 X132.307 Y118.711 Z8.084 E543.1991
G1 X133.259 Y120.029 Z8.104 E543.2460
G1 X133.723 Y121.056 Z8.118 E543.2808
G1 X134.188 Y122.084 Z8.132 E543.3178
G1 X134.503 Y123.472 Z8.150 E543.3681
G1 X134.545 Y123.655 Z8.150 E543.3747
G1 X134.545 Y126.344 Z8.150 E543.4698
G1 X134.188 Y127.915 Z8.150 E543.5267
G1 X133.259 Y129.970 Z8.150 E543.6064
G1 X132.307 Y131.288 Z8.150 E543.6639
G1 X131.135 Y132.435 Z8.150 E543.7218
G1 X129.792 Y133.366 Z8.150 E543.7796
G1 X128.313 Y134.052 Z8.150 E543.8372
G1 X126.748 Y134.479 Z8.150 E543.8945
G1 X124.061 Y134.592 Z8.150 E543.9895
G1 X122.468 Y134.302 Z8.150 E544.0468
G1 X120.932 Y133.740 Z8.150 E544.1046
G1 X119.520 Y132.931 Z8.150 E544.1621
G1 X117.827 Y131.439 Z8.150 E544.2418
G1 X116.848 Y130.147 Z8.150 E544.2991
G1 X116.101 Y128.706 Z8.150 E544.3565
G1 X115.423 Y126.103 Z8.150 E544.4515
G1 X115.373 Y124.494 Z8.150 E544.5084
G1 X115.754 Y122.267 Z8.150 E544.5882
G1 X116.344 Y120.752 Z8.150 E544.6457
G1 X117.178 Y119.364 Z8.150 E544.7029
G1 X119.037 Y117.425 Z8.150 E544.7978
G1 X120.391 Y116.531 Z8.150 E544.8505
G1 X121.875 Y115.880 Z8.150 E544.8985
G1 X122.982 Y115.642 Z8.150 E544.9298
G1 X124.089 Y115.404 Z8.150 E544.9588
G1 X125.715 Y115.385 Z8.150 E544.9957
G1 X127.327 Y115.644 Z8.150 E545.0281
G1 X128.857 Y116.165 Z8.150 E545.0556
G1 X130.002 Y116.870 Z8.150 E545.0753
G1 X131.148 Y117.576 Z8.150 E545.0917
G1 X132.307 Y118.711 Z8.150 E545.1069
G1 X133.259 Y120.029 Z8.150 E545.1175
G1 X133.723 Y121.056 Z8.150 E545.1226
G1 X134.188 Y122.084 Z8.150 E545.1254
G1 X134.503 Y123.472 Z8.150 E545.1254
G1 F2400 E544.1254
G1 F300 Z8.350
G0 F3900 X129.494 Y118.274
G0 X126.576 Y117.066
G0 X123.692 Y117.040
G0 X121.886 Y117.738
G0 X119.137 Y119.137
G1 F300 Z7.900
G1 F1500 E545.1254
G1 F2121 X118.106 Y120.393 Z7.920 E545.1301
G1 X117.339 Y121.826 Z7.941 E545.1394
G1 X116.868 Y123.383 Z7.961 E545.1534
G1 X116.708 Y125.000 Z7.981 E545.1721
G1 X116.868 Y126.616 Z8.002 E545.1954
G1 X117.339 Y128.173 Z8.022 E545.2235
G1 X118.106 Y129.606 Z8.042 E545.2561
G1 X119.137 Y130.862 Z8.063 E545.2935
G1 X120.393 Y131.893 Z8.083 E545.3355
G1 X121.826 Y132.660 Z8.103 E545.3822
G1 X123.383 Y133.131 Z8.123 E545.4335
G1 X125.000 Y133.291 Z8.144 E545.4895
G1 X125.492 Y133.242 Z8.150 E545.5070
G1 X126.616 Y133.131 Z8.150 E545.5469
G1 X128.173 Y132.660 Z8.150 E545.6044
G1 X129.606 Y131.893 Z8.150 E545.6619
G1 X130.862 Y130.862 Z8.150 E545.7193
G1 X131.893 Y129.606 Z8.150 E545.7767
G1 X132.660 Y128.173 Z8.150 E545.8341
G1 X133.131 Y126.616 Z8.150 E545.8916
G1 X133.291 Y125.000 Z8.150 E545.9490
G1 X133.131 Y123.383 Z8.150 E546.0064
G1 X132.660 Y121.826 Z8.150 E546.0639
G1 X131.893 Y120.393 Z8.150 E546.1214
G1 X130.862 Y119.137 Z8.150 E546.1788
G1 X129.606 Y118.106 Z8.150 E546.2362
G1 X128.173 Y117.339 Z8.150 E546.2936
G1 X126.616 Y116.868 Z8.150 E546.3511
G1 X125.000 Y116.708 Z8.150 E546.4085
G1 X123.655 Y116.841 Z8.150 E546.4563
G1 X121.834 Y117.335 Z8.150 E546.5230
G1 X120.393 Y118.106 Z8.150 E546.5807
G1 X119.137 Y119.137 Z8.150 E546.6381
G1 X118.106 Y120.393 Z8.150 E546.6909
G1 X117.339 Y121.826 Z8.150 E546.7390
G1 X116.868 Y123.383 Z8.150 E546.7825
G1 X116.708 Y125.000 Z8.150 E546.8212
G1 X116.868 Y126.616 Z8.150 E546.8553
G1 X117.339 Y128.173 Z8.150 E546.8847
G1 X118.106 Y129.606 Z8.150 E546.9095
G1 X119.137 Y130.862 Z8.150 E546.9296
G1 X120.393 Y131.893 Z8.150 E546.9450
G1 X121.826 Y132.660 Z8.150 E546.9558
G1 X123.383 Y133.131 Z8.150 E546.9619
G1 X125.000 Y133.291 Z8.150 E546.9633
G1 X125.492 Y133.242 Z8.150 E546.9633
;PRINTING_TIME: 832
;REMAINING_TIME: 147
;LAYER:33
;Z:8.400
;HEIGHT:0.250
;FLOW:100.0
;PRINTING: haibike.stl
;PRINTING_ID: 0
G1 F2400 E545.9633
G1 F300 Z8.600
G0 F3900 X125.500 Y133.342
G0 F300 Z8.400
G0 F3900 X123.345 Y133.327
G0 X120.865 Y132.301
G0 X118.084 Y130.148
;TYPE:FILL
;WIDTH:0.360
;FLOW:85.0
G1 F300 Z8.400
G1 F1500 E546.9633
G1 F3152 X118.193 Y130.890 E546.9871
G1 X118.167 Y131.269 E546.9992
G1 X118.121 Y131.228 E547.0012
G1 X117.173 Y129.986 E547.0509
G1 X116.510 Y128.720 E547.0963
G1 X116.454 Y128.613 E547.1002
G1 X115.824 Y126.197 E547.1796
G1 X116.400 Y126.766 E547.2053
G1 X116.613 Y127.018 E547.2158
G1 F2400 E546.2158
G1 F300 Z8.600
G0 F3900 X116.660 Y124.044
G0 X117.946 Y118.576
G0 X117.564 Y118.249
;TYPE:WALL-OUTER
;WIDTH:0.400
;FLOW:95.0
G1 F300 Z8.150
G1 F1500 E547.2158
G1 F2101 X118.816 Y117.086 Z8.171 E547.2216
G1 X120.236 Y116.157 Z8.193 E547.2330
G1 X121.801 Y115.479 Z8.214 E547.2502
G1 X123.450 Y115.077 Z8.235 E547.2731
G1 X124.573 Y115.029 Z8.249 E547.2907
G1 X125.697 Y114.982 Z8.263 E547.3108
G1 X127.379 Y115.243 Z8.284 E547.3470
G1 X128.996 Y115.787 Z8.306 E547.3889
G1 X130.212 Y116.535 Z8.324 E547.4281
G1 X131.428 Y117.284 Z8.342 E547.4713
G1 X132.640 Y118.483 Z8.363 E547.5287
G1 X133.631 Y119.867 Z8.384 E547.5916
G1 X134.154 Y121.025 Z8.400 E547.6418
G1 X134.555 Y121.910 Z8.400 E547.6802
G1 X134.939 Y123.564 Z8.400 E547.7472
G1 X134.939 Y126.435 Z8.400 E547.8606
G1 X134.555 Y128.089 Z8.400 E547.9277
G1 X133.631 Y130.132 Z8.400 E548.0163
G1 X132.640 Y131.516 Z8.400 E548.0835
G1 X131.430 Y132.713 Z8.400 E548.1507
G1 X130.031 Y133.691 Z8.400 E548.2181
G1 X128.492 Y134.415 Z8.400 E548.2853
G1 X125.702 Y135.018 Z8.400 E548.3980
G1 X123.996 Y134.991 Z8.400 E548.4654
G1 X122.320 Y134.677 Z8.400 E548.5328
G1 X120.717 Y134.083 Z8.400 E548.6003
G1 X119.249 Y133.233 Z8.400 E548.6673
G1 X117.563 Y131.749 Z8.400 E548.7560
G1 X116.531 Y130.398 Z8.400 E548.8232
G1 X115.739 Y128.886 Z8.400 E548.8906
G1 X115.020 Y126.124 Z8.400 E549.0033
G1 X114.974 Y124.420 Z8.400 E549.0706
G1 X115.353 Y122.208 Z8.400 E549.1593
G1 X115.964 Y120.615 Z8.400 E549.2267
G1 X117.564 Y118.249 Z8.400 E549.3395
G1 X118.816 Y117.086 Z8.400 E549.4012
G1 X120.236 Y116.157 Z8.400 E549.4568
G1 X121.801 Y115.479 Z8.400 E549.5069
G1 X123.450 Y115.077 Z8.400 E549.5512
G1 X124.573 Y115.029 Z8.400 E549.5779
G1 X125.697 Y114.982 Z8.400 E549.6023
G1 X127.379 Y115.243 Z8.400 E549.6333
G1 X128.996 Y115.787 Z8.400 E549.6587
G1 X130.212 Y116.535 Z8.400 E549.6759
G1 X131.428 Y117.284 Z8.400 E549.6891
G1 X132.640 Y118.483 Z8.400 E549.6991
G1 X133.631 Y119.867 Z8.400 E549.7034
G1 X134.154 Y121.025 Z8.400 E549.7034
G1 F2400 E548.7034
G1 F300 Z8.600
G0 F3900 X133.698 Y121.229
G0 X129.717 Y117.940
G0 X126.654 Y116.672
G0 X123.579 Y116.648
G0 X120.909 Y117.693
G0 X119.036 Y119.104
G0 X119.421 Y119.421
G1 F300 Z8.150
G1 F1500 E549.7034
G1 F2101 X118.440 Y120.616 Z8.169 E549.7081
G1 X117.710 Y121.980 Z8.189 E549.7176
G1 X117.262 Y123.461 Z8.208 E549.7317
G1 X117.110 Y125.000 Z8.227 E549.7506
G1 X117.262 Y126.538 Z8.247 E549.7742
G1 X117.710 Y128.019 Z8.266 E549.8026
G1 X118.440 Y129.383 Z8.285 E549.8357
G1 X119.421 Y130.578 Z8.305 E549.8735
G1 X120.616 Y131.559 Z8.324 E549.9160
G1 X121.980 Y132.289 Z8.343 E549.9632
G1 X123.461 Y132.737 Z8.363 E550.0152
G1 X125.000 Y132.889 Z8.382 E550.0719
G1 X126.433 Y132.747 Z8.400 E550.1287
G1 X126.538 Y132.737 Z8.400 E550.1329
G1 X128.019 Y132.289 Z8.400 E550.1940
G1 X129.383 Y131.559 Z8.400 E550.2551
G1 X130.578 Y130.578 Z8.400 E550.3162
G1 X131.559 Y129.383 Z8.400 E550.3773
G1 X132.289 Y128.019 Z8.400 E550.4384
G1 X132.737 Y126.538 Z8.400 E550.4995
G1 X132.889 Y125.000 Z8.400 E550.5605
G1 X132.737 Y123.461 Z8.400 E550.6216
G1 X132.289 Y121.980 Z8.400 E550.6827
G1 X131.559 Y120.616 Z8.400 E550.7438
G1 X130.578 Y119.421 Z8.400 E550.8049
G1 X129.383 Y118.440 Z8.400 E550.8659
G1 X128.019 Y117.710 Z8.400 E550.9270
G1 X126.538 Y117.262 Z8.400 E550.9882
G1 X125.000 Y117.110 Z8.400 E551.0492
G1 X123.688 Y117.239 Z8.400 E551.1013
G1 X121.982 Y117.709 Z8.400 E551.1712
G1 X120.616 Y118.440 Z8.400 E551.2323
G1 X119.421 Y119.421 Z8.400 E551.2934
G1 X118.440 Y120.616 Z8.400 E551.3498
G1 X117.710 Y121.980 Z8.400 E551.4014
G1 X117.262 Y123.461 Z8.400 E551.4483
G1 X117.110 Y125.000 Z8.400 E551.4905
G1 X117.262 Y126.538 Z8.400 E551.5280
G1 X117.710 Y128.019 Z8.400 E551.5607
G1 X118.440 Y129.383 Z8.400 E551.5888
G1 X119.421 Y130.578 Z8.400 E551.6120
G1 X120.616 Y131.559 Z8.400 E551.6306
G1 X121.980 Y132.289 Z8.400 E551.6445
G1 X123.461 Y132.737 Z8.400 E551.6536
G1 X125.000 Y132.889 Z8.400 E551.6580
G1 X126.433 Y132.747 Z8.400 E551.6580
G1 F2400 E550.6580
G1 F300 Z8.600
G0 F3900 X126.480 Y133.245
G0 X125.000 Y133.491
G0 X121.750 Y132.844
G0 X118.996 Y131.003
G0 X117.155 Y128.249
G0 X116.508 Y125.000
G0 X116.691 Y124.080
G0 X117.945 Y118.578
G0 X117.870 Y118.511
;TYPE:WALL-INNER
;WIDTH:0.400
;FLOW:85.0
G1 F300 Z8.150
G1 F1500 E551.6580
G1 F2101 X119.063 Y117.402 Z8.170 E551.6627
G1 X120.426 Y116.510 Z8.191 E551.6720
G1 X121.929 Y115.860 Z8.211 E551.6862
G1 X123.506 Y115.475 Z8.231 E551.7049
G1 X124.590 Y115.429 Z8.245 E551.7195
G1 X125.675 Y115.383 Z8.259 E551.7362
G1 X127.284 Y115.633 Z8.279 E551.7658
G1 X128.825 Y116.152 Z8.299 E551.8002
G1 X130.002 Y116.876 Z8.317 E551.8327
G1 X131.179 Y117.601 Z8.334 E551.8686
G1 X132.335 Y118.743 Z8.354 E551.9155
G1 X133.283 Y120.068 Z8.375 E551.9672
G1 X133.702 Y120.996 Z8.387 E552.0014
G1 X134.122 Y121.924 Z8.400 E552.0374
G1 X134.174 Y122.039 Z8.400 E552.0418
G1 X134.539 Y123.610 Z8.400 E552.0988
G1 X134.539 Y126.389 Z8.400 E552.1970
G1 X134.174 Y127.960 Z8.400 E552.2540
G1 X133.283 Y129.931 Z8.400 E552.3305
G1 X132.335 Y131.256 Z8.400 E552.3880
G1 X131.173 Y132.405 Z8.400 E552.4458
G1 X129.830 Y133.344 Z8.400 E552.5037
G1 X128.363 Y134.034 Z8.400 E552.5610
G1 X125.662 Y134.617 Z8.400 E552.6586
G1 X124.036 Y134.592 Z8.400 E552.7161
G1 X122.427 Y134.290 Z8.400 E552.7740
G1 X120.888 Y133.720 Z8.400 E552.8320
G1 X119.484 Y132.907 Z8.400 E552.8893
G1 X117.857 Y131.475 Z8.400 E552.9659
G1 X116.870 Y130.182 Z8.400 E553.0234
G1 X116.115 Y128.741 Z8.400 E553.0809
G1 X115.419 Y126.067 Z8.400 E553.1785
G1 X115.375 Y124.449 Z8.400 E553.2357
G1 X115.741 Y122.314 Z8.400 E553.3123
G1 X116.321 Y120.801 Z8.400 E553.3695
G1 X117.870 Y118.511 Z8.400 E553.4672
G1 X119.063 Y117.402 Z8.400 E553.5201
G1 X120.426 Y116.510 Z8.400 E553.5683
G1 X121.929 Y115.860 Z8.400 E553.6120
G1 X123.506 Y115.475 Z8.400 E553.6507
G1 X124.590 Y115.429 Z8.400 E553.6744
G1 X125.675 Y115.383 Z8.400 E553.6961
G1 X127.284 Y115.633 Z8.400 E553.7240
G1 X128.825 Y116.152 Z8.400 E553.7471
G1 X130.002 Y116.876 Z8.400 E553.7634
G1 X131.179 Y117.601 Z8.400 E553.7764
G1 X132.335 Y118.743 Z8.400 E553.7869
G1 X133.283 Y120.068 Z8.400 E553.7927
G1 X133.702 Y120.996 Z8.400 E553.7946
G1 X134.122 Y121.924 Z8.400 E553.7946
G1 F2400 E552.7946
G1 F300 Z8.600
G0 F3900 X129.494 Y118.274
G0 X126.576 Y117.066
G0 X123.652 Y117.043
G0 X121.869 Y117.740
G0 X119.137 Y119.137
G1 F300 Z8.150
G1 F1500 E553.7946
G1 F2101 X118.106 Y120.393 Z8.170 E553.7992
G1 X117.339 Y121.826 Z8.191 E553.8086
G1 X116.868 Y123.383 Z8.211 E553.8226
G1 X116.708 Y125.000 Z8.231 E553.8413
G1 X116.868 Y126.616 Z8.252 E553.8646
G1 X117.339 Y128.173 Z8.272 E553.8926
G1 X118.106 Y129.606 Z8.292 E553.9253
G1 X119.137 Y130.862 Z8.313 E553.9626
G1 X120.393 Y131.893 Z8.333 E554.0046
G1 X121.826 Y132.660 Z8.353 E554.0513
G1 X123.383 Y133.131 Z8.373 E554.1027
G1 X125.000 Y133.291 Z8.394 E554.1587
G1 X125.492 Y133.242 Z8.400 E554.1762
G1 X126.616 Y133.131 Z8.400 E554.2161
G1 X128.173 Y132.660 Z8.400 E554.2736
G1 X129.606 Y131.893 Z8.400 E554.3310
G1 X130.862 Y130.862 Z8.400 E554.3884
G1 X131.893 Y129.606 Z8.400 E554.4458
G1 X132.660 Y128.173 Z8.400 E554.5033
G1 X133.131 Y126.616 Z8.400 E554.5608
G1 X133.291 Y125.000 Z8.400 E554.6182
G1 X133.131 Y123.383 Z8.400 E554.6756
G1 X132.660 Y121.826 Z8.400 E554.7331
G1 X131.893 Y120.393 Z8.400 E554.7905
G1 X130.862 Y119.137 Z8.400 E554.8479
G1 X129.606 Y118.106 Z8.400 E554.9054
G1 X128.173 Y117.339 Z8.400 E554.9628
G1 X126.616 Y116.868 Z8.400 E555.0203
G1 X125.000 Y116.708 Z8.400 E555.0777
G1 X123.615 Y116.844 Z8.400 E555.1268
G1 X121.833 Y117.335 Z8.400 E555.1922
G1 X120.393 Y118.106 Z8.400 E555.2499
G1 X119.137 Y119.137 Z8.400 E555.3073
G1 X118.106 Y120.393 Z8.400 E555.3601
G1 X117.339 Y121.826 Z8.400 E555.4082
G1 X116.868 Y123.383 Z8.400 E555.4516
G1 X116.708 Y125.000 Z8.400 E555.4904
G1 X116.868 Y126.616 Z8.400 E555.5245
G1 X117.339 Y128.173 Z8.400 E555.5539
G1 X118.106 Y129.606 Z8.400 E555.5787
G1 X119.137 Y130.862 Z8.400 E555.5988
G1 X120.393 Y131.893 Z8.400 E555.6142
G1 X121.826 Y132.660 Z8.400 E555.6250
G1 X123.383 Y133.131 Z8.400 E555.6311
G1 X125.000 Y133.291 Z8.400 E555.6325
G1 X125.492 Y133.242 Z8.400 E555.6325
;PRINTING_TIME: 846
;REMAINING_TIME: 133
;LAYER:34
;Z:8.650
;HEIGHT:0.250
;FLOW:100.0
;PRINTING: haibike.stl
;PRINTING_ID: 0
G1 F2400 E554.6325
G1 F300 Z8.850
G0 F3900 X125.500 Y133.342
G0 F300 Z8.650
G0 F3900 X123.345 Y133.327
G0 X120.282 Y132.059
G0 X117.940 Y129.717
G0 X116.672 Y126.654
G0 X116.672 Y123.974
G0 X117.961 Y118.554
G0 X117.598 Y118.210
;TYPE:WALL-OUTER
;WIDTH:0.400
;FLOW:95.0
G1 F300 Z8.400
G1 F1500 E555.6325
G1 F2400 X118.845 Y117.062 Z8.421 E555.6381
G1 X120.279 Y116.134 Z8.443 E555.6496
G1 X121.843 Y115.466 Z8.464 E555.6668
G1 X123.502 Y115.069 Z8.485 E555.6897
G1 X124.577 Y115.023 Z8.499 E555.7065
G1 X125.652 Y114.978 Z8.512 E555.7255
G1 X127.335 Y115.232 Z8.533 E555.7613
G1 X128.951 Y115.766 Z8.555 E555.8029
G1 X130.458 Y116.569 Z8.576 E555.8504
G1 X131.464 Y117.313 Z8.592 E555.8882
G1 X132.671 Y118.517 Z8.613 E555.9456
G1 X133.656 Y119.907 Z8.634 E556.0086
G1 X134.178 Y121.061 Z8.650 E556.0586
G1 X134.541 Y121.864 Z8.650 E556.0934
G1 X134.936 Y123.530 Z8.650 E556.1610
G1 X135.040 Y124.769 Z8.650 E556.2102
G1 X134.934 Y126.475 Z8.650 E556.2777
G1 X134.541 Y128.135 Z8.650 E556.3450
G1 X133.656 Y130.092 Z8.650 E556.4299
G1 X132.671 Y131.482 Z8.650 E556.4972
G1 X131.462 Y132.688 Z8.650 E556.5646
G1 X130.078 Y133.665 Z8.650 E556.6315
G1 X128.530 Y134.402 Z8.650 E556.6992
G1 X126.895 Y134.864 Z8.650 E556.7663
G1 X125.656 Y135.022 Z8.650 E556.8157
G1 X123.945 Y134.987 Z8.650 E556.8833
G1 X122.273 Y134.666 Z8.650 E556.9505
G1 X120.683 Y134.068 Z8.650 E557.0176
G1 X119.209 Y133.206 Z8.650 E557.0850
G1 X117.593 Y131.783 Z8.650 E557.1701
G1 X116.557 Y130.440 Z8.650 E557.2371
G1 X115.757 Y128.928 Z8.650 E557.3046
G1 X115.226 Y127.311 Z8.650 E557.3719
G1 X115.014 Y126.078 Z8.650 E557.4213
G1 X114.975 Y124.373 Z8.650 E557.4886
G1 X115.340 Y122.250 Z8.650 E557.5737
G1 X115.943 Y120.656 Z8.650 E557.6410
G1 X116.803 Y119.195 Z8.650 E557.7080
G1 X117.598 Y118.210 Z8.650 E557.7580
G1 X118.845 Y117.062 Z8.650 E557.8193
G1 X120.279 Y116.134 Z8.650 E557.8752
G1 X121.843 Y115.466 Z8.650 E557.9253
G1 X123.502 Y115.069 Z8.650 E557.9697
G1 X124.577 Y115.023 Z8.650 E557.9954
G1 X125.652 Y114.978 Z8.650 E558.0189
G1 X127.335 Y115.232 Z8.650 E558.0503
G1 X128.951 Y115.766 Z8.650 E558.0759
G1 X130.458 Y116.569 Z8.650 E558.0959
G1 X131.464 Y117.313 Z8.650 E558.1075
G1 X132.671 Y118.517 Z8.650 E558.1175
G1 X133.656 Y119.907 Z8.650 E558.1217
G1 X134.178 Y121.061 Z8.650 E558.1217
G1 F2400 E557.1217
G1 F300 Z8.850
G0 F3900 X133.722 Y121.266
G0 X129.717 Y117.940
G0 X126.654 Y116.672
G0 X123.539 Y116.652
G0 X120.902 Y117.695
G0 X119.036 Y119.104
G0 X119.421 Y119.421
G1 F300 Z8.400
G1 F1500 E558.1217
G1 F2400 X118.440 Y120.616 Z8.419 E558.1265
G1 X117.710 Y121.980 Z8.439 E558.1359
G1 X117.262 Y123.461 Z8.458 E558.1501
G1 X117.110 Y125.000 Z8.477 E558.1690
G1 X117.262 Y126.538 Z8.497 E558.1926
G1 X117.710 Y128.019 Z8.516 E558.2209
G1 X118.440 Y129.383 Z8.535 E558.2540
G1 X119.421 Y130.578 Z8.555 E558.2918
G1 X120.616 Y131.559 Z8.574 E558.3343
G1 X121.980 Y132.289 Z8.593 E558.3815
G1 X123.461 Y132.737 Z8.613 E558.4335
G1 X125.000 Y132.889 Z8.632 E558.4902
G1 X126.433 Y132.747 Z8.650 E558.5471
G1 X126.538 Y132.737 Z8.650 E558.5513
G1 X128.019 Y132.289 Z8.650 E558.6124
G1 X129.383 Y131.559 Z8.650 E558.6735
G1 X130.578 Y130.578 Z8.650 E558.7345
G1 X131.559 Y129.383 Z8.650 E558.7956
G1 X132.289 Y128.019 Z8.650 E558.8567
G1 X132.737 Y126.538 Z8.650 E558.9178
G1 X132.889 Y125.000 Z8.650 E558.9789
G1 X132.737 Y123.461 Z8.650 E559.0399
G1 X132.289 Y121.980 Z8.650 E559.1011
G1 X131.559 Y120.616 Z8.650 E559.1622
G1 X130.578 Y119.421 Z8.650 E559.2232
G1 X129.383 Y118.440 Z8.650 E559.2843
G1 X128.019 Y117.710 Z8.650 E559.3454
G1 X126.538 Y117.262 Z8.650 E559.4065
G1 X125.000 Y117.110 Z8.650 E559.4675
G1 X123.649 Y117.243 Z8.650 E559.5212
G1 X121.982 Y117.709 Z8.650 E559.5895
G1 X120.616 Y118.440 Z8.650 E559.6507
G1 X119.421 Y119.421 Z8.650 E559.7118
G1 X118.440 Y120.616 Z8.650 E559.7681
G1 X117.710 Y121.980 Z8.650 E559.8198
G1 X117.262 Y123.461 Z8.650 E559.8667
G1 X117.110 Y125.000 Z8.650 E559.9089
G1 X117.262 Y126.538 Z8.650 E559.9463
G1 X117.710 Y128.019 Z8.650 E559.9791
G1 X118.440 Y129.383 Z8.650 E560.0071
G1 X119.421 Y130.578 Z8.650 E560.0304
G1 X120.616 Y131.559 Z8.650 E560.0490
G1 X121.980 Y132.289 Z8.650 E560.0628
G1 X123.461 Y132.737 Z8.650 E560.0720
G1 X125.000 Y132.889 Z8.650 E560.0764
G1 X126.433 Y132.747 Z8.650 E560.0764
G1 F2400 E559.0764
G1 F300 Z8.850
G0 F3900 X126.480 Y133.245
G0 X125.000 Y133.491
G0 X121.750 Y132.844
G0 X118.996 Y131.003
G0 X117.155 Y128.249
G0 X116.508 Y125.000
G0 X116.691 Y124.080
G0 X117.965 Y118.551
G0 X117.891 Y118.484
;TYPE:WALL-INNER
;WIDTH:0.400
;FLOW:85.0
G1 F300 Z8.400
G1 F1500 E560.0764
G1 F2400 X119.091 Y117.379 Z8.420 E560.0811
G1 X120.468 Y116.488 Z8.441 E560.0905
G1 X121.969 Y115.847 Z8.461 E560.1047
G1 X123.558 Y115.467 Z8.482 E560.1235
G1 X124.594 Y115.423 Z8.495 E560.1374
G1 X125.630 Y115.379 Z8.508 E560.1532
G1 X127.242 Y115.622 Z8.528 E560.1827
G1 X128.793 Y116.135 Z8.548 E560.2170
G1 X130.244 Y116.908 Z8.569 E560.2563
G1 X131.202 Y117.617 Z8.584 E560.2872
G1 X132.364 Y118.776 Z8.604 E560.3347
G1 X133.307 Y120.107 Z8.625 E560.3865
G1 X133.722 Y121.025 Z8.637 E560.4203
G1 X134.138 Y121.944 Z8.650 E560.4559
G1 X134.161 Y121.994 Z8.650 E560.4579
G1 X134.540 Y123.593 Z8.650 E560.5160
G1 X134.639 Y124.773 Z8.650 E560.5578
G1 X134.537 Y126.416 Z8.650 E560.6160
G1 X134.161 Y128.005 Z8.650 E560.6737
G1 X133.307 Y129.892 Z8.650 E560.7469
G1 X132.364 Y131.223 Z8.650 E560.8045
G1 X131.204 Y132.381 Z8.650 E560.8624
G1 X129.875 Y133.319 Z8.650 E560.9199
G1 X128.389 Y134.026 Z8.650 E560.9781
G1 X126.815 Y134.471 Z8.650 E561.0359
G1 X125.635 Y134.621 Z8.650 E561.0779
G1 X123.987 Y134.588 Z8.650 E561.1362
G1 X122.382 Y134.280 Z8.650 E561.1939
G1 X120.856 Y133.706 Z8.650 E561.2515
G1 X119.444 Y132.880 Z8.650 E561.3094
G1 X117.886 Y131.508 Z8.650 E561.3827
G1 X116.895 Y130.223 Z8.650 E561.4401
G1 X116.126 Y128.771 Z8.650 E561.4981
G1 X115.615 Y127.214 Z8.650 E561.5560
G1 X115.413 Y126.039 Z8.650 E561.5982
G1 X115.376 Y124.403 Z8.650 E561.6560
G1 X115.728 Y122.356 Z8.650 E561.7294
G1 X116.305 Y120.829 Z8.650 E561.7871
G1 X117.133 Y119.423 Z8.650 E561.8447
G1 X117.891 Y118.484 Z8.650 E561.8874
G1 X119.091 Y117.379 Z8.650 E561.9403
G1 X120.468 Y116.488 Z8.650 E561.9888
G1 X121.969 Y115.847 Z8.650 E562.0324
G1 X123.558 Y115.467 Z8.650 E562.0712
G1 X124.594 Y115.423 Z8.650 E562.0940
G1 X125.630 Y115.379 Z8.650 E562.1149
G1 X127.242 Y115.622 Z8.650 E562.1430
G1 X128.793 Y116.135 Z8.650 E562.1664
G1 X130.244 Y116.908 Z8.650 E562.1852
G1 X131.202 Y117.617 Z8.650 E562.1964
G1 X132.364 Y118.776 Z8.650 E562.2070
G1 X133.307 Y120.107 Z8.650 E562.2128
G1 X133.722 Y121.025 Z8.650 E562.2146
G1 X134.138 Y121.944 Z8.650 E562.2146
G1 F2400 E561.2146
G1 F300 Z8.850
G0 F3900 X129.494 Y118.274
G0 X126.576 Y117.066
G0 X123.613 Y117.047
G0 X121.852 Y117.742
G0 X119.137 Y119.137
G1 F300 Z8.400
G1 F1500 E562.2146
G1 F2400 X118.106 Y120.393 Z8.420 E562.2192
G1 X117.339 Y121.826 Z8.441 E562.2286
G1 X116.868 Y123.383 Z8.461 E562.2426
G1 X116.708 Y125.000 Z8.481 E562.2613
G1 X116.868 Y126.616 Z8.502 E562.2846
G1 X117.339 Y128.173 Z8.522 E562.3126
G1 X118.106 Y129.606 Z8.542 E562.3453
G1 X119.137 Y130.862 Z8.563 E562.3826
G1 X120.393 Y131.893 Z8.583 E562.4246
G1 X121.826 Y132.660 Z8.603 E562.4713
G1 X123.383 Y133.131 Z8.623 E562.5227
G1 X125.000 Y133.291 Z8.644 E562.5787
G1 X125.492 Y133.242 Z8.650 E562.5961
G1 X126.616 Y133.131 Z8.650 E562.6361
G1 X128.173 Y132.660 Z8.650 E562.6935
G1 X129.606 Y131.893 Z8.650 E562.7510
G1 X130.862 Y130.862 Z8.650 E562.8084
G1 X131.893 Y129.606 Z8.650 E562.8658
G1 X132.660 Y128.173 Z8.650 E562.9233
G1 X133.131 Y126.616 Z8.650 E562.9808
G1 X133.291 Y125.000 Z8.650 E563.0381
G1 X133.131 Y123.383 Z8.650 E563.0956
G1 X132.660 Y121.826 Z8.650 E563.1531
G1 X131.893 Y120.393 Z8.650 E563.2105
G1 X130.862 Y119.137 Z8.650 E563.2679
G1 X129.606 Y118.106 Z8.650 E563.3253
G1 X128.173 Y117.339 Z8.650 E563.3828
G1 X126.616 Y116.868 Z8.650 E563.4403
G1 X125.000 Y116.708 Z8.650 E563.4976
G1 X123.575 Y116.848 Z8.650 E563.5482
G1 X121.832 Y117.336 Z8.650 E563.6122
G1 X120.393 Y118.106 Z8.650 E563.6699
G1 X119.137 Y119.137 Z8.650 E563.7273
G1 X118.106 Y120.393 Z8.650 E563.7801
G1 X117.339 Y121.826 Z8.650 E563.8282
G1 X116.868 Y123.383 Z8.650 E563.8716
G1 X116.708 Y125.000 Z8.650 E563.9104
G1 X116.868 Y126.616 Z8.650 E563.9445
G1 X117.339 Y128.173 Z8.650 E563.9739
G1 X118.106 Y129.606 Z8.650 E563.9987
G1 X119.137 Y130.862 Z8.650 E564.0188
G1 X120.393 Y131.893 Z8.650 E564.0342
G1 X121.826 Y132.660 Z8.650 E564.0450
G1 X123.383 Y133.131 Z8.650 E564.0511
G1 X125.000 Y133.291 Z8.650 E564.0525
G1 X125.492 Y133.242 Z8.650 E564.0525
G1 F2400 E563.0525
G1 F300 Z8.850
G0 F3900 X125.500 Y133.342
G0 X123.755 Y133.331
G0 X118.626 Y131.919
;TYPE:SOLID-FILL
;WIDTH:0.400
G1 F300 Z8.650
G1 F1500 E564.0525
G1 F3600 X117.771 Y131.065 E564.0952
G1 F2400 E563.0952
G1 F300 Z8.850
G0 F3900 X117.777 Y129.373
G1 F300 Z8.650
G1 F1500 E564.0952
G1 F3600 X116.004 Y127.600 E564.1838
G0 F3600 X115.804 Y126.835
G1 F3600 X117.154 Y128.185 E564.2513
G0 F3600 X116.909 Y127.374
G1 F3600 X115.604 Y126.069 E564.3165
G0 F3600 X115.579 Y125.478
G1 F3600 X116.684 Y126.584 E564.3717
G0 F3600 X116.621 Y125.955
G1 F3600 X115.565 Y124.899 E564.4245
G0 F3600 X115.568 Y124.336
G1 F3600 X116.559 Y125.327 E564.4740
G0 F3600 X116.551 Y124.754
G1 F3600 X115.652 Y123.854 E564.5190
G0 F3600 X115.735 Y123.372
G1 F3600 X116.602 Y124.239 E564.5623
G0 F3600 X116.653 Y123.724
G1 F3600 X115.818 Y122.889 E564.6040
G0 F3600 X115.901 Y122.407
G1 F3600 X116.725 Y123.231 E564.6452
G0 F3600 X116.857 Y122.796
G1 F3600 X116.056 Y121.996 E564.6852
G0 F3600 X116.211 Y121.585
G1 F3600 X116.987 Y122.362 E564.7240
G0 F3600 X117.119 Y121.927
G1 F3600 X116.366 Y121.174 E564.7617
G0 F3600 X116.546 Y120.789
G1 F3600 X117.291 Y121.533 E564.7989
G0 F3600 X117.488 Y121.165
G1 F3600 X116.775 Y120.452 E564.8345
G0 F3600 X117.003 Y120.114
G1 F3600 X117.685 Y120.797 E564.8686
G0 F3600 X117.883 Y120.428
G1 F3600 X117.231 Y119.776 E564.9012
G0 F3600 X117.459 Y119.439
G1 F3600 X118.115 Y120.095 E564.9340
G0 F3600 X118.371 Y119.785
G1 F3600 X117.687 Y119.101 E564.9682
G0 F3600 X117.915 Y118.764
G1 F3600 X118.626 Y119.474 E565.0037
G0 F3600 X118.881 Y119.164
G1 F3600 X118.180 Y118.463 E565.0387
G0 F3600 X118.475 Y118.192
G1 F3600 X119.163 Y118.880 E565.0731
G0 F3600 X119.474 Y118.625
G1 F3600 X118.769 Y117.920 E565.1083
G0 F3600 X119.064 Y117.649
G1 F3600 X119.784 Y118.370 E565.1443
G0 F3600 X120.095 Y118.115
G1 F3600 X119.383 Y117.403 E565.1799
G0 F3600 X119.727 Y117.181
G1 F3600 X120.428 Y117.882 E565.2150
G0 F3600 X120.796 Y117.685
G1 F3600 X120.070 Y116.959 E565.2512
G0 F3600 X120.413 Y116.736
G1 F3600 X121.164 Y117.487 E565.2888
G0 F3600 X121.533 Y117.290
G1 F3600 X120.789 Y116.546 E565.3260
G0 F3600 X121.186 Y116.377
G1 F3600 X121.928 Y117.120 E565.3631
G0 F3600 X122.370 Y116.996
G1 F3600 X121.582 Y116.208 E565.4024
G0 F3600 X121.979 Y116.039
G1 F3600 X122.813 Y116.873 E565.4441
G0 F3600 X123.255 Y116.749
G1 F3600 X122.428 Y115.923 E565.4854
G0 F3600 X122.884 Y115.813
G1 F3600 X123.723 Y116.652 E565.5274
G0 F3600 X124.238 Y116.601
G1 F3600 X123.341 Y115.704 E565.5722
G0 F3600 X123.838 Y115.636
G1 F3600 X124.753 Y116.550 E565.6179
G0 F3600 X125.327 Y116.559
G1 F3600 X124.381 Y115.613 E565.6652
G0 F3600 X124.923 Y115.590
G1 F3600 X125.955 Y116.621 E565.7167
G0 F3600 X126.583 Y116.683
G1 F3600 X125.466 Y115.567 E565.7725
G0 F3600 X126.097 Y115.632
G1 F3600 X127.373 Y116.908 E565.8363
G0 F3600 X128.184 Y117.153
G1 F3600 X126.763 Y115.732 E565.9073
G0 F3600 X127.489 Y115.893
G1 F3600 X129.375 Y117.778 E566.0015
G0 F3600 X129.382 Y116.654
G1 F3600 X133.335 Y120.607 E566.1991
G0 F3600 X132.219 Y120.622
G1 F3600 X134.095 Y122.499 E566.2929
G0 F3600 X134.271 Y123.240
G1 F3600 X132.844 Y121.813 E566.3642
G0 F3600 X133.089 Y122.624
G1 F3600 X134.361 Y123.896 E566.4278
G0 F3600 X134.360 Y124.461
G1 F3600 X133.313 Y123.414 E566.4801
G0 F3600 X133.376 Y124.042
G1 F3600 X134.359 Y125.025 E566.5292
G0 F3600 X134.358 Y125.590
G1 F3600 X133.438 Y124.670 E566.5752
G0 F3600 X133.446 Y125.244
G1 F3600 X134.358 Y126.155 E566.6208
G0 F3600 X134.294 Y126.657
G1 F3600 X133.395 Y125.758 E566.6657
G0 F3600 X133.344 Y126.273
G1 F3600 X134.186 Y127.115 E566.7078
G0 F3600 X134.078 Y127.573
G1 F3600 X133.272 Y126.767 E566.7480
G0 F3600 X133.141 Y127.201
G1 F3600 X133.957 Y128.018 E566.7889
G0 F3600 X133.781 Y128.407
G1 F3600 X133.010 Y127.636 E566.8274
G0 F3600 X132.878 Y128.070
G1 F3600 X133.604 Y128.796 E566.8637
G0 F3600 X133.428 Y129.186
G1 F3600 X132.706 Y128.464 E566.8998
G0 F3600 X132.510 Y128.833
G1 F3600 X133.252 Y129.575 E566.9368
G0 F3600 X133.051 Y129.940
G1 F3600 X132.313 Y129.201 E566.9737
G0 F3600 X132.115 Y129.570
G1 F3600 X132.816 Y130.270 E567.0088
G0 F3600 X132.582 Y130.602
G1 F3600 X131.882 Y129.902 E567.0437
G0 F3600 X131.627 Y130.213
G1 F3600 X132.347 Y130.933 E567.0797
G0 F3600 X132.088 Y131.240
G1 F3600 X131.371 Y130.523 E567.1156
G0 F3600 X131.116 Y130.833
G1 F3600 X131.806 Y131.523 E567.1500
G0 F3600 X131.523 Y131.806
G1 F3600 X130.834 Y131.117 E567.1845
G0 F3600 X130.524 Y131.372
G1 F3600 X131.240 Y132.088 E567.2203
G0 F3600 X130.934 Y132.348
G1 F3600 X130.213 Y131.627 E567.2563
G0 F3600 X129.903 Y131.883
G1 F3600 X130.603 Y132.583 E567.2913
G0 F3600 X130.271 Y132.817
G1 F3600 X129.570 Y132.115 E567.3263
G0 F3600 X129.201 Y132.313
G1 F3600 X129.940 Y133.051 E567.3632
G0 F3600 X129.580 Y133.257
G1 F3600 X128.833 Y132.510 E567.4006
G0 F3600 X128.465 Y132.707
G1 F3600 X129.197 Y133.440 E567.4372
G0 F3600 X128.814 Y133.622
G1 F3600 X128.071 Y132.879 E567.4743
G0 F3600 X127.637 Y133.011
G1 F3600 X128.431 Y133.805 E567.5140
G0 F3600 X128.006 Y133.946
G1 F3600 X127.202 Y133.141 E567.5542
G0 F3600 X126.767 Y133.273
G1 F3600 X127.565 Y134.070 E567.5941
G0 F3600 X127.124 Y134.195
G1 F3600 X126.274 Y133.345 E567.6365
G0 F3600 X125.759 Y133.396
G1 F3600 X126.670 Y134.307 E567.6821
G0 F3600 X126.168 Y134.370
G1 F3600 X125.244 Y133.447 E567.7282
G0 F3600 X124.670 Y133.438
G1 F3600 X125.667 Y134.435 E567.7780
G0 F3600 X125.095 Y134.429
G1 F3600 X124.042 Y133.376 E567.8307
G0 F3600 X123.414 Y133.314
G1 F3600 X124.517 Y134.417 E567.8858
G0 F3600 X123.925 Y134.390
G1 F3600 X122.624 Y133.089 E567.9508
G0 F3600 X121.813 Y132.844
G1 F3600 X123.225 Y134.256 E568.0214
G0 F3600 X122.526 Y134.122
G1 F3600 X120.623 Y132.219 E568.1165
G0 F3600 X120.646 Y133.374
G1 F3600 X116.652 Y129.380 E568.3161
G0 F3600 X116.204 Y128.366
G1 F3600 X121.648 Y133.810 E568.5882
G1 F2400 E567.5882
G1 F300 Z8.850
G0 F3900 X126.654 Y133.327
G0 X129.717 Y132.059
G0 X132.059 Y129.717
G0 X133.085 Y127.237
G0 X133.803 Y121.641
G1 F300 Z8.650
G1 F1500 E568.5882
G1 F3600 X128.337 Y116.174 E568.8614
G1 F2400 E567.8614
G1 F300 Z8.850
G0 F3900 X131.902 Y118.608
G1 F300 Z8.650
G1 F1500 E568.8614
G1 F3600 X132.317 Y119.023 E568.8821
;PRINTING_TIME: 873
;REMAINING_TIME: 106
;LAYER:35
;Z:8.900
;HEIGHT:0.250
;FLOW:100.0
;PRINTING: haibike.stl
;PRINTING_ID: 0
G1 F2400 E567.8821
G1 F300 Z9.100
G0 F3900 X126.654 Y116.672
G0 F300 Z8.900
G0 F3900 X123.815 Y116.658
G0 X117.987 Y118.525
G0 X117.625 Y118.180
;TYPE:WALL-OUTER
;WIDTH:0.400
;FLOW:95.0
G1 F300 Z8.650
G1 F1500 E568.8821
G1 F2400 X118.885 Y117.031 Z8.671 E568.8878
G1 X119.761 Y116.491 Z8.684 E568.8934
G1 X120.638 Y115.952 Z8.697 E568.9011
G1 X122.230 Y115.345 Z8.718 E568.9195
G1 X123.900 Y115.016 Z8.740 E568.9436
G1 X125.604 Y114.973 Z8.761 E568.9734
G1 X127.291 Y115.220 Z8.782 E569.0090
G1 X128.909 Y115.747 Z8.804 E569.0503
G1 X130.417 Y116.541 Z8.825 E569.0974
G1 X131.500 Y117.342 Z8.842 E569.1382
G1 X132.700 Y118.551 Z8.863 E569.1955
G1 X133.681 Y119.948 Z8.884 E569.2587
G1 X134.199 Y121.093 Z8.900 E569.3083
G1 X134.529 Y121.823 Z8.900 E569.3399
G1 X134.929 Y123.478 Z8.900 E569.4072
G1 X135.042 Y124.815 Z8.900 E569.4602
G1 X134.928 Y126.526 Z8.900 E569.5279
G1 X134.529 Y128.176 Z8.900 E569.5950
G1 X133.681 Y130.051 Z8.900 E569.6762
G1 X132.700 Y131.448 Z8.900 E569.7437
G1 X131.501 Y132.656 Z8.900 E569.8109
G1 X130.113 Y133.646 Z8.900 E569.8782
G1 X128.577 Y134.385 Z8.900 E569.9455
G1 X126.939 Y134.856 Z8.900 E570.0129
G1 X125.609 Y135.026 Z8.900 E570.0658
G1 X123.900 Y134.983 Z8.900 E570.1333
G1 X122.230 Y134.654 Z8.900 E570.2006
G1 X120.637 Y134.047 Z8.900 E570.2679
G1 X119.171 Y133.180 Z8.900 E570.3352
G1 X117.626 Y131.820 Z8.900 E570.4165
G1 X116.577 Y130.472 Z8.900 E570.4839
G1 X115.776 Y128.977 Z8.900 E570.5509
G1 X115.234 Y127.355 Z8.900 E570.6184
G1 X115.008 Y126.031 Z8.900 E570.6715
G1 X114.977 Y124.327 Z8.900 E570.7388
G1 X115.326 Y122.293 Z8.900 E570.8203
G1 X115.920 Y120.704 Z8.900 E570.8873
G1 X116.779 Y119.228 Z8.900 E570.9548
G1 X117.625 Y118.180 Z8.900 E571.0080
G1 X118.885 Y117.031 Z8.900 E571.0696
G1 X119.761 Y116.491 Z8.900 E571.1047
G1 X120.638 Y115.952 Z8.900 E571.1377
G1 X122.230 Y115.345 Z8.900 E571.1866
G1 X123.900 Y115.016 Z8.900 E571.2297
G1 X125.604 Y114.973 Z8.900 E571.2671
G1 X127.291 Y115.220 Z8.900 E571.2989
G1 X128.909 Y115.747 Z8.900 E571.3248
G1 X130.417 Y116.541 Z8.900 E571.3451
G1 X131.500 Y117.342 Z8.900 E571.3575
G1 X132.700 Y118.551 Z8.900 E571.3674
G1 X133.681 Y119.948 Z8.900 E571.3717
G1 X134.199 Y121.093 Z8.900 E571.3717
G1 F2400 E570.3717
G1 F300 Z9.100
G0 F3900 X133.743 Y121.298
G0 X129.717 Y117.940
G0 X126.654 Y116.672
G0 X123.499 Y116.656
G0 X120.894 Y117.695
G0 X119.036 Y119.104
G0 X119.421 Y119.421
G1 F300 Z8.650
G1 F1500 E571.3717
G1 F2400 X118.440 Y120.616 Z8.669 E571.3764
G1 X117.710 Y121.980 Z8.689 E571.3859
G1 X117.262 Y123.461 Z8.708 E571.4000
G1 X117.110 Y125.000 Z8.727 E571.4189
G1 X117.262 Y126.538 Z8.747 E571.4425
G1 X117.710 Y128.019 Z8.766 E571.4709
G1 X118.440 Y129.383 Z8.785 E571.5040
G1 X119.421 Y130.578 Z8.805 E571.5417
G1 X120.616 Y131.559 Z8.824 E571.5842
G1 X121.980 Y132.289 Z8.843 E571.6315
G1 X123.461 Y132.737 Z8.863 E571.6835
G1 X125.000 Y132.889 Z8.882 E571.7402
G1 X126.433 Y132.747 Z8.900 E571.7970
G1 X126.538 Y132.737 Z8.900 E571.8012
G1 X128.019 Y132.289 Z8.900 E571.8623
G1 X129.383 Y131.559 Z8.900 E571.9234
G1 X130.578 Y130.578 Z8.900 E571.9845
G1 X131.559 Y129.383 Z8.900 E572.0455
G1 X132.289 Y128.019 Z8.900 E572.1066
G1 X132.737 Y126.538 Z8.900 E572.1678
G1 X132.889 Y125.000 Z8.900 E572.2288
G1 X132.737 Y123.461 Z8.900 E572.2899
G1 X132.289 Y121.980 Z8.900 E572.3510
G1 X131.559 Y120.616 Z8.900 E572.4121
G1 X130.578 Y119.421 Z8.900 E572.4732
G1 X129.383 Y118.440 Z8.900 E572.5342
G1 X128.019 Y117.710 Z8.900 E572.5953
G1 X126.538 Y117.262 Z8.900 E572.6564
G1 X125.000 Y117.110 Z8.900 E572.7175
G1 X123.611 Y117.247 Z8.900 E572.7726
G1 X121.982 Y117.709 Z8.900 E572.8395
G1 X120.616 Y118.440 Z8.900 E572.9007
G1 X119.421 Y119.421 Z8.900 E572.9617
G1 X118.440 Y120.616 Z8.900 E573.0181
G1 X117.710 Y121.980 Z8.900 E573.0697
G1 X117.262 Y123.461 Z8.900 E573.1167
G1 X117.110 Y125.000 Z8.900 E573.1589
G1 X117.262 Y126.538 Z8.900 E573.1963
G1 X117.710 Y128.019 Z8.900 E573.2291
G1 X118.440 Y129.383 Z8.900 E573.2571
G1 X119.421 Y130.578 Z8.900 E573.2804
G1 X120.616 Y131.559 Z8.900 E573.2989
G1 X121.980 Y132.289 Z8.900 E573.3128
G1 X123.461 Y132.737 Z8.900 E573.3219
G1 X125.000 Y132.889 Z8.900 E573.3263
G1 X126.433 Y132.747 Z8.900 E573.3263
G1 F2400 E572.3263
G1 F300 Z9.100
G0 F3900 X126.480 Y133.245
G0 X125.000 Y133.491
G0 X121.750 Y132.844
G0 X118.996 Y131.003
G0 X117.155 Y128.249
G0 X116.508 Y125.000
G0 X116.691 Y124.080
G0 X117.991 Y118.522
G0 X117.917 Y118.455
;TYPE:WALL-INNER
;WIDTH:0.400
;FLOW:85.0
G1 F300 Z8.650
G1 F1500 E573.3263
G1 F2400 X119.127 Y117.352 Z8.670 E573.3310
G1 X120.816 Y116.312 Z8.695 E573.3437
G1 X122.341 Y115.731 Z8.716 E573.3589
G1 X123.944 Y115.415 Z8.736 E573.3788
G1 X125.580 Y115.374 Z8.757 E573.4034
G1 X127.199 Y115.611 Z8.777 E573.4328
G1 X128.753 Y116.117 Z8.797 E573.4668
G1 X130.204 Y116.881 Z8.818 E573.5058
G1 X131.238 Y117.645 Z8.834 E573.5392
G1 X132.392 Y118.809 Z8.854 E573.5866
G1 X133.332 Y120.147 Z8.875 E573.6386
G1 X134.149 Y121.954 Z8.900 E573.7086
G1 X134.154 Y121.976 Z8.900 E573.7094
G1 X134.533 Y123.542 Z8.900 E573.7663
G1 X134.641 Y124.819 Z8.900 E573.8116
G1 X134.531 Y126.465 Z8.900 E573.8699
G1 X134.149 Y128.045 Z8.900 E573.9273
G1 X133.332 Y129.852 Z8.900 E573.9974
G1 X132.392 Y131.190 Z8.900 E574.0552
G1 X131.241 Y132.350 Z8.900 E574.1129
G1 X129.909 Y133.300 Z8.900 E574.1708
G1 X128.434 Y134.010 Z8.900 E574.2286
G1 X126.858 Y134.463 Z8.900 E574.2866
G1 X125.589 Y134.625 Z8.900 E574.3318
G1 X123.944 Y134.584 Z8.900 E574.3899
G1 X122.341 Y134.268 Z8.900 E574.4477
G1 X120.811 Y133.685 Z8.900 E574.5055
G1 X119.407 Y132.855 Z8.900 E574.5632
G1 X117.919 Y131.545 Z8.900 E574.6332
G1 X116.914 Y130.253 Z8.900 E574.6911
G1 X116.145 Y128.818 Z8.900 E574.7486
G1 X115.623 Y127.257 Z8.900 E574.8068
G1 X115.407 Y125.993 Z8.900 E574.8521
G1 X115.378 Y124.357 Z8.900 E574.9099
G1 X115.714 Y122.398 Z8.900 E574.9801
G1 X116.283 Y120.876 Z8.900 E575.0376
G1 X117.109 Y119.456 Z8.900 E575.0956
G1 X117.917 Y118.455 Z8.900 E575.1411
G1 X119.127 Y117.352 Z8.900 E575.1942
G1 X120.816 Y116.312 Z8.900 E575.2516
G1 X122.341 Y115.731 Z8.900 E575.2941
G1 X123.944 Y115.415 Z8.900 E575.3320
G1 X125.580 Y115.374 Z8.900 E575.3652
G1 X127.199 Y115.611 Z8.900 E575.3936
G1 X128.753 Y116.117 Z8.900 E575.4173
G1 X130.204 Y116.881 Z8.900 E575.4363
G1 X131.238 Y117.645 Z8.900 E575.4483
G1 X132.392 Y118.809 Z8.900 E575.4589
G1 X133.332 Y120.147 Z8.900 E575.4647
G1 X134.149 Y121.954 Z8.900 E575.4648
G1 X134.154 Y121.976 Z8.900 E575.4648
G1 F2400 E574.4648
G1 F300 Z9.100
G0 F3900 X129.494 Y118.274
G0 X126.576 Y117.066
G0 X123.574 Y117.051
G0 X121.835 Y117.743
G0 X119.137 Y119.137
G1 F300 Z8.650
G1 F1500 E575.4648
G1 F2400 X118.106 Y120.393 Z8.670 E575.4694
G1 X117.339 Y121.826 Z8.691 E575.4788
G1 X116.868 Y123.383 Z8.711 E575.4928
G1 X116.708 Y125.000 Z8.731 E575.5115
G1 X116.868 Y126.616 Z8.752 E575.5348
G1 X117.339 Y128.173 Z8.772 E575.5628
G1 X118.106 Y129.606 Z8.792 E575.5955
G1 X119.137 Y130.862 Z8.813 E575.6328
G1 X120.393 Y131.893 Z8.833 E575.6748
G1 X121.826 Y132.660 Z8.853 E575.7215
G1 X123.383 Y133.131 Z8.873 E575.7729
G1 X125.000 Y133.291 Z8.894 E575.8289
G1 X125.492 Y133.242 Z8.900 E575.8464
G1 X126.616 Y133.131 Z8.900 E575.8863
G1 X128.173 Y132.660 Z8.900 E575.9438
G1 X129.606 Y131.893 Z8.900 E576.0012
G1 X130.862 Y130.862 Z8.900 E576.0586
G1 X131.893 Y129.606 Z8.900 E576.1160
G1 X132.660 Y128.173 Z8.900 E576.1735
G1 X133.131 Y126.616 Z8.900 E576.2310
G1 X133.291 Y125.000 Z8.900 E576.2883
G1 X133.131 Y123.383 Z8.900 E576.3458
G1 X132.660 Y121.826 Z8.900 E576.4033
G1 X131.893 Y120.393 Z8.900 E576.4607
G1 X130.862 Y119.137 Z8.900 E576.5181
G1 X129.606 Y118.106 Z8.900 E576.5755
G1 X128.173 Y117.339 Z8.900 E576.6330
G1 X126.616 Y116.868 Z8.900 E576.6905
G1 X125.000 Y116.708 Z8.900 E576.7479
G1 X123.536 Y116.852 Z8.900 E576.7998
G1 X121.831 Y117.336 Z8.900 E576.8625
G1 X120.393 Y118.106 Z8.900 E576.9201
G1 X119.137 Y119.137 Z8.900 E576.9775
G1 X118.106 Y120.393 Z8.900 E577.0303
G1 X117.339 Y121.826 Z8.900 E577.0784
G1 X116.868 Y123.383 Z8.900 E577.1219
G1 X116.708 Y125.000 Z8.900 E577.1606
G1 X116.868 Y126.616 Z8.900 E577.1947
G1 X117.339 Y128.173 Z8.900 E577.2242
G1 X118.106 Y129.606 Z8.900 E577.2489
G1 X119.137 Y130.862 Z8.900 E577.2690
G1 X120.393 Y131.893 Z8.900 E577.2844
G1 X121.826 Y132.660 Z8.900 E577.2952
G1 X123.383 Y133.131 Z8.900 E577.3013
G1 X125.000 Y133.291 Z8.900 E577.3027
G1 X125.492 Y133.242 Z8.900 E577.3027
G1 F2400 E576.3027
G1 F300 Z9.100
G0 F3900 X125.500 Y133.342
G0 X125.826 Y133.339
G0 X131.095 Y132.231
;TYPE:SOLID-FILL
;WIDTH:0.400
G1 F300 Z8.900
G1 F1500 E577.3027
G1 F3600 X132.253 Y131.072 E577.3606
G1 F2400 E576.3606
G1 F300 Z9.100
G0 F3900 X132.182 Y129.447
G1 F300 Z8.900
G1 F1500 E577.3606
G1 F3600 X134.085 Y127.544 E577.4557
G0 F3600 X134.265 Y126.798
G1 F3600 X132.830 Y128.233 E577.5274
G0 F3600 X133.074 Y127.423
G1 F3600 X134.372 Y126.125 E577.5923
G0 F3600 X134.412 Y125.519
G1 F3600 X133.310 Y126.621 E577.6474
G0 F3600 X133.373 Y125.993
G1 F3600 X134.452 Y124.913 E577.7013
G0 F3600 X134.421 Y124.379
G1 F3600 X133.435 Y125.365 E577.7506
G0 F3600 X133.450 Y124.784
G1 F3600 X134.377 Y123.857 E577.7969
G0 F3600 X134.304 Y123.365
G1 F3600 X133.399 Y124.269 E577.8421
G0 F3600 X133.348 Y123.755
G1 F3600 X134.194 Y122.910 E577.8844
G0 F3600 X134.084 Y122.453
G1 F3600 X133.281 Y123.257 E577.9245
G0 F3600 X133.150 Y122.822
G1 F3600 X133.971 Y122.000 E577.9656
G0 F3600 X133.795 Y121.611
G1 F3600 X133.018 Y122.388 E578.0044
G0 F3600 X132.887 Y121.953
G1 F3600 X133.619 Y121.221 E578.0410
G0 F3600 X133.443 Y120.832
G1 F3600 X132.719 Y121.555 E578.0772
G0 F3600 X132.522 Y121.187
G1 F3600 X133.267 Y120.442 E578.1144
G0 F3600 X133.064 Y120.080
G1 F3600 X132.325 Y120.819 E578.1513
G0 F3600 X132.127 Y120.450
G1 F3600 X132.830 Y119.747 E578.1865
G0 F3600 X132.597 Y119.415
G1 F3600 X131.898 Y120.114 E578.2214
G0 F3600 X131.642 Y119.804
G1 F3600 X132.364 Y119.083 E578.2575
G0 F3600 X132.104 Y118.776
G1 F3600 X131.387 Y119.493 E578.2933
G0 F3600 X131.132 Y119.183
G1 F3600 X131.823 Y118.492 E578.3278
G0 F3600 X131.541 Y118.208
G1 F3600 X130.852 Y118.897 E578.3623
G0 F3600 X130.541 Y118.642
G1 F3600 X131.260 Y117.924 E578.3982
G0 F3600 X130.956 Y117.661
G1 F3600 X130.231 Y118.387 E578.4344
G0 F3600 X129.920 Y118.132
G1 F3600 X130.632 Y117.420 E578.4700
G0 F3600 X130.307 Y117.180
G1 F3600 X129.592 Y117.895 E578.5057
G0 F3600 X129.223 Y117.697
G1 F3600 X129.964 Y116.957 E578.5428
G0 F3600 X129.592 Y116.763
G1 F3600 X128.855 Y117.500 E578.5796
G0 F3600 X128.486 Y117.303
G1 F3600 X129.222 Y116.567 E578.6164
G0 F3600 X128.851 Y116.373
G1 F3600 X128.096 Y117.127 E578.6541
G0 F3600 X127.662 Y116.996
G1 F3600 X128.450 Y116.208 E578.6935
G0 F3600 X128.024 Y116.068
G1 F3600 X127.228 Y116.864 E578.7332
G0 F3600 X126.793 Y116.734
G1 F3600 X127.598 Y115.929 E578.7735
G0 F3600 X127.172 Y115.789
G1 F3600 X126.304 Y116.657 E578.8168
G0 F3600 X125.790 Y116.606
G1 F3600 X126.680 Y115.715 E578.8614
G0 F3600 X126.186 Y115.644
G1 F3600 X125.275 Y116.554 E578.9069
G0 F3600 X124.708 Y116.555
G1 F3600 X125.692 Y115.572 E578.9560
G0 F3600 X125.133 Y115.565
G1 F3600 X124.081 Y116.617 E579.0086
G0 F3600 X123.442 Y116.691
G1 F3600 X124.553 Y115.580 E579.0641
G0 F3600 X123.973 Y115.594
G1 F3600 X122.653 Y116.914 E579.1301
G0 F3600 X121.863 Y117.138
G1 F3600 X123.270 Y115.731 E579.2004
G0 F3600 X122.565 Y115.870
G1 F3600 X120.698 Y117.738 E579.2937
G0 F3600 X120.728 Y116.576
G1 F3600 X116.575 Y120.729 E579.5013
G0 F3600 X116.165 Y121.705
G1 F3600 X121.704 Y116.166 E579.7781
G1 F2400 E578.7781
G1 F300 Z9.100
G0 F3900 X119.258 Y117.480
G1 F300 Z8.900
G1 F1500 E579.7781
G1 F3600 X117.576 Y119.163 E579.8622
G0 F3600 X117.737 Y120.698
G1 F3600 X115.868 Y122.567 E579.9556
G0 F3600 X115.751 Y123.250
G1 F3600 X117.137 Y121.864 E580.0249
G0 F3600 X116.893 Y122.674
G1 F3600 X115.633 Y123.934 E580.0878
G0 F3600 X115.562 Y124.571
G1 F3600 X116.679 Y123.453 E580.1437
G0 F3600 X116.617 Y124.081
G1 F3600 X115.572 Y125.126 E580.1959
G0 F3600 X115.582 Y125.682
G1 F3600 X116.555 Y124.708 E580.2446
G0 F3600 X116.553 Y125.276
G1 F3600 X115.626 Y126.203 E580.2909
G0 F3600 X115.709 Y126.686
G1 F3600 X116.604 Y125.791 E580.3356
G0 F3600 X116.656 Y126.305
G1 F3600 X115.792 Y127.169 E580.3788
G0 F3600 X115.928 Y127.598
G1 F3600 X116.733 Y126.794 E580.4190
G0 F3600 X116.864 Y127.229
G1 F3600 X116.070 Y128.023 E580.4587
G0 F3600 X116.211 Y128.447
G1 F3600 X116.995 Y127.663 E580.4979
G0 F3600 X117.127 Y128.097
G1 F3600 X116.369 Y128.854 E580.5357
G0 F3600 X116.567 Y129.223
G1 F3600 X117.302 Y128.487 E580.5725
G0 F3600 X117.499 Y128.856
G1 F3600 X116.763 Y129.592 E580.6093
G0 F3600 X116.961 Y129.960
G1 F3600 X117.697 Y129.224 E580.6460
G0 F3600 X117.893 Y129.593
G1 F3600 X117.182 Y130.304 E580.6816
G0 F3600 X117.429 Y130.623
G1 F3600 X118.131 Y129.921 E580.7167
G0 F3600 X118.386 Y130.232
G1 F3600 X117.677 Y130.941 E580.7521
G0 F3600 X117.924 Y131.259
G1 F3600 X118.641 Y130.543 E580.7879
G0 F3600 X118.896 Y130.853
G1 F3600 X118.197 Y131.552 E580.8228
G0 F3600 X118.499 Y131.816
G1 F3600 X119.184 Y131.131 E580.8571
G0 F3600 X119.494 Y131.386
G1 F3600 X118.800 Y132.081 E580.8918
G0 F3600 X119.100 Y132.346
G1 F3600 X119.805 Y131.642 E580.9270
G0 F3600 X120.115 Y131.897
G1 F3600 X119.402 Y132.610 E580.9626
G0 F3600 X119.737 Y132.841
G1 F3600 X120.451 Y132.127 E580.9983
G0 F3600 X120.819 Y132.324
G1 F3600 X120.092 Y133.051 E581.0346
G0 F3600 X120.448 Y133.261
G1 F3600 X121.188 Y132.521 E581.0716
G0 F3600 X121.556 Y132.718
G1 F3600 X120.804 Y133.471 E581.1092
G0 F3600 X121.200 Y133.640
G1 F3600 X121.954 Y132.886 E581.1469
G0 F3600 X122.388 Y133.018
G1 F3600 X121.610 Y133.796 E581.1858
G0 F3600 X122.020 Y133.952
G1 F3600 X122.823 Y133.148 E581.2260
G0 F3600 X123.257 Y133.280
G1 F3600 X122.436 Y134.102 E581.2670
G0 F3600 X122.908 Y134.195
G1 F3600 X123.756 Y133.347 E581.3094
G0 F3600 X124.271 Y133.398
G1 F3600 X123.381 Y134.288 E581.3539
G0 F3600 X123.853 Y134.381
G1 F3600 X124.785 Y133.449 E581.4004
G0 F3600 X125.366 Y133.434
G1 F3600 X124.386 Y134.414 E581.4494
G0 F3600 X124.938 Y134.428
G1 F3600 X125.994 Y133.372 E581.5022
G0 F3600 X126.622 Y133.310
G1 F3600 X125.490 Y134.442 E581.5588
G0 F3600 X126.123 Y134.375
G1 F3600 X127.424 Y133.073 E581.6238
G0 F3600 X128.234 Y132.829
G1 F3600 X126.770 Y134.293 E581.6970
G0 F3600 X127.553 Y134.075
G1 F3600 X129.449 Y132.180 E581.7917
G0 F3600 X129.432 Y133.328
G1 F3600 X133.319 Y129.441 E581.9860
G0 F3600 X133.787 Y128.407
G1 F3600 X128.347 Y133.847 E582.2578
;PRINTING_TIME: 900
;REMAINING_TIME: 80
;LAYER:36
;Z:9.150
;HEIGHT:0.250
;FLOW:100.0
;PRINTING: haibike.stl
;PRINTING_ID: 0
G1 F2400 E581.2578
G1 F300 Z9.350
G0 F3900 X123.345 Y133.327
G0 F300 Z9.150
G0 F3900 X120.282 Y132.059
G0 X117.940 Y129.717
G0 X116.672 Y126.654
G0 X116.672 Y123.974
G0 X118.020 Y118.487
G0 X117.659 Y118.141
;TYPE:WALL-OUTER
;WIDTH:0.400
;FLOW:95.0
G1 F300 Z8.900
G1 F1500 E582.2578
G1 F2400 X118.919 Y117.003 Z8.921 E582.2635
G1 X120.358 Y116.090 Z8.943 E582.2750
G1 X121.934 Y115.433 Z8.964 E582.2922
G1 X123.592 Y115.053 Z8.985 E582.3151
G1 X125.560 Y114.970 Z9.010 E582.3493
G1 X127.248 Y115.208 Z9.031 E582.3845
G1 X128.868 Y115.728 Z9.052 E582.4255
G1 X130.376 Y116.513 Z9.074 E582.4721
G1 X131.537 Y117.371 Z9.092 E582.5158
G1 X132.734 Y118.588 Z9.113 E582.5733
G1 X133.705 Y119.984 Z9.134 E582.6362
G1 X134.224 Y121.134 Z9.150 E582.6860
G1 X134.515 Y121.777 Z9.150 E582.7139
G1 X134.923 Y123.434 Z9.150 E582.7813
G1 X135.045 Y124.865 Z9.150 E582.8380
G1 X134.923 Y126.565 Z9.150 E582.9053
G1 X134.515 Y128.222 Z9.150 E582.9727
G1 X133.705 Y130.015 Z9.150 E583.0504
G1 X132.734 Y131.411 Z9.150 E583.1176
G1 X131.536 Y132.629 Z9.150 E583.1851
G1 X130.157 Y133.621 Z9.150 E583.2522
G1 X128.621 Y134.370 Z9.150 E583.3197
G1 X126.983 Y134.848 Z9.150 E583.3871
G1 X125.563 Y135.030 Z9.150 E583.4436
G1 X123.853 Y134.979 Z9.150 E583.5112
G1 X122.187 Y134.644 Z9.150 E583.5783
G1 X120.596 Y134.028 Z9.150 E583.6457
G1 X119.130 Y133.152 Z9.150 E583.7131
G1 X117.656 Y131.855 Z9.150 E583.7907
G1 X116.603 Y130.515 Z9.150 E583.8580
G1 X115.793 Y129.019 Z9.150 E583.9252
G1 X115.312 Y127.657 Z9.150 E583.9822
G1 X115.002 Y125.981 Z9.150 E584.0495
G1 X114.979 Y124.280 Z9.150 E584.1167
G1 X115.312 Y122.342 Z9.150 E584.1944
G1 X115.902 Y120.740 Z9.150 E584.2618
G1 X116.749 Y119.268 Z9.150 E584.3289
G1 X117.659 Y118.141 Z9.150 E584.3861
G1 X118.919 Y117.003 Z9.150 E584.4475
G1 X120.358 Y116.090 Z9.150 E584.5033
G1 X121.934 Y115.433 Z9.150 E584.5535
G1 X123.592 Y115.053 Z9.150 E584.5979
G1 X125.560 Y114.970 Z9.150 E584.6415
G1 X127.248 Y115.208 Z9.150 E584.6735
G1 X128.868 Y115.728 Z9.150 E584.6998
G1 X130.376 Y116.513 Z9.150 E584.7203
G1 X131.537 Y117.371 Z9.150 E584.7336
G1 X132.734 Y118.588 Z9.150 E584.7436
G1 X133.705 Y119.984 Z9.150 E584.7479
G1 X134.224 Y121.134 Z9.150 E584.7479
G1 F2400 E583.7479
G1 F300 Z9.350
G0 F3900 X133.768 Y121.338
G0 X129.717 Y117.940
G0 X126.654 Y116.672
G0 X123.458 Y116.661
G0 X120.886 Y117.696
G0 X119.036 Y119.104
G0 X119.421 Y119.421
G1 F300 Z8.900
G1 F1500 E584.7479
G1 F2400 X118.440 Y120.616 Z8.919 E584.7526
G1 X117.710 Y121.980 Z8.939 E584.7620
G1 X117.262 Y123.461 Z8.958 E584.7762
G1 X117.110 Y125.000 Z8.977 E584.7951
G1 X117.262 Y126.538 Z8.997 E584.8187
G1 X117.710 Y128.019 Z9.016 E584.8471
G1 X118.440 Y129.383 Z9.035 E584.8801
G1 X119.421 Y130.578 Z9.055 E584.9179
G1 X120.616 Y131.559 Z9.074 E584.9604
G1 X121.980 Y132.289 Z9.093 E585.0077
G1 X123.461 Y132.737 Z9.113 E585.0596
G1 X125.000 Y132.889 Z9.132 E585.1163
G1 X126.433 Y132.747 Z9.150 E585.1732
G1 X126.538 Y132.737 Z9.150 E585.1774
G1 X128.019 Y132.289 Z9.150 E585.2385
G1 X129.383 Y131.559 Z9.150 E585.2996
G1 X130.578 Y130.578 Z9.150 E585.3606
G1 X131.559 Y129.383 Z9.150 E585.4217
G1 X132.289 Y128.019 Z9.150 E585.4828
G1 X132.737 Y126.538 Z9.150 E585.5439
G1 X132.889 Y125.000 Z9.150 E585.6050
G1 X132.737 Y123.461 Z9.150 E585.6660
G1 X132.289 Y121.980 Z9.150 E585.7272
G1 X131.559 Y120.616 Z9.150 E585.7883
G1 X130.578 Y119.421 Z9.150 E585.8493
G1 X129.383 Y118.440 Z9.150 E585.9104
G1 X128.019 Y117.710 Z9.150 E585.9715
G1 X126.538 Y117.262 Z9.150 E586.0326
G1 X125.000 Y117.110 Z9.150 E586.0936
G1 X123.571 Y117.251 Z9.150 E586.1504
G1 X121.981 Y117.710 Z9.150 E586.2157
G1 X120.616 Y118.440 Z9.150 E586.2769
G1 X119.421 Y119.421 Z9.150 E586.3379
G1 X118.440 Y120.616 Z9.150 E586.3943
G1 X117.710 Y121.980 Z9.150 E586.4459
G1 X117.262 Y123.461 Z9.150 E586.4929
G1 X117.110 Y125.000 Z9.150 E586.5350
G1 X117.262 Y126.538 Z9.150 E586.5725
G1 X117.710 Y128.019 Z9.150 E586.6052
G1 X118.440 Y129.383 Z9.150 E586.6333
G1 X119.421 Y130.578 Z9.150 E586.6566
G1 X120.616 Y131.559 Z9.150 E586.6751
G1 X121.980 Y132.289 Z9.150 E586.6890
G1 X123.461 Y132.737 Z9.150 E586.6981
G1 X125.000 Y132.889 Z9.150 E586.7025
G1 X126.433 Y132.747 Z9.150 E586.7025
G1 F2400 E585.7025
G1 F300 Z9.350
G0 F3900 X126.480 Y133.245
G0 X125.000 Y133.491
G0 X121.750 Y132.844
G0 X118.996 Y131.003
G0 X117.155 Y128.249
G0 X116.508 Y125.000
G0 X116.691 Y124.080
G0 X118.023 Y118.485
G0 X117.950 Y118.417
;TYPE:WALL-INNER
;WIDTH:0.400
;FLOW:85.0
G1 F300 Z8.900
G1 F1500 E586.7025
G1 F2400 X119.162 Y117.323 Z8.920 E586.7072
G1 X120.543 Y116.446 Z8.941 E586.7167
G1 X122.057 Y115.815 Z8.961 E586.7309
G1 X123.646 Y115.451 Z8.982 E586.7497
G1 X125.540 Y115.371 Z9.005 E586.7780
G1 X127.158 Y115.599 Z9.026 E586.8070
G1 X128.713 Y116.098 Z9.046 E586.8408
G1 X130.163 Y116.853 Z9.067 E586.8793
G1 X131.274 Y117.674 Z9.084 E586.9153
G1 X132.425 Y118.844 Z9.104 E586.9627
G1 X133.356 Y120.182 Z9.125 E587.0145
G1 X134.135 Y121.908 Z9.149 E587.0810
G1 X134.162 Y122.021 Z9.150 E587.0851
G1 X134.527 Y123.499 Z9.150 E587.1389
G1 X134.644 Y124.868 Z9.150 E587.1875
G1 X134.526 Y126.502 Z9.150 E587.2454
G1 X134.135 Y128.091 Z9.150 E587.3032
G1 X133.356 Y129.817 Z9.150 E587.3701
G1 X132.425 Y131.155 Z9.150 E587.4278
G1 X131.275 Y132.324 Z9.150 E587.4857
G1 X129.951 Y133.276 Z9.150 E587.5433
G1 X128.476 Y133.996 Z9.150 E587.6013
G1 X126.901 Y134.455 Z9.150 E587.6593
G1 X125.543 Y134.629 Z9.150 E587.7077
G1 X123.899 Y134.580 Z9.150 E587.7658
G1 X122.299 Y134.259 Z9.150 E587.8235
G1 X120.772 Y133.667 Z9.150 E587.8814
G1 X119.367 Y132.827 Z9.150 E587.9392
G1 X117.948 Y131.579 Z9.150 E588.0060
G1 X116.939 Y130.295 Z9.150 E588.0637
G1 X116.160 Y128.856 Z9.150 E588.1215
G1 X115.700 Y127.553 Z9.150 E588.1704
G1 X115.402 Y125.942 Z9.150 E588.2282
G1 X115.379 Y124.311 Z9.150 E588.2859
G1 X115.700 Y122.446 Z9.150 E588.3528
G1 X116.266 Y120.910 Z9.150 E588.4106
G1 X117.080 Y119.495 Z9.150 E588.4683
G1 X117.950 Y118.417 Z9.150 E588.5173
G1 X119.162 Y117.323 Z9.150 E588.5702
G1 X120.543 Y116.446 Z9.150 E588.6186
G1 X122.057 Y115.815 Z9.150 E588.6623
G1 X123.646 Y115.451 Z9.150 E588.7011
G1 X125.540 Y115.371 Z9.150 E588.7399
G1 X127.158 Y115.599 Z9.150 E588.7685
G1 X128.713 Y116.098 Z9.150 E588.7925
G1 X130.163 Y116.853 Z9.150 E588.8117
G1 X131.274 Y117.674 Z9.150 E588.8246
G1 X132.425 Y118.844 Z9.150 E588.8352
G1 X133.356 Y120.182 Z9.150 E588.8410
G1 X134.135 Y121.908 Z9.150 E588.8414
G1 X134.162 Y122.021 Z9.150 E588.8414
G1 F2400 E587.8414
G1 F300 Z9.350
G0 F3900 X131.003 Y118.996
G0 X128.249 Y117.155
G0 X125.000 Y116.508
G0 X121.755 Y117.152
G0 X120.183 Y118.236
G0 X119.054 Y119.081
G0 X119.137 Y119.137
G1 F300 Z8.900
G1 F1500 E588.8414
G1 F2400 X118.106 Y120.393 Z8.920 E588.8460
G1 X117.339 Y121.826 Z8.941 E588.8554
G1 X116.868 Y123.383 Z8.961 E588.8694
G1 X116.708 Y125.000 Z8.981 E588.8880
G1 X116.868 Y126.616 Z9.002 E588.9114
G1 X117.339 Y128.173 Z9.022 E588.9394
G1 X118.106 Y129.606 Z9.042 E588.9721
G1 X119.137 Y130.862 Z9.063 E589.0094
G1 X120.393 Y131.893 Z9.083 E589.0514
G1 X121.826 Y132.660 Z9.103 E589.0981
G1 X123.383 Y133.131 Z9.123 E589.1495
G1 X125.000 Y133.291 Z9.144 E589.2055
G1 X125.492 Y133.242 Z9.150 E589.2229
G1 X126.616 Y133.131 Z9.150 E589.2629
G1 X128.173 Y132.660 Z9.150 E589.3203
G1 X129.606 Y131.893 Z9.150 E589.3778
G1 X130.862 Y130.862 Z9.150 E589.4352
G1 X131.893 Y129.606 Z9.150 E589.4926
G1 X132.660 Y128.173 Z9.150 E589.5501
G1 X133.131 Y126.616 Z9.150 E589.6076
G1 X133.291 Y125.000 Z9.150 E589.6649
G1 X133.131 Y123.383 Z9.150 E589.7224
G1 X132.660 Y121.826 Z9.150 E589.7798
G1 X131.893 Y120.393 Z9.150 E589.8373
G1 X130.862 Y119.137 Z9.150 E589.8947
G1 X129.606 Y118.106 Z9.150 E589.9521
G1 X128.173 Y117.339 Z9.150 E590.0096
G1 X126.616 Y116.868 Z9.150 E590.0671
G1 X125.000 Y116.708 Z9.150 E590.1244
G1 X123.495 Y116.857 Z9.150 E590.1779
G1 X121.830 Y117.337 Z9.150 E590.2391
G1 X120.393 Y118.106 Z9.150 E590.2967
G1 X119.137 Y119.137 Z9.150 E590.3541
G1 X118.106 Y120.393 Z9.150 E590.4069
G1 X117.339 Y121.826 Z9.150 E590.4550
G1 X116.868 Y123.383 Z9.150 E590.4985
G1 X116.708 Y125.000 Z9.150 E590.5372
G1 X116.868 Y126.616 Z9.150 E590.5713
G1 X117.339 Y128.173 Z9.150 E590.6008
G1 X118.106 Y129.606 Z9.150 E590.6255
G1 X119.137 Y130.862 Z9.150 E590.6456
G1 X120.393 Y131.893 Z9.150 E590.6610
G1 X121.826 Y132.660 Z9.150 E590.6718
G1 X123.383 Y133.131 Z9.150 E590.6779
G1 X125.000 Y133.291 Z9.150 E590.6793
G1 X125.492 Y133.242 Z9.150 E590.6793
G1 F2400 E589.6793
G1 F300 Z9.350
G0 F3900 X125.500 Y133.342
G0 X123.755 Y133.331
G0 X118.757 Y132.051
;TYPE:SOLID-FILL
;WIDTH:0.400
G1 F300 Z9.150
G1 F1500 E590.6793
G1 F3600 X117.778 Y131.072 E590.7282
G1 F2400 E589.7282
G1 F300 Z9.350
G0 F3900 X117.777 Y129.373
G1 F300 Z9.150
G1 F1500 E590.7282
G1 F3600 X115.867 Y127.464 E590.8237
G0 F3600 X115.739 Y126.770
G1 F3600 X117.154 Y128.185 E590.8944
G0 F3600 X116.909 Y127.374
G1 F3600 X115.610 Y126.075 E590.9593
G0 F3600 X115.575 Y125.474
G1 F3600 X116.684 Y126.584 E591.0148
G0 F3600 X116.621 Y125.955
G1 F3600 X115.566 Y124.900 E591.0675
G0 F3600 X115.558 Y124.327
G1 F3600 X116.559 Y125.327 E591.1175
G0 F3600 X116.551 Y124.754
G1 F3600 X115.641 Y123.844 E591.1630
G0 F3600 X115.725 Y123.361
G1 F3600 X116.602 Y124.239 E591.2068
G0 F3600 X116.653 Y123.724
G1 F3600 X115.808 Y122.879 E591.2490
G0 F3600 X115.905 Y122.410
G1 F3600 X116.725 Y123.231 E591.2900
G0 F3600 X116.857 Y122.796
G1 F3600 X116.057 Y121.997 E591.3300
G0 F3600 X116.209 Y121.583
G1 F3600 X116.987 Y122.362 E591.3689
G0 F3600 X117.119 Y121.927
G1 F3600 X116.361 Y121.169 E591.4068
G0 F3600 X116.543 Y120.785
G1 F3600 X117.291 Y121.533 E591.4442
G0 F3600 X117.488 Y121.165
G1 F3600 X116.750 Y120.427 E591.4811
G0 F3600 X116.956 Y120.068
G1 F3600 X117.685 Y120.797 E591.5175
G0 F3600 X117.883 Y120.428
G1 F3600 X117.163 Y119.708 E591.5535
G0 F3600 X117.401 Y119.381
G1 F3600 X118.115 Y120.095 E591.5892
G0 F3600 X118.371 Y119.785
G1 F3600 X117.654 Y119.069 E591.6250
G0 F3600 X117.907 Y118.755
G1 F3600 X118.626 Y119.474 E591.6609
G0 F3600 X118.881 Y119.164
G1 F3600 X118.174 Y118.457 E591.6962
G0 F3600 X118.471 Y118.188
G1 F3600 X119.163 Y118.880 E591.7308
G0 F3600 X119.474 Y118.625
G1 F3600 X118.769 Y117.920 E591.7661
G0 F3600 X119.066 Y117.651
G1 F3600 X119.784 Y118.370 E591.8020
G0 F3600 X120.095 Y118.115
G1 F3600 X119.379 Y117.399 E591.8377
G0 F3600 X119.725 Y117.179
G1 F3600 X120.428 Y117.882 E591.8729
G0 F3600 X120.796 Y117.685
G1 F3600 X120.070 Y116.959 E591.9092
G0 F3600 X120.416 Y116.739
G1 F3600 X121.164 Y117.487 E591.9465
G0 F3600 X121.533 Y117.290
G1 F3600 X120.783 Y116.540 E591.9840
G0 F3600 X121.182 Y116.374
G1 F3600 X121.928 Y117.120 E592.0213
G0 F3600 X122.367 Y116.993
G1 F3600 X121.582 Y116.208 E592.0605
G0 F3600 X121.981 Y116.041
G1 F3600 X122.806 Y116.867 E592.1018
G0 F3600 X123.245 Y116.740
G1 F3600 X122.421 Y115.916 E592.1430
G0 F3600 X122.881 Y115.810
G1 F3600 X123.723 Y116.652 E592.1851
G0 F3600 X124.238 Y116.601
G1 F3600 X123.342 Y115.705 E592.2298
G0 F3600 X123.826 Y115.623
G1 F3600 X124.753 Y116.550 E592.2762
G0 F3600 X125.327 Y116.559
G1 F3600 X124.369 Y115.601 E592.3240
G0 F3600 X124.911 Y115.578
G1 F3600 X125.955 Y116.621 E592.3762
G0 F3600 X126.583 Y116.683
G1 F3600 X125.454 Y115.555 E592.4326
G0 F3600 X126.096 Y115.631
G1 F3600 X127.373 Y116.908 E592.4964
G0 F3600 X128.184 Y117.153
G1 F3600 X126.755 Y115.724 E592.5678
G0 F3600 X127.492 Y115.895
G1 F3600 X129.375 Y117.778 E592.6619
G0 F3600 X129.371 Y116.643
G1 F3600 X133.361 Y120.633 E592.8613
G0 F3600 X133.828 Y121.666
G1 F3600 X128.323 Y116.161 E593.1365
G1 F2400 E592.1365
G1 F300 Z9.350
G0 F3900 X130.960 Y117.666
G1 F300 Z9.150
G1 F1500 E593.1365
G1 F3600 X132.360 Y119.066 E593.2064
G0 F3600 X132.219 Y120.622
G1 F3600 X134.095 Y122.498 E593.3002
G0 F3600 X134.279 Y123.248
G1 F3600 X132.844 Y121.813 E593.3719
G0 F3600 X133.089 Y122.624
G1 F3600 X134.381 Y123.916 E593.4365
G0 F3600 X134.433 Y124.534
G1 F3600 X133.313 Y123.414 E593.4924
G0 F3600 X133.376 Y124.042
G1 F3600 X134.445 Y125.111 E593.5459
G0 F3600 X134.407 Y125.639
G1 F3600 X133.438 Y124.670 E593.5943
G0 F3600 X133.446 Y125.244
G1 F3600 X134.370 Y126.167 E593.6405
G0 F3600 X134.301 Y126.664
G1 F3600 X133.395 Y125.758 E593.6857
G0 F3600 X133.344 Y126.273
G1 F3600 X134.189 Y127.118 E593.7280
G0 F3600 X134.078 Y127.572
G1 F3600 X133.272 Y126.767 E593.7682
G0 F3600 X133.141 Y127.201
G1 F3600 X133.965 Y128.025 E593.8094
G0 F3600 X133.790 Y128.416
G1 F3600 X133.010 Y127.636 E593.8484
G0 F3600 X132.878 Y128.070
G1 F3600 X133.614 Y128.805 E593.8851
G0 F3600 X133.438 Y129.195
G1 F3600 X132.706 Y128.464 E593.9217
G0 F3600 X132.510 Y128.833
G1 F3600 X133.262 Y129.585 E593.9593
G0 F3600 X133.051 Y129.940
G1 F3600 X132.313 Y129.201 E593.9962
G0 F3600 X132.115 Y129.570
G1 F3600 X132.819 Y130.273 E594.0313
G0 F3600 X132.586 Y130.606
G1 F3600 X131.882 Y129.902 E594.0665
G0 F3600 X131.627 Y130.213
G1 F3600 X132.354 Y130.940 E594.1029
G0 F3600 X132.088 Y131.240
G1 F3600 X131.371 Y130.523 E594.1387
G0 F3600 X131.116 Y130.833
G1 F3600 X131.808 Y131.525 E594.1733
G0 F3600 X131.527 Y131.810
G1 F3600 X130.834 Y131.117 E594.2079
G0 F3600 X130.524 Y131.372
G1 F3600 X131.246 Y132.095 E594.2440
G0 F3600 X130.932 Y132.347
G1 F3600 X130.213 Y131.627 E594.2800
G0 F3600 X129.903 Y131.883
G1 F3600 X130.603 Y132.583 E594.3150
G0 F3600 X130.274 Y132.820
G1 F3600 X129.570 Y132.115 E594.3502
G0 F3600 X129.201 Y132.313
G1 F3600 X129.945 Y133.056 E594.3873
G0 F3600 X129.578 Y133.255
G1 F3600 X128.833 Y132.510 E594.4246
G0 F3600 X128.465 Y132.707
G1 F3600 X129.199 Y133.441 E594.4612
G0 F3600 X128.818 Y133.626
G1 F3600 X128.071 Y132.879 E594.4986
G0 F3600 X127.637 Y133.011
G1 F3600 X128.438 Y133.812 E594.5386
G0 F3600 X128.005 Y133.945
G1 F3600 X127.202 Y133.141 E594.5788
G0 F3600 X126.767 Y133.273
G1 F3600 X127.567 Y134.073 E594.6187
G0 F3600 X127.129 Y134.200
G1 F3600 X126.274 Y133.345 E594.6615
G0 F3600 X125.759 Y133.396
G1 F3600 X126.666 Y134.302 E594.7068
G0 F3600 X126.164 Y134.367
G1 F3600 X125.244 Y133.447 E594.7528
G0 F3600 X124.670 Y133.438
G1 F3600 X125.663 Y134.431 E594.8024
G0 F3600 X125.101 Y134.435
G1 F3600 X124.042 Y133.376 E594.8553
G0 F3600 X123.414 Y133.314
G1 F3600 X124.517 Y134.417 E594.9104
G0 F3600 X123.934 Y134.399
G1 F3600 X122.624 Y133.089 E594.9759
G0 F3600 X121.813 Y132.844
G1 F3600 X123.229 Y134.260 E595.0467
G0 F3600 X122.521 Y134.118
G1 F3600 X120.623 Y132.219 E595.1416
G0 F3600 X120.665 Y133.393
G1 F3600 X116.646 Y129.374 E595.3424
G0 F3600 X116.165 Y128.327
G1 F3600 X121.652 Y133.814 E595.6166
;PRINTING_TIME: 926
;REMAINING_TIME: 53
;LAYER:37
;Z:9.400
;HEIGHT:0.250
;FLOW:100.0
;PRINTING: haibike.stl
;PRINTING_ID: 0
G1 F2400 E594.6166
G1 F300 Z9.600
G0 F3900 X117.940 Y129.717
G0 F300 Z9.400
G0 F3900 X116.672 Y126.654
G0 X116.672 Y123.974
G0 X118.051 Y118.453
G0 X117.690 Y118.107
;TYPE:WALL-OUTER
;WIDTH:0.400
;FLOW:95.0
G1 F300 Z9.150
G1 F1500 E595.6166
G1 F2400 X118.956 Y116.973 Z9.171 E595.6223
G1 X120.554 Y115.989 Z9.195 E595.6356
G1 X122.138 Y115.368 Z9.216 E595.6533
G1 X123.808 Y115.023 Z9.237 E595.6768
G1 X125.514 Y114.966 Z9.259 E595.7061
G1 X127.198 Y115.195 Z9.280 E595.7410
G1 X128.825 Y115.708 Z9.301 E595.7818
G1 X130.342 Y116.490 Z9.323 E595.8283
G1 X131.572 Y117.401 Z9.342 E595.8746
G1 X132.763 Y118.622 Z9.363 E595.9320
G1 X133.729 Y120.025 Z9.384 E595.9951
G1 X134.247 Y121.171 Z9.400 E596.0447
G1 X134.501 Y121.732 Z9.400 E596.0690
G1 X134.918 Y123.389 Z9.400 E596.1365
G1 X135.047 Y124.912 Z9.400 E596.1969
G1 X134.918 Y126.608 Z9.400 E596.2641
G1 X134.444 Y128.428 Z9.400 E596.3384
G1 X133.727 Y129.977 Z9.400 E596.4058
G1 X132.763 Y131.377 Z9.400 E596.4729
G1 X131.574 Y132.597 Z9.400 E596.5402
G1 X130.189 Y133.603 Z9.400 E596.6078
G1 X128.670 Y134.352 Z9.400 E596.6747
G1 X127.027 Y134.841 Z9.400 E596.7424
G1 X125.516 Y135.034 Z9.400 E596.8026
G1 X123.812 Y134.976 Z9.400 E596.8699
G1 X121.972 Y134.579 Z9.400 E596.9443
G1 X120.397 Y133.931 Z9.400 E597.0115
G1 X118.958 Y133.028 Z9.400 E597.0786
G1 X117.690 Y131.892 Z9.400 E597.1459
G1 X116.723 Y130.695 Z9.400 E597.2066
G1 X115.879 Y129.214 Z9.400 E597.2740
G1 X115.298 Y127.615 Z9.400 E597.3412
G1 X114.996 Y125.938 Z9.400 E597.4085
G1 X114.996 Y124.061 Z9.400 E597.4826
G1 X115.298 Y122.384 Z9.400 E597.5499
G1 X115.879 Y120.785 Z9.400 E597.6171
G1 X116.723 Y119.304 Z9.400 E597.6844
G1 X117.690 Y118.107 Z9.400 E597.7452
G1 X118.956 Y116.973 Z9.400 E597.8066
G1 X120.554 Y115.989 Z9.400 E597.8675
G1 X122.138 Y115.368 Z9.400 E597.9170
G1 X123.808 Y115.023 Z9.400 E597.9608
G1 X125.514 Y114.966 Z9.400 E597.9989
G1 X127.198 Y115.195 Z9.400 E598.0312
G1 X128.825 Y115.708 Z9.400 E598.0578
G1 X130.342 Y116.490 Z9.400 E598.0787
G1 X131.572 Y117.401 Z9.400 E598.0928
G1 X132.763 Y118.622 Z9.400 E598.1028
G1 X133.729 Y120.025 Z9.400 E598.1070
G1 X134.247 Y121.171 Z9.400 E598.1070
G1 F2400 E597.1070
G1 F300 Z9.600
G0 F3900 X133.791 Y121.376
G0 X129.717 Y117.940
G0 X126.654 Y116.672
G0 X123.418 Y116.665
G0 X120.879 Y117.697
G0 X119.036 Y119.104
G0 X119.421 Y119.421
G1 F300 Z9.150
G1 F1500 E598.1070
G1 F2400 X118.440 Y120.616 Z9.169 E598.1117
G1 X117.710 Y121.980 Z9.189 E598.1212
G1 X117.262 Y123.461 Z9.208 E598.1354
G1 X117.110 Y125.000 Z9.227 E598.1543
G1 X117.262 Y126.538 Z9.247 E598.1779
G1 X117.710 Y128.019 Z9.266 E598.2062
G1 X118.440 Y129.383 Z9.285 E598.2393
G1 X119.421 Y130.578 Z9.305 E598.2771
G1 X120.616 Y131.559 Z9.324 E598.3196
G1 X121.980 Y132.289 Z9.343 E598.3668
G1 X123.461 Y132.737 Z9.363 E598.4188
G1 X125.000 Y132.889 Z9.382 E598.4755
G1 X126.433 Y132.747 Z9.400 E598.5324
G1 X126.538 Y132.737 Z9.400 E598.5365
G1 X128.019 Y132.289 Z9.400 E598.5976
G1 X129.383 Y131.559 Z9.400 E598.6587
G1 X130.578 Y130.578 Z9.400 E598.7198
G1 X131.559 Y129.383 Z9.400 E598.7809
G1 X132.289 Y128.019 Z9.400 E598.8420
G1 X132.737 Y126.538 Z9.400 E598.9031
G1 X132.889 Y125.000 Z9.400 E598.9641
G1 X132.737 Y123.461 Z9.400 E599.0252
G1 X132.289 Y121.980 Z9.400 E599.0863
G1 X131.559 Y120.616 Z9.400 E599.1474
G1 X130.578 Y119.421 Z9.400 E599.2085
G1 X129.383 Y118.440 Z9.400 E599.2695
G1 X128.019 Y117.710 Z9.400 E599.3307
G1 X126.538 Y117.262 Z9.400 E599.3918
G1 X125.000 Y117.110 Z9.400 E599.4528
G1 X123.533 Y117.255 Z9.400 E599.5110
G1 X121.981 Y117.710 Z9.400 E599.5749
G1 X120.616 Y118.440 Z9.400 E599.6360
G1 X119.421 Y119.421 Z9.400 E599.6971
G1 X118.440 Y120.616 Z9.400 E599.7535
G1 X117.710 Y121.980 Z9.400 E599.8051
G1 X117.262 Y123.461 Z9.400 E599.8520
G1 X117.110 Y125.000 Z9.400 E599.8942
G1 X117.262 Y126.538 Z9.400 E599.9317
G1 X117.710 Y128.019 Z9.400 E599.9644
G1 X118.440 Y129.383 Z9.400 E599.9925
G1 X119.421 Y130.578 Z9.400 E600.0157
G1 X120.616 Y131.559 Z9.400 E600.0343
G1 X121.980 Y132.289 Z9.400 E600.0482
G1 X123.461 Y132.737 Z9.400 E600.0573
G1 X125.000 Y132.889 Z9.400 E600.0617
G1 X126.433 Y132.747 Z9.400 E600.0617
G1 F2400 E599.0617
G1 F300 Z9.600
G0 F3900 X126.480 Y133.245
G0 X125.000 Y133.491
G0 X121.750 Y132.844
G0 X118.996 Y131.003
G0 X117.155 Y128.249
G0 X116.508 Y125.000
G0 X116.691 Y124.080
G0 X118.054 Y118.451
G0 X117.981 Y118.383
;TYPE:WALL-INNER
;WIDTH:0.400
;FLOW:85.0
G1 F300 Z9.150
G1 F1500 E600.0617
G1 F2400 X119.196 Y117.295 Z9.170 E600.0664
G1 X120.733 Y116.348 Z9.193 E600.0773
G1 X122.252 Y115.753 Z9.213 E600.0920
G1 X123.855 Y115.422 Z9.234 E600.1113
G1 X125.494 Y115.367 Z9.254 E600.1355
G1 X127.110 Y115.587 Z9.275 E600.1643
G1 X128.672 Y116.079 Z9.295 E600.1979
G1 X130.130 Y116.831 Z9.316 E600.2363
G1 X131.308 Y117.703 Z9.334 E600.2744
G1 X132.453 Y118.877 Z9.354 E600.3218
G1 X133.379 Y120.222 Z9.375 E600.3737
G1 X134.122 Y121.864 Z9.397 E600.4368
G1 X134.172 Y122.063 Z9.400 E600.4440
G1 X134.522 Y123.455 Z9.400 E600.4947
G1 X134.646 Y124.914 Z9.400 E600.5465
G1 X134.522 Y126.542 Z9.400 E600.6042
G1 X134.066 Y128.293 Z9.400 E600.6681
G1 X133.378 Y129.778 Z9.400 E600.7260
G1 X132.453 Y131.122 Z9.400 E600.7836
G1 X131.311 Y132.293 Z9.400 E600.8414
G1 X129.982 Y133.259 Z9.400 E600.8995
G1 X128.523 Y133.978 Z9.400 E600.9570
G1 X126.944 Y134.448 Z9.400 E601.0152
G1 X125.497 Y134.633 Z9.400 E601.0667
G1 X123.861 Y134.577 Z9.400 E601.1246
G1 X122.091 Y134.196 Z9.400 E601.1886
G1 X120.581 Y133.574 Z9.400 E601.2463
G1 X119.200 Y132.707 Z9.400 E601.3039
G1 X117.981 Y131.616 Z9.400 E601.3617
G1 X117.054 Y130.469 Z9.400 E601.4138
G1 X116.243 Y129.045 Z9.400 E601.4717
G1 X115.686 Y127.510 Z9.400 E601.5294
G1 X115.396 Y125.902 Z9.400 E601.5872
G1 X115.396 Y124.097 Z9.400 E601.6510
G1 X115.686 Y122.489 Z9.400 E601.7087
G1 X116.243 Y120.954 Z9.400 E601.7664
G1 X117.054 Y119.530 Z9.400 E601.8243
G1 X117.981 Y118.383 Z9.400 E601.8764
G1 X119.196 Y117.295 Z9.400 E601.9294
G1 X120.733 Y116.348 Z9.400 E601.9822
G1 X122.252 Y115.753 Z9.400 E602.0253
G1 X123.855 Y115.422 Z9.400 E602.0637
G1 X125.494 Y115.367 Z9.400 E602.0975
G1 X127.110 Y115.587 Z9.400 E602.1264
G1 X128.672 Y116.079 Z9.400 E602.1506
G1 X130.130 Y116.831 Z9.400 E602.1702
G1 X131.308 Y117.703 Z9.400 E602.1839
G1 X132.453 Y118.877 Z9.400 E602.1944
G1 X133.379 Y120.222 Z9.400 E602.2002
G1 X134.122 Y121.864 Z9.400 E602.2009
G1 X134.172 Y122.063 Z9.400 E602.2009
G1 F2400 E601.2009
G1 F300 Z9.600
G0 F3900 X129.494 Y118.274
G0 X126.576 Y117.066
G0 X123.495 Y117.059
G0 X121.802 Y117.747
G0 X119.137 Y119.137
G1 F300 Z9.150
G1 F1500 E602.2009
G1 F2400 X118.106 Y120.393 Z9.170 E602.2055
G1 X117.339 Y121.826 Z9.191 E602.2149
G1 X116.868 Y123.383 Z9.211 E602.2289
G1 X116.708 Y125.000 Z9.231 E602.2476
G1 X116.868 Y126.616 Z9.252 E602.2709
G1 X117.339 Y128.173 Z9.272 E602.2989
G1 X118.106 Y129.606 Z9.292 E602.3316
G1 X119.137 Y130.862 Z9.313 E602.3689
G1 X120.393 Y131.893 Z9.333 E602.4109
G1 X121.826 Y132.660 Z9.353 E602.4576
G1 X123.383 Y133.131 Z9.373 E602.5090
G1 X125.000 Y133.291 Z9.394 E602.5650
G1 X125.492 Y133.242 Z9.400 E602.5825
G1 X126.616 Y133.131 Z9.400 E602.6224
G1 X128.173 Y132.660 Z9.400 E602.6799
G1 X129.606 Y131.893 Z9.400 E602.7373
G1 X130.862 Y130.862 Z9.400 E602.7947
G1 X131.893 Y129.606 Z9.400 E602.8521
G1 X132.660 Y128.173 Z9.400 E602.9096
G1 X133.131 Y126.616 Z9.400 E602.9671
G1 X133.291 Y125.000 Z9.400 E603.0245
G1 X133.131 Y123.383 Z9.400 E603.0819
G1 X132.660 Y121.826 Z9.400 E603.1394
G1 X131.893 Y120.393 Z9.400 E603.1968
G1 X130.862 Y119.137 Z9.400 E603.2542
G1 X129.606 Y118.106 Z9.400 E603.3116
G1 X128.173 Y117.339 Z9.400 E603.3691
G1 X126.616 Y116.868 Z9.400 E603.4266
G1 X125.000 Y116.708 Z9.400 E603.4840
G1 X123.456 Y116.861 Z9.400 E603.5388
G1 X121.829 Y117.338 Z9.400 E603.5987
G1 X120.393 Y118.106 Z9.400 E603.6563
G1 X119.137 Y119.137 Z9.400 E603.7137
G1 X118.106 Y120.393 Z9.400 E603.7664
G1 X117.339 Y121.826 Z9.400 E603.8145
G1 X116.868 Y123.383 Z9.400 E603.8580
G1 X116.708 Y125.000 Z9.400 E603.8968
G1 X116.868 Y126.616 Z9.400 E603.9308
G1 X117.339 Y128.173 Z9.400 E603.9603
G1 X118.106 Y129.606 Z9.400 E603.9850
G1 X119.137 Y130.862 Z9.400 E604.0051
G1 X120.393 Y131.893 Z9.400 E604.0206
G1 X121.826 Y132.660 Z9.400 E604.0313
G1 X123.383 Y133.131 Z9.400 E604.0374
G1 X125.000 Y133.291 Z9.400 E604.0388
G1 X125.492 Y133.242 Z9.400 E604.0388
G1 F2400 E603.0388
G1 F300 Z9.600
G0 F3900 X125.500 Y133.342
G0 X125.826 Y133.339
G0 X131.115 Y132.210
;TYPE:SOLID-FILL
;WIDTH:0.400
G1 F300 Z9.400
G1 F1500 E604.0388
G1 F3600 X132.127 Y131.198 E604.0894
G1 F2400 E603.0894
G1 F300 Z9.600
G0 F3900 X132.182 Y129.447
G1 F300 Z9.400
G1 F1500 E604.0894
G1 F3600 X134.070 Y127.558 E604.1838
G0 F3600 X134.269 Y126.794
G1 F3600 X132.830 Y128.233 E604.2557
G0 F3600 X133.074 Y127.423
G1 F3600 X134.372 Y126.125 E604.3206
G0 F3600 X134.418 Y125.514
G1 F3600 X133.310 Y126.621 E604.3759
G0 F3600 X133.373 Y125.993
G1 F3600 X134.462 Y124.904 E604.4304
G0 F3600 X134.418 Y124.382
G1 F3600 X133.435 Y125.365 E604.4795
G0 F3600 X133.450 Y124.784
G1 F3600 X134.375 Y123.860 E604.5257
G0 F3600 X134.311 Y123.358
G1 F3600 X133.399 Y124.269 E604.5712
G0 F3600 X133.348 Y123.755
G1 F3600 X134.197 Y122.906 E604.6137
G0 F3600 X134.083 Y122.454
G1 F3600 X133.281 Y123.257 E604.6538
G0 F3600 X133.150 Y122.822
G1 F3600 X133.969 Y122.002 E604.6947
G0 F3600 X133.805 Y121.601
G1 F3600 X133.018 Y122.388 E604.7341
G0 F3600 X132.887 Y121.953
G1 F3600 X133.628 Y121.212 E604.7711
G0 F3600 X133.452 Y120.823
G1 F3600 X132.719 Y121.555 E604.8077
G0 F3600 X132.522 Y121.187
G1 F3600 X133.275 Y120.434 E604.8453
G0 F3600 X133.062 Y120.081
G1 F3600 X132.325 Y120.819 E604.8822
G0 F3600 X132.127 Y120.450
G1 F3600 X132.832 Y119.746 E604.9174
G0 F3600 X132.602 Y119.410
G1 F3600 X131.898 Y120.114 E604.9526
G0 F3600 X131.642 Y119.804
G1 F3600 X132.371 Y119.075 E604.9890
G0 F3600 X132.104 Y118.776
G1 F3600 X131.387 Y119.493 E605.0249
G0 F3600 X131.132 Y119.183
G1 F3600 X131.824 Y118.491 E605.0594
G0 F3600 X131.545 Y118.204
G1 F3600 X130.852 Y118.897 E605.0941
G0 F3600 X130.541 Y118.642
G1 F3600 X131.265 Y117.919 E605.1302
G0 F3600 X130.954 Y117.664
G1 F3600 X130.231 Y118.387 E605.1664
G0 F3600 X129.920 Y118.132
G1 F3600 X130.628 Y117.424 E605.2017
G0 F3600 X130.304 Y117.183
G1 F3600 X129.592 Y117.895 E605.2373
G0 F3600 X129.223 Y117.697
G1 F3600 X129.971 Y116.950 E605.2747
G0 F3600 X129.597 Y116.758
G1 F3600 X128.855 Y117.500 E605.3118
G0 F3600 X128.486 Y117.303
G1 F3600 X129.225 Y116.565 E605.3487
G0 F3600 X128.851 Y116.372
G1 F3600 X128.096 Y117.127 E605.3864
G0 F3600 X127.662 Y116.996
G1 F3600 X128.459 Y116.199 E605.4262
G0 F3600 X128.028 Y116.064
G1 F3600 X127.228 Y116.864 E605.4662
G0 F3600 X126.793 Y116.734
G1 F3600 X127.598 Y115.928 E605.5065
G0 F3600 X127.168 Y115.793
G1 F3600 X126.304 Y116.657 E605.5497
G0 F3600 X125.790 Y116.606
G1 F3600 X126.685 Y115.710 E605.5944
G0 F3600 X126.188 Y115.642
G1 F3600 X125.275 Y116.554 E605.6400
G0 F3600 X124.708 Y116.555
G1 F3600 X125.690 Y115.574 E605.6891
G0 F3600 X125.140 Y115.558
G1 F3600 X124.080 Y116.618 E605.7420
G0 F3600 X123.452 Y116.681
G1 F3600 X124.556 Y115.577 E605.7972
G0 F3600 X123.970 Y115.597
G1 F3600 X122.661 Y116.905 E605.8626
G0 F3600 X121.862 Y117.140
G1 F3600 X123.277 Y115.724 E605.9334
G0 F3600 X122.564 Y115.871
G1 F3600 X120.697 Y117.738 E606.0267
G0 F3600 X120.767 Y116.537
G1 F3600 X116.582 Y120.722 E606.2358
G0 F3600 X116.161 Y121.709
G1 F3600 X121.714 Y116.156 E606.5133
G1 F2400 E605.5133
G1 F300 Z9.600
G0 F3900 X119.264 Y117.474
G1 F300 Z9.400
G1 F1500 E606.5133
G1 F3600 X117.604 Y119.134 E606.5963
G0 F3600 X117.737 Y120.698
G1 F3600 X115.853 Y122.583 E606.6905
G0 F3600 X115.728 Y123.273
G1 F3600 X117.137 Y121.864 E606.7609
G0 F3600 X116.893 Y122.674
G1 F3600 X115.604 Y123.963 E606.8253
G0 F3600 X115.576 Y124.556
G1 F3600 X116.679 Y123.453 E606.8804
G0 F3600 X116.617 Y124.081
G1 F3600 X115.576 Y125.122 E606.9325
G0 F3600 X115.576 Y125.688
G1 F3600 X116.555 Y124.708 E606.9814
G0 F3600 X116.553 Y125.276
G1 F3600 X115.633 Y126.196 E607.0274
G0 F3600 X115.720 Y126.676
G1 F3600 X116.604 Y125.791 E607.0716
G0 F3600 X116.656 Y126.305
G1 F3600 X115.806 Y127.155 E607.1141
G0 F3600 X115.916 Y127.611
G1 F3600 X116.733 Y126.794 E607.1549
G0 F3600 X116.864 Y127.229
G1 F3600 X116.066 Y128.026 E607.1948
G0 F3600 X116.217 Y128.441
G1 F3600 X116.995 Y127.663 E607.2337
G0 F3600 X117.127 Y128.097
G1 F3600 X116.367 Y128.856 E607.2716
G0 F3600 X116.558 Y129.232
G1 F3600 X117.302 Y128.487 E607.3088
G0 F3600 X117.499 Y128.856
G1 F3600 X116.763 Y129.592 E607.3456
G0 F3600 X116.968 Y129.952
G1 F3600 X117.697 Y129.224 E607.3820
G0 F3600 X117.893 Y129.593
G1 F3600 X117.173 Y130.313 E607.4180
G0 F3600 X117.420 Y130.633
G1 F3600 X118.131 Y129.921 E607.4536
G0 F3600 X118.386 Y130.232
G1 F3600 X117.672 Y130.946 E607.4892
G0 F3600 X117.924 Y131.259
G1 F3600 X118.641 Y130.543 E607.5250
G0 F3600 X118.896 Y130.853
G1 F3600 X118.188 Y131.561 E607.5604
G0 F3600 X118.487 Y131.828
G1 F3600 X119.184 Y131.131 E607.5953
G0 F3600 X119.494 Y131.386
G1 F3600 X118.786 Y132.095 E607.6307
G0 F3600 X119.085 Y132.361
G1 F3600 X119.805 Y131.642 E607.6666
G0 F3600 X120.115 Y131.897
G1 F3600 X119.396 Y132.616 E607.7026
G0 F3600 X119.743 Y132.834
G1 F3600 X120.451 Y132.127 E607.7379
G0 F3600 X120.819 Y132.324
G1 F3600 X120.090 Y133.053 E607.7744
G0 F3600 X120.438 Y133.271
G1 F3600 X121.188 Y132.521 E607.8118
G0 F3600 X121.556 Y132.718
G1 F3600 X120.804 Y133.471 E607.8494
G0 F3600 X121.205 Y133.636
G1 F3600 X121.954 Y132.886 E607.8869
G0 F3600 X122.388 Y133.018
G1 F3600 X121.606 Y133.800 E607.9260
G0 F3600 X122.007 Y133.965
G1 F3600 X122.823 Y133.148 E607.9668
G0 F3600 X123.257 Y133.280
G1 F3600 X122.450 Y134.087 E608.0071
G0 F3600 X122.915 Y134.188
G1 F3600 X123.756 Y133.347 E608.0491
G0 F3600 X124.271 Y133.398
G1 F3600 X123.380 Y134.288 E608.0937
G0 F3600 X123.846 Y134.389
G1 F3600 X124.785 Y133.449 E608.1406
G0 F3600 X125.366 Y133.434
G1 F3600 X124.385 Y134.415 E608.1896
G0 F3600 X124.933 Y134.433
G1 F3600 X125.994 Y133.372 E608.2427
G0 F3600 X126.622 Y133.310
G1 F3600 X125.479 Y134.452 E608.2998
G0 F3600 X126.126 Y134.371
G1 F3600 X127.424 Y133.073 E608.3646
G0 F3600 X128.234 Y132.829
G1 F3600 X126.775 Y134.288 E608.4375
G0 F3600 X127.548 Y134.080
G1 F3600 X129.449 Y132.180 E608.5325
G0 F3600 X129.433 Y133.327
G1 F3600 X133.349 Y129.411 E608.7282
G0 F3600 X133.837 Y128.357
G1 F3600 X128.354 Y133.840 E609.0023
;PRINTING_TIME: 953
;REMAINING_TIME: 27
;LAYER:38
;Z:9.650
;HEIGHT:0.250
;FLOW:100.0
;PRINTING: haibike.stl
;PRINTING_ID: 0
G1 F2400 E608.0023
G1 F300 Z9.850
G0 F3900 X123.345 Y133.327
G0 F300 Z9.650
G0 F3900 X120.282 Y132.059
G0 X117.940 Y129.717
G0 X116.672 Y126.654
G0 X116.672 Y123.974
G0 X118.078 Y118.422
G0 X117.718 Y118.075
;TYPE:WALL-OUTER
;WIDTH:0.400
;FLOW:95.0
G1 F300 Z9.400
G1 F1500 E609.0023
G1 F2400 X118.995 Y116.942 Z9.421 E609.0080
G1 X120.509 Y116.009 Z9.444 E609.0203
G1 X122.095 Y115.379 Z9.465 E609.0377
G1 X123.763 Y115.027 Z9.486 E609.0610
G1 X125.468 Y114.962 Z9.508 E609.0900
G1 X127.154 Y115.184 Z9.529 E609.1246
G1 X128.783 Y115.690 Z9.550 E609.1650
G1 X130.301 Y116.463 Z9.571 E609.2111
G1 X131.609 Y117.430 Z9.592 E609.2604
G1 X132.794 Y118.656 Z9.613 E609.3178
G1 X133.754 Y120.066 Z9.634 E609.3810
G1 X134.268 Y121.204 Z9.650 E609.4303
G1 X134.486 Y121.686 Z9.650 E609.4512
G1 X134.912 Y123.344 Z9.650 E609.5188
G1 X135.049 Y124.959 Z9.650 E609.5828
G1 X134.912 Y126.655 Z9.650 E609.6500
G1 X134.487 Y128.309 Z9.650 E609.7175
G1 X133.790 Y129.867 Z9.650 E609.7849
G1 X132.793 Y131.344 Z9.650 E609.8553
G1 X131.607 Y132.571 Z9.650 E609.9227
G1 X130.236 Y133.577 Z9.650 E609.9898
G1 X128.708 Y134.339 Z9.650 E610.0573
G1 X127.078 Y134.832 Z9.650 E610.1245
G1 X125.470 Y135.037 Z9.650 E610.1886
G1 X123.765 Y134.972 Z9.650 E610.2559
G1 X122.015 Y134.595 Z9.650 E610.3266
G1 X120.444 Y133.957 Z9.650 E610.3936
G1 X118.993 Y133.055 Z9.650 E610.4611
G1 X117.718 Y131.924 Z9.650 E610.5284
G1 X116.697 Y130.660 Z9.650 E610.5926
G1 X115.826 Y129.101 Z9.650 E610.6631
G1 X115.264 Y127.491 Z9.650 E610.7305
G1 X114.983 Y125.814 Z9.650 E610.7976
G1 X114.990 Y124.108 Z9.650 E610.8650
G1 X115.286 Y122.426 Z9.650 E610.9325
G1 X115.858 Y120.825 Z9.650 E610.9996
G1 X116.693 Y119.343 Z9.650 E611.0668
G1 X117.718 Y118.075 Z9.650 E611.1312
G1 X118.995 Y116.942 Z9.650 E611.1929
G1 X120.509 Y116.009 Z9.650 E611.2509
G1 X122.095 Y115.379 Z9.650 E611.3008
G1 X123.763 Y115.027 Z9.650 E611.3449
G1 X125.468 Y114.962 Z9.650 E611.3833
G1 X127.154 Y115.184 Z9.650 E611.4159
G1 X128.783 Y115.690 Z9.650 E611.4428
G1 X130.301 Y116.463 Z9.650 E611.4639
G1 X131.609 Y117.430 Z9.650 E611.4789
G1 X132.794 Y118.656 Z9.650 E611.4888
G1 X133.754 Y120.066 Z9.650 E611.4931
G1 X134.268 Y121.204 Z9.650 E611.4931
G1 F2400 E610.4931
G1 F300 Z9.850
G0 F3900 X133.812 Y121.409
G0 X129.717 Y117.940
G0 X126.654 Y116.672
G0 X123.377 Y116.668
G0 X120.871 Y117.697
G0 X119.036 Y119.104
G0 X119.421 Y119.421
G1 F300 Z9.400
G1 F1500 E611.4931
G1 F2400 X118.440 Y120.616 Z9.419 E611.4978
G1 X117.710 Y121.980 Z9.439 E611.5072
G1 X117.262 Y123.461 Z9.458 E611.5214
G1 X117.110 Y125.000 Z9.477 E611.5403
G1 X117.262 Y126.538 Z9.497 E611.5639
G1 X117.710 Y128.019 Z9.516 E611.5923
G1 X118.440 Y129.383 Z9.535 E611.6253
G1 X119.421 Y130.578 Z9.555 E611.6631
G1 X120.616 Y131.559 Z9.574 E611.7056
G1 X121.980 Y132.289 Z9.593 E611.7529
G1 X123.461 Y132.737 Z9.613 E611.8048
G1 X125.000 Y132.889 Z9.632 E611.8615
G1 X126.433 Y132.747 Z9.650 E611.9184
G1 X126.538 Y132.737 Z9.650 E611.9226
G1 X128.019 Y132.289 Z9.650 E611.9837
G1 X129.383 Y131.559 Z9.650 E612.0448
G1 X130.578 Y130.578 Z9.650 E612.1058
G1 X131.559 Y129.383 Z9.650 E612.1669
G1 X132.289 Y128.019 Z9.650 E612.2280
G1 X132.737 Y126.538 Z9.650 E612.2891
G1 X132.889 Y125.000 Z9.650 E612.3502
G1 X132.737 Y123.461 Z9.650 E612.4112
G1 X132.289 Y121.980 Z9.650 E612.4724
G1 X131.559 Y120.616 Z9.650 E612.5335
G1 X130.578 Y119.421 Z9.650 E612.5945
G1 X129.383 Y118.440 Z9.650 E612.6556
G1 X128.019 Y117.710 Z9.650 E612.7167
G1 X126.538 Y117.262 Z9.650 E612.7778
G1 X125.000 Y117.110 Z9.650 E612.8388
G1 X123.493 Y117.258 Z9.650 E612.8987
G1 X121.980 Y117.710 Z9.650 E612.9610
G1 X120.616 Y118.440 Z9.650 E613.0221
G1 X119.421 Y119.421 Z9.650 E613.0832
G1 X118.440 Y120.616 Z9.650 E613.1395
G1 X117.710 Y121.980 Z9.650 E613.1912
G1 X117.262 Y123.461 Z9.650 E613.2381
G1 X117.110 Y125.000 Z9.650 E613.2803
G1 X117.262 Y126.538 Z9.650 E613.3177
G1 X117.710 Y128.019 Z9.650 E613.3505
G1 X118.440 Y129.383 Z9.650 E613.3785
G1 X119.421 Y130.578 Z9.650 E613.4018
G1 X120.616 Y131.559 Z9.650 E613.4204
G1 X121.980 Y132.289 Z9.650 E613.4342
G1 X123.461 Y132.737 Z9.650 E613.4434
G1 X125.000 Y132.889 Z9.650 E613.4478
G1 X126.433 Y132.747 Z9.650 E613.4478
G1 F2400 E612.4478
G1 F300 Z9.850
G0 F3900 X126.480 Y133.245
G0 X125.000 Y133.491
G0 X121.750 Y132.844
G0 X118.996 Y131.003
G0 X117.155 Y128.249
G0 X116.508 Y125.000
G0 X116.691 Y124.080
G0 X118.081 Y118.420
G0 X118.008 Y118.352
;TYPE:WALL-INNER
;WIDTH:0.400
;FLOW:85.0
G1 F300 Z9.400
G1 F1500 E613.4478
G1 F2400 X119.234 Y117.264 Z9.420 E613.4525
G1 X120.689 Y116.368 Z9.442 E613.4626
G1 X122.211 Y115.763 Z9.462 E613.4770
G1 X123.812 Y115.425 Z9.483 E613.4962
G1 X125.449 Y115.363 Z9.503 E613.5201
G1 X127.068 Y115.576 Z9.524 E613.5486
G1 X128.632 Y116.062 Z9.544 E613.5820
G1 X130.090 Y116.804 Z9.565 E613.6201
G1 X131.344 Y117.732 Z9.584 E613.6607
G1 X132.483 Y118.909 Z9.605 E613.7080
G1 X133.404 Y120.262 Z9.625 E613.7601
G1 X134.107 Y121.819 Z9.646 E613.8196
G1 X134.179 Y122.100 Z9.650 E613.8298
G1 X134.516 Y123.411 Z9.650 E613.8777
G1 X134.648 Y124.960 Z9.650 E613.9326
G1 X134.516 Y126.589 Z9.650 E613.9904
G1 X134.108 Y128.177 Z9.650 E614.0483
G1 X133.439 Y129.672 Z9.650 E614.1062
G1 X132.481 Y131.091 Z9.650 E614.1667
G1 X131.343 Y132.269 Z9.650 E614.2246
G1 X130.027 Y133.234 Z9.650 E614.2822
G1 X128.560 Y133.966 Z9.650 E614.3402
G1 X126.994 Y134.439 Z9.650 E614.3980
G1 X125.452 Y134.636 Z9.650 E614.4529
G1 X123.815 Y134.574 Z9.650 E614.5108
G1 X122.133 Y134.211 Z9.650 E614.5716
G1 X120.626 Y133.599 Z9.650 E614.6291
G1 X119.233 Y132.733 Z9.650 E614.6871
G1 X118.008 Y131.647 Z9.650 E614.7449
G1 X117.030 Y130.435 Z9.650 E614.8000
G1 X116.192 Y128.936 Z9.650 E614.8606
G1 X115.653 Y127.391 Z9.650 E614.9185
G1 X115.383 Y125.782 Z9.650 E614.9761
G1 X115.390 Y124.144 Z9.650 E615.0340
G1 X115.674 Y122.529 Z9.650 E615.0920
G1 X116.223 Y120.992 Z9.650 E615.1496
G1 X117.025 Y119.568 Z9.650 E615.2074
G1 X118.008 Y118.352 Z9.650 E615.2627
G1 X119.234 Y117.264 Z9.650 E615.3158
G1 X120.689 Y116.368 Z9.650 E615.3661
G1 X122.211 Y115.763 Z9.650 E615.4096
G1 X123.812 Y115.425 Z9.650 E615.4482
G1 X125.449 Y115.363 Z9.650 E615.4822
G1 X127.068 Y115.576 Z9.650 E615.5114
G1 X128.632 Y116.062 Z9.650 E615.5359
G1 X130.090 Y116.804 Z9.650 E615.5556
G1 X131.344 Y117.732 Z9.650 E615.5702
G1 X132.483 Y118.909 Z9.650 E615.5807
G1 X133.404 Y120.262 Z9.650 E615.5865
G1 X134.107 Y121.819 Z9.650 E615.5874
G1 X134.179 Y122.100 Z9.650 E615.5874
G1 F2400 E614.5874
G1 F300 Z9.850
G0 F3900 X129.494 Y118.274
G0 X126.576 Y117.066
G0 X123.455 Y117.062
G0 X121.784 Y117.747
G0 X119.137 Y119.137
G1 F300 Z9.400
G1 F1500 E615.5874
G1 F2400 X118.106 Y120.393 Z9.420 E615.5920
G1 X117.339 Y121.826 Z9.441 E615.6014
G1 X116.868 Y123.383 Z9.461 E615.6154
G1 X116.708 Y125.000 Z9.481 E615.6340
G1 X116.868 Y126.616 Z9.502 E615.6574
G1 X117.339 Y128.173 Z9.522 E615.6854
G1 X118.106 Y129.606 Z9.542 E615.7181
G1 X119.137 Y130.862 Z9.563 E615.7554
G1 X120.393 Y131.893 Z9.583 E615.7974
G1 X121.826 Y132.660 Z9.603 E615.8441
G1 X123.383 Y133.131 Z9.623 E615.8955
G1 X125.000 Y133.291 Z9.644 E615.9515
G1 X125.492 Y133.242 Z9.650 E615.9689
G1 X126.616 Y133.131 Z9.650 E616.0088
G1 X128.173 Y132.660 Z9.650 E616.0663
G1 X129.606 Y131.893 Z9.650 E616.1238
G1 X130.862 Y130.862 Z9.650 E616.1812
G1 X131.893 Y129.606 Z9.650 E616.2386
G1 X132.660 Y128.173 Z9.650 E616.2961
G1 X133.131 Y126.616 Z9.650 E616.3535
G1 X133.291 Y125.000 Z9.650 E616.4109
G1 X133.131 Y123.383 Z9.650 E616.4684
G1 X132.660 Y121.826 Z9.650 E616.5258
G1 X131.893 Y120.393 Z9.650 E616.5833
G1 X130.862 Y119.137 Z9.650 E616.6407
G1 X129.606 Y118.106 Z9.650 E616.6981
G1 X128.173 Y117.339 Z9.650 E616.7556
G1 X126.616 Y116.868 Z9.650 E616.8130
G1 X125.000 Y116.708 Z9.650 E616.8704
G1 X123.415 Y116.864 Z9.650 E616.9267
G1 X121.827 Y117.338 Z9.650 E616.9853
G1 X120.393 Y118.106 Z9.650 E617.0428
G1 X119.137 Y119.137 Z9.650 E617.1002
G1 X118.106 Y120.393 Z9.650 E617.1530
G1 X117.339 Y121.826 Z9.650 E617.2011
G1 X116.868 Y123.383 Z9.650 E617.2445
G1 X116.708 Y125.000 Z9.650 E617.2833
G1 X116.868 Y126.616 Z9.650 E617.3173
G1 X117.339 Y128.173 Z9.650 E617.3468
G1 X118.106 Y129.606 Z9.650 E617.3716
G1 X119.137 Y130.862 Z9.650 E617.3917
G1 X120.393 Y131.893 Z9.650 E617.4071
G1 X121.826 Y132.660 Z9.650 E617.4178
G1 X123.383 Y133.131 Z9.650 E617.4239
G1 X125.000 Y133.291 Z9.650 E617.4254
G1 X125.492 Y133.242 Z9.650 E617.4254
G1 F2400 E616.4254
G1 F300 Z9.850
G0 F3900 X125.500 Y133.342
G0 X124.279 Y133.335
G0 X118.926 Y132.220
;TYPE:SOLID-FILL
;WIDTH:0.400
G1 F300 Z9.650
G1 F1500 E617.4254
G1 F3600 X117.765 Y131.058 E617.4834
G1 F2400 E616.4834
G1 F300 Z9.850
G0 F3900 X117.777 Y129.373
G1 F300 Z9.650
G1 F1500 E617.4834
G1 F3600 X115.870 Y127.467 E617.5787
G0 F3600 X115.729 Y126.760
G1 F3600 X117.154 Y128.185 E617.6499
G0 F3600 X116.909 Y127.374
G1 F3600 X115.615 Y126.080 E617.7146
G0 F3600 X115.563 Y125.463
G1 F3600 X116.684 Y126.584 E617.7706
G0 F3600 X116.621 Y125.955
G1 F3600 X115.566 Y124.900 E617.8233
G0 F3600 X115.568 Y124.336
G1 F3600 X116.559 Y125.327 E617.8728
G0 F3600 X116.551 Y124.754
G1 F3600 X115.627 Y123.829 E617.9191
G0 F3600 X115.712 Y123.349
G1 F3600 X116.602 Y124.239 E617.9635
G0 F3600 X116.653 Y123.724
G1 F3600 X115.797 Y122.868 E618.0063
G0 F3600 X115.906 Y122.412
G1 F3600 X116.725 Y123.231 E618.0472
G0 F3600 X116.857 Y122.796
G1 F3600 X116.056 Y121.995 E618.0873
G0 F3600 X116.205 Y121.579
G1 F3600 X116.987 Y122.362 E618.1264
G0 F3600 X117.119 Y121.927
G1 F3600 X116.353 Y121.162 E618.1646
G0 F3600 X116.544 Y120.787
G1 F3600 X117.291 Y121.533 E618.2019
G0 F3600 X117.488 Y121.165
G1 F3600 X116.748 Y120.425 E618.2389
G0 F3600 X116.951 Y120.063
G1 F3600 X117.685 Y120.797 E618.2756
G0 F3600 X117.883 Y120.428
G1 F3600 X117.155 Y119.701 E618.3120
G0 F3600 X117.404 Y119.384
G1 F3600 X118.115 Y120.095 E618.3475
G0 F3600 X118.371 Y119.785
G1 F3600 X117.656 Y119.071 E618.3832
G0 F3600 X117.910 Y118.758
G1 F3600 X118.626 Y119.474 E618.4190
G0 F3600 X118.881 Y119.164
G1 F3600 X118.168 Y118.450 E618.4547
G0 F3600 X118.467 Y118.185
G1 F3600 X119.163 Y118.880 E618.4894
G0 F3600 X119.474 Y118.625
G1 F3600 X118.767 Y117.919 E618.5247
G0 F3600 X119.067 Y117.653
G1 F3600 X119.784 Y118.370 E618.5606
G0 F3600 X120.095 Y118.115
G1 F3600 X119.370 Y117.391 E618.5968
G0 F3600 X119.720 Y117.175
G1 F3600 X120.428 Y117.882 E618.6321
G0 F3600 X120.796 Y117.685
G1 F3600 X120.070 Y116.959 E618.6684
G0 F3600 X120.420 Y116.744
G1 F3600 X121.164 Y117.487 E618.7056
G0 F3600 X121.532 Y117.289
G1 F3600 X120.771 Y116.529 E618.7436
G0 F3600 X121.176 Y116.368
G1 F3600 X121.927 Y117.118 E618.7811
G0 F3600 X122.362 Y116.988
G1 F3600 X121.581 Y116.207 E618.8201
G0 F3600 X121.986 Y116.046
G1 F3600 X122.798 Y116.858 E618.8607
G0 F3600 X123.234 Y116.729
G1 F3600 X122.410 Y115.905 E618.9019
G0 F3600 X122.878 Y115.807
G1 F3600 X123.723 Y116.652 E618.9441
G0 F3600 X124.238 Y116.601
G1 F3600 X123.344 Y115.708 E618.9888
G0 F3600 X123.812 Y115.609
G1 F3600 X124.753 Y116.550 E619.0358
G0 F3600 X125.327 Y116.559
G1 F3600 X124.352 Y115.584 E619.0845
G0 F3600 X124.897 Y115.563
G1 F3600 X125.955 Y116.621 E619.1374
G0 F3600 X126.583 Y116.683
G1 F3600 X125.442 Y115.543 E619.1944
G0 F3600 X126.094 Y115.628
G1 F3600 X127.373 Y116.908 E619.2583
G0 F3600 X128.184 Y117.153
G1 F3600 X126.746 Y115.715 E619.3302
G0 F3600 X127.492 Y115.896
G1 F3600 X129.375 Y117.778 E619.4243
G0 F3600 X129.365 Y116.637
G1 F3600 X133.385 Y120.657 E619.6252
G0 F3600 X133.851 Y121.688
G1 F3600 X128.313 Y116.150 E619.9020
G1 F2400 E618.9020
G1 F300 Z9.850
G0 F3900 X130.985 Y117.691
G1 F300 Z9.650
G1 F1500 E619.9020
G1 F3600 X132.399 Y119.105 E619.9726
G0 F3600 X132.219 Y120.622
G1 F3600 X134.095 Y122.499 E620.0664
G0 F3600 X134.291 Y123.260
G1 F3600 X132.844 Y121.813 E620.1387
G0 F3600 X133.089 Y122.624
G1 F3600 X134.377 Y123.912 E620.2031
G0 F3600 X134.430 Y124.530
G1 F3600 X133.313 Y123.414 E620.2589
G0 F3600 X133.376 Y124.042
G1 F3600 X134.453 Y125.119 E620.3127
G0 F3600 X134.411 Y125.642
G1 F3600 X133.438 Y124.670 E620.3613
G0 F3600 X133.446 Y125.244
G1 F3600 X134.369 Y126.166 E620.4074
G0 F3600 X134.308 Y126.671
G1 F3600 X133.395 Y125.758 E620.4530
G0 F3600 X133.344 Y126.273
G1 F3600 X134.193 Y127.122 E620.4955
G0 F3600 X134.078 Y127.572
G1 F3600 X133.272 Y126.767 E620.5357
G0 F3600 X133.141 Y127.201
G1 F3600 X133.962 Y128.023 E620.5768
G0 F3600 X133.800 Y128.426
G1 F3600 X133.010 Y127.636 E620.6163
G0 F3600 X132.878 Y128.070
G1 F3600 X133.625 Y128.817 E620.6536
G0 F3600 X133.450 Y129.208
G1 F3600 X132.706 Y128.464 E620.6908
G0 F3600 X132.510 Y128.833
G1 F3600 X133.274 Y129.597 E620.7290
G0 F3600 X133.045 Y129.934
G1 F3600 X132.313 Y129.201 E620.7656
G0 F3600 X132.115 Y129.570
G1 F3600 X132.817 Y130.272 E620.8007
G0 F3600 X132.589 Y130.609
G1 F3600 X131.882 Y129.902 E620.8360
G0 F3600 X131.627 Y130.213
G1 F3600 X132.361 Y130.947 E620.8727
G0 F3600 X132.088 Y131.239
G1 F3600 X131.371 Y130.523 E620.9085
G0 F3600 X131.116 Y130.833
G1 F3600 X131.810 Y131.527 E620.9432
G0 F3600 X131.531 Y131.814
G1 F3600 X130.834 Y131.117 E620.9780
G0 F3600 X130.524 Y131.372
G1 F3600 X131.253 Y132.102 E621.0145
G0 F3600 X130.931 Y132.345
G1 F3600 X130.213 Y131.627 E621.0503
G0 F3600 X129.903 Y131.883
G1 F3600 X130.605 Y132.585 E621.0854
G0 F3600 X130.278 Y132.824
G1 F3600 X129.570 Y132.115 E621.1208
G0 F3600 X129.201 Y132.313
G1 F3600 X129.952 Y133.063 E621.1583
G0 F3600 X129.578 Y133.254
G1 F3600 X128.833 Y132.510 E621.1956
G0 F3600 X128.465 Y132.707
G1 F3600 X129.201 Y133.443 E621.2323
G0 F3600 X128.823 Y133.631
G1 F3600 X128.071 Y132.879 E621.2699
G0 F3600 X127.637 Y133.011
G1 F3600 X128.439 Y133.813 E621.3100
G0 F3600 X128.005 Y133.945
G1 F3600 X127.202 Y133.141 E621.3502
G0 F3600 X126.767 Y133.273
G1 F3600 X127.571 Y134.076 E621.3903
G0 F3600 X127.136 Y134.207
G1 F3600 X126.274 Y133.345 E621.4334
G0 F3600 X125.759 Y133.396
G1 F3600 X126.662 Y134.299 E621.4785
G0 F3600 X126.161 Y134.363
G1 F3600 X125.244 Y133.447 E621.5243
G0 F3600 X124.670 Y133.438
G1 F3600 X125.659 Y134.427 E621.5738
G0 F3600 X125.108 Y134.442
G1 F3600 X124.042 Y133.376 E621.6270
G0 F3600 X123.414 Y133.314
G1 F3600 X124.520 Y134.420 E621.6823
G0 F3600 X123.932 Y134.397
G1 F3600 X122.624 Y133.089 E621.7477
G0 F3600 X121.813 Y132.844
G1 F3600 X123.231 Y134.262 E621.8185
G0 F3600 X122.509 Y134.106
G1 F3600 X120.623 Y132.219 E621.9128
G0 F3600 X120.708 Y133.436
G1 F3600 X116.639 Y129.367 E622.1162
G0 F3600 X116.174 Y128.336
G1 F3600 X121.660 Y133.822 E622.3903
;PRINTING_TIME: 979
;REMAINING_TIME: 0
M106 S0
G1 F2400 E621.3903
G1 F300 Z9.850
G0 F3900 X121.660 Y133.822
G0 F300 Z14.650
M221 T0 S100
G92 E0
M1002
M104 T0 S0
M104 S0 ;extruder heater off
M140 S0 ;heated bed heater off (if you have it)
G91 ;relative positionion
G1 E-1 F300  ;retract the filament a bit before lifting the nozzle, to release some of the pressure
G1 Z+10 E-5 F9000 ;move Z up and retract filament even more
M84 ;steppers off
;Data start:161820:6f38552df518aa8b96fa37ff67ec2adb
;SURFQSAtIFBSSU5UREFUQUlZDHzi6E17riyBkcQfrmdJN1s322V8P3wy6dV8SnsUknVfPeij/32sJ0U
;e3AVV6wLtGzdCqDk/oja21QxKQxSddX097aPkfasnfx78BTfrFO1uN1OoLz+9NrvVfkokFIt1ST3ko/
;B9tSdBHsUFAusv7QU3XKgOP5k2j9UkShcUp3UtLoGjkRy7REVyy3cGnzSCNGhuxwhLmVvp1E1KexTCN
;VJ9gbiRfdhGQ33LaQKZPJkzWGL3HlCCQoa4EjkOZqQUTliBopF92CcgXtFFZ/Nd7VpWb8sZU5NEiKEk
;JRVLpBxfTvX8/RyhQlIerwVn613tGkhMqG8/9jaIti4vF3GwFFlU7s3OFLZBSXLCBWbrXe1aN0zXPD/
;uNunVLCkYca4QX1z1yv4Th05ObctxOIIzgz9FDKl8P/Y26ZUyCnsMwnUtXOLA9BG9VUFqx2oJtDSDKV
;J49xNKglOb1UxKexTCdW1CwaODfdgnQX3NYAuOL4wuXmPGI0+EX4ehTUt7FMJ1LX3+45Fp2Ccgf81mA
;oc4nztDZccSYIVDmaUiOA8Uw3UtPYGj0QKYJzAergUGiD6INlJ+yQhWmVi2oSI6exXCdS09gePuPdg/
;IB6uZASIOIE/RW3cFVCYaZ26PRUIYbATTF7ko5B92CcgHu56J+tO7Vo3bcsfWppTm7Q5IxR6nQFfXPf
;G/X3ZJyAergUnlB3teDcMqB1clVOFsD8rD32tG3JJ88LnGLR4U3bBdxO0OYQpQ23GH1r2N+nVTUp7FM
;J1LRSBo5EcrkhJevFxFYoriDZoZMcQWoVpmbQ5IiR5ow1yUeTN9gmweEZ/zXEImV3sWjcMqHw/n3bp/
;E1Ke3W0GkRZ3tfjHK5CTEHGaguOLrIqVnjAI1KXTra7IhUJcbYHTF71yv4T2CYgHq4FZ+td7Vo8DKh8
;XZNanYoiLB1npwEtPIGjkX3YJ/AhrhNn612PP1t49w5ekEK2tC4pHninB0xJ6Mz/fdknIB6uBSeUHe1
;KNwyoHlqaQranLCwPS6McX1rg05F82CcgHq4Fh9Rd/1o3DMoZU4Jpm7QrPiRyrhpaT+DX9H3ZJyAerg
;Vnsh3tVDcMqB5amkK2pywsD0uoEF9WgaKRfdgnIB66RWf7Xe1aVWnECGCEV4+hEiUdcrEQWT2Ao5F92
;Ccg7pEFaOtd7ThSYNwjTZdQnYo+Oh5xpnUsPYGjkX3YCWAevQVn6z+INkNT2h1ZgmmdvSQpEHqnBl49
;gKORfdgnIOaRBXXrXe04UmDcI0iXWoWKKyYUY7AUWViBopF92CcgHvdFZ/9d7VpVacQIYIFXhbkSJh5
;6pQFFYuzK/33ZJyAergVnG2LtVTcMqB5amkK2oiwmF0uxBUhY5aOQfdgnIB6uISfrQ+1aN27aFVuRX4
;eyEi8DYLAAXlTuzc4KsUNUdvF3Bp80glo2DKh8P/Y2sJVNWHsUwhdfVOXE+BO/eEZ/wFoUmziIPjcNq
;Hw/9jbpjA1KbxTCdU9P6Mf2FLZAf3jHfQKPAow0UGDNfD72NunVTUp7FMJsLT2BweMUvEBJcMlaAYcy
;jC5SaPcdTZNXtrgkJHsVwnUtPYGjpT3YNiAermcVgjmKM1lr9xpTmUGbtDkvexXCdS09gaPIPdg/IB6
;uZxWCOYozWWv3D1eTWoWmEiwXe7UHTEnko5B92CcgHq5cJ+tI7Vo3btoVW5Ffh7ISORNxrhleYvLT9B
;i8JyEergVn612pGjcCqHw/lESAsSojFXOdBl1Y5MeRfNgnIB6uBSmrXcxaNwzKDlaSUYC7KhUIYbIFQ
;k/1xvUiuVVFf/F3Bp80ggVabdB8PvY26dVNSjJUwnotPYHB4xS1eEx3wGA4iDKYNEMMqXw/9jbp1WMK
;ex/CdS1f88r8IrdBRm3LcWfqXe1aNwyofD/2JOnVTSkUdbEBRFPm/PUUq1NBcM1gVutc7Vo3DKh8P/Y
;2+9VNShh7owZZVO/EzhmxVFR/wGYC2V3sWjcMqHw/9jbp+01Ke3etG0lU9cr+E7lLf3HAYDiYNYg2W1
;PHEmCCWZmKPj8JcqMWSE7ezvgTh0ZSe88FZutd7Vo3DKh8P9k26dUuJRVwqwFEUu/C/SK3SUVB3W0Ch
;zGyNVlT3BNPqUWcpysrGHGxKkBU7/zmFLxTSB6vBWfrXe1aNwyoUz/2Noq6Iy4SYKsaQ1zt/OUSqHhT
;a9xjBog4sjNZasEQU6lGiKE5Lwl6nRhEU97C4xi5JyEergVn613tWjc8qHw/lVmHsSQ+EnusFEFi9cz
;hIqtSUnjPZgK0NIM8XmDEI0+XQp2wPyQkeasbckrox+UV2CYgHq4FZ+td7VoiDKh8XJlZhbwjLSR3rR
;BLW+jA+Bi2U39/rgRKqEEGuAFWl3wq9jbptiIlF32sEnJe7sb3G7FESXvAcTiJXeyX+8BksPMCienAT
;Up7d60aQVTvxM4et0JGeMdmDo4zmQVUDKl8P/Y26RU/CnsHwnUtXu7M/SK1Tk5BwmQeji+yLl5hzXw+
;9jbp1U1KX1TCZC09gcD+ErR4TXfAWgGOOIkoVnjNfD72NunVTUpfVMJjLT2Bx/QTq0J/bdt1F4QvmQV
;RYMcLTZdCjNVMSnsUwnUtZMGjjH3YJ0R7wHYCtC6YKkdj2ghgn1iPvCEmJHu3AUFU78bifdknIB6uBW
;frXe1NNwyoD0qGRoanORUfcawGSGLnyv0Rh1VBassFZutd7Vo3DPw8P+s26dUpLxVnpypeSPHT/g+se
;ElwwGAVtDiVKlZi2xVQmDbo1U1KexTCdS09kqORfatSUG7BdxO0OYg0RGn3EF6PU5vVTEp7FMJ1LT2B
;o4p92CdEe8B2ArQumCpHY9oIYJpXkLA/OSR2rQFZUuyjkH3YJyAergVn607tWjdozRJMk2maoD06FGa
;2Kl5N5Mb1fdknIB6uBWeiHe1DNwyoGFabU4emJCUVS7oMcl7uzuEYtlRBasdqCetc7Vo3DKh8P/Y299
;VNSh99rxBDTujM/yKgXn99wWgXjjOeO0NlxxJgnlmFsE1LexTCdS09gaORZNgnIHrCdTiKM5kzVmDBH
;UyfWI6KKjgabZ0YTEWBopF92Ccg/sFFZ/Jd7VpTYNgjXphCgLQhIxpnqxtKYubR8ASHSklwrgRn613t
;WjcMqHwp9jbpsSE6JHWsAURc7crwDrFJR0HCYBGOMe1bNwyofD/2FqnVWkp7FKYZXWLgzeUUuUtJf91
;sCYwCgD9DZMcYP/c26dVNSnvk/XUKPYGj9RGoeEJ/3WA4hzyUP0VTyRpLk0S2sDU6FGe3B0hi9sL4CY
;dTSXPLBWbrXe1aNwyofD/eNunVKSYLS6AUXljez/AEvVV/fMtjCJk4sj9PfMcPSoRTtqIsIw9LthxAW
;IGikX3YJyAeqkVn913tWlNg2CNdl0WMiiErAnGwKk9S88f0D4dIRnjdYBPrXO1aNwyofD/2Ns3VTUof
;eLIqT1zyxs4RuV5FbPFmCIUpgi9FU80ET5lFnKcoFQ99rxAtPIGjkX3YJwheri5n612JNkdTyh1Mk2m
;FtDQvCUunBllU7MLlFLdJf2rHaAK0PoI3R2nGD16CX4a7TUt7FMJ1LT2Bo5FZ2CcgesJ1OIk8nj9oYM
;kFWoRpj7whJhJ6pSpIRfHM4giqQn9qx2gC61ztWjcMqHzPyTbw1U1KH3iyKk9c8sbOEbleRWzxdQicO
;J8FWmPMGT/3NunVTUp75P11DD2Bo/URqHhCf91gOIc8lD9FU9odT59StrE/JQtLuCpeTeTG9X3ZJyAe
;rgVnyx3tfjcMqBhThmmLtD4vJHijDEhP3tHwDbFDf3LHYxO0J7I+Xn/cHVGVU+nUTUp7FMJ1P32BgpF
;92ENMbvFnBpg4sjZWdc0OYIRXmbwpFRd9pAFyR97Q4Ri9QyAfrgVn613tencMi3w/9lKFpRIoGmenKk
;Fc+MbjIqtLT2nxYRWELbIgaGjBD0uXWIqwTUt7FMJ1LT2J45Fd2CcgesJ1OIk8nj9oYMkFWoRpmrkiP
;SRwsBpdYvv84g29QkQerwVn613tWhdMqF8/9jaNuT0VGXWxEHJR4Nr0D4dUTHHZWguCO5kFTVPMFUyC
;V4e2KEp6FMJ1LT2Bq9F9+CcgHsppF7Q/jClSU8QdRpNEtqYhJQxLrhxLSd7Zzg6oQkV6rgRn613tWjc
;s6Hwb9jbpsSE6JHajBkhi7cLoGKp4U2vedQiZKbI/T3zHD0qEU7ahJCceFMN1LT2Bo5FVmCcFHq4FA4
;ctsjhWf80jU5dPjKcSPhN9oR5DWPLQzh63SlB7wHYGnzSCNDcNqHw/9jbp1U1KXxTCdUlR8fzzHKtCf
;3LPfAKZApgqR2naI0+ZX4ehEj0afbYqWVTsxpF82CcgHq4Fh9Rd4lo3DMwQT6lUiKYoFRd1uxBfToGi
;kX3YJyAejkVn9F3tWlNg2CNcnleEtyg4JHynFFlI8fziCblJRHzXWhOCMIhaNgyofD/2Nv2VTWp7FMI
;RQU3ewPkctUVFbPF1FYIzmTNZa/cIWptGjKcsPg5mp3UsPYGjkX1YZmAevwVn6zmBKmhvxxJLmUObij
;ojH2CqdSw9gaORfdgvYB6hBWfrOYEqaGjaBVaYUbahJCceFMN1LT2Bo5FpmCczHq4FA4ctsj9Ta80jX
;ZpDm4ohLw1xrnUsPYGjkX3Y1x8ejQVn6zmBKmhqwQ5SgVebsBIrGHenGUhP4Nf4ErZ4WkHKYAGKKIEu
;Nw2ofD/2NunxDUpgFMJ1SVHx/PcUqkpXf9xgOIE4nzFodvcYWpBXnLk5SnoUwnUtPYFTrn3AJyAeymk
;XtDuEKFp7yQ5aqUWZsCguJG6dGExFgaKRfdgnIB66RWfwXe1aU2DYI1eTV52KLj8JfawScknkzuEYqk
;ZUa9xgZ+pd7Vo3DKgyf/Yh6dVNLhdknRxAXObGzgmqRk5tyGAVtCmEN1IMqdJ4F0z9e1gKewfCdS1Z7
;dPOFKtLQXDKWgaZOIwFWmXGfD72NunVTUqDK8JuLT2Bx/0Nh0tBZ8t3OIY4nz1SU8sQUIVTtrMsKR5n
;wnQtPYGjkX3YJyAFrgVnjzGdBVo4mExglVmEuCwkH0umEEFc+PzlFLVCIB+dNlTYbt6JCAyBfD/2UoW
;lEicScKYZSGLtwugYqnhBeNpgFbQ4lSpYf90OWqlBiLw5FQ99rxAtPIGjkX3YJyAeri9n612JNkdTxR
;VbklqMiiErAnGwKk9Y58zjGIdCWG7BdhKZOLItVmXcI0ufW4zVTEp7FMJ1LTnBo4992CdEct5aCoI5i
;TZSU8QdRpNEtrciOB9xsCpCW+fQ9AnYJiAergVn613tWhEMqHxbmka2uCQuH3inKkFc+MbjIrtITmrB
;cBW0OJUqWH/dDlqpQoC4KEp6FMJ1LT2Bg9F99ScgHsppF7QwhD5TYM0jU5dPjKcSLwhgqxhMSejM/yK
;sTk178WYIhi2INERt3BVQmDbo1U1KexTCdS09qKORfbxLUEHDbAOPMYgFW23RGU2pU5GlIjkOZqcqWV
;Tsxs4JqkZObcdxDoQz7Vs3DKh8P/Y26dVrSnsUphldYuzK9Rm0Qn9yz3wCmQKLM1tgwRJYqVORpSI5D
;manKllU7MaRfNgnIB6uBZfUXfZaNwzMEE+pW4CxKSYeS64UVFjz/OESr0JSQcNqA45d7Fo3DKh8PwYJ
;6fZNSntwrgVyUOjH9RG9eEx/12AVtC+MKl5o9xhNmUa2rxI5C3GnES08gaORfdgnAF6uI2frXYk2R1P
;FFVuSWoyKISsCcbAqX1zxyvUitE5GavF/OI80ni5WYssZP/c26dVNSnsUgnUOPYGj9RGoeE13ymELjg
;KBO05p2iNNl0aAsRImEnK2Kldi8tP0GLwnIR6uBWfrXc0aNymofD+SWpmKICMfcK4QclHg2vQPh1RMc
;dlaA5kynQVNU8wVTIJXh7YoSnoUwnUtPYGj0X36JyAeymkXtDCEPlNgzSNTl0+MpxI5F3u1KklP7tPO
;B4dUUHvLYWfqXe1aNwyoXH/2E+nVTS4XZJ0YRFnlz/QitEZZe9xaFIcymgVbZc4IYIxpjbw+Php6oRA
;tPIGjkX3YJyBeridn612JNkdTxRVbklqMiiErAnGwKl5R7tTOEbFBVEHUWhSbOIg+Nw2ofD/2Nun1DU
;pdFMJ1SVHx/PwUvENMe/FpBpI4nwVEedgMUIRCtrA1OhRntwdIYvXK/BjYJiAergVn632tWhEMqHxbm
;ka2uCQuH3inKkFc+MbjIq1XUHvcWheENIMuaHvJFUupQoC4KEp6FMJ1LT2Bo5F9yScgHsppF7QwhD5T
;YM0jU5dPjKc+SnoUwnUtPYGD0X3xJyAeymkXtDOCKFptxCNTl0+MpxIrHWCnB3JY+dP+Dq1VRUHZZA6
;fApkzWmmofT/2NunVTUp7FOh1LT3lz+EitkhSc89pOIc8lD9FU8oZWZlEjIooMgt7sQBfWN7U8BSseF
;R3w2Bn6l3tWjcMqHx/9ijp1U0uF2SdG0JP7ML9IrRGWXvcWgWEL4k/RVPHGlmFU53VTEp7FMJ1LT2Bo
;7d92CdEct5aCYQvgDtbU8QdRpNEtrYiJA97twdyWPnT/g6tVUVB2mwKjl3sWjcMqHw/5nbp+E1Ke3Cu
;BXJT7tH8HLR4TH/XYBW0OJ4uXmHJCFaZWLahJCceS6EaQE3kzeIcrE5PcK4EZ+td7Vo3DKh8GfY26bE
;hOiR6rQdAXO38/RyhQlJByGwLhzSDPWhp0AxQhUObsBI+EnmndSw9gaORfdg3YB61BWfrOYEqaGLHDl
;KXWra5LDMeZp0FQkrk0c4Qt0NFHq8FZ+td7VrHM6hfP/Y2jbk9FRV7sBhMUd7P8AS9VX9sz3UOjwKJK
;Fh89wZghUaMsClKehTCdS09gYvRff4nIB7KaRe0M4IoWm3EI1OXT4ynEjgaZKsRclHoxeUionhEd91x
;BoU+iFo2DKh8P/Y26ZVNaXsUwhFBTd7N/g+1RkxBwmQeji+yKFZ8wRhgml+PoRIwJGeyEEhZgaKRfdg
;nIB6GRWfOXe1aU2DYI1GZRIS0IRUXdbsQX2Lyz/4Kh0NScd5aHbQ5hClDbcYfWvY36dVNSnsUMkotH4
;GjkRm0V39wwXcKijGyNlZ1zQ5ghVqGohIuCXuyKldi8tP0GLwnIR6uBWfrXcUaNymofD+SWpmKIyUJe
;aMZclHg2vQPh1RMcdlaC4I7mQVNU8wVTIJXh7YoSnoUwnUtPYFTrn36JyAeymkXtDOCKFptxCNTl0+M
;pxI5F3u1KkFU59fOB4dUUHvLYWfqXe1aNwyoaH/2EOnVTS4XZJ0bQk/swv0itEZZe9xaFJ4tnTVFePc
;ZR4ZZmqA/LyRgqxhIPYCjkX3YJyAE7gVB613tPlt89xJQhFuIuRImGm2nB3JI8dP0D4dXT3fAcTicPI
;QuaHjBEVr2N+nVTUp7FMJ1LSOBo5EZtFd/bMtoCJ04sjhCbsoQWqlBiLw5IxVznQFEUOSjkE7rFBMtn
;dZY61DtWjdoxAxghVWIuSQkHEu6dSw9gaORfdh+YB6jBWfrOYEqaH/LHVOfWI6KNEp6FMJ1LT2B+tF9
;6icgHsppF7QumChRbcsZYIVfjbASPh5stgBfWN7H+A65RUx78WoJtDKbP0VkyRJYqVeHsiEvexXCdS0
;9gSPQPdgEIB6uYQubAp4vRWrJH1qpRYCxKBUPcboBWE/k/OMYq0hMa9psCIVd7MCulTHlpk8J6fdNSn
;twrgVyTvTR9xy7Qn9tx2ECtCmIIkN52hlgjk+2uissCHG2dSw9gaORfdjHHx65BWfrOYEqaHjNEU+TR
;IihODgeS6EdTFDjxuN92ScgHq4F56od7Uo3DKgYU4ZpnrQ+IhJ6pSpAUuXGkXzYJyAergWX1F3iWjcM
;zQRLhEONsD8VGnmtAENJgaKRfdgnIB5eOmf8Xe1aUnTcDkqSU5uKKDIYfKMbSlje1/gQvRYgH64FZ+t
;d7Vo3DL98P/ZTkaE/Px9xsCpIReLL8BO/Qn9qx2gC2V3sWjcMqHw/9jbpx01Ke3G6AV9I5cbjIrdBRm
;3LcTiTbO1bNwyofD/2D6nVX0p7FKcNWU/0x/QPh0hGeN1gE7Ql31o2DKh8P/Y26dVNWHsUwhBVSfPW9
;RiqeE94yHYCnwKVaTcNqHw/9jbp1U1KaRTCdUhF9dHkGb1Vf3HIYxSOKbIjBgypfD/2NunVTUp7BsJ1
;LVj51+MIvEJSQcFjAZg4mQVOPqh9P/Y26dVNSnsU0HUtPeTb5Q+tQ0Vs8WoBjS6ILmh1m3w+9jbp1U1
;KexTCRi09gcbpCapSRHvcWhScNJk5X1PLE1CaX4eyEiIedbYAXWLgx+cctkRFQdpgCps4nztDedoZDv
;Y36dVNSnsUqzUtDoGjkRigU1JrymAVtC6aM0NvwCNcmVmFvCMtJHynFFlI8fzwGa5GTn3LWhOOMJ0/R
;W3cCU2TBOnUTUp7FMJ1RH2BiJF92EJYatxwA44vsilAZdwfV6lVhrohIxVznR1IXPXW4SK5Q1Z/wGYC
;tCmEN1IMqXw/9jbp1QkKewrCdS1Y+dfjCLxCUkHdcg6fPoUFVGPHEFaYUbalLDgQS7p1LD2Bo5F92Bl
;gHrAFZ+s4lS5FecwZTalFnrw5KRNLoRpCUejN9iKoRlJ18Xxn6l3tWjcMCCJ/9hLp1U0vA2CwAElY8/
;ziCrFTQ3bxZgiEMYQ0UFPcGVKGU5u0OT8JcfN1LD2Bo5F9WEFgHooFZ+s4lS5FecwZTalFnrw5KRNLo
;RpCUejN9iKsQk1uy3cGnyifPwUMqXw/9jbpVSsKew3CdS1P5NDlHKpTf3vWcRWKAokvVmD3HVKZQ4eh
;TUt7FMJ1LT2Bo5FY2Ccge9ZxFZ45iChof98VS5VetqcoOQ91sAFyWPnX4xyHRk1x22sT2V3sWjcMqHw
;/9jbpx01Ke2anBllc89fOGa1GTEHddQKOOe1bNwyofD/2AqnVU0p7FKcNWU/0x/QPh1RXd9pmD7QviC
;lDbdoIYIVGjLApeHsVwnUtPYGjpT3YMSAerncCny+MOUNlxxJgkkOIuRIrFnu3G1k9gKORfdgnIDruB
;UXrXe0/T3jaCVuTRLamOiMPd6oqX1j10fAerE5PcPFkCoQogy4FDKl8P/Y26dVpCnsBwnUtT+TX4xy7
;U0lxwFoDnjyBBUR8zRlb9jfp1U1KexT2NS0cgaORGKBTUmvKYBW0LpozQ2/AI02TQpu0Lj4Se6wqXk3
;kxvVP2CYgHq4FZ+tprVokDKh8Wo5Cm6ApLwlLtRxdWN7X+BC9FiAfrgVn613tWjcMu3w/9lORoT8/H3
;GwKlpU8cbOCbFKRSyuBGfrXe1aNwyofDD2NumwNT4JYbEcQlPe1PgZrE8gHzSc/nLEdIMIDLl8P/ZTk
;aE/Pwh9rRtySujH5RWHFSAfNJz+csR0gwgMu3w/9lCIuxIoF32yKl1c9ND0IrVURX2uBGfrXe1ad3Po
;fC32NumzLCQkdq4cXWL1y+MYq09PcsoFZutd7Vo3DJY8P/826dUrKxVLsQVIWOWjkH3YJyAerlwn61D
;tWjdqyRJghUaMsCkVFnW6dSw9gaORfdhzYB6/BWfrO4Q2VmHNEkupUoC0IC8PcbB1LD2Bo5F92NsfHr
;wFZ+s7hDZWYc0SS6lSgLQgLw9xsEctPIGjkX3YJ9whrhdn612LM1ttxRlRgmmNvCwnHmCnBx49gKORf
;dgnIB6uBXXrXe08XmDJEVqYQraxJCsWcbYQXwmBopF92CcgHq4FZ+Zd7VpRZcQdUpNYnYorJhRjwnQt
;PYGjkX2BZyAQrgVnjTSBO1ppxghgkFqGonxKehTCdS09QfTRfdYnIB7IbAuKMIg0Q1POEFCBBOnUTUp
;7FML1e32BrpF92EFJcs9oAoUpsi5OfM18PvY26dVNSntUwnstPYHF+BG5SkVw2loTki2IaDcNqHw/9j
;bp1Q1KWxTCdUtU7df0D4dIVWrxdgqKMYEFR23aCGCFX5OwEjgaYKsaLTyBo5F92Cd5Xq4gZ+tdizNFf
;9wjU5dPjKcSLhJ5pxteVO7NzgWheENxw3UChS6MLl5jxnw+9jbp1U1KexTCXy09gcX4D6tTf3LPfAKZ
;AokzWmnGD1aZWLatNBUYe68FSFPywuUUt0l/dsFpAutc7Vo3DKh8P/Y2yNVNSh19sAZZYu3C6BiqeEV
;m2ncSmDSCNGh7wRhLnmmbtDkjFBTDdS09gaORJJgnOB6uBQGCL54uW23RGU2pUIC5LCceerYqS1Hu1J
;F82CcgHq4FPqtd/Vo3DMoTS4JZhIo5IhJ3qRtITvKjkE7rFBMtncZY60/tWjdqwQ5MgmmFtDQvCUuxH
;UhR7dCRfNgnIB6uBXOrXcNaNwzOFU2FQra5LDMeZp0GQlHox84UtkFJcsJaApMpny9EZccSYIFfjaEl
;FQl1thxCPYCjkX3YJyBH7gVG613tPF5+2whgmleQsD8VCHuuHEli6M33FLRLf3jCahCZPJk/Nw2ofD/
;2NumMDUplFMJ1S1Tz0OUitEZZe9xaFIQxhD5oZcYaVppatqY9Lx5wwnQtPYGjkX2cZyAMrgVniTKZLl
;hh9xBej1Obij46HnGmdSw9gaORfdhjYB69BWfrOowqaGrBEFOpW4C7EiYeeqUBRT2Ao5F92CcgHq4FS
;+td7T1WfPcaVppatqYkJBx4pypIRfXR5A6xSE5BzWoKmziDKVZ4wRNRqUSIoSQlexXCdS09gSPBPdgE
;IB6uYgabAoszW2D3D1aYUYWwEi8DYLAAXlTuzc4PuVNJcfFoBpNd7Fo3DKh8P5926fZNSntzowVyW+j
;P/SKrTk55wmA4jiWZKEJ/wRNRqUSIoSQlJHmrGy08gaORfdinYF6uGmfrXYo7R1POFVOaaZq8Iy0XcZ
;0QVUnz1uIUt0l/bd5gAo9d7Fo3DKh8P8926dtNSntzowVyW+jP/SKrV0V7ygVm613tWjcM5jw/5jbp1
;SopFHCnKllE8cbOFLZDRWauBGfrXe1aNwyofCz2NumyLiUfcZ0DSE/oxegitEJOedptZ+pd7Vo36E9i
;fvYl6dVNLRh7phByS+TR+BuheE94yHYCn13sWjcMqHw/9jbp2k1Ke3OuGk9c7fz+G75URWrxfWfqXe1
;aNwyofD/2OenVTS0Xe6AUQWLuxfcOvVN/Z64EZ+td7Vo3DKh8MPY26bIhJRl1ripCW+fQ9AmHXSAfrg
;Vn613tWjcMvXw/9l6MtDkjFXOdFkJY58X4HrFCTmrxZGfqp5Mwi3g7FID2I+nVTSIedbYcQ1rewP4Yv
;kFJfcdgCZ8Cj1o2DKh8P/Y26ZVNX3sUwh1IXPXK/xqHRE97yGMOiDSINENTy3w+9jbp1U1KNVTCaS09
;gcv0HKxOTnnxcQ6GOLI/RHjBEV6CX4a7Ej4CZKd1LD2Bo5F92CcgHrsFZ+s1iDtDedgjWJVZjbASOR5
;ltxBDXuSjkH3YJyAergVn633tWjdlxhpWmlq2tCkrC2CrA0hi6M33FLRLf2zPcQ6EAoA7TwypfD/2Nu
;nVcwp7NMJ1LVTvxfgRtHhBes91E4IriAVeYs4VU5ppm7Q5IxRLrxxDPYCjkX3YJyAK7gV4613tM1lqw
;RBTqVeNtD0+EmKnKkRT78bjIr1fUH/Adg6EM+1brZUx5aZv39bVW0p7FKsbS1Ttz84cvEZQasdzArQx
;jCNSftt8PvY26dVNSm9Uwm8tPYHK/xuxS0xBz2EGmymELFJT2hlbg1WdvCIkCBTDdS09gaORfZgnOR6
;uBQ6FO4Q2W1PJGF6GQoCjKBUMfaYBRWLsyv992ScgHq4FZ+Md7UE3DKgVUZBfhbkSKxV3qhpfYu3G/x
;qsT394z2YThC/tWzcMqHw/9jbp1UJKexSrG0tU7c/OHKpCQUHDbAnrXO1aNwyofD/2NvXVTUoSeqQcQ
;VHe0OEcqlRFQc1qCok0gz9oYMkFWoRF6dRNSnsUwnXdAoG/kX3YTk54x2kLtDiVLkV52xVQmGmevCk+
;E0uwFFlU7qOQfdgnIB4uUyfrSe1aN2XGGlaaWrazJCYaeacbWWLnz/4K2CYgHq4FZ6sIrVo4DKh8Vph
;QgLkhFRRypAZISd7bkXzYJyAergVn613iWjcMwRJZn1qFiiIsHWenAXJEgaKRfdgnIB6uBWfnXe1aUW
;XEEGCZQIynISsLFMN1LT2Bo5FpmCcsHq4FAYIxgQVTacYPVoJP6dRNSnsUwnU5fYGukX3YTk54x2kLt
;C6FP1tg23w+9jbp1U1KexTCeS09gcr/G7FLTEHddQKOOe1bNwyofD/2eKnVXUp7FKsbS1Ttz84KsUNU
;dvFoDoVd7Fo3DKh8P/Y26fFNSnt9rBtIT97B4xS8QElwyVoCkymfL0RlxxJggV+NoSUVCXW2HEI9gKO
;RfdgnIEfuBXDrXe0zWWLNDmCURICxKiMVc50TQVL20fAJvSchHq4FZ+tdtBo3GKh8P59Yh7A/FRlmqx
;FKVO/Ezg6oQkV6rgRn613tWjdC6Hwe9jbpvCM5HmCdHENT5NHOGKBTUmvdbAiFApozU3jAI02XQoC6T
;Ut7FMJ1LT3Y45Fp2Ccgd8B2Ap8ChDRZadojWZpZnqcsPh4Uw3UtPYGj0SiYJywergUOhS6ILk9T2wxa
;k1Lp1E1KexTCdWl9gYKRfdhOTm3LcTiEKJk/RVPNBEuEQ5q8IiQkY6sRWVXe0fAJsUggH64FZ+td7QN
;3DLx8P/Zfh6YoPiR7twFIT97F/RKvVUFqywVm613tWjfM/zw/+jbp1SQkCHG2RXJO8cb0GdgmIB6uBW
;frGa1aKQyofFaYQoynISUYf6sbSmLjzOQTvEZSZ/FhDpgpjDRUaah9P/Y26dVNSjsU1XUtPejN5RiqS
;099xWwJjAKOP1tg9x1RkVqM1UxKexTCda0LwaOJfdgnSXDaYBWHMo4xXmLPI1yTWoWKISsCcbAGLTyB
;o5F92CcgXq4SZ+tdhDRDadoQUJVdgLsqFRhxrhlySujH5RXYJsFkuqsgCrfSWiUMqHxWmEKMpyElGH+
;rG0pi5cbhCbAnIR6uBWfrXe0aNwGofD+fRIa7JCQcS6MbSlHko5B92CcgHi5TJ+tN7Vo3ZdoTUZ9Yjo
;orJhRjsBRZWIGikX3YJyAeukVn5l3tWl5+xxJWmFG2vCM5HmDCdMxHlQ3WnBIYIAuuBWeCL4I0XmLPI
;1OfWIyKKSMIYKMbTliBopF92CcgHq4FZ+Zd7VpefscSVphRtqY9Lx5wwnQtPYGjkX38ZyAVrgVngTif
;MWhuxwhLmVvp1E1KexTCdTl9gbCRfdhNRWzFWgWEKZk1WlPbCU2QV4qwTUt7FMJ1LT2V45Ft2CcgdMt
;3DLQ7hChEePcQXo9Tm9VMSnsUwnUtKcGjmn3YJ0p73G44gjOLM1tgqH0/9jbp1U1eOxTSdS0968bjFo
;dOTm3LcTiCM4M/RQypfD/2NunVWQp7BMJ1LVfk0foisUlTe9paCJ4piCg3Dah8P/Y26cENSnEUwnVHW
;PPIzg2qTk5qrgRn613tWjcY6Hwz9jbpvyg4EEuxAF1N7tHlfdknIB6uBWf/He1SNwyoFlqEXbahIjp7
;FcJ1LT2Bo4U92DcgHq5vApk2si5YfPcPSoRQiLYoSnoUwnUtPYG30X3TJyAexGAVgAKZKFZ6zRA/9zb
;p1U1KewCCdSY9gaPhD7FJVEHddQKOOe1bNwyofD/2cqnVQUp7FK4UVFjz/PkYsUBIaq4EZ+td7Vo33J
;d8GfY26bksMx5mnR1IVObL5SK5Q0Fu2mwRjgKAO09TwBlWkV6dij8rD32tdSw9gaORfdhpYB6IBWfrM
;YwjUn73FFqfUYGhEisfdbIBREvk/PwUtnhIe8diD58CnztDZcd8PvY26dVNSkJUwlYtPYHP8AS9VX92
;y2wAgymyO1Nt2AhWgFO2piwnC3irG0pi8tf0DdgmWwoAQoaR2dJaHAyofFOXT4ynEiIefaUdWWLgx/A
;NrE5We/F2E44tgixSfvceUIJChrgSOBpgqxotPIGjkX3YJ2leri1n612BO05p2iNXk1+OvTkVGnCjBV
;lU98bODqxCUHHYYBW0KYIqaH7JCFaZNujVTUp7FMI8bT2Wo5F9tEZZe9xaCo4vij9ob8QTTJNpj7QuL
;wgUw++0pBg6CMTnJzgergULiiSIKGh/zRtSk1idiiEvFXO2HXJQ6M2RfEK+uYc3nN7UXeZaNwzfHVOa
;aZq9KCYXZ8J0LT2Bo5F92GcgCq4FZ4c8lD9FU9sUWppamooiPB5mrhRdPYCjkX3YJyBQ7gVK613tNlZ
;1zQ5ghUKIpzkVC3urG1li8sDwD754SnHHaxO0PIM9W2n3CFeEU5q9IiYfFMN1LT2Bo/EemCcEHq4FC4
;okiChof9wdTYJpmbokJA9LsRZMT+f8+xKxSVRBwmAJjCmFWjYMqHw/9jbdlU1jexTCGUxE5NHODqxGU
;mrxdQiCM5kFRG/JDlmpXIa8Iz4kZ7IQSFne0fAJsUggH64FZ+td7QN3DJh8P/ZaiKwoOCRnthRfSd7T
;/hS2U39tzWQVjQKHNV5i3CNMgleboRIiHn2lHVli88LlFLcnIR6uBWfrXe1aNy+ofD+aV5CwPxUIYKM
;HWWLxzPgTrHhTfc93AbQ3gjNZePcPS5NGmtVMSnsUwnUtGcGjhH3YJ0x/12AVtC6ZO0V42BNWmEK2oT
;Q6HhTDdS09gaORdZgnMx6uBQGCJYg+aGDJBVqEaZqhLDgPS7p1LD2Bo5F92CcgHr0FZ+s7hCJSaPcQX
;o9Tm4o+PhpmtipUPYCjkX3YJyAergV4613tN1Z49x9QmFDYiisjF3WvEENJ3sD+EKhCTm3PcQ6EM+1b
;NwyofD92YanVV0p7FK8UWWLizP8b6XhGd8JkCo4zmQVTacYPVoJP6dRNSnsUwhW+fYG4kX3YSkFq8WY
;IhTvcBVFlxB1Sk1idiikjGnmnAUhPgaKRfdgnIB5SOmfwXe1aWm3cI1yZWI/kEiwSeKMYSFP1/OEPsU
;RFQc1rZ+pd7Vo3DEgUf/Yt6dVNJxpgnRZCU+eSzhuxS0Fzy2sTtC2fM1Rp9xZP9jfp1U1Ke5xxNS0hg
;aORELlTf33BawHaAoszW23FGVGCaZmnJCkeS6kaXz2Ao5F92Cdgwe4FfOtd7TdWePcfUJhQ2IorIxd1
;rxBDSd7T4xS7Qn9r3QVm613t+kfxkDw/2jbp1SArD0uhGkNbsPz3FLRGTXvAcTiYOJkuXmLPD2CQX4W
;0IC8VYJ0RSFPyyuUE2CYgHq4FZ4vOrVoaDKh8UpdCtrYiJB0lnRNEUeDO9BOseFN72nEOhTqeBVFlxB
;1Sk1idiikjGnmnAUhPgaKRfdgnIB5SOmfGXe1aWm3cI1yZWI/kEiwSeKMYSFP1/OIYrFNJcMl2OI00g
;TtaacYIYJBahqI/Kw9xwnQtPYGjkf2PZyA0rgVnhjyZBVRjxhoOqVCAuSwnHnq2Kl5Y9df4E79Uf3jH
;aQaGOIMuaHzaFVyTNujVTUrbZD9NbT2vo5F9tUZUQc1qCY1ssjxeYMkRWphCtqYoPg99rBJeYufK/Ry
;1Qk5q8XMCmTSLI2hlzHw+9jbp1c3auFTCaS09gc7wCYdET3DINDiNNIE7WmnGCGCAU5u8KzMkfaZ1LD
;2Bo5H9SORgHrEFZ+swjC5ob8cSWcRpj7whKxZxrAFyXu7O4Ri2VEFqx2oJ61ztWjcMqPxotjbz1U1KF
;nW2Kk5S78WjIr5OTH/DYAmfAok/WX/BCEb2N+nVTUp7dFE1LSaBo5EQuVN/fcFrAdkCizNbbcUZUYJp
;jbwsJx5gpwctPIGjkX3YJ9whrh5n612AO0NTyxNRkAS2syQmGnmnG1li8dH4Hr14Q3CuBGfrXe1a12T
;ofCT2Num4LD4kd60bSw/exfgRuUpFcNpaF5k0jj9oZth8PvY26dVNwshUwmktPYHO8AmHRE9wyDc4jT
;SBO1ppxghghkSAtigVEHuwdSw9gaORfZj4YB61BWfrMIwuaG/HElnEaY+8ISsWcawBck3zyvIYh1JTH
;q8FZ+v9nacPTKhQP/Y2hLQ5FRh7rBMfYufK/Ry1Qk5q8XYCnymENFB/9xpWmleEsCM+JHCnG15U9dqR
;fNgnIB6uZfSrXcBaNwzFHUupVYa7K3gkcqsZTFDkzeUiq0JUasdrAJgCizNbbcUZUYJpjbwsJx5gpwc
;tPIGjkX3YJ9whrihn612AO0NTyxNRkAS2syQmGnmnG1li8sblCbFJR23xYw6HPIA/WXj3GlOZQZu0OS
;97FcJ1LT2BI8Y92A0gHq5oBp8CjjVZapojWZ9aiLgoJA9LsRBZSejN9g6HQUlyz2gChSmyKkVlyxk/9
;zbp1e06hiyCdQM9gaP8HKx4Q3HAY1W0O4Q2VmHNEkupRYyhOSMVc7EqS1TtwvwYtlN/aMt3Do0ksjNT
;DKl8P/Y2aUWOCnsIwnUtUODXzh63SUYs8WMOhzyAP1l49wpahF+PrBIjHxTDdS09gSMBvpgnNx6uBQq
;KKYgoXm3EI0yVV4WwEiwad7YaX2L5o5B92CcgHq5cJ+tK7Vo3YckIWoRfiLkSORh1rhByW+DA5RKqeF
;kerwVn613tWm5MqGs/9jaEtDkvCX2jGXJO4sL9GIdBQX3aahW0J+1bNwyofD/2b6nVWEp7FK8UVWL3z
;P0ItUJUbMdmOJgtiD9TPah9P/Y26dVNSnsU13UtPezC6SKuSExrw2ATmTSOBUR8zRlbxDbo1U1KexTC
;dS09nKORfbVIRHvCWheZOI4zRGn3BmCeU4CyJT4keKMMSE/yo5B92CcgHq4RJ+tW7Vo3YscGRZpTtqY
;kMB4Uw3UtPSE6CKTnJy4ergUQijGBBUNkwR9UmFOapk1L4Y1b7LSkaJyRb9gnIG3bdReEL5kFTVPMFU
;yCV4e2KEp6J/FGHg6yYK59zScgHsFzApk1jDRQU9sUWppamoosJBx4p3UsPYGjkX3YGWAetwVn6zKbP
;0VkyRJYqUWBsCEmCEukFENi8tP0GLwnIR6uBWfrXbQaNxSofD+ZQIynJSsVc50GRVjtz+IivktPadxk
;E45d7Fo3DKh8P6926cBNSnt7tBBfVeDN9iKrT0VywnY4mC2IP1MMqXw/9jbp1QQKewXCdS1N88biDq1
;VRUHPYRGKM44/BgypfD/2NunVTUp7BcJ1LU3zxuIOrVVFQc9hEYozjj8FDKl8P/Y26dVNSnsMwnUtTf
;PG4g6tVUVBz2ERijOOP2hlxhpWmlrY1UxKexTCdS09gaOJfdgnUGzLdhSeL4gFVmjeHVGVU7a8IywSe
;K5HLTyBo5F92CcgHq4YZ+tdnShSf9sJTZNpiLE7KxV3pypEU/LG5SKxSU573DRn6l3tWjcMqHw/9ivp
;1U06CXGxBlhP5PzwGa5GTn3LWg6FLoguaGXGElqEBOnUTUp7FMJ1LT2BvpF92FdSe912Epk4sjtTesk
;SXJNpgLs+Lw9LrQBZWPOSkXzYJyAergVn613wWjcM2A5ahUWcpygVGnC0FENe5Pz4E6tCVEHBcBOOL9
;9aNgyofD/2NunVTVd7FMIFX1jy0OQPvXhBethkCYg4si5YfPcPSoRQiLYoe3sVwnUtPYGjkX3YOiAer
;nUVji6eL0Vp9x1bgFeHtigVD3uyKl5I88XwHr0VIB+uBWfrXe1aNwyEfD/2Rpu8Iz4eZp0WQlPn/PQF
;rFVVest3VrQ+gT9WfskSXJNpi7QuISR7pBNeWPWjkH3YJyAergVn63TtWjd82hVRglObii4lFXKdEFV
;J89b1GKoWf33CYAaZPIM5UlPNBEuEQ42wP0p6FMJ1LT2Bo5F99ScgHt53DoUpiChob8cSWalTkaE/Px
;9xsERyXu3G8A+5SUN78WMVhDOZBVhqzg9agjbo1U1KexTCdS09raORfahVSXDaYBW0PoI0UVPNBEuEQ
;42wP3skd64QTE/gzfIYh0tFeNpaCI07nj9DDKl8P/Y26dVNSns5wnUtTfPK/wm9VX99wWsBtDiVLkV5
;zBlNx2mKuSgrCXWsFkhi88r2Fax4T3jIdgKfXexaNwyofD/2NunlTUp7ZLAcQ0nk0c4et0lGQct9E5k
;oiT9FPfcfSoVChrgSOgl9rAFMX+3Gzg+9QElxwFof61ztWjcMqHw/9jbd1U1KC2arG1lY8/zyErZBf3
;vWcRWeOYgoBlPLCUyCWYSKPTgSerYUT1Hk/OMYv05PcPF9FIIniFo2DKh8P/a2gpVNensUwgVfVO/X9
;A+HRE9wyFoCkymfL1Np2k1glUOaoSInJGSwHENJ4MH9GIdVRXnHagm0JO1bNwyofD/2NunVeUp7FLIH
;RFP1xuMiu0hOePFgH58vmD5SfpkjXINFnbogFQtmqxtZXOPP9CKqQkd3wWs4ki6EIFIMqXw/9jbpVSY
;KezjCdS1N88r/Cb1Vf33BawG0OJUuRXnMGU3EaYq5KCsJdawWSGLjwvIWh0hGeN1gE+tc7Vo3DKh8P/
;Y2wNVNSgtmqxtZWPP88hK2QX971nEVnjmIKAVTyxBal0SIuy4vJHG6AV9I5cbjfdknIB6uBWcbYu13N
;wyoDE2fWJ2wPxUYe6wTclj51+MIvEJSLPFmC448nztZb80jWYRZh6ESJR1ysRBZPYCjkX3YJyAergVL
;613tKkVlxghahGmKuiMsJHG6AV9I5cbjT4dETHvPdwaFPogFW2nOCGCZUI+mKD57FcJ1LT2Bo5F92Ao
;gHq51FYIzmT9FU8sTUZBpjK05OA5wpwcfYuLP9ByqRk59y1oVgjqFLmhjzhpMk0Lp1E1KexTCdS09gZ
;ORfdhXUnfAcQKZAo41WWr3GUeCRJyxKDhJS6EAXknuzs4Nqk5Oas9nC44Cnz9QZccSYI426NVNSnsUw
;nUtPbWjkX2oVUlw2mAVtD6CNFFTzQRLhEONsD94JHe3BllS7PzhD7FJVH/MaQK0L4g9XmPGI0eFX5Ow
;TUt7FMJ1LT2Bo5FN2CcgbtxsCZ84nwVUY8YaYJNOnac4Lh5m8CpOSPLX/hCHV1J3wHEGiTGIBUVpzxV
;QmGmQ1UxKexTCdS09gaOlfdgnUGzHaxOOL7I5WGLOI1qOQpugKS8JJp0WWE71zPwiqFVJcNpkBYc4si
;hSa8ETUalPmrw3L3sVwnUtPYGjkX3YPSAernUVgjOZP0VTyxNRkGmOtCM+CW2dHUhU5svlfdknIB6uB
;WfrXe1HNwyoDE2fWJ2wPxUYe6wTclDgwPkUtkJ/fM9wA5k8mT83Dah8P/Y2ydkMSmUUwnVdT+jN5Riq
;eENxwGM4hjyOMl5izSNdk1K2piUrC3HCdC09gaORfdgnID+uBWebL4Q0Q2naI1yZWI+KICsYfKsbSGL
;jxvUirEJNbvFoBpNd7Fo3DKh8v6126fNNSntksBxDSeTRzh63SUZBw2QEgzSDP2huzRBLqVGIuzk4Ak
;ujG0pR5KOQfdgnIB4uQyfrfu1aN3zaFVGCU5uKLiUVcp0YTF7pyv8Yh0RPc95gCZg8mTNYYvcEP/c26
;dVNSntNgnUOPYGj4Q+xSVR73FoEhDOLBVptyxRWmFO2tiInC3GsBkxJ6Mz/IqEnIR6uBWfrXbQaNyOo
;fD+GRIC7OS8JS6EaQ1vezvAesE5Oe/FhBp88sjxeYM0jS55DhLcjKxJ4nR1IVObL5X3ZJyAergVnbx3
;tdDcMqAxNn1idsD8VGHusE3JQ4MD5FLZCf3rPcQa0O4Q2UlPcFEqbVIe0JCYkY6sRWVWBopF92CcgHi
;pFZ/Fd7VpHfsESS5NEtrYiJB1LrxROVejN9CK8Tk1B1gVm613tWjdMxzw/7Dbp1T04Enq2EF9i4sz/G
;4dKQX3GbAmOAokzWlPRfD72NunVTQoUVMJvLT2B0+MUtlNFbPFmCIU7sjdWb8AVUZNpjbwgFQEUw3Ut
;PYGj0RKYJwkergUXmTSDLlJ+9x9QmFC2uCwpE32sEHJZ6NDlHLZERUHIdwiGAo81RWjNDj/3NunVTUp
;7EIJ1DD2Bo+EPsUlUe9xaBIQziwVabcsUVphTtrA1PglhphBfYu/W/H3ZJyAergVnG2LtfTcMqAxNn1
;idsD8VGHusE3JQ4MD5FLZCf3vWcRWeOYgoaGPOGkyTQratf0p6FMJ1LT2BmtF9/ycgHt53DoUpiChob
;8cSWalbiLYlIxVxnRBVSfPW9RiqeE94yHYCnwKUaDcNqHw/9jbp1U1KZBTCdV1P6M3lGKp4Q3HAYziG
;PI4yXmLNI1mfWoi4KCQPS/N1LD2Bo5F92CdgHrEFZ+stnzNZeM0OYJVZh7MSJxp3qhxDWN7F+BG5SkV
;w2lpV61ztWjcMqHw/tjbZ1U1KC2arG1lY8/zyErZBf3PPZg+CM4gFUWXaEUiXRIyKLCkYca4QX1z1yv
;4Th0J/c899Z+pd7Vo3DCC/f/YF6dVNOgl9rAFIT97A/hO+eE1/zW0OhTiyPF5+xQtehFO2tC4pHninB
;0xJ6Mz/IqhVSXDabAmMXexaNwyofH95dunnTUp7ZLAcQ0nk0c4et0lGQcNkBIM0gz9oasEOUoFXm7AS
;Kxh3pxlIT+DX+BK2eFJ72ncGiCntWzcMqHw/hpGp1XxKexSyB0RT9cbjIrtITnjxaAaINYQ0UlPOFU2
;bQYinKBUad6EQQVjzwuUUt0l/atxkEY4x7Vs3DKh8P7a5qdV9SnsUsgdEU/XG4yK7SE548WgGiDWENF
;JTzhVNm0GIpygVGnehEEFY88LlFLdJf2bxaAaTXexaNwyofKs3dunlTUp7ZLAcQ0nk0c4et0lGQcNkB
;IM0gz9oasEOUoFXm7ASKxh3pxlIT+DX+BK2eFlBw2Qf61ztWjcMqOj+tjbZ1U1KC2arG1lY8/zyErZB
;f3PPZg+CM4gFUWXaEUiXRIyKLCkYca4QX1z1yv4Th11/c899Z+pd7Vo3DKglf/Ya6dVNOgl9rAFIT97
;A/hO+eE1/zW0OhTiyPF5+xQtehFO2sygvH2ajAUhi5Pz8HKAnIR6uBWfrXdQaNyCofD+GRIC7OS8JS6
;EaQ1vezvAesE5Oe/FjDpkwmjtFafcaWpNSm7Q5LyRsnRhMRYGikX3YJyDe3EVnx13tWkd+wRJLk0S2t
;iIkHUuvFE5V6M30Ir5OUnPZZBWOAos/UmjaHUuTaZCKICsDFMN1LT2Bo1EPmCcMHq4FF5k0gy5Sfvcf
;UJhQtrgsKRN9rBByW+jR/Aq5VUVByGACjy+MLlJT0iNSl07p1E1KexTCdTl9gYeRfdhXUnfAcQKZAo4
;1WWr3EV6VXoC7KBUdfbAYWlzzxs4XvVVLQcsFZutd7Vo3DLw8P9I26dU9OBJ6thBfYuLM/xuHSkF9xm
;wJjgKLM0Vh3x1Nk2mDsD8hJGzCdC09gaORffBnIDquBWebL4Q0Q2naI1yZWI+KICsYfKsbSGLnyuMQr
;0ZSe/FvApk2siM3Dah8P/Y26f0NSl8UwnVdT+jN5RiqeENxwGM4hjyOMl5izSNZn0SEoiw4HkuoEF9W
;3tmRfEK+uYc3nL7UXcxaNwzYDlaYQoynEikUeqQqQFziy/gTvXhHfcFhArQ8ji5eY8Z8PvY26dVNSns
;Uwl4tPYHT4xS2U0Vs8WYIhTuyN1ZvwBVRk2mOtiIuHku2HVhQ483wFLR4SHvHYg+fXexaNwyofD+fdu
;n/TUp7ZLAcQ0nk0c4et0lGQcNkBIM0gz9oa8sTW5Npnb04Jxl6oxxBYvbK9QmwJyEergVn612EGjcgq
;Hw/hkSAuzkvCUuhGkNb3s7wHrBOTnvxaQaYKbIvR2DHHVupRYynOy8JS7YMXViBopF92CcgHq4FZ89d
;7VpHfsESS5NEtrYiJB1LrxROVejN9CK2SFpkwmA4jzSMN1J4zQ4/9zbp1e3T4s39dQs9gaPhD7FJVHv
;cWgSEM4sFWm3LFFaYU7a7IjABeKcqSVTgzvQJvVV/LK4EZ+tdTcOu1Zd8GfY26aU/IxVgpwdyXu7N9y
;K1RkN2x2sCtDOCIE1gzSNLk1uZiiArA0vzdSw9gaORfbhUYB6IBWfrLZ8zWXjNDmCVWYezEicad6ocQ
;1jezf4HoktFQdpgCpsCgDtPU5p8PvY26dVNKghUwmotPYHT4xS2U0Vs8WYIhTuyN1ZvwBVRk2mZpyQk
;D0uvGklYgaKRfdgnIB6uBWfFXe1aR37BEkuTRLa2IiQdS68UTlXozfQiqFVPc95xOJ4uiAVFbc4IYIJ
;em7A+IhR4pnUsPYGjkX0YRWAetAVn6y2fM1l4zQ5glVmHsxInGneqHENY3tDlGKhCIB+uBWfrXe1aNw
;yHfD/2Rpu8Iz4eZp0WQlPn/Pwcu09JcMtaEYIvmS9WYPcZR4JEnLEoOCR7pBNeWPX86U/YJiAergVn6
;2StWhgMqHxPhF+HoSg4JHetG0ti7MLyFbFJRUHYbBWfKIw2aGnQCE2DUoynEiUdcrEQWWL4kZF82Ccg
;Hq4FZ+td5lo3DNodWYJpiLw/LRpkwnQeDrKQok4bGCANrgVnmTyLLmhuyQ9aqVqAuyg9EnC2HS08Gzo
;I5EG+ySGuGmfrXZ87UXj3Hl6FU7awNT4JYbEcQlPe1PgZrE9/bM9xDoRd7Fo3DKh8P5926cNNSntmox
;NZYuPC4hiHTk54x2kLtDyDPVtpqH0/9jbp1U1KexTUdS0988L3CYdFQW3LWg6FO4Q2W1PaHUufWenUT
;Up7FML1bX2BsJF92FVBeNpaBYouiAVDZMEfVJhTmqZNS3sUwnUtPWGckW3YJyBsz2MTtD+MKVJTxB1G
;k0Sa1UxKexTCdS09waOAfdgnUn/IcTiHNIM/aH/YHVyfWI7VTEp7FMJ1LTXBo5592CdSf8hxOIk8nj9
;of9gZWpI26NVNSnsUwlVtPZmjkX2qRkZq8WwJnzifPFZvzSNTn1iMoiQuD3zCdB4OspCiTjsYIDquBW
;eZPIsuaGXGCFqEUIi2KBUebLYHWE7ozP8ir05EasZaFYophDU3Dah8P/Y2KbcNSmAUwnVfXOfXzhS2U
;0VsyGQEjgKENFFlxBBgl1iOuShKehTCdS09AfXRfcMnIB7cZAGfAoQ0Q2naGl6VU7a8IywSeK4qX1z1
;yv592ScgHq4FZ6Id7UI3DKgOXpBCtrwjPh5mpBROWN7X+RS7TE573XZn6g9VRLLn+aQA9iPp1U04GnK
;2KkRT9cbjG7lERUHCZB6OL55aNgyofD/2NhnqTVx7FMIHTFv1/PgTrEJSeM9mArQunTtUZcYbP/c26d
;VNSnvk/XU5PYGj4xy+U393wHECmTuMOVJT2wxak1Lp1E1KexTCdRN9gaiRfdhVQXjaWgqKL4ozWQypf
;D/2NunVWQp7AsJ1LU/gxeUiq1JSeM9mArQxhDRSe8EYS5426E/U0+KNW6wSPaOjkX2qRkZq8XYSmTuM
;OVJTzQRLhEOavCIkJGOrEVlV3tHwCbFIIB+uBWfrXe0Ddwy9fD/2RIizORUIYbATTF7k/PcRt1BSf9p
;gZ+pd7Vo3DAgZf/Yv6dVNOBpytipeSPPF8B69eElwyGwLhwKMNFBgzXw+9jbp1U1KRVTCYy09gdHwG6
;x4U2vcYwaIOLI8XmDEI02XQozVTEp7FMJ1bWjBo4d92CdSf8hxOJgonzxWb80jS55fir4jLwhnwnQEY
;Q5hZFUUGCANrgVnmTyLLmh/3Q5Zl1WMiiErAnGwBi08gaORfdgnIF6uEWfrXZ87UXj3D0qEUIi2KBUI
;ZKMWRFPmo5B3D4RQI6TSWOtP7Vo3fskaS6lFnKcrKxhxnQZdWOTHkXzYJyAergUpq135WjcM2h1Zgmm
;dpyw8HnidDVRi8tP0GLwnIR6uBWfrHb0aNxiofD+EU5qhLDgPS6cNWU/g/PAQt1JOaq4EZ+td7Vo3DK
;h8KfY26acoOQ91sAFyWPnX4xyHRk1x22sTtG/tWzcMqHw/9jbp1UBKexSwEF5J4NHlIqtXRXvKBWbrX
;e1aNwyRPD/5NunVPy8IYKMHWWLy0/QYvHgSHq8FZ+td7VoOTKhtP/Y2m7A5OBp3thxCU97C/BKtSVQe
;rwVn613tWsczqG8/9jabsDk4Gne2HEJT3sL8Eq1JVEGcBWbrXe1aNwxYQz/hNunVPy8PZqMWWVTuzc4
;ZrVVJcMlaEIItiGg3Dah8P/Y26dVNSlwUwnVfWPXR8B6sTk9w8WAJij+BP2hj3QhMn1KMii8lD2CtGH
;JR4Nr0D6snIR6uBWfrXR1lNyiofD+EU52nLCkPfa0bcljvwvMRvXhPa9p2Do84si5YfPcQXo9Tm6ZNS
;3sUwnUtPYHjkWHYJyBsy3EVij6ZM1hi9xFWmF+EtCEVHmy2B1hO6Mz/fdlcNLDp5B1/Yu1ENwyoDlqC
;RIi2OSMUep0YRFPozvARh0JYatxwFIIygwUFDKkHK1hxCK/ZdXsBwnUtT+TX4xy7U0lxwFoKgjOyLkV
;t3hlT9jfp1U1KexQySi0qgaORD71TUn/NcQ6EM7I3XmL3CE2XQIy5Enh7FcJ1LT2Bo2FC2DcgHq53Ap
;8vjDlDZccSYIVGjLApSnoUwnUtPYHn0X3KJyAe3GATmTyOLl5jxiNMhlOMsRJ4exXCdS09gaPVPdgpI
;B6udwKfL4w5Q2XHEmCeWZnVTNDijVvstPS+o4F92CdSe9p3BogphDVZU8ATT6kE6dTX0+KNW+zkAoG5
;kX3YVUVq3GQEnzSCNGh2wBNPqVWGuykjD32tGxw9gKORfdgnIB6uBX3rXe0oUnjaHVyCX4a7EjATe7I
;qTlLvx/gJsUhOLK4EZ+td7Vo3DKh8LPY26aYoKRR6pipBXPjG4yKieEx3yHFn6l3tWjcMqHw/9iTp1U
;05E3GuGXJU78X4EbR4T2zKYBXrXO1aNwyofDe2NuXVTUoIf6sHWWLtwugYqlQgH64FZ+td7aoIDLh8P
;/ZFgrw/PiR4pxtKSen8/BS2JyEergVn613tWjccqHw/hV2ApzkVF32sEHJe7tb/CdgmIB6uBWfrc61a
;IwyofEydX5uhEicSeqsYTFHez/QTv1NIHq8FZ+td7ZpVTKh1P/Y2mr4kOA9LpRRdPYDYhdOfxlqakQV
;s613tKVxl2ghghUaMsClKehTCdS09gY3RfcInIB7daQicAok1QGL3GlaERZ2KKy8MS64UVFjz0JF82C
;cgHq4Fb6td8Fo3DNsQTKlXgKcSJxRwpypIRenC5A6seFBsy3YUni+IWjYMqHw/9jbdlU1WexTCBkFO3
;sL4D4dKT3rLWheHOIMvWlPYDlqFRZynKEp6FMJ1LT2Bh9F9/ycgHt1pFLQ/gi5DY8UjTINEj7QuLyR3
;rRtZUvTRzh63VU573FoDjjGMIzcNqHw/9jbpjA1KUBTCdV5R8vzzEqxTT3PxdhKZO4w5UlPLE1GCWZy
;nEi8VcJ0WQlDxxv8OuVNJccAFZutd7Vo3DKh8P9I26dU+JghLoBpZSe7Ozg6tVUZ/zWA4iDKDLlh52i
;NamFK2sSgmGm3CdC09gaORfdgnIDSuBWeYMZ4FVWPcCFCbaZqgPywad6cqTlLv1/4IqnhMf91gFbQyi
;zxoaM0QXo826NVNSnsUwixtPaijkX2rS1NBzGoTnzKABUR52hpelVO2tiIkD3u3B3JR4ND0D4dITkHK
;YAuKJO1bNwyofD/2NunVa0p7FLEZXmLjzOUJt0p/bdt3AYo+iAVUY8YIUINEtrksOR5mnQVCSuTRkXz
;YJyAergUuq13FWjcM2xBMqVSGoTklFkuxAF9b4MD0IrtITmrBcBW0MYQ0UlPMFUyCV4e2KEp6jlvstK
;QYGq59+CcgHt1pFLQ/gi5DY8UjTINEj7QuLyR3rRtZUvTRzhG3SFBtrgRn613tWjf8l3we9jbppiE5J
;HatAVlS7PziCKpBQX3LWgSEM5k1Qn73E1mQRYyhTUsAAGwyzEc1HJFU2CcgbcJ2OIkymS5YYfcPSoRQ
;iLYoFRh7rAFCSPP84h65SU53wGI4iDKYNEMMqXw/9jbp1b11ez3CdS1O7dDOH7dTVHHDWhSeL4s7VGn
;3H1CYQoagPxUId6MbQ1TvxM4OqEJFeq4EZ+td7Vp70eh8EvY26aYhOSR2rQFZUuz84giqQUF9y1oEhD
;OZNUJ+9whQqV+HsyQmF0umHF5J4M3yGNgmWwoAQoaR+dJaEQyofEyaRba3Ij4Pe68qXkjzxfAevXhJc
;MhsC4cCjjVFYs0OYJJThbQ0SnoUwnUtPYH60X3yJyAe3WkUtD+CLkNjxSNMg0SPtC4vJH2sE0RR7fz0
;E7x4Q3HDdQKFLowuXmPGfD72NunVTUp7FMJWLT2B0P0Oh0VPatpqCrQumChRbcsZYJ9Yj7whJiRxrBF
;yWeTP8ATYJiAergVn613tWh4MqHxMmkW2tyI+D3uvKl5I88XwHr14SXDIbAuHAoE7RGnaI1CQULaxKC
;YabcJ0LT2Bo5F9gWcgNq4FZ5gxngVVY9wIUJtpmqA/LBp3pypEU+fK/RGHS0Fty3c4hDOyPlJgyQU/9
;zbp1U1KexTCdQg9gaPiEat4QnHacQiGAp4vRWrJH1qpX4ezJCYXS64UXljz/OESr0JSHq8FZ+td7Vp+
;TKhbP/Y2mrk+FRl7tgFCUN7Q5A++RkN78WwJjTSBNmhgwRJaqVKApjkrFXendSynGDoI5EGeHx6PBWf
;rLoEpaG7HCEuZW7amODgddaEQclTvxfgRtHhPaMt3C4ot7Vs3DKh8P/Y26dVlSnsUsRleYuPM5Qm3Sn
;9t23cBij6IBV5izhVTmmmatiwkFX2sEnJe7tb/CdgmIB6uBWfrrdJaBwyofEyaRba3Ij4Pe68qXkjzx
;fAevXhJcMhsC4cCnjlWYsYVUZFpiro4JA9LoAxyUejN9H3ZJyAergVnG2LtcjcMqA9ThWmLujk+FHmd
;BlhP58LyGIdOTnjHaQu0Lo47WWLBElipRZmwKC57FcJ1LT2B70w92D4gHq52C5gCjzVDeMcRYIVDm7M
;sKR5LrhRUWPPQkXzYJyAergVn613xWjcM2xBMqVSGoTklFkuxAF9b4MD0IqxPUnvdbQiHOe1bjxItl2
;5OiNbVaUp7FLEZXmLjzOUJt0p/bdt3AYo+iAVDY/cSUIRbiLkSJQ1xsBlMTYGikX3YJyAergVnwl3tW
;kRg2yNdmUKduiAVCGGwE0xe5PzlEodTT27xdhKZO4w5UlPHClqEWoilTUt7FMJ1LT2Bo5Fl2CcgbcJ2
;OIgygy5YedojXJlEh7A/FR9xrhRUPYCjkX3YJyBH7gV7613tKVt/9x9QmEKGoD8VHnqmKk5S7NP0E6t
;GVHfBa2fqXe1aNwyofD/2I+nVTTkXZ50WQlP1zOQPh0JOevFhAoc8lFo2DKh8P/Y26dVNUXsUwgZBTt
;7A/hOsSFVs8WkGmDifBVhqziNbk1qIrE1LexTCdS092OORZ9gnIG3CdjiIMoMuWHnaI1OXRYynEiUVS
;6YQQVz4o5B92CcgHq4FZ+tK7Vo3f8QPYJVZh6EiPwlLrhReWPP84RKvQlIerwVn613tWn5MqGA/9jaa
;uT4VGHusAUJI8/z9GLZAVHbxcQ+ZOJ4yWGDMfD5OKGw+HPK1K8JsLT2B0P0Oh0RPcNpqEpkCgTNZafc
;YVoVCiLsuL3sVWOy0pBg6KELYNiAernYLmAKONVl4xwlNqVqGuj05exXCdS09gaNhQtg1IB6udguYAo
;41WXjHCU2pWY+zPi8PFMMOOZPGQuvJZyc6Hq4FFIcusjlYYtwTSoRpmrYsJBV9rBJyXu7W/wnYJiAer
;gVn663SWi0MqHxMmkW2tiIkD3u3B3JO4sL/E7FJR0HddQKOOe1bNwyofD+666nVU0p7FLEZXmLizP8J
;t1JSQdpqOIIzizNbYPcYVoVCiLsuL3sVuWGDemDZNULYCyAernYLmAKONVhgwRJYqVWQuSQkH3GwKkF
;S9sbjIrBCQWrLdziGPJUFWHncDEqCNujVTUp7FEIjbT2to5F9q0tTQc1qCIc0gz1ob9EQVphSjKcSPw
;tkpwdyVeTC5RiqeE1/1loInimdL0MMqXw/9jbpVRsKezLCdS1O7dDOHrdITHfAYjiNL4I0Q1PBDmCeU
;4ihKDgkeaMNclL01+EIrCchHq4FZ+vduxo3Hqh8P4VamoouJRR4qxtKYunG+BqwUyAfrgVn613tfncM
;sHw/9kWFphIpFHuuHENa3s/wBL1Vf3bLbACDKe1bNwyofD/25tbVakp7FLEZXmLizP4RsUlHQcJgAZ8
;Ciz9SaPcUWpdCjKcSJxpsnRpYSfHW5X3ZJyAergXnvR3tfzcMqA9ThWmKuiImEnqlKkFY59fOFKp4SH
;vPcQKZAoA7T1PHCUuGQ53VTEp7FMJ1rWvBo7V92CdTct1aBIQygTNZa/cMVoVChrsSIh51thBfYuzC6
;SK3UlRu23Fn6l3tWjcMKCp/9hLp1U05F2edFkJS7cr/GodXT2nKYBW0O4g/U2XGG2CCX4SwEi8Ncax1
;LD2Bo5F92CcgHo0FZ+sugSlob8cTU59Yjoo9JQxwpwdyW+TG9RS2QH9qx2gCtDKJPjcNqHw/9jbp1U1
;KXhTCdV5R8vzyErdLSXDJWhWOPJ8FXn73FFqXQoynEicabJ0aWEnx1uV92ScgHq4F570d7UA3DKgPU4
;VpiroiJhJ6pSpfWOLM8Am9VX9t3mACj13sWjcMqHy/nXbp/U1Ke2euBnJe7sz9FLZAf2zHYg+fAos/U
;mj3FFqXQoynEicabJ0aWEnx1uV92ScgHq4F570d7Xw3DKgPU4VpiroiJhJ6pSpfVObL5SKxVX92y2QT
;ji+yN1Z09xNKgkacoU1LexTCdS291+ORZNgnIG3CdjiMPJ0FUWXEEGCVWZu7KDgkcKcZTESBopF92Cc
;gHvdFZ/Zd7VpEYNsjWJdGtrMkJhdLpxtJYuLM/A29SVN/2mwIhV3sWjcMqHw/9jbpw01Ke2euBnJa4N
;POG7FLTEHLawO0OYg2VnWofT/2NunVTUp7FN51LT3yz+Iiv0ZQQchsC4cCgTtEadojUJBQtrEoJhptw
;nQtPYGjkX2BZyAFrgVnmDGeBVBt2CNZn1qFiiErCHGwKkJT3sf0EbleIB+uBWfrXe1aNwywfD/2RYWm
;Ei0aZJ0TRFHt/P0cq0JSQd5qEI4v7Vs3DKh8P/Z/qdVQSnsUsRleYubC4SK+Tkxy8WkChTqZMmh4wA5
;ahV6GuSlKem/W22rc+yeufcMnIB7daRS0OowqaGrBEFOpRYq0IyQSeqUqTlL0zeV92ScgHq4FZxti7U
;E3DKgPU4VpjrQ9FR19rhlyTuLC/xOxSUdB3XUCjjntWzcMqHw/uuup1VpKexSxGV5i6M33FLRLf33Bd
;wmOL7I+UmDJBT/3NunVTUp7TYJ1Nj2Bo+IRq3hJcMhsC4cCiDRTU8sTUoZTh6YsPhJ7rHUsPYGjkX3Y
;JyAeugVn6y6BKWhlxhpWmlq2sCMuJHCnGUxEgaKRfdgnIB6uBWfLXe1aRGDbI1aYUIC5IRUcdbIqS1T
;tz84et1VOe9xaA44xjCM3Dah8P/Y26YwNSl8UwnVeUfL8+BO+Tkxy8WIGmwKLM1tg9xlRkmmKuiA6Hn
;qxFFlU7s2RfNgnIB6uBWfrXfBaNwzbEEypX4ezJCYXS6UUXWLnyv0Rh0JOevFhAoc8lFo2DKh8P/Y26
;dVNY3sUwgZBTt7K/xuxS0xByWQXtDuENltTwB1LlV62sSQ5D3WsFkhi58LyCbdVIB+uBWfrXe2qCAyL
;fD/2RYWmEiMVcqsZQWLmwuEivk5McvFpBpg4nwVYas4jW5NaiKxNS3sUwnUtPdjjkV/YJyBtwnY4gjO
;LM1tg9xtehmmPvCEmJHijBkhP3sz/IrxCTH/XBWbrXe1aNwyofD/pNunVPiYIS6sbS1Ttz84auVd/eM
;dpC7QxjClSfvcMUIFTm9VMSnsUwnUtdMGjtX3YJ1Ny3VoOhTuENltTzx1PqVCAuSEVF3GsEllV3tf5D
;71USHHCYWfqJvn0cO3S+AD2FOnVTTkXZ50cQ1voz/0iv0ZQQchsC4cCnjlWYsYVUZFpiro4JA8Uw3Ut
;PYGjkY3nJwIergUUhy6yM1lqwRBTqVGIpRIsEniuKl5e4M3/FLZAf23eYAKPXexaNwyofHMrdunPTUp
;7Z64GclTvxfgRtHhMf91gFbQyizxoaM0QXo826NVNSnsUwixtPZijkX2rS1NBx2sBgjGBBVtt2xlNqV
;mHiikvF3W7dSw9gaORfdgnIB64BWfrLoEpaGXGGlaaWra5LDkeZp0FQkrk0ZF82CcgHq4FLqtd9Vo3D
;NsQTKlfh7MkJhdLrhxDWN7H+A6sRk59ywVmccR0w66VEUM/7zbp1T4mCEurG0tU7c/ODrtGTnDHawC0
;PoIvWXiofT/2NunVTbpEFON1LT3yz+IisUlGd8JpOJg+jDRZZcYbYJVZnLs5FRltnRlEU+SjkH3YJyA
;ervVY60TtWjd/xA9gn1iPvCEmJGehFENT6M32IqtXRXvKBWbrXe1aN0B1PD/jNunVPiYIS6gAQE3ez/
;QTv1NIQcJsCoIp7Vs3DKh8P/YSqdVfSnsUsRleYuvW/A2HSkFm8WEChzyUWjYMqHw/9na8lU1YexTCB
;kFO3snkEKh4TXfAWgOOMYwjNw2ofD/2NunxDUp1FMJ1XlHy/PsItVd/bd5gAo9d7Fo3DKh8cyt26cJN
;SntnrgZyUeDa9A+HRU9symAVtDKLPERp3Hw+9jbp1U1KexTCbi09gdD9DodLQWfLdziGOJ89UlPLEFC
;FU7azLCkeZ8J0LT2Bo5F92CcgBa4FZ5gxngVabdwZTZ9XhYo+KRp4pypLXOLX/g+HXyAfrgVn613tA3
;cMs3w/9kWFphInGmCnB0Rc7fziHrlLRUHIZASfMp8FTgypfD/2NunVFAp7D8J1LU7t0M4QuVNFbMdkC
;7QujjtbafcaXpVChqcSMHsVwnUtPYGjyD3YBSAernYLmAKDM0N+xxtamGmEuikvJHG6HUxI8tfODapC
;U23bdwLrXO1aNwyofAu2NsjVTUoIeLEqQ1T10f4avUl/c8FhArQtgT9ZecUjT4RTmqY4OB4Uw3UtPYG
;jkVmYJzkergUUhy6yNFh+xR1TqV+HsyQmF0utA0hP7cLhfdknIB6uBWfrXe17NwyoD1OFaYe6PycaeJ
;0BQmL1zOEiq1JSeM9mArQymz9FYMkMP/c26dVNSnsUwnU/PYGj4hGreE9m12IChQKONVl4zRJL9jfp1
;U1KexTWNS0cgaORDrRUf27BcgOOL7I8UmnMFVGRaZu6OSsPfa0bck/g1/gS2CYgHq4FZ+ut0loBDKh8
;TJpFtqUiPR9xsCpLWOTH+BO/eFJx2mQTgjKDBUVt3BVQqVCcuy4+EnusKkxP5MLOG7lEVHHcBWbrXe1
;aNwyofD/ZNunVPiYIS7IaWlnk0c4bvUJEd8BiOJkymTtDZccSYIRXnbwiFR1hrBZZVO7Nzh+5VEUerw
;Vn613tWjcMqEs/9jaauT4VC3u1EUhP3sX0GLxOTnnxdwifPJkzWGL3Dl6CX4aKKz8Vd7YcQlPewP4Qq
;EJObc9xDoQz7Vs3DKh8P/bG1tVpSnsUsRleYvHM5hm9VX92y2QTgjOKBVRjxQxamEWIoSQlFUu2HEBY
;gaL3G75BRniyRWfEXe1aRGDbI0+EU4GwLD4SeqUqTkTtyv8ZvVV/csFyApkChT9WeM0OYJtXkYoiPw9
;ktwEtPIGjkX3Yp3Zeripn612eNkRT2A5anlOIoSQkHEuhDEFU78f0D4dSUG7LdziDOIwuUn73EV6OaY
;agOToOYMJ0LT2Bo5H9jmcgN64FZ5gxngVHfs0UWpdCgLsqFR1mrRtZYujRzhW9RlR73FoKiiWyNUJ42
;AlL9jfp1U1Ke5SUNS0ogaORDrRUf27cYA+OPJkzWWv3FFqfUYGhTUt7FMJ1LT2p45Fm2CcgbcJ2OJsv
;iDJSbdwVUZFphbQ0LwlLqhBEWunXkXzYJyAergW31F3HWjcM2xBMqUabsCUvGmCrG0pi7cb3CYdBRXv
;KWg+OPJk/RVPFHUepWZyhPT8PFMN1LT2BoxErmCcIHq4FFIcusipFacAZXoJfh7ISJh5ytipET97L9B
;ysQlJBw2QftDKYLkd53Hw+9jbp1U3KLVTCUi09gdD9DodXUnvGYAafNIM9aHzBD0uZWLa9KCsPcbAqQ
;Fz5/P4IrFdVaq4EZ+td7Vq3Wuh8GPY26aYhOSRksBBFWODX+BO/eFBx2WECmQKLP1JowRJYqUKAuCgV
;HmKnGy08gaORfdgnIB6uI2frXZ42RFPYDlqeU4ihJCQcS7IaWlnk0c4bvUJEd8BiOJ80gD9oY8wYP/c
;26dVNSnsUwnUFPYGj4hGreFBsy20CiimENFBT2hlehGmApxIiHnW2EF9i7MLpIrdSVG7bcWfqXe1aNw
;woKn/2K+nVTTkXZ50FX1jpxvAJsUlHQdxgBIQ8mT9FU9sMWpNS6dRNSnsUwvVGfYGIkX3YVExt8XUVj
;jWIO0NlxhtghF+OvTkVHXGnEXJV5MLlGKp4TX/WWgieKZ0vQwypfD/2NulVGwp7PcJ1LU7t0M4NqkJI
;e89xDoU6sihea8AIYJ9Etr0oKw9xsCpAXPn8/gisV1VqrgRn613tWrda6HwS9jbppiE5JGSwHENJ6M3
;2IrteTHfAYQKZAoE1QGnaI1eTV52wPxUWdboqQkj10+QJ2CYgHq4FZ2sLrVoaDKh8TJpFtqU/IxVgqx
;tKYuLa/RS2Q0Vs8XAXmzifBV9pyQhahGmEtDUVFGG2BVhJgaKRfdgnIJ74RWfMXe1aRGDbI0+EX4ehJ
;CQcS6QHQlP1/PgPh09Ff9pgFbQwjCJoY90IT4NC6dRNSnsUwvV7fYGLkX3YVExt8XUVgjOZM1lr9xBa
;kEK2sygvH0uqEExJ5NHOELlff3HbcReeKe1bNwyofD92YKnVa0p7FLEZXmLx0fgTrE5OefFpAo0psjN
;FU8AZXoJTm4ogKwNLrQBZTfTXkXzYJyAeroUxq13IWjcM2xBMqUabvCM+EnqlKl1U8tf+E4dPRX/aYB
;W0MIwiaGPdCE+DQunUTUp7FML1e32BhpF92FRMbfF1FYIzmTNZa/cMUIFSjKcSLB5xphxDWt7X+BC9e
;EVoy2tn6l3tWjcMqHw/9hLp1U05F2edBV9U79f4E794UHHZYQKZAos/UmjBElipQoC4KBUUcKZ1LD2B
;o5F92CcgHogFZ+sugSlofNoVUYJfh7ISOB51sCpET97L9BysQlJBw2QftDKYLkd53Hw+9jbp1U3KLVT
;Cbi09gdD9DodXUnfAcQ6FOrIoUm/HHUuTRLamPS8ecMJ0LT2Bo5H9s2cgN64FZ5gxngVHfsESS59Yjo
;o/Ixx8tipLWOTHzhW9RlR73FoKiiWyNUJ42AlL9jfp1U1Ke5SUNS0agaORDrRUf27cbAmfNIM9aH7BG
;1eCaYCnEiIedbYQX2Lswukit1JUbttxZ+pd7Vo3DCgqf/Yh6dVNORdnnQdCVN7R9BqxSE5BzWAJnzif
;BU8Mqdwl2evNc3OKewPCdS1O7dDOD7dOf2zLYg6EM7I5UmLcGU2pT+nUxAsb8RKXE/2BtpF92FRMbfF
;3CIICnz9QZccSYIRXjbw4OXsVwnUtPYGjrz3YOiAernYLmAKfNV5T2hlYn1mHijkiCXGxHUJR5fzwD7
;1GIB+uBWfrXe1+dwy+fD/2RYWmEjkec68QQ0nez/QTv1NIQcNsCetcFyRdsNzvt8k2ztVNSgh4sSpeV
;ejG/RmHRU9q2moKtD6CNENj3Q5gml+HsBIuEme2FENe5KOQ50G+uYc3vFjrQu1aN3/ED2CFXoCwIS4k
;dq0BWVLs/PIStlNPa9xaC4QynSk3Dah8P/Y26cENSlcUwnVeUfL84hWxQkx68WcInymCN2hvxxJLmUO
;bijklJH2sE0RR7fz1FKtTQXDNYGfqJvn0cO3S2AD2LenVTTkXZ50GRVTkz/UiukhUasFoOI4lnTtZf8
;ETUfY36dVNSnsU1jUtG4GjkQ60VH9txmwChzmyOFh43BNSqV+HsyQmF0uuHENY3sf4DqxGTn3LBWZxx
;HTDrpURQz/uNunVPiYIS7EdRFjtx84ft1NUccNaC4okiChEDKl8P/Y26dVpCns2wnUtTu3Qzg6wTkVy
;yloFhCmZNVpT2A5QnFOKoSguJHijDEhP8qOQfdgnIB6uXCfrfe1aN3/ED2CFXoCwIS4kd60bWVL00c4
;RsUlFQcpsFJ88gzlSDKnmpm+vcEz0dXsMwnUtTu3Qzg6wTkVyyloEhDOZNUJ+9xBQmUaa1UxKexTCdS
;0pwaOGfdgnU3LdWhSDNIg2U1PLE02YU5uKKS8Xdbt1LD2Bo5F92H5gHrUFZ+sugSlof8AVWppStrAjL
;iR3rRhdWO/Q8AmxSE4erwVn613tWjcMqGg/9jaauT4VCHyrEEFZ3sb/GYdDRXLPfGfqXe1aNwyofD/2
;KenVTTkXZ50GRVTkz/Uivk5Mast3OIU8nyhYe/cOWpFfhrtNS3sUwnUtPYHjkWfYJyBtwnY4mDWEP1t
;o9xBehVObiiIsHUumEEFc+KOQfdgnIB6uXCfrRO1aN3/ED2CFXoCwIS4keKMGSE/ezP8ivEJMf9cFZu
;td7Vo3DKh8P+A26dU+JghLsR1EWO3HzhG5VEVs8XUInDifWjYMqHw/9jb9lU1bexTCBkFO3tD5FL1LR
;EHBYwGYOJlaNgyofD/2NunVTVN7FMIGQU7e0PkUvUtEQd1mBoUzhDRQU9sMWpNS6dRNSnsUwjnwfYGA
;kX3YVExt8XYSmTuMOVJT2xVbk2mdsDU+DmanKl9Y8sz9CKxOT3CuBP1yxHTDrrWXfB32NummITkkZ7c
;HS1zixs4OsUNFQdpgH58onz9odNEjUJBQmrA5SnoUwnUtPYFDrn3/JyAe3WkUtCmFM1lT3x1TmmmNuj
;goF3GdGURT5NDOHrdVTnvcWgOOMYwjNw2ofD/2NumMDUpQFMJ1XlHy/OUVsUl/ac9pC7Q5gi9VYM0jU
;59YjKYSLxVwnRZCUPHG/w65U0lxwAVm613tWjcMqHw/0jbp1T4mCEu2HURT3tTwEbR4RHHbZwuOAoEz
;WWnbI1qYUraxKCYabcJ0LT2Bo5F92CcgNK4FZ5gxngVDZMESYIFXhbkSLhRhoBlIYu3K/xireEx/3WA
;VtDKLPGhozRBejzbo1U1KexTCLG09qKORfatLU0HabQ6FApo7W2D3GFCDVIWwEiYSeqcGclHg0PQPh0
;hOQcpgC4ok7Vs3DKh8P/Y26dVrSnsUsRleYvXL+BOHUEFywloDhCiPNlJTxBVRk0W2uSw5HmadBUJK5
;NGRfNgnIB6uBS6rXcRaNwzbEEypQoG8IxUMda4Zclnu1vMRvXhMd8BgFLQujjtZYsESWKlVhqAjPnsV
;wnUtPYGjYULYDiAernYLmAKZMl5i9wtemlq2sSI/GXinKkFU78biIqtEQXDAbAmMAp4qUmnMfD72Nun
;VTQamVMJTLT2B0P0Oh1NId8BaEIoxgQVEZcYbU5NphbwjLyR3rQdDWPP89Ri0RlkerwVn613tWm5MqF
;Y/9jaauT4VD3yrG3JK4M/9IqtOTnnCYDiHNIM/aGnGGGCVWYSlKCQIdbYcQlOBopF92CcgHq4FZ8hd7
;VpEYNsjS55fh4o6Kxd4nQZEU+bP9CK0Tk578WAJjwKJP1tt0Xw+9jbp1U1KexTCXC09gdD9DodTSHfA
;WhCKMYEFRGXGG1OTaYW8Iy8keKMGSE/ezPcbh0NFcs98Z+pd7Vo3DKglf/Ye6dVNORdnnQFFVO/85hy
;0S39tx2sAhziyNl5izSNTl0WMpxIlFUumEEFc+KOQfdgnIB6uBWfreO1aN3/ED2CCXoC7Ej0aeK4qXl
;TvxP0Yh0tJcMtaC4ouiChofMcLWoQ26NVNSnsUwjxtPamjkX2rS1NB2m0OhQKaO1tg9w9WmFGFsBImE
;nqnKl5e4M3/FLZAf33BcAmfXexaNwyofD8GCen9TUp7Z64Gcknpyv8ir0ZMcvF2DoU6gT9oYMESWqlF
;irQjJBJ6pSpeTeTG9X3ZJyAergUrNh3tfjcMqA9ThWmduj0VCGGwE0xe5PzyErZTT2vcWgSEL4M/RVP
;MGVOXT+nUTUp7FMJ1dH2Bi5F92FRMbfFxCJsCni9FaskfWqlVhrs5JQ5mnRBDWd7A/hCoQk5tz3EOhD
;PtWzcMqHw/9jbp1WxKexSxGV5i9czhIqtSUnjPZgK0PoI0Q2PdDmCTWI2KKS8Xdbt1LD2Bo5F92CcgH
;okFZ+sugSloeMcMYIVDm7MsKR5LoRpDSe7W4yK0RlN73FoIjTuyPlJgyQU/9zbp1U1Ke02CdQs9gaPi
;Eat4VHHeWhSeL4s7VGn3H1CYQoagPxUXdbEQX2Luzc4ZvUtBZ64EZ+td7Vo3DKh8HPY26aYhOSRgrQV
;yTvTR9xy7Qn99wWsThCifBVtt2xlNqUaGoig4exXCdS09gaPYPdgCIB6udguYApk1R1PbCU2QV4qwEi
;kUerYaWE/ez/gTvXhEd91xBoU+iFo2ljHlpm+vUOpNV3sUwgZBTt7X/g2HVFVsyGQEjgKONVl4xwlNq
;VqGuj05exXCdS09gaNhQtg5IB6udguYApk1R1PbCU2QV4qwEikUerYaWE/ezPcbq0JUHq9+c0UaDCCD
;s6haP/Y2mrk+FQ97sipeSPPF8B69eENxwHEIni+yKVRtxhJWmFG2tiI/FWDCdC09gaORfSgYIDiuBWe
;YMZ4FQ2PYI0yDRI+0Li8kd60bWVL00c4Ou0ZOcMdrALQunT9SaKh9P/Y26dUBlzsU6HUtPfLP4iKsSF
;BB3XAVjTyOP2hvxxJLmUObijklJH2sE0RR7fz1FKtTQXDNYGfqJvn0cO3S2AD2FenVTTkXZ50BQk3e0
;OQPvkZDe/FsCY00gTZob8cOUZNEtrEoJhptwnQtPYGjkX2BZyA5rgVnmDGeBUNj2CNMg0SPtC4vJH2s
;E0RR7fz0E7x4Q3HDdQKFLowuXmPGfD72NunVTUp7FMJVLT2B0P0Oh1NPbvF2Epk7jDlSU8ESWZ9ahYo
;oJB9LphBBXPijkH3YJyAergVn63vtWjd/xA9gglmZij4/CXKjFkhi6M33FLRLf3LPdgKZAoI8UVPMGV
;OXT+nUTUp7FMJ1dH2BhpF92FRMbfFxCJsCni9FaskfWqlfh7MkJhdLrhReWPP8/hOHQ0Vyz3xn6l3tW
;jcMqHw/9hTp1U05F2edAUJN3tDkD75GQ3vxbAmNNIE2aGDJD1qEaZm6Oi8JFMN1LT2Bo5E0mCcEHq4F
;FIcusi5YfPcPSoRQiLYoFRJ6pBxBUd7P+BO9eER33XEGhT6IWjaWMeWmb69Q6k1vexTCBkFO3tf+DYd
;UVWzIZASOAoQ0UWXEEGCFVYi7IyMVc50WQkjv15F82CcgHq4Fl9RdwFo3DNsQTKlChqUSOQ5mpBROWN
;7K/xuxS0xB3WYGhTOENFBTyxNKmEK2tzQVF32sEC08gaORfdgn0CGuIGfrXZ42RFPcE0+pRZynKysYc
;Z0cQ1voz/0iq0RBcMBsCYwCnipSacx8PvY26dVNBqZUwmMtPYHQ/Q6HU09u8XYSmTuMOVJTxB1Gk0Sa
;1UxKexTCdS09gaOIfdgnU3LdWhOELbIpQn7OHVyTaZ29Py8IfK0ZST2AG4/4M3aYoJEFdetd7Slbf/c
;ERqlFiLMoFQl1phxYToGikX3YJyAeTjpn/F3tWkRhyRBTqVCMtDk/CXGxKklU4M70Cb1VIB+uBWfrXe
;1+dwy0fD/2RYS0ISYkcqcUWUjzxuIisEhMe/FhDoowiC5Sfqh9P/Y26dVNVjsU2XUtPfLO8BG0eEZ7z
;3ESmTieBV5izhVTmmmbtDkjFBTDdS09gaORJJgnOh6uBRSGPIE2aGrNHUuDRIymEjkLcacRck/g1/gS
;2CYgHq4FZ+sUrVoVDKh8TJlagLESKBRgthpAYuTb5Q+tVElxwFoQgjmZMmh+yQhWmTbo1U1KexTCLG0
;9m6ORfatITHfKWgWEKZk1WlPOFVOXW4y7ORUdeK0CLTyBo5F92Gd1Xq4XZ+tdnjVbZcwjXZlCnbogFR
;d1uxBfPYCjkX3YJyAK7gV1613tKVhgwRhglFmdoSInJGeyEEhZgaKRfdgnIB7gRWfxXe1aRGPEFVupU
;IC5IRUVdbAHQkrexf0Sr1VBassFZutd7Vo3TP08P+A26dU+JRd9pipEU+fK/RGHQlhuz2sUgjKDWjYM
;qHw/9jbp1U1oexTCBkJR6MfOFLZBSXLCWgKTLYw0RGXHEmCEU4S6Oy8kfK0ZSD2Ao5F92CcgHq4FdOt
;d7SlYYMEYYJ9Yj7whJiRnqhBBUfKjkH3YJyAergVn60vtWjd/xxBWkmmAuysjF3idAkRZ9cvOELFJIB
;+uBWfrXe1aNwy3fD/2RYa5JC4kYK0Fclj51+MIq05PcPFyDo8phQVFbdwVUPY36dVNSnsUmzUtKoGjk
;Q63S0l68XEImwKLM1ttxRlRgmmPuSI9exXCdS09gePEPdgoIB6udgiHNIkFQ2PYI1OXT4ynTUt7FMJ1
;LT2V45Fy2CcgbcFpDo8CmTVHU9sMWpNS6dRNSnsUwnVjfYGCkX3YVFVu3moVnwKMPlZ83BVJk2mAuys
;jF3idB0xJ6MzOELlfIB+uBWfrXe0edwyJfD/2RZylPSUJYJ0USVzx1/gLvXhJcMhsC4cCnztDZccjUp
;9Y6dRNSnsUwnUJfYGDkX3YVFVu3moVnwKMPlZ83BVJk2mAuyMvCUunDV1c79D4ErYnIYQ3nP5yxDRlN
;xuofD+FQ5mlIjgPS6MRTE31yucYh0tBZ8t3FOtc7Vo3DKh8K7Y28tVNSghhsgVCT/X88Bm5V1R32GA4
;mTiJL1R4wRNRhTbo1U1KexTCdW09m6ORfatSUG7BdxO0PIk7R3jBClqpQYCxOSIkeasbLTyBo5F92Cc
;oXq4WZ+tdni9HfMcOS6lUiKYoFRd1uxBfToGikX3YJyAergVn8l3tWkR52AxQhEK2tyw5HkuuFFRY89
;DODqhCRXquBGfrXe1aN0XofC32NummODoLe7ABcl/zyvwir05EasYFZutd7Vo3DKg8P+g26dU+Pwtkr
;QdZYuLM/xO9RFR3wWs4kySyPl5/3B1RlVPp1NfT4o1b7JQCgb6RfdhUVW7eahWfAogiQ37dD1aZWLai
;JC4PfJ0HTEnozJF82CcgHq4FPqtd+Fo3DNsJT4ZZm6ESLBJ4oxhIU/X89xG3UCAfrgVn613tA3cMsXw
;/9kWcpT0lCWCdHENb6M/9IrRCTnnabTiGNINaNgyofD/2NunVTV17FMIGWE3xzOMJh05OeMdpC7QymC
;5bZcYZTPY36dVNSnsUwnUtLIGjkQ6tV1Bx3HE4jTSBNmh+yQha9jfp1U1KexT8NS0wgaORDq1XUHHcc
;TiKM4o2UgypfD/2NulVCwp7B8J1LU700+ESqlN/bsdpC4ovsileds18PvY26dVNSmtUwl4tPYHQ5A2o
;SFJq8XYKijGBBVFgxx1Lk1K2sygrD2GwEF5i+drOGKBXQXDdbAiFXexaNwyofD8GCenYTUp7Z7cFXVL
;z184OqEJFeq4EZ+td7Vo3Reh8IvY26aY4Ogt7sAFySfPG9CK6VUFwzW04ijOKNlJTxR1H9jfp1U1Ke5
;SENS0mgaORDq1XUHHccTifL4g/aG7aHVGVXraxKCQIfbYMLTyBo5F92CceXq4ZZ+tdni9HfMcOS6lCm
;7AoFRlmoxtOVd7H+By1QlR73AVm613tWjcMqDw/2jbp1T4/C2StB1li9dH0GIdFUn/AZg+0OYQ7Wmnc
;GU2pUoagLyYeS60AWVHozfQO2CYgHq4FZ+tVrVoXDKh8TINGmbo/PiRgsBBIYuPR8BO7T396x2QKjim
;IKGhhyQQ/9zbp1U1KezqCdTk9gaPiCKhXT2zaWh+SAogiR23GD1aZWOnUTUp7FMJ1LT2BsJF92FRVbt
;5qFZ8ClSNoaMEPS5dYirBNSx1ypBNLW2eckWHYJyBt23UXhC+ZBU1TxxpZhVOdiiklDHqdGUxE5NHif
;dknIB6uBWcbYu1ANwyoD0qGRoanORUBS60TS07k184IqHhMf9dgFZhd7Fo3DKh8PwYJ6cpNSntntwdL
;XOLGzg6xQ0VB2mAfnyifP2h+zQ9QmkOdvCIkexVY7LSkGDpYQtg5IB6udhKZO4w5UlPbFVuTaZ2wNT4
;OZqcqVUTezPcbq0JUHq8FZ+td7VrHM6hiP/Y2mqA/LBp3pypeUu3K9SK6SFRqwWg4jiWdO1l/wRNR9j
;fp1U1KexTCdS0XgaORDq1VRn/NYDiYMoEzU1PKE0uCWYSKKDIPZrcGRFLv/OYUvFNIQdxkE4Iy7Vs3D
;Kh8P/ZvqdVQSnsUsQBfW+DA9CKrSEx3yloFhCmZNVpTzhBQgUSIoShKehTCdS09AfjRfcMnIB7dcBWN
;PI4/aH/HEFaSaYu6OT4UeZ0ZTETk0eJ92ScgHq4FZ+td7UA3DKgPSoRQiLYoFQh7rhxJYuPM5Qm3Sn9
;t3mACj13sWjcMqHw/uHbpzk1Ke2e3B0tc4sbODrdLSXrxcQibAogiR23GD1aZWOnUTUp7FMJ1LT2BhJ
;F92FRVbMhkBI4CnjVbZcwjS5lGtrA1PglhsRxCU97U+BmsT39sz3EOhF3sWjcMqHw/r3bpz01Ke2e3B
;0tc4sbODrdLSXrxcQibAos2WHvaHUuTNujVTUp7FEIubT2Zo5F9q1JSeM9mArQugjZeaPcIUIZphbQ0
;LwlnwnQtPYGjkX3YJyA/rgVnmCifPFZvzSNMmVqAsRI+FGSdG0xP88zmIr5LT2ncZBOOXexaNwyofL+
;tdunCTUp7Z7cHS1zixs4Ot0tJevFxCJsCnipSacx8PvY26dVNSj9Uwm8tPYHX9BCoQlJ/2nAVjgKPNU
;N4xxFghUObsywpHhTDdS09gaORFJgnCR6uBROOMJ0/RW3cCU2TaYu6OT4UeZ0GWE/nwvIYh0ZSe89aE
;4MviClfY8QYP/c26dVNSnt9gnUZPYGj5Ri1V0Vsz3ESmTiyPlJv2hlehVONij8rHWCdBlhP58LyGIdK
;T3rLaTiNNJ8pQ1PEHUaTROnUTUp7FMJ1LT2BspF92FdSd8BxOJ84gCpSfskISoRT6dRNSnsUwhVFfYG
;xkX3YV1J3wHE4nziAKlJ+yQhKhFPb1UxKexTCdY1UwaODfdgnUGzHaxO0KYg3R2naHUuDRIzmTUt7FM
;J1LT2Bo5Fv2CcgbtxsCZ8CmT9afM0OXoJDm7B5SnoUwnUtPYGjkX3NJyAe3ncOhSmyOFJo9wham0aMp
;yw+DmandSw9gaORfdhvYB6hBWfrKYUzWVPfHVOaaZqlKC8fFMN1LT2Bo5E0mCcuHq4FFJsonyloYckE
;SJ9Snb1NS3sUwnUtPWGckWTYJyBqxmwJtCqMNltT3xVbgl62pyw+EnudGExFgaKRfdgnIB7HRWfyXe1
;aQ2TBEmCBV4W5Ej0ScLYdck/g1/gSh0pJcK4EZ+td7Vo3Neh8M/Y26aE/Kw1xripeTeTG9X3ZJyAerg
;Unux3tRDcMqAhNl0CMuRIwJHOhGklY3sf4DqxGTn3LWgGCM4QpXwypfD/2NunVWQp7GsJ1LUfe1+Mcr
;kJMQd11Ao457Vs3DKh8P/YiqdVcSnsUtBBfTujM/yK0RlNq8WADgintWzcMqHw/Fvap1WtKexS0GkFI
;7MblD7FEf23eYAKPAp43WGPcFGCFU464KCQPS64QQ1r1y5F82CcgHq4Fb6tdzFo3DN4TU4NbjKE/Ixh
;LsQVIWOX84hC3SFR28XEPmTieMlhgzHw+9jbp1U1KiyvCWi09gdX+Ea1KRWrcbAS0Lp0/Umj3D1KZWZ
;29Ej4JdbQQQWLtxv8arE9/asZ3Apg1gjZTDKl8P/Y26dVZCnsBwnUtSujT9CKxSUZ3wmk4jzSeLlZiy
;xkO9jfp1U1KexTCdS0ogaORCrFXRUHHawGCMYEFU2XbCF6YVYznTUt7FMJ1LT2Bo5Fn2Ccgacd1ArQy
;mC5SfvcVUYVTnYopIwhgoxtOWLCjkH3YJyAergVn60ftWjd7wQxaqVmcoSg4JH2sBkhJ3sf4DqxGTn3
;LN2fqXe1aNwyofD/2IenVTT0SZKcqQkj1xuMisUlTe9paFJs4iD4GDKl8P/Y26dUECnsDwnUtSujT9C
;K3UlR73FoOhS6ILmh/2BlakgTp1E1KexTCdWR9gYCRfdhQSW7LWhWOKZ87VHjBE1GpVIyzIjgeS7UcX
;VjexfAerEhSL64EZ+td7Vo3DKh8HPY26aIkOh5LsBBZT+DA5RS3SX98y2MImTiyLV58zSNZl1Wduj94
;exXCdS09gaORfdg8IB6ucg6bOLIpWGDBGGCfWI+8ISYkcKsGWVzvwPRM2CYgHq4FZ+td7VosDKh8SJ9
;GjIo+JRd9pipEU+fK/RGHQ0lt2mQJiDjfWjYMqHw/9jbp1U1cexTCAkRN5PziCKhXT2zaWgOCLpk7WW
;/NTT/3NunVTUp7FMJ1Oz2Bo+YUqEJ/bdt1F4QvmQVTZdsIXphVjOdNS3sUwnUtPYGjkWXYJyBpx3UCt
;CmFM1lT3x1TmmmNvD4+GnqhEBw9gKORfdgnIB6uBX/rXe0tXnzNI0ueX4eKOisXeJ0RRE71wv8evRUg
;H64FZ+td7Vo3DL18P/ZBgKUoFQ97tRBfYuPR+BCHUEl62m1n6l3tWjcMqHx/9iPp1U09EmSnKllS9sb
;jIr5OWHvKWheELpVaNgyofD/2NtCVTV97FMICRE3k/OUSr0JSQchsH445sipYf9F8PvY26dVN6iVUwm
;EtPYHU+A29eFRx2WAVtDuBNUB+yQhaxzbo1U1KexTCLG09laORfa9OUHvxcQicOJ8FUWDHC02XQoznT
;Ut7FMJ1LT3Y45Fr2Ccgacd1ArQpgi1SfvcVUZBfhbkSOBpgp3UsPYGjkX3YfmAesAVn6yqEKlJT3BNI
;k0S2uSIlC2edEExe6fz0BaxVVXrLd2fqXe1aNwyodH/2HenVTT0SZKcqWVL2xuMit0RUf8lqCYoxsip
;eYMQdTalUhqE5JRZLphxMUOTX9A/YJiAergVn6xStWh8MqHxIn0aMijklDHGwKkJe9cL2ErZGTEHebA
;uHPJ8FQ2PYI1ufV4SwOS8JFMN1LT2Bo5FEmCcyHq4FEIItiAVDY98ZTalZj7M+Lw9swnQtPYGjkX3Y5
;yAMrgVnnDSdP2h4xwtahGmGsys5HmC7dSw9gaORfdgnYB6+BWfrKoQqUlPcE0iTRLamPS8ecMJ0LT2B
;o5F95mcgC64FZ5w0nT9oeMcLWoRpn7ohPxZxnRhEU4GikX3YJyAejkVn+13tWkBl2BlgglmesD8VDH2
;mAUU9gKORfdgnIDbuBXbrXe01WHbNI0yeX4y5KRUaeqUZSD2Ao5F92CcgIO4FdOtd7S1efM0jSJdahY
;orJhRjsBRZWLCjkH3YJyAerlwn607tWjd7wQxaqUGIuSEVHXitAl9c9cajfdknIB6uBWeyHe1MNwyoE
;1CMU7amJSMeeKYqQVTvxs4et1JOaq4EZ+td7Vo3/Jd8LfY26boiMB5LsR1EWO3HzhK+QVN72gVm613t
;WjcMqDw/+Tbp1TojC3GdAkxR7fziDb1CRB6vBWfrXe1afkyobz/2Noi2Li8XcbAUWVTuzc4YtkZCcss
;FZepd8lo3DMkfXJNajKcsPhJ7rCpLVPPQ5SK0Rll73FoChTyPNlIMqnw/6jbp1Sw8FH2mKkRT8sbjCY
;dAQ3HKYDifAo41WmHJElv2NOnVX0p7FLAQWU/gwOUUt0l/fcFoBYIzilo1DahMP/Y2iKMiIx9LtgdMS
;+TPzhW3S0Vt8XUGnzWyN1Z09xBamFGdvRIsGne2Gl9i5M3wH7RCIByuBXfrXe04UmDcI02XUJ2KKCQa
;dq4QLT+Bo4F92CdCe8JxOJw8gTZoacYdXZpT6ddNSnQUwnVPT+jH9hS2QH97wGQFhzjtWDYMsXw/9lS
;bvCktEnqlKktc7/ziDb1CREHLawaJMYhaNQyoZz/2NounJC4cfawSclvo2/QZh0ZOecJgOI4zjDhbaa
;h+P/Yg6dVNKAl9phJEU+b84hW9S0xt8WAJij+BPzcOqHwl9jbptz8jFkunDVlY883wEYdUSHvCaRS0O
;4QoRHiofj/2JOnVTSgJfa8qRFPyyvUYh0JOf8xpAutf7VoUDKh8XJlXmqEkJBxLpxtMX+3GzhS2QUly
;wloUgjOKNlJTxBVRkwfp101KWBTCdU5S4NDlFLZAf3vAZAWHOLIzWWrBEFOpRYC7KiYeS64cQ1izo5N
;92DMgHq5mCIQxhDRQU84dUalfh7Y/Lxpnp3UvPIG4kX3YRE9xwmwJjAKdKF5i3A9Pk1ONij4mFGOmGl
;pTgaGQffUnIB7NagiHNIM9aHzaFVGCRZmwKC4kZ64aWlnu1P8iuVFPd8paCJ4piChof8AZU5o269VNa
;3sUwhZCUu3K/xqHUEF32loVjjyOMmhhwRJgmleQsD8VD32vEC0/gaO1fdgnRHvAdgK0LpgqR2PaCGCX
;Wp2wPyQaYKcqTFPmz/QivUlBfMJgZ+ld7Uc3DKgYWphFjIo+PwtkrQdZYufP/gqqRlR78WAJij+BPzc
;OqHwM9jbpsSgkCHGdBlhN8czjCYdOTnjHaQu0KJ4/aGDBElqFaYC7EiISc6oqSVjv0PgJoXhHbMdhZ+
;lc7Xg3DKgYWphFjIo+PwtkrQdZYu3C6BiqVH98wXEThDCyP1ltyhBa9jTp1WpKexSmGV1i4svwELpCU
;kHedw6FKYQ0UFPcGVKGU5u0OT8JcZ0QQ1zjz/R92icgNa4FZ48xnQVUZMkRXZNEtqEoJwtxsBRZSPPG
;zhS2VEVs2loAiDKJP2hpxh1dmlPp101KWxTCdUlR8fz2HrdDRUHIbAuOM4w3UlPOE02bV52KKCQadq4
;QLT+Bo4Z92CdEct5aCo4vij9oY9gZUalFjLIgLxVgsXUvPIG0kX3YQ0xu8WgCmTqIBVh6zQ5Tl0a2pS
;w4D2fCdyw9naORfbxLUEHcYACCMoM7W1PNBE+ZRZynKBUeeqMXQViBoZB9wCcgHsppF7QviDdYes0jX
;YNUi7koFR56oxdBWIGhkX3xJyAeymkXtC6YKFFtyxlghV+NsBI+Hmy2AF9Y3sD+EbdVf3DBdwqKMYQg
;Umiofj/2GunVTS4XZJ0GWE/nwvIYh1RJestaE44lmS9FafcYVoVXi7koFRR6nRpbWPPL8BO/JyIfrhp
;n612JNkdT2wlNkFeKsBI5EnCnKllY+dfkD714RXDPZwuOXe9bNy+ofD+SWpmKPj8JcqMWSGLyyvUYh1
;NFZtpwFY4CgTNQZNwZTalDmdVPS3sxwnUtWe3Tzg6tVUZ/zWA4mDSJP2h4zQRLg0SMiiI/D2erEUhi7
;s39BNglIB6wBWfrOYEqaHjNEU+TRIihODgeS6EdTFDjxuMivUlBfMJgZ+lc7U83DKgZR4JTm7ssJiRn
;qhBBUfL89xSqVFQerARn8l3tWkRp3AhWmFG2sDU+CWGmEF9is/z0E7lFTHuuB2freO1aN2nQCE2DUoy
;nEjkMfbYWRWLizP4RsUlHQcxgAYQviAVEe8EIXJ4269VNbHsUwhBVSfPW9RiqeFNpx3EEgwKONVhgwR
;JYqV6MtDk/C0ujEVtc78D0fdonID6uBWeOJZkoQmjNDmCFQYChLiIkd60aQVTvxM4UtkZDasdzAutf7
;VofDKh8Wo5Cm6ApLwlLsQJESeLLzh63SEx3wGI4mzyfMWhhxwpaqVOHtC8mHhTAdC0ZgaORGKBTUmvK
;YBW0LpozQ2/AI0yCWZmKOiMLcZ0CTFHt/OUSr0JSHqwFZ9xd7VpSdNwOSpJTm4o+PRJgoR1yTvXM4SK
;vTlB78XIGhzGyLlh7zQ5glVmGuRIuFGOsKkhF9dHkGb1VIByvBWjrXe08VmL3HlOfRrawIysZeKd1Lz
;2BsZF92EFBcPFmCIQxhDRQU80SXpRajNVPS3sywnUtW+DNzh63SEx3wGI4nDyELmhqxw5gm1mfsCAvF
;WCdE0RT6ND5GLwnIh6uDmfrXYs7WVPNEl6UWoyxTUh6FNF1LT3nwv8SvkF/ec1qA44CiDRWbsQZP/Q3
;6flNSntyqwdeSd7P8AS9VX96x2gChS6ENVlT0AVglVmEpSgkCHW2HEJT3sb/HLpLRR6sBWfyXe1aUWX
;aD0upWoisKDgkZ6oQQVHy/PQTuUVMe64HZ+to7Vo3asEOTIJphbQ0LwlLsRpBVOX8+BO+Tkxy8WAfny
;+YKV5jxiNIn1KdvRI4GmCrGnJY78LzEb0nIh6uLWfrXYszRX/cI1OXT4ynEjkUeKsRclTvxfgRtHhGc
;sFyFYopiAVSYskeU5M269VNb3sUwhNET/LXzhG5XkVs8XYIhzSJBV5izhVTmmmapSgvH0unG0xf7caR
;f9gnOx6uBQGHMpooVnjNI02TRYyhEi0Ye6YQcljvwvMRvSciH64kZ+tdijtHU84VU5pphrshMyRgrQV
;yX+7X5RK1eFNr3GMGiDieWjUMqHM/9jaOtD0VHX2uGXJO6cb9EasnIh+uHGfrXYo7R1POFVOaaZq8Iy
;0XcZ0QVUnz1uIUt0kgHK8FSutd7T1WfPcaVppatqYkJBx4pypIRfXR5A6xSE5BzWoKmziDKVZ4wRNRq
;VOHtC8mHhTAdS0cgaORGrtIRHvxYAmPApkvRWLHGlmpWIavNyUXcZ0dSFz1yv8a2CUhHrIFZ+s6jjVT
;afcaVppTh7QgLyRyrQdAXPX89BO5RUx7rgdn60XtWjdkzR1Ln1iOijkjFnGdFkxR4vz0E7lFTHuuB2f
;rR+1aN2XGD1qEQra9KCsPYbIqSl7ux/QivUlBfMJgZ+lc7U83DKgUWpdCnKUSLRh7phByS+DP+Bm5U0
;UerARn8F3tWl5izhVTmmnY5X0VDmenKl5S7cr1IrFJRnfCaWfpXe1MNwyoFVGQX4W5EisfdbIBREvk/
;PQTuUVMe64HZ+t57Vo3ZcYaVppatrYiJBhxrAFfVOL84hK0TkRB23YCtDqMKmhqwRBT9jTp1VVKexSr
;G0tU7c/OHrdJTnvNcTiOM4kqWGXGCEz2NOnVQUp7FKsbS1Ttz84bsVVTaq4HZutH7Vo3ZcYaVppatqY
;lLxd4sSpYTuT89hyoeEZ3wmln6V3tfzcMqBVRkF+FuRI/CHGdGURT5NDOFLZ4SHfJbTiPOIMpXnjRI1
;iEX43VT0t7B8J1LVTv1/QPtEhDdcdrALQ4gztVYM18PfY259VNShJmrRtEU+b89BO5RUx7rgdn60ztW
;jdl2hNRn1iOiiAlFXu2GkNU4qOTfdg1IB6ubwKZNrI+UmDcHWCGRIC7OS8JFMB1LTaBo5EXvVVLQctr
;BokxiFo1DahrP/Y2g7A/ISRyqwdeSd7P8AS9VX97wGQFhzjtWDcMsnw/9lCArRIiFGawHE9R5PzkDr1
;4T27LaziJNJkpNw6ofCP2Num5LDMeZp0dSFTmy+UiuUNBbtpsEY4CiDRWbsQZP/Q26c5NSnt4owxIT9
;7Q+Ri0S1NBwXcDji+yNUd4wRFWjFPp101KVBTCdUFc+MbjIqtTQWzaWheENIMuaH/LHU2QaYO6JCQPS
;6MZQVL2/PgTtkJSQd1tAocx7Vg2DJl8P/ZaiKwoOCRnthRfSd7T/hS2U39tzWQVjQKHNV5i3CNehFmc
;uykVHnq2HF9Y3tD5GLRLIByuBU7rXe02VnXNDmCFQoinORULe6sbWWLywPAPvnhKccdrE7Q+gjRTZdw
;VUJhXhdVPS3s2wnUtUeDa9A+HVFR/3HE4mzKENENT2xlem2mMsSovJHenG1lY86OTfdgFIB6uaQaSOJ
;8FRHjJDkupRoa8Iz4kZ6cUQGLszOcYh05Oac93A+tf7VoUDKh8U5dPjKcSOQ91sAFyTe7K/wmHVEV/w
;1oJhAKCLFJ+wB1RkUXp10xKUhTCdUFc+MbjIqtTQWzaWheENIMuaH/NHVKpWIa7EjoUeLsSQlPe1fQP
;rEJYHqwFZ8Nd7VpbbdEZTalFnbQ/PiRkrRxDSd7Q9By1eFJ7wmQTgiuIBUdj2xVLn1mH1U9KeyfCdS1
;Q4NfOHrdJRi/xYw6HPIA/WXj3D1qCQoC7Kjkke7QQX0/ox/Qiq0tJfctaFI4pmTNZa9t8PfY22tVNSh
;Z1tipOUu/FoyK+Tkx/w2AJnwKeP0N4wRJYhWmGoyg4CX2mEHJO7cryGIdURWrabAmMLu1YNwyIfD/2U
;ICtEiIUZrAcT1Hk/PQFrEJObcdzArQumTNDb8AVUZE269VNV3sUwhNERd7L/g+qTkJyy1oShTSCNGhj
;3hlNmleZpSguexbCdTs9gaP8ErxCTEHedwKINJ4/aHb3FFqfUYGhTUh7FN51LT3szPUUvk5FbPF2D44
;xgSloYc0OWJNpmbQ/LxVgwnctPY+jkX22SFRB3WQRjgKeLlZ4zXw99jb01U1KHX26KkVS89H4H7RCf2
;vAbAiFAow2W1PcBU+TaYjVT0t7BsJ1LU7qyuMJh0FPbM1gOI4zjDhbaah+P/Y66dVNORR4qxFyX+7X5
;RK1JyIfrgxn612eNVtlzCNLmUbp10xKcRTCdVpU8cbOCbdQRWyuB2frQ+1aN2PGEEapWYewEjkTca4Z
;clLv/OUSqHhTa9xjBog4nlo1DKhqP/Y2hqMoOBN1rBJyTunG/RGreEVwz2cLjl3vWjcsqHw/mUCMpyU
;rFXOdBkVY7c/iIr5GTkHddQKOObI/WW3KEFr2NOnVVUp7FK0DSE/zyvUYh0FJcs9oAoUpsj9ZbcoQWv
;Y06dVUSnsUrQNIT/PK9RiHQUlyz2gChSmyP1ltyhBaxDbr1E1SexTCBV9Y8tDkD714QXrYZAmIOLI/W
;W3KEFrHNuvVTVJ7FMIFX1jy0OQPvXhBethkCYg4sj9ZbcoQWsQ269VNWXsUwgVfVO/XzhKoQk5B3WAA
;hjiDLkQMqnw/7Dbp1T04Enq2Kl1c89fiIqtCUWvLawSOAoIoU2nafD32NsfVTUoLZqsbWVjz/PIStkF
;/e9ZxFZ45iCgGU8sJTIJZhIo9OBJ6thRPUeT84xi/Tk9wrgdn63PtWjd82hVRglObii4lFXKdEFVJ89
;b1GKoVf33bdhOEMLIqRWXGCF6UWoyKPy8cfa0bLT+Bo4h92CdQbMdrE44vsjlYYs4jUpdVgbwjLyR2p
;xlZPYOjkVDYJyBu3GwJnzifBVRjxhpgm1eKvSQkHkuhAF5J7s7ODapOTmrHawC0LZ8zWH7BCEb2NOnV
;Ykp7FLIHRFP1xuMiu0hOePFoBog1hDRSU8sJTIJZhLw3LyRgrRpBVeTC9SK9SUF8wmBW61/tWhgMqHx
;PhF+HoSg4JHetG0ti7MLyFbFJRUHNcBSfMoAzTWn3CFCZWoGwLC4kcawUT1HkkZF/2CcFHq4FF5k0gy
;5SfvcfUJhQtrgsKRN9rBByWeDX8CK7SE5qy2sTtDyJPjcOqXwd9jbppT8jFWCnB3Je7s33IrVGQ3bHa
;wK0OYwuVlPOFVOTaYixKUp5FcJELT2B0+MUtlNFbPFmCIU7sjdWb8AVUZNpjK05OA5wpwdyTvbK5R6w
;eFd/x3E4gziMLl5iz3w99jbJ1U1KC2arG1lY8/zyErZBf3PPZg+CM4gFUW3GI1yZWJ2nIiZ7FsN1BT2
;Bo+EPsUlUe9xaBIQziwVabcsUVphTtrMkOBZjowdIYvPG5Q+5RFR3wWtn6V3tdzcMqAxNn1idsD8VGH
;usE3JQ4MD5FLZCf3jHdwqcPJ8/aHjBEVqpU5qhJCcaYKsaQz2Do5FX2CcgbtxsCZ84nwVUY8YaYJtXi
;r0kJB5LpRZCWeT89CK1Ukxqx3ULkgKLNlh7qH4/9h7p1U06CX2sAUhP3sD+E754TX/NbQ6FOLI9VGPM
;GWCCXpy4LyQafa4qTFnlo5N92DogHq51FYIzmT9FU8sTUZBphLQuIhJ6pypFWODXzh+9QyAcrwVH613
;tKkVlxghahGmKuiMsJHmjFkVU78bOFLxCWEHdfBSfOIBaNQyoVT/2NpmnJCQPcbAqTlLvxc4QuURId8
;BgOIQwhC5ofskVTJNChqAuIiR3rRFIPYOjkV/YJyBu3GwJnzifBVRjxhpgm1eKvSQkHkutB0Ra6M3OH
;r1JVHvcBWXrXclaNwzYDlaYQoynEikUeqQqQFziy/gTvXhQbMFoF58CmClSU9odWYI269VNfXsUwgVf
;VO/X9A+HRE9wyFoKij6FM1lp9wxNmVuZoRI/CHGdB0xb9fz1CKhLSX3PcQ6EM7I3Xn7aE032NOnVakp
;7FLIHRFP1xuMiu0hOePFoBog1hDRSU9oZU5dCgKMoFR5stgdYTujM/33aJyAurgVnmy+ENENp2iNcmV
;iPiiArGHyrG0hi88biGKx4RUHCYAmMKYUFW23RGU2pVYG0Iy0eFMB1LRKBo5ENqk5Oast3OIgygzxoY
;ckfV59YjIo7Kxd9phRZWN7T4xS2U0lwyVoXmTSCKF540Xw99zbm1U1KCXWkAXJW5MbhIrBITHvdBWXr
;XflaNwzaHVmCaYajKDgJfaYQcljvwvMRvSciHq4TZ+tdnztRePcPSoRQiLYoFRZ7rBpZUu/K8n3aJyA
;DrgVnjTSVBV9j2g5WlFqMijgkEnusKkxR7fzlBKhCf3yuB2frde1aN37NCE2XVZ28IiQkdbQaRFne1v
;8TvURFbd1kFZIChDRof90MT5lEneRNSHsU6nUtPfPG5Q+5RFR3wWs4iiuCM1NT3RJRk1WMpj4rCW2dH
;ENi8tbhDbdVVCyuB2frRu1aN37NCE2XVZ28IiQkcKsGTF/txs4crHhTas93E+tf7VoiDKh8TZNCm7Qu
;PhJ7rCpDUvX8+BOrTkR7rgdn60rtWjd+zQhNl1WdvCIkJHC3B0RT5vzmFKhCER6sBWf8Xe1aRWncDl6
;VQoC6IxUfYbAcQ1re1PgNvRUgHK4Fdutd7ShSeNodXIJfhrsSLxV1oBlIPYOikW7YJyBsy3EVij6ZM1
;hi9xlRl1SFsBJ4exbDdQk9gaPjGKxVQX3abAiFAog0Vm7EGWCUU4+6Py8ke7cBSE/e0PkYtEsgHK8Fc
;etd7ShSeNodXIJfhrsSJhptpwdOVeDN9hjYJSEetwVn6y+ILkVtywhWmVi2sCMrGXinKkJI9dD4Gb0n
;Ih6uHmfrXZ8/Q37JH0ufWYeKNyIUZJ0aQ1H4/OIStE5EL64HZ+tG7Vo3fs0ITZdVnbwiJCRuqhpdYu7
;N/QSHVE9yx2FV61/tWiwMqHxMnV+boRIvA2CnB0Nc7fziFb1LTG3xYw6ZLplaNQyoXT/2Npq5PhUYe6
;wBQkjz/PARrEJScM9xDp04sj5efs0fS59Zh9VPSns0wnUtTu3Qzh63SEx3wGI4iTiJBUNpxQxahFedo
;D8vJGOjHFk9g6ORT9gnIG3CdjiIMoI2XmLPI1yPWoC7KS8JS64aWljz/PkYuVNFbPFxAoYtiChWeN0O
;WqlBiLw5SnkUwkctPYHQ/Q6HRE9xwmwJjAKOI1tlxhhahGmcpT0vCUuqEExJ5NHOCb1KUHvcZBOeL4g
;FQG3BCD/0Nun4TUp7Z64Gcl7uzP0UtkB/cstjE7Q7iD9TU8AZXoJTm4o5LxZkpwdMSfTR9CKvRklqrg
;dn63ftWjd/xA9glVmGuSQkHEuyHF5J7s3OFb1GVHvcWhOOMJ0/RW3cCU2TaZ60JD57FsJ1Az2Bo+IRq
;3hDccFpDoU6sihea8AIYJBTjLESIh51thBfYvXG/A29VUFq23cCtCqMM0MMqnw/5Tbp1T4mCEulFF1i
;58r9EYdCTn/MaQLrX+1aFwyofEyaRbayLiUfcZ0TRFHkzfAQvXhGcdxoBp8CiDRWbsQZP/Q26c9NSnt
;nrgZyVO/F+BG0eEd/3loBgjGBBVJiyR5Tkzbr1U1+exTCBkFO3sr/G7FLTEHDcAufNJ02UlPbH16YWI
;C7KhUYe7cbWWLgz+UYqklBasdzArQ8gz1baah+PvYh6dVNORdnnRhIT+bGzhKoQk5B3WAAhjiDLkQMq
;n0/4Tbp1T4mCEuvEF9a5Pz+C71VTH/eWheKL5kpNw6pfCH2NummITkke7QQX07ozeUYqk5OefFmCIYt
;iDREbdwVUJg269VNaXsUwgZBTt7T4xiwQkFqx2sAtD+IPmh4zRFPk0SIoTg4Hku1FERJgaGQfe0nIB7
;daRS0LZ8/X2nJCFaYUba2NCYSeqYQX2LtzOYYqnhIe89xApkCmT9afM0OXoJDm7ASPRp9tnUvPYGWkX
;3YVExt8XUVjjWIO0NlxhtglU+FvCMuHmadAF1N5NHOFb1GVHvcWhOOMJ0/RW3cCU2TaZ60JD57FsJ1H
;T2Bo+IRq3hQbMttAoophDRQU8QZWYJpj7AoLiR8pxRZWPP85Ri1V0Vsz3ESmTiyLVZl3Hw99jbE1U1K
;CHixKl1P5Mv0HKxOTnnxdQ6YKYI0aGTNHUuTRLahKCcLcbAUWUjzxs4KuU5UHqwFZ9pd7VpEYNsjT4R
;TgbAsPhJ6pSpfVObL5SK+QkV68W0CiimIKGh4zRFPk0SIoTg4Hku1FERJgaGRfcMnIB7daRS0LZ8zWX
;j3CF6FXba5LCgeeJ0QQ1zjz/R92iYgP64FZ5gxngVHfsESS59YjoovLx9LthBATeTR8AmtVUVB2WQOn
;13vWzc/qHw/hVqaij04Enq2HENa3sDoEbFJRHvcWguEKogoaGTNHUuTRLahKCcLcbAUWUjzxs4KuU5U
;HqwFZ9hd7VpEYNsjT4Rfh6EkJBxLoQxBVO/H9A+HUlBuy3c4gziMLlJ+9wham0aMpyw+DmanKlpc6Ne
;Rf9gnDh6uBRSHLrIqRWXGCFaYUba5KCwPS6QQSFney/QcrEJSQdpgCps4nztDedoZYIFXgKFNSHsU6X
;UtPfLP4iKoVUlw2mwJjAKdM0R4xxJgnlOIoSg4JGCnGF1Y88LlCKpCf2nPbBPrX+1aGAyofEyaRbalP
;yMVYKsbSmLzyvYVrHhGe8thOIM4jC5SfvcIWptGjKcsPg5mpypaXOjXkX/YJzgergUUhy6yKFhl9w5a
;kV+GuxI5GHWsKkFc8teRf9gnMR6uBRSHLrIpX2XNEFupU4e0LyYeFMB0LRSBo5EOtFR/bdt3AYo+iAV
;EZcwZYIJTkaE4OB5LoRpBUvP8/xKqSkFyx38Cj13vWjcTqHw/hVqaij4/CXKjFkhi8sr1GIdTRWbacB
;WOAog0Vm7EGT/0N+n2TUp7Z64Gck700fccu0J/bcdhArQpiCJDedoZYJpfjr05LwlLtwUtP4CjtH3YJ
;1Ny3VoUni+LO1Rp9w9WklO2oSgyD2GwEHJS9NfiFLxCf3HAaR7rX+1aFgyofEyaRbahJSMVS7UUQVHe
;x/4IuktFQcJsCY4usj9ZbcoQWvY06dV9SnsUsRhMUe388A+9Rn9twWkOjwKENFFlxBBgkFqGohIpFHm
;yEENO4Nf4ErZ4RXDPZwuOXe9aNxmofD+FW4i5IRUdcaMBWE/k0M4YtkZCcssFZetdz1o3DNsRXppatr
;MoKw9hsBBeYujN9xS0S39sz3EOhAKINFZuxBk/9Dbp801Ke2etGURZ3sX4EbR4SXDAYBW0P58zU2vBE
;lipV4u6Oy8kZ7IUX07ko5N92DogHq52CIc0iQVeYs4VU5ppi7o5PhR5nRhCU+7X/hOxRCAcrgVO613t
;KVhgwRhgn1iPvCEmJHqjB19S9vzjGL9OT3DxcBSOAo41WW/NEkuEX4rVT0p7DsJ1LU7uz/gZh05OeMd
;pC7QpgipoYccSUIJZh7wuSnkUwmwtPYHQ/hGxQ393wGMOhzGyL0Rp9xtehmmPvCEmexbDdSQ9gaPiDb
;FVQXLHfwLrX+1aKQyofEyGX5u0IRUWe6YQck3g1/kisUlUe9x1CIc8mTNYYqh+PvYh6dVNOQ5kshpfS
;d7C9RyoU0loy1oChTyPNlIMqnw/+Dbp1T4/C2StB1li5M3wH7RCIByvBXLrXe0pQnzYE02CaYy7KyUJ
;d6cHclLvz+h92icgM64FZ5gonSpYftwjVphQgLkhFQ5npypBVO/G4iKxSX92x2IPtDmINERl3AVgkUS
;AsU1IehTbdS098tbhDbdVVEHDagOCO4Q/RVPPGVGTRIihKEp5FMJSLT2B0OQNqEhSavF3AogviDtDaf
;cdWYJTm4ogJR99pBxIT97B/hK0QkFwrgdn60PtWjd/3QxPmUSdij4nGniuKktR7sLlGLx4RnvPcRKZO
;J5aNQyoZD/2NpqgPToUZrYqQVjgyOgiu0hOcMtmE4Iyg1o1DKhvP/Y2mqA/LBp3pypAUuXGzhi2RkJy
;ywVl613IWjcM2wlNkFeKsBI5EnCnKllY+dfkD714Q3HCahW0M4IoWm3EFUWTUunXTUpgFMJ1XkjzxfA
;evXhTd8pgOJ84lS5Cfs0jWphXi7koSnkVwmotPYHQ5A++RkN78XYOjziyLlJ03AlNk2mFvCoiD3GwKl
;hNgaGQffknIB7dcBWNPI4/aH/BGFqpQoytOT8JcZ0aWEnyyvUYh0hOctcFZetd9lo3DNsJTZBXirASO
;RR4qxFySe7TzhC3SU9qwWsOiF3vWjctqHw/glOEpSg4GmC3B0hi48zlCbdKf23bdwGKPogFUmLJHlOT
;NuvVTV17FMIBSFDxxuMcrFJSe/FpDpgpsj9ZbcoQWvY06dVBSnsUsQVYT/L89BO5RUx7rgdn60PtWjd
;6xxBKm1OdpyQpJGeyEEhZ3tD8ErdTSEHLawaJMYhaNQyobT/2Noy7LCgXcZ0CRE3k/OUSr0JSHqwFZ8
;td7VpAZdgZYIJZnrA/FR19uhBJYvHM4hSsTk9w8WAJij+BPzcOqHwa9jbpoiQ6Hku2GlpY8/z9ErdXU
;0HLZASDAogiQ37dGFqEaYy7LCgXccJ3LT2Ko5F9t0hae/F2D4I4gT43Dql8HPY26aIkOh5LtRRBUd7F
;/g+7QkRBzHw4mDSDPVtp9xlHgkScsSg4exbCdSQ9gaPzD7FKf2rXdQLrXuhaNwznCUuTROnYTUp7d6M
;BSFru0egitkZNe64GVutd7QpFZcYIWoQEtpQDDy9Lg01ybe3W4iKKd2kq8VYsuW6yE1NpyRFenVObih
;04FHKrGUg9kKORfbtGVHvJahWSAoM7Wmn3FFqONuoRTUp7JPJAHQ2xlKNN6BEZLp4zIttt2m4HPJ5JD
;8YB2+V9eUkk8kBrDbGXoE3oE2UunjFS223Ybgc8nToPxgLY5X15QyTyQGsNsZahTegRYy6eMlLbbdpp
;BzydOg/GA9vlfX9LJPJBFA2xkKVN6BJmLp4wVNtt2RgHPJ1OD8YF2uV9fz0k8kEUDbGVpU3oERUunjN
;W223bHgc8nk0PxgCr5X18TiTyQh8NsZbXTegSEC6eMlXbbdscBzyeSg/GANDlfXw4JPJDGD2do5F9q1
;JQbsF3E7Q5iDREafcYSpdatrA1PglhsRxCU4GgnX3YJ2FywiUCkymfL1Np2nwZ9jbpsSgkCHGdBlhN8
;czjCYdOTnjHaQu0MpguW2XGGUypU5GhPz8fcbB1LjGBo5E8tEsAe9ZxFZ45iCg3Hqh8P4VDmaUiOA9L
;phBDTuT85QSoQiAdqwVn6xGENFJ/qFI/9jaNuT0VGXWxEHJR4Nr0D4dGRmrLdziOJZ01RHnaGWCFU5m
;0PysPfa0bclrizPUY2CQgHq4FZ9ld7VpTYNgjXZdFjIohKwJxsCpMW/XG4yK9X1Bx3XAVjgKeP0dt2h
;1Ln1mHiiopFHCnKl1P5KOSfdgnIB6BBWfrOYEqaG7JD1qpWoisKDgkdqcTQk/k/PQFqEhTa9xgOJg4n
;TtFbdwVUJhpjrYiLh4UwXUtPYGjon3YJ0Ry3loFii6IBVtt0RlNqVSMsyI4HkunDV1S8tbjGIdURW7P
;dwafNII0aGvLE1uTaZmnKEp4FMJ1LT2qo5F9vEtQQcxkFI4CgTtOadojSoZGjKcSOhR9rAFyTuTT8A+
;5U0lxwFoAiDKJPzcPqHw/9jbG1U1KH3iyKk9c8sbOEbleRWzxcBebOJ8FR2PBEkupRYylLDgaYKsaQ2
;LmwP4ZvXhQbMsFZOtd7Vo3Aah8P5JamYoqKRRwpypIU+Wjkn3YJyAetAVn6zmBKmhryxNbk2mMrTkvC
;XqjGXJe7s78HLZDIB2uBWfrXfRaNwzMEE+pUYq6KS8kcqsZSFPgzvQivkhSc89xZ+g77Vo3d88fUJJT
;trMkJh56oxhIYvbK5RW3UlRBy30TlgKWN1ZvwBVRk2mdrD0vJHWgF19Y98rwCbFITmPxfgqKKYgoXm3
;EI1GXW4yKLCgZZqcDRFz1yv4TpXhbcs98ApkChT9ea8AIQptb6cNNSntwrgVyWuLM9RiHS0Fny3c4iD
;WMNFBpqH8/9jbp1VhKexSmGV1i5sD+Gb14UHHdcReZMo4/RH+ofz/2NunVQkp7FKYZXWLmwP4ZvXhTa
;s93E+te7Vo3DKhlP/Y2jbk9FRNxowFyXvTR+BO/eFR3w2A4hzSeLjcPqHw/9jb01U1KH3iyKkRT78bj
;IrtITmrBcBW0Mos8RGncI1OfRZ3VTkp7FMJ1HT2Bo/URqHhNd8phC44CgTtOadojXpBCjKcSLwNkrQZ
;YT+T84hioRlJ/2mwIhQKKOVhozXw89jbp1U1+exTCEUFN3s74GbxLRUHCZB6OL7I7UXjNDmCTTpm6Pj
;8JcZ0GSE3g0fAJsUhOQclmCI84sipFaah/P/Y26dV8SnsUphldYuzK9Rm0Qn9yz3wCmQKPP1Fj2hlgk
;06Zuj4/CXGdBkhN4NHwCbFITkHJZgiPOO1ZNwyofD/DNunVKSYLS68cSVntxs4RuV5FbPFnAo0ynz9o
;adAMUIVDm7ASOR5kowdMSejM/yK/RE96y1oXmTjtWTcMqHw/2zbp1SkmC0uvHElZ7cbOEbleRWzxcBe
;bOJ8FR2PBEkupRYylLDgaYKsaQ2LmwP4ZvScjHq4FZ+ts7Vo3aMQMYJtfjbEhLyR4owxIT97W4Q29VX
;9uwWwJnwKeP0dt2h1Ln1mHiiopFHCnKl1P5KOSfdgnIB6eBWfrOYEqaGLHDlKXWra5LDMeZp0US0nk0
;c4YoFdPbdt3ArQuiCpWfskIVplYtrIuJR9xwnYtPYGjkUnYJyB6wnU4hTKfN1Zg9xBej1ObiiwsD3Gw
;KkhF8cziCKpCf23LdQaZPJkzWGL3G1yZUoyKPTgeFMF1LT2Bo6B92CdEct5aCYQvgDtbU8QdRpNEtrc
;oLBRmpypIRfHM4giqQn9ty3UGmTyZM1hi9xtcmVKM1U5KexTCdRg9gaP1Eah4TnHcaAaHAoE7TmnaI1
;2TUIanKBUebLIaXkjzxs4OvVdBbM9xDoQzsj1UY8wZYIZEjNVOSnsUwnUAPYGj9RGoeE5x3GgGhwKBO
;05p2iNKhkaMpxI6FH2sAXJO5NPwD7lTSXHAWgCIMok/Nw+ofD/2NtjVTUofeLIqQ1LzzvARh0tBZ8t3
;OJ4tnT9FU9gTVphCtqYoOhpmowFEUu/89h63Q0VB3ncC617tWjcMqGs/9jaNuT0VDmKdFlhP6M32Iqx
;OTXvxaQ6YKe1ZNwyofD/qNunVKSYLS7UUXlXozfYivFVZd8BiOJ80gD9oYMEPS/Y16dVNSnsBwnUtWe
;3Tzgq5VEh3wGI4nzSAP2hgwQ9L9jXp1U1KewvCdS1Y+df0D7ZGTEHNagiHNIM9aGrJEmCFRoywKRUXf
;bEBLT6Bo5F92CkgHq5jBoUCnipSacwjU59FndVOQ3sUwkQWDLGYo0btFyAPrgVnjTSBO1ppxghggk+Z
;sBI5D2bCdic9gaPBMZkHETCZMAqGXf9aNwzOFVOXW4y7ORUPbbIQck710aN92y0gHq5VK6p93HQAOcU
;RP9Y26dUrIwlntipBXPjG4yKrSEx3yloOhTuENltT2B1LglObu01JfhTCdWFU78bifdEnIB7LawPFOo
;41U2mofyf3NumYfHpPNJFFDQbk2+UPrUNFbI5tAoopiCgXY84aNbsH3eVtGUs0+R1IXPXG9V26QkQ+x
;mAGnzifelhqzlwXn1DJrCI/W3yjA0gd6Ne4d58eET6VdwKHPJkzQWmIDFCFX528IiQSe6x/agyh5rxM
;+GETLp4lR9AviC5FbcsIH4JejPUrIxd1rxBDSaHCsR+xUwB8y2MImTjNNl5q3BVRkRadvShqFXu4D0F
;YrYPlEvhVRXLLZBSOfZ41WmmIE1nWQoGwbToJcbEGWE/kqdZM+H0LL54lIsZozRwOPJhMH81bhqMoai
;E0twUNXO/HsQ+9U1J/zXFHjTSBO1ppxggfk0CMu20nFGanf2AFtYOqDqxCUG7LdxTLMos8NwaofD+TW
;I3nYy0Ye6YQLT4Eo5F9lRUSL45RV8sO3GoHBuVODccWveRtGUok8n9gDLGXsSnoB3MupEhW22nNDgYs
;+0w1uwfd5W0ZSx6PRB0Ki+SoTNJgET7rKFbLG95qBwbvTR+sHdn7eGo+OfdVdRCzk7Ek9RUQPuh+E5k
;8mz9bU9sMWpNSlN8KeEM0mkUNZLGp3EXsLWcnngVx613tPVRjzBlgk06dsD8kGnidFkJQ7ML/GdgkIB
;6uBWf+Xe1aUnTcDkqSU5uKPj0SYKEdA1rizPUY2CQgHq4FZ/5d7VpQb8cYWqlQgLkoJBp5pypLUvPO8
;AnYJEcergUcjD6CPlJTzhVTk1iIuCgVDH22HUJI9fz0Baxaf2XDZASDNIM/aHjRDFqpV4u3Py8NfaMB
;RFLv3s4Gvk5Mf8NgCZ8CgztaafcdXZREjKMkKw99rRscQN7Y/RyhQlJBxmAOjDWZJ1phqG4/9jaFtDQ
;vCUuhHUxT5sa/GrtIRHuuBmfrXe1aJgyofFiVWY2wEjoUZ7YFX1LixuIO2CQgHq4FZ/td7VpQb8cYWq
;lEjKUoPhJgqxpDPYKJkX3YHFJ73mATgimENVkszx9QklPjknR4W1HyfxZP5NP0CbFTSXHAJQCIMok/N
;xyofD+EU52nLCkPfa0bA1rizPUY2CQgHq4FZ+Bd7VpEeMkOS9hRiropL3sXNHQtPcaRoF3jSkVq3GwE
;yyuMNkJp23Z4zwbJ7iwoCHuuAFlYodP+DrFTSXHAbAmMV6BiBSyTD1qCFoytOTgOcKcHDUnug/Afq0h
;Ma9pgR4YyiT89QZlMCNYNmqEsOA80tRxZVaHX+Rj4QUFwjmoBjVeqaA8s8EwfrwbJ7iAlDXHiLQJkod
;f+XbVOTj7LawOYKYIqRAbvTgfWbNn1dicUYqdVdx31zLEQsUkAe8BhFJ8ynSk9S5lcZccDx+VtDEIk8
;kUNBuzM5xj4U0h7jnULiimLNUVhiBhQgVjJ5HgnFh7IMhQPoeahXeNdRWzBJRODOM0/T3jaCVuTUsm5
;KCQcYKp/J3qxg8lJ6wd5LJklIdlt3WoXLJMbUNZChvU5Ih40pxFKWKHM912sT0U+zGADy1eqYwUs8Ew
;frwbJkH1qQGenAQ1H5NH+XaxIAHvKYgLLMot6Q2TNXF2TUuOSfWo9LfJFHR3bkrFGggdVbo5yDp81zW
;taYaI7DtZw2+V9aiEk4k53HenM/Bj4VExx2Wke4VeqaxdWmUkRxhav7H16SzT5GEJL5IPlFb0HUHLPc
;QGEL4B6U2PfEh/HA4S4R0A8JeIzFA2xk7FGq1dFe8olFI4pmTNZa6I7BsQWrPh+akBmpwFfXOLX+BK2
;LW0vnzJHuy+ENENlxhsR2Bjp2U1Ke2e2FF9Js432HrdDRR6ttWfrXapoBgbvRQ/8e9HnRwdKJPV/ag+
;5g8lN+H4QFOk3X8sH3VBwPYgmDsMY2fULeUskyCEcN8aao12dFypZnyUh2W3denI9mHZ4zwTJkH1APC
;XiMx8NsYPUUKNVRWrcZASfNII0aGjdHVOpV4S6OCQPacghHTfGmqNdnRcqWZ8lIdlt3XpyPZh2eM8Ey
;ZB9QDwl4jNWSfPC5xi0eFNuy2ADllegawY7iCxNn1idvCMtVTrsdSc9gaP2HrdDRUHafBeOXe5cNwyo
;LlqGZIilTVt7FMISTlLlxs4LvVVJeNdaBIQ5iFo0FKh8P7h1orQaJx1i90BLXrjz/QqeUGtoxkRa1l3
;8WjcMwRJZn1qFiiwkHHinKkFU8teRftgnIB6uEGfrXYQ0UWXEEGCSQ4i5Ei8DYLAAXlTuzZF+1CcgHu
;9pC8s4lS5FecwZTfY46dVNIxVyqxlBYvHC5Qm9VU4erQNn612qI0VjwRg/+Tbp1SQ4FHqrG0pi8cLlC
;b1VTh6tDmfrXb8/VHjBEFaYU4inTVd7FMIZTETk0c4OrEZSavF1CIIzmQVEb8kOWalchrwjPnsXwXUt
;PcDP/X3FJyAewmQeji+yKUNt2ghghlmAuzkVCHGjGHJe7tH/GKonIxCuBWe5OIs2UnTnDnyZWJ+wNUp
;jFMJ1QFz1/PIStkERQchsC4owiDRDU8oOXphS6dZKSnsUkBRETuSQ1X3HJyAew2QTtD6CNFE99xpWml
;eEsCM+JHCrBl1R4NrOE7lKRR6tGWfrXbYIVmXbGQyya8mFPy8WfbcYDW3N4rFM9hAVc8MFe+td7TdWe
;PcfUJhQ2IorIxd1rxBDSd7E8hK8Qn97wGFn6F3tWjcMtnw/9luIoRIpFHqkRHJb6M/wEL1JVEHJZgiP
;OLIpQ23aCD/1NunVTUpsFMJ1QFz1/PIStkERQchsC4owiDRDU8YdUpM26t9NSntEjjQNDK+UpBC1JwQ
;ergUKiimyOVhizk1gkF+FtCAvFWCdG0xQ5PzwH7pVRWjHZBOCMoNaNA+ofD+meqjVVUp7FK8UWWLizP
;8b6XhGd8JkCo4zmQVZY9wZTPY16dVNSnsJwnUtUODXzh63SUYv8WMOhzyAP1l49wxNn1WMijgkEmDCd
;i89gaPaGtg6IB6uaAafAo41WWqZI1mfWoi4KCQPS7EQWUnozfYisUMgHYoFZ+tuj2gENMsYC9tS0eUs
;Z08noBYABeSa91DqH0EmzDUFiGWLOwQMgnw/9luIoRIpFHqkRHJb6M/wEL1JVEHdYBOfNIM9RFPOFVO
;XW4y7ORUZZqMbST2CpJF92HVBd91gVK9d3Fo3DMUdS6lVhrsreyRyqxlMUOTN5SKrQlRqx2sAmAKLM1
;ttxRlRgmmNvD46F3W7KkNc7MaRfsQnIB71VwaCLohpc1GILE2TW4CgIGorWINVHBO2lvwQ2AkgHq5oB
;p8CjjVZapkjWZ9aiLgoJA9LsRBZSejN9g6HQUlyz2gChSmyPF5gzSNRl1uM1U5AexTCJWF8oZK/Su1K
;TR6ABWfrMIwuaG/HElnHaY+8ISsWcawBck7k1+UUtkBTQchsC4owiDRDU88fUJJTtrAjLnsXwnUtPYG
;TkX3YSkFq8WYIhTvcBVFlxB1Sk1idij4vD2CrG0pO3sX4EblKRXDaWgCIMok/aH/cHU2CNurVTUp7FO
;V1LT3swuUiu0hOeJ9aAYIxjDdSYtwjTJNCnbwjLQhLpBxBXOzG/wmHTkQerSFn613eOAU/kB9bwhuN7
;X0rViDxF04QucaoG/UVGH+WZ1eJPtU8Vj+oVT/2NoS0ORUYe6wTHGLnyv0ctUJOavF2Ap8phDRQf/ca
;VppXhLAjPiR6oxhIPYKpkX3Yd2xfjjRJ3GiANzc6qHw/m1edii4lFXLzKktU7cL8GLZTf23LcROCM4o
;paGrBEF6bU4ehEiQaeacqTF/j0fQLsUZUd8FrZ+he7Vo3XOQ9P9w26dUgKw9LoRpDW7D89xS0Rk17wH
;E4mDiZLl5izw9gkF+FtCAvFWCdG0JJ5NCRftgnIB6uGGfrXYA7Q1PLE1GQB7azJCYaeacbWWL1xvIVt
;khMccl8Z+hV7Vo3SsEQXptTh6FNUnsUwhhMSd7A/hO+FX94x2kGhjiDLmhu2h1Rkjbq0k1Ke0ajHF5Y
;sueRYtgnIHPPcTiIMoM8BVPOFVOXW4y7ORUffbEFQVz4/P8ctUIgHbIFZ+sGvztef81Pe6sWuacoJxJ
;hr1V9ccCDoFPvEk1zrhln612AO0NTyxNRkAS2syQmGnmnG1li5sD+Gb14RXDKBWTrXe1aNxKofD+bV5
;2KLiUVcvAqS1TtwvwYtlN/ec1qA44Cni5Wftx8PPY26dVNXXsUwhhMSd7A/hO+FX94x2kGhjiDLmhiy
;RFa9jXj1U1KK1iDVRwTtpb8ENgDIB6uaAafAo41WWqaI1mfWoi4KCQPS6wUQFjewvMfqkJWd89xDoQz
;7Vk0DKh8b7p36c1NSnt5owFyXu7N90+HQUlyz2gChSmyNFh4zQ8/9Tbp1U1KZhTCdUBc9fzyErZBEkH
;IbAuKMIg0Q1PYDlaVU7agIyMPFMF3LT2B6PZ9xScgHsNkE7Q+gjRRPvcaVppXhLAjPiRnpwFZVO/Ezh
;S8JyM6rgVn2D/faQ9vzEgSkg7ZtGB+SHahWBVYuMW8T+BGGHyeZwTTO4xpNyaofD+bV52KLiUVcvAqS
;1TtwvwYtlN/bctxE4IziiloasEQXptTh6ESKAl1rBEtPoajkX2KRkltyzYj62ztWjdhyQhglVmHs38V
;HX2uFEBY79fODr1TVHfAYhS0O4Q2VmHNEkupUoCmPSYabZ0bTFDko5Jh2CcgRfxkDpg43h5qLPgOWpt
;fnLhtGjdV4kQDCrTO/H32JyAew2QTtD6CNFE+9xpWmleEsCM+JGenAVlU78TiIr5OTH/DYAmfAoszW2
;n3El6bU+nWR0p7FJI5bB2wjaZItUogMK4FZ4Y8mQVUY8YaDalQgLksJx56tipeWPXX+BO/VH94x2kGh
;jiDLmhryxNbk2mMuylKeBTCdS09saORfbVGVEHNagmNb7I8XmDJEVqYQramKD4PfawSXmLnyv0ctUJO
;avFiBIQ5iAVEeMkOS/Y16dVNSnszwnUtUODXzh63SUYs8WMOhzyAP1l49w9agkKAuyo5JHKrGUxQ5M3
;lIrFDIB2KBWfrbo9oBDTLGAvbUtHlLGdPJ6AWAAXkmvdQ6h9BJsw1BYhlizsEDIF8P/ZbiKESKRR6pE
;dyW+jP8BC9SVRB3WATnzSDPURTzhVTl1uMuzkVFXWvEC0+i6ORfYhrYT6fK1DeMIBaAQyofFKXQra2I
;iQdJp0TRFHgzvQTrHhTe9pxDoU6ngVRZcQdUpNYnYojKxZxnRRPX/PG5xS5U0lxwAVk6F3tWmdA6XwV
;9jbpuCw+JHetG0sP3sX4EblKRXDaWhSOKZkzWWvbI1mfWoi4KCQPS6waWVjyo5J92CcgHrMFZ+swjC5
;ob8cSWcRpj7whKxZxrAFySeTA+RO3S0951wVk413tWnFlxB1Sk1id1VxKexSyGUxJ58zjEIdGRHbLdg
;6EM+1ZMwyofG2XUJ3VV0p7FK0DSE/pwv8ah1RIe8JpFLQunT9SaPcQVoVC6dZNSnsUwmQtPYHT8AirQ
;n92y2wAgymyNl5/3Hw89jbp1U1bexTCBUFc9cX+D7V4QXrKbBOCMoNaNASofD+0RIC4AiQXbcJjLT2B
;0+MYq1RVbMtaBo8rjDRUafcIRoZT2NVOT3sUwjNEReTHkWvYJyBu3GAUmCifP2htzApemFWMijkzC3H
;wdS44gaORO7FfRXquJ2frXZ0oXmLcGU2pVYa7KxUWdaEdRFPk/PAQh1NFfcZrCIcyiiM3D6t8P/Zwr5
;NNZ3sUwgVfVO/X9A+HRE9wyFoKij6FM1lp9x9KhUKGuCQwHku2GkJR6cbwGYdJQXPLNGfoX+1aN1iYf
;BL2NumlPyMVYKcHcl7uzfcitUZDdsdrArQ+mClDY8UVRZNpnboiJhNxoxFyU+DO9E/YJCIergUz2l3J
;WjcM2A5WmEKMpxIpFHqkKkBc4sv4E714RnfCZAqOM5kFWW3FGWDHNurfTUp7RI40DQyvlKQQtScEHq4
;FF5k0gy5SfvcfUJhQtrgsKRN9rBByW+jP8BC9SVRBwGQKjgLfWjQGqHw/pnqo9XxkTCGvGC0fgaORDa
;pOTmrLdziIMoM8aGHJH1efWIyKKyMJebUUX1je1+gNvScjGa4FZ6AxhCpHadp8IPY26aU/IxVgpwdyX
;u7N9yK1RkN2x2sCtDDcagc99x9QklPp1k1KexTCai09gdPjFLZTRWzxZgiFO7I3Vm/AFVGTaYTkfXpJ
;S6EaSViBoJF92CcgAa4FZ5svhDRDadojXJlYj4ogKxh8qxtIYuyRoU3oeENxymBn6F3tWjcMiXw/9ka
;bvCM+HmadFkJT5/z8HLtPSXDLWgiIKYIFVmjMDlqFRenWTUp7FMJVLT2B0+MUtlNFbPFmCIU7sjdWb8
;AVUZNphrY5JSR1shxGWPijkn3YJyAeggVn6y2fM1l4zQ5glVmHsxInGneqHENY3szyCbd4TH/dcTieL
;YE1Vmj3GlCaUoynTUl7FMJ1LRiBo5ENqk5Oast3OIgygzxoYckfV59YjIo/LwtxthxIT97C9RmqQlNt
;rgZn613tWhMMqHxPhF+HoSg4JHetG0ti7MLyFbFJRUHcYBeOKYQ/RVPJDFadU5DVTkp7FMJ1BT2Bo+E
;PsUlUe9xaBIQziwVabcsUVphTtqcoOh5gqxBfYu3C4gmHQFJx23Vn6F3tWjcMgnw/9kabvCM+HmadFk
;JT5/z8HLtPSXDLWhWOLYguXmnaI0+EX4ehKDgkeqMYSD2Co5F92Cc/Hq4FF5k0gy5SfvcfUJhQtrgsK
;RN9rBByTuTX5RS2QH93ygVkz13tWlI5y0lcxFXQ+HR5TCbvQU8EuI6pRe0QDS+YNlXca9VjVmjMTD/v
;NunVPTgSerYQX2LizP8bh0pBfcZsCY4CmSNHaah/OfY26bMhJQtku3ULPYGj4Q+xSVR73FoEhDOLBVp
;tyxRWmFO2oTQ6HkujF09P5NX4HKxOT3CuBmfrXe1aOwyofE+EX4ehKDgkYLsFSD2CpZF92EFMcd51Hu
;tR7Vo3fNoTWZ9ajIojKxZxwnYtPYGjkW7YJyBsz2MTtDmYO1tTzQRLhEOavCIkexfMdS09x8rjDqwHR
;WbadxKPOJ9aJAyofE2XUJ2KJCQdfa4Zck3g1+UYqkkgHasFZ+sRhDRSf6hpP/Y2m7A5OBp3thxCU97Z
;+RKoeFRn3mBW617rWjcM5hNNm1eF1VhKexSwEFlP4MDlFLdJf2TGahe0KZQqUj6ofzn2NumbIjgWda5
;1OT2Bo+IVvUtMQcpsFY4+mTNYYvcQVoVC6dZNSnsUwmEtPYHQ+hSqU39622QLtDiVLkV52xVQmDbq20
;1Ke1KrB15JocbpCapSRHvcBU/rXe0pW3/3HVuSX528IiQaeJ0WQlLtyv8ah09Fd8ltE7QphDdSU88OX
;oZe6dZrSnsU8lsdBrCboU3oCRAlnTVJ22bcYgc8mFIPzQXZ5WN6QCLyRR0Nr5ORbtgnIG3CdjiKKYA1
;RHzAGU2TaYS6KS97F8F1LT3gyuN9/CcgHt1pFLQ/gi5DY8UjTINEj7QuLyR9rBNEUe388BO/S0VBwmw
;Un13uXjcMqEwEzwbpwk1Ke2euBnJe7s3lEq1Vf2zLdQKKKbI3WGjNfDzwNunVDAg4VYA2LQ+Bo5EOtF
;R/fcFqC4IzigVWatwZTalEjLYiKw99rBJySeTO4RiqRlRr3GA4nzSAP2hr2h1Pnjbqw01KeyX7RQMNu
;pO/TeMWEC6ANVzZad1qGTyoXD/2Npq5PhUYe60ZRFPm/PMYvHhUe8N1Apk8mS9FafcQVoVC6dZKSnsU
;8lsdBrCUoX3qJyAe3WkUtD6CNVtlxhtglU+FvCMuHmadGUJK5NHOFb1GVHvcWhOOMJ0/RW3cCU2TaYW
;8Pj57F8V1LT2xjaFG6RYQHpwFZ+sugSlob8cTU59YjoouMxd9rBFIT97W4Q29VX92y2QTji+yLlJh2B
;lNl0KcpygVF32xAS0+hqORfegJECWfM1frcO1aN3/ED2CVWYa5JCQcS64QS0nexfQYvHhIe89xApkCm
;T9afM0OXoJDm7ASJhJntnUuOoGjkU32FxsvmjVn9F3tWkRg2yNcmVmFvCMtJHmrG3JR4Nr0D4dTSXPL
;WguCLplaNAyofD/2HOnVTTkXZ50WQlLtyv8ah1dJbdpqCbQ1iDtDadojS5NbmbA/Kw9hsBByUejQ5X3
;bICAerjVJ22bcbAcMjHw/9kWFphIpFHuuHENa3tP+Dqx4U33PawmCM4oFU2nEHUapWoCmOUp4E8J1LQ
;2vk6pO9hcgPa4FZ5gxngVUY8cQVphRtqU/LyRnoRRDU+jN9iK8Qkx/11oLgi6ZWjQLqHw/xhjZ7n5kS
;xTsdS098s/iIrtIT3LHawC0L4Q9X3j3GlqTUra9KCsPcbAqWVjs0/QPuVNVbMtaC4IumVo0C6h8P8YY
;2e58fksU4HUtPfLP4iK7SE9yx2sAtCmEN1JT3BlShlObtDk/CXGdEl9c8cuRfs4nIB6eK1fQbNpqGTy
;TTgvGBsfldntLJOxFLSWBo5EOtFR/ec91OI00gTZofs0MWpdCtrgiLh4UwXMtPYHi0D+aZGMetwVn6y
;6BKWhryxNbk2mPvCEvFXWvEHJb7tH8HKwnI3iuBWeQOo41U2n3GlaaU4e0IC8kY6sBRVL0184YoFNdQ
;dVoBog1hDRSU9wFT5NpiLcvOB5iqxRZVO7N7CKjSkFqy3cOijGyNFZhzSNelFSbsDsjGmCrGkNA3tj9
;HKFCUkHGYA6MNZknWmGoTz/2Npq5PhUTcaMBRFPm/PMYvkhSe/F3AogyjC5eYs8jS5NbmbA/Kw9hsBB
;ySejO9CK/VUFuxgVk/l3tWgQ8hkwExhjZ7nx9SzryThwPsZO/TdgyIB6udguYAoQ0UWXEEGCXWI65KB
;UXfbEBLT6Fo5F96BwZLq4aZ+tdnjZEU8ESWZ9ahYoqKwtLpBxBUd7R9A29RlRBw2oDjl3uXDcMqD1+t
;HSqlk1cexTCBkFO3sr/G7FLTEHcYBeOPJkFWmPMGT/1MOnVTQs6VoA2bj2Zo5F9q0tTQcdrAYIxgQVE
;b8kSUZ9YjoogJR9xwnYoPYGj/BK8QkweswVn6y6BKWhlxhJahGmKuiM+FGGwKkJb59D0CYdLSW3aBWT
;rXe1aNyqofD+FWpqKPSUMcKcHclvkxvUUtkB/bMFxBp80gjRofskIVplphLopL3sXx3UtPefK6Ri8Jw
;MergUUhy6yKkVpwBlegl+HshIoHnCdAUhQ8cbjHKxSUnvxaQ6YKe1ZFwyofA/YBtLkf3pVJPlAHROxm
;KBK6AkQJZ81V8Vt1msAPIZMP8M26dU+JghLsgdIVeTC5RS2QH9912kOhTmIKGhgxwtahGmBsCw+Hmad
;AUhQ8cbjHKxSUnvxaQ6YKe1ZMAyofA/YBtLkfHp7IcJ1LU7t0M4NqkJIe89xDoU6sjlOYMESW5NEtqA
;9Oh5mnR1IXPXG4yKsQk1uy3cGnyifP2hgwQ9L9jXu1U1KSzryThwLsaOhfdgnU3LdWheZOIU/VnjBEl
;ipWoyzORUdcacRclXkwuUYqnhUe8N1Apk8mS9FafcQVoVC6dZKSnsU8lsdBrCXoX36JyAe3WkUtC2fP
;19pyQhWmFG2uCQkJHijDEhP3tf4EL14THfdcWfoXe1aNwyFfD/2RYWmEjoJcaoQTEnozfYiqE5TasFr
;OIM4jC5SfvcIWptGjKcsPg5mpypBVPLXkX7fJyAenitX0GzbajcrqHw/hVqaij04HnynFFlU78TODbd
;UVEHdZgaFM4Q0UFPMGVOXT7a5JDkPFMFyLT2Bk79N4xQOLq4jZ+tdnjZEU9gOWp5TiKEkJBxLsgdIYv
;LA8BO2Tk558WEChzyUBVtl2wg/9THp1U16VST5RgMNgZKRfdhUTG3xdRWONYg7Q2XGG2CEX469ORUdc
;acRclXkwuUYqnhUe8N1Apk8mS9FafcQVoVC6dZKSnsU8lsdBrCXoX39JyAe3WkUtC2fP19pyQhWmFG2
;oSQnHku2EEBN5NHwCa1VRUHJdwabNe1ZFQyofA/YBtLgfWRLL/NHHQ2vk6pM6BcOLpU2Udttw2oMPZ9
;MEcY2yNVNSgh4sSpdT+jN5RS2QH98y2E4nziAKlJ+yQhKhFO2uSQ5DxTBfC09gZO/TeMWFy6ANWfYXe
;1aRGDbI0+EX4ehJCQcS6EMQVTvx/QPh0tPact3OIM4jC5SfvcIWptGjKcsPg5mpypBVPLXkX7fJyAen
;itX0Gzcajc/qHw/hVqaij04Enq2HENa3sDoEbFJRHvcWhKbLYgoaGTNHUuTRLahKCcLcbAUWUjzxs4R
;sVRUHq0CZ+td3XQHN5lKD/YY6dVNORdnnQVfVO/X+BO/eEx7yHE4jTiIPmhkzR1Lk0S2oSgnC3GwFFl
;I88bOEbFUVB6tAmfrXd10BzeZSA/2FunVTTkXZ50FX1Tv1/gTv3hNd8BaC4okiChoeMERWqlagKY5Sn
;gUwnUtPaqjkX2rS1NB3ncOhSmENFBT2BVMglmHiiUvGmCnB3JJ5M7hGKpGVGvcYDiHNJ4uNw+vfD/2B
;sfldntNJMJQLT2B0P0Oh1dSd8BxDoU6sipYf9wjTJVXh7skJBxLphBBXPj8/RSrUyAdqQVn623Dagw/
;hkw/0jbp1T4mCEuyB0RT9cr/GodXUnvxdgSKM4MzWWv3GFqaV5CKISMIYMJ2Kj2Bo6FT6BwTMJ4FSOt
;d7Slbf/cMTZ9YnbwjLSRmqxJFSd7F9Bi8eEh7z3ECmQKZP1p8zQ5egkObsBImEme2dS46gaORTfYXGy
;+aNWfIXe1aRGDbI0+EX4ehJCQcS7YcQFje1/QQqEJSf9pwFY4CiihWfMB8PP826dV9ZEsv80IdE7Gji
;X3YJ1Ny3VoVhDSyKFJrwRNRqUWKtCMVFnumEC0+h6ORfbFUTH/AYWf+Xe1aRGDbI0yVV4e7JCQcS7EQ
;XEjkzfIY2CQuHq4FDoU7hDZbMssTUYJZnKdNR3sUwgZBTt7Q9By1eFRn3mBn6FntWjdixxJa9hDp1U0
;5F2edAUVU7/zmHLRLf3rBcAWHOLI2XmLND2CEU5mwLD4kea0RSD2CpZF92GZhXOxGJOt47Vo3f8QPYI
;JegLsSPRp4ripeVO/E/RiHS0lwy1oVji2IO0NTxRNbkzbq001Ke1WDN29+wqOwfdgnU3LdWhOELbIpQ
;n7OHVyTaYC7KyMXeJ0UQ1rtxs4RsVRUHq0BZ+td3WEOPKhVP/Y2mrgsJhdLowdIXN7Q/hGxQ393wGMO
;hzGyPFtj3yNcmVuZsCM5GmCrGkM9gviRfdgXGy6VNUnZZt10AzicSATGGN3ufWRNJfZAFg2vlapN9hA
;QK5c+V8Vl1moZO55NBs0Hx+B2elUs90IcBrOYoVPgHxgnlTZc23PUaAQ9k0kExhjQ4H96QCXyThwGgb
;SRfdhUT3LHYTiCM4szW2D3HVGRWoyKISMIYMJ2Kz2Bo6VI4xYTK64RZ+tdnjVbZcwjVphQgLkhFQt1t
;gFIT++jknjYJyBSx2sCmF32WjcM2xNTn1K2vCMsEniuKl1c9df0D7Z4QnHacQiGXe5fNwyoMFaYU5rV
;W0p7FLEAXU3u0eUivFJBcvFgH58vmCleY8Z8PPg26dULIwlntlVIRfXR5Bm9VSAHrgVnmCidKlh+3CN
;WmFCAuSEVGnqlGUhi7criCdgkIx6uBUrfaO16NwyoD0qGRoanORUSeqQcQVHezOQJtE5Oe91aApMpny
;9Tadp8PPo26dUMJhc0pw1ZT/TH9A/YKyAernYSmy2CKENT3AVPkzbq0E1Ke1irG0hOgbORfdhUVW7ea
;hWfAp4uRW3cGViPNurRTUp7QLAQSD2Go5F9q1JQbsF3E+te51o3DO0KWoRPnr0oOB4U4XUtPfLW4xu5
;REVB3WoLgjmyOFh43BNSqV+HsyQmF0uyFFlJ5NH/fdsiIB6uSQ6FOJ5aFwyofEyDRI+0Li8kZ60ZRFn
;e1/4Nh05OeMdpC7QtjC5DadoSP/Uz6dVNBhJ6pwYtKYGjkQm9SlB73GQTni+IBVVpzCNTn0Wd1U5Kex
;TCdTg9gaPlGLVXRWzPcRKZOLI2UmrcI1OfRZ3VTkp7FMJ1Oz2Bo+UYtVdFbM9xEpk4sihea8AIYJpfm
;qFNSXsUwnUtM4GjkQm9SlByz3ECtDOCLlJ/qH8/9jbp1UJKexS1HF1Y3tf+Cr1Vf3PBYQLrXudaNwzh
;EkuTRIW0Li8fFNJ1LT32yuEYh1NPact3OJg1jCpSDKt1P/Y2u7AuPhp6pRlIPY+jkX2vTlB78XIGhzG
;yN1hozXw8/Dbp1QQkD3GwGUxe5MeRbdgnIHHBfwK0LoUzUmDMI0uPRozVTkN7FMIiTEnk0dcctEsgWq
;4FZ+1d7VpRYMcMT4826dU3CXsUuDYtPfvgkX3YJ+3SYjtm610lGDcMYD4+9jbp1U2COhTCdS0/gaORf
;9gnIB4qBmfqXe1aGAyofDX2NumFAQtbJexCGFDso5F9OBggHjVBZ+sart/cy+l8f2pz6dW3DHsUfjdQ
;JIGjGC2WYC0UtA9n613gE39I+nw/97bp1U38cxLCdS3tEvkqfdgnKW7mXBTrXf8uNwy6CD4oUPatTUp
;iP4sxbGn5eXzgAanE1tuDqMouRLCdukxNQ5cv/4/XW39twwGCti8izr1XF08sc0qF/G0RUP06FHxMnU
;/JloviHJjDeS4PsXAkmM7gN4cCiQOaVH9L9oRIgzx72CO3flMf0D2wFIwRqhNRMfJCb81xuzexVbkOU
;28AcChZ3zp3V8TJbi/jisPuEhFRVit+fEjhtzgt/HED0fvyPCKtgO1LJxTCXR8urjjmpGhG9o7DrY/b
;dG5eJw2o3CGQmPLsAVYxBdxwFT2Mo/EPfok7JaKYj8GW9yVIoVXips1hPUJgrVQw37tUlhVSID+cbW5
;5EW6eVCrwlAopyJSP9h7pVS1GxcihOvTprpaiwDzNCu1MfaupZhuA54hz6C6n+Id/53LBc7lkn1homY
;2rApg/VH599wz4lBInIJJ0P/82KaxCdP6KOTcebXx8RgSWlDqtsQ9ssMfXWlsWEoLAgRSmhIDsf5tvP
;flQOaMQc9DnIR4G6K4shWZ1u3D5TvhUIVflfYds2JS4OD2JuJHHrgVUwdy7Xdu1cp0zBygdnfaOUG8z
;WeDF1SOHRt7l3WTL6rj3y5NoFVPtWjcUAjtuUriM69nXE7sfrFAZ/YvRzWKcXSW7NUPi3XWWaR15wP0
;W7e3VTUraFWKYU9XBi5Fs4jv+cZiuRbEV/FJ+DAg02ipqtqpT8KLfc1SFnniPCRRBUl8SrgVn+07tsI
;lzh9tYpnbLsWuiKlbINaUrgea+Qoz0jyxVL2brXS2ONtxcIH1x9BIYK19IGGB3bdUnHIbcJZZC0aIIb
;Otd7Vo3j0cstRJu5pd452N10ngtUy8NTvmy2zuPHZx3l2mFWjcMqHzT93Z8mWYeY9DG9xHJih8ox6bU
;+Vmx+F0vnDHXPzH+SEvQlCUF/Tgdd5rptB+yjujFAem5kwHQk5dzl3Muyz3RK7FGMIzRONLcDGHjIMg
;MI9fW0Eg5Ybok+oxDGVDHPwKnEZmXrDSzYgWzrsOTgeM1wCbItbzTSG/uXe1aN4zTfC/rgDJtWuselD
;eW9VSMuZMkEKrIWV1895CckvWj2S50fiYGwVP3rz788WYeaR5NKxk0hyFfj2xxg8ZRDb3y1EKA9zaTv
;QI4zZTmYeCkDNQK+fjvjUDInPQ/vr03cuTpvuF6Wf8niGNC+LLNDY78zu0++IRzENuKEeMcMyGY/+hH
;Xe0nE3WPPf5NznpXHsO4gMdsG0VvBneKkasq85cMqXiGw8vFNfhK/kMH13Rxjty8P89g4xMj/gLzTZj
;B0gzprEzjGT8c1Mnmpnrc9RyUo+FRjc01mqgGxThBNrhtb3CXO3Tw3y6vlVqjUehLxysFvfhm+k5Jro
;XC4Y/r2evsUE39oJQabKGwTj/rCyIuAXHGrMn96d9eRlCQ+GxzghhHUIo8o9iEA609P9jQbr6DMidln
;+lf2dLdebFy9l7yblqGCfmx8Ki8FoR64OYWn4PjjoITqW6E+UFrSvuJziHOQFPp1g8otAYIV/MtlQg3
;7hWF6UatfOnHA7uCckEnU/Xl1dfuPKSyGxUJBUI80BYmx3dk56JYW4sLkm5Il7DfWoHepeOmJoteE8c
;qkHYrXYBKFwPOqnYG0w/Ziw//s2VSBkMWpc4KqJxLO4VZNHJA+8pfsjuq+EDZUvl6rRkpOjwCCs7amZ
;GrHD93Agb4A0CaJztQyTlqa4/RCvgn9AJezu2N5nqv162V+F5i9lM6PPEscjgW+JvFqo1N09VxWVMnW
;tDdc+hif3nEqds9wkIyDQzL/aj60OUFuR1JArPg1CNbTBjySDk7Aplv9Bnj1kVWw0EK0b5XQd3SmIW0
;J9VR5ro16+LAozVTxRmYGUsCENHIy+tmiiip2TBGk9GHaZ/Kd5NJHvjO+TCNteb5Rdmg7M6dZfNL9ob
;wAadqu0FPruMDQVD3M4JoqY3pTfwfuMcwYdliic4BUYTX5q43uW1D0WSHgxre10fcLtosMInkPWGKJd
;fZJq9Gv2lkzn5P0WW2TD7AVxPkh0jFSWQoD87KkumiMQ2fK0tDaTzVu6gZ7WKFPgR9G6mMIQZiZ21B/
;ak78iJp0wI08XXrCub0e7tGRey3E80NFko7dhwP8p+9SVqiucrLpm+vNWn6MgH0VplTnwg9Aod/YB+E
;N1nHH7rlEshTfTAFRqj8gAomE49ke0XdjTnaB/A4IxrmPdfq4vR8OCoxBynWf5HJZQG3abc25BX0bP1
;DkDsO1xy/0iUJutVMUQl+NcnLsKLxrxDZWCduamDIREcvqbOERvhDMwDja4l7qKEABYAZUVJKZnu9rd
;iMEiFHFzNPu99Cvv65Yff4IBEcrgqrdd4vdozOyl6kAgqr26HHGTWyJcRle0dHTP28QBZGMUSKbe3ox
;gC2DbQnCEqqCne91S3dnTy0X3F1YBc+DqMQlVrUm85/nouH3Wd0mZfxCzXcC0o+sOlWeeERAJGLyHpQ
;XBP2szkRQ7CN+UGzvZE56ZG3er/mAQWYr1DmPu7Ly/W4/ro6JF3Xj+xl58S3T8JhRc/AGwzXAQ+AtcM
;jd/JFhTNGFufYsZXBIQyMnPlTNNzd4zNoDU5YwCNl/X1lsnwE13jLDizFax74bkEkc/W7RfTI+nh0JH
;0Lk6qFHi0pRP/yZXLNJ2uJDhNdji4jf+r28h6HXQbcjwNYTXUNn9hXDGvipLnpXY5ke+X0leafNbvU0
;v2SL/JlEYNYK3LzWKgHwnmZ8+zOfkL1k4F9H3JRiQ4VKeMdVr8jkVHbZIGI8FFBrwXs/o2J0ZrrlavO
;uv88VlWJ28VUssCgOk+tqQ/4EKRvUILdMLYJu1CZOi28Mgq/RyK+bZHsJCnq0GQc7MWQkPtYmBvw9p5
;sl9ihRswbV95yfU9Nws3zIqTHEu7QyQNkwuSxkrgJA+09D8GYgJeOzf1at4W8QbLilZ6Si4yeY2S+pI
;jEiZmkL6HRdgx2ZDa653h+kAcVXD8BpGWBHk3sY9SgW6neuVvpiwE0LcvJea/hWJbMw3VFpUAmSsvUv
;dGiAltUJzOxyfQ2KPRqeMRNILUrtrms9Wpk/6vSG6uruoGpAaEAadXWiVjLQdlo4YIa7V5lK+D19TFE
;RJ1dQyqlXa5FA0L7XDw3MZ0EuA/GefbV+/f6GZhbOIGjsbzZLo9x6iG2rCbqWlx2AQCoOKdGmK0YkYA
;GxjqtZL68lt+/42SmzybyMDAdeaSJ2DvsLxEJMQ16dvNwyfZp8TikkUglj2yzt8VGTx4NsihUXErZeV
;Wmj0WkNGPunb/x0VPCbid9m6xDWlOBOxc09sz5LlfzQU/QE6BYQS3Xd6Ab0EmOoMi4AW5rFff1uOect
;e4Bq521L55V4sbHXHutpdp12LVwsWfcQZtb+CQIfgvgZVIEbP3uocJZtHTgATUQv/YDdYoxbwanHGtc
;OGPFcSZ3bcyivH1G59o/qyoj6IpFhKwEIIDeJnNsqqZjSRLLs0RpJOXw3byv8R7/8ZgtAxV9uJRhqvs
;tbgdcxd06XIphYL6Pjhvc3dpPP8a4FBHi/BAoQmTEhpdnq9UaRHzeVb4rXxAW+szDtrDwHlhw8czyTQ
;CZr9foPlUCBF6/xbaWE5DoqMbVSSQFtWe3l5vUdxmQAGOewK0F321F7C47Dcrw6UzCB295pNJ7y0T4+
;24RnOWWIs0sb4ZAl2LsWuc7Qraxd9YRlCYxCrcvw08Jh0P4TcGUoAwIro6QY6AYbFuVifGFh84FnsuC
;G7njB9+3uNN63Sc49w+I0oORm89lArPi1PC2aDWk7m+uFxzc578zfzUsufhwgof89HrtWNrFUcQR4y4
;tGHtpl2T88sQmjaG2EObEHUDLHD0hDy5BJdLLd7eC/Iu/52s3fXSA+4G/JVZ0D7wM4iQoV2xT+Od4Q6
;FTuH+JBXuKSsEPiY70jNelkY32uOvUNUeYQpHtaI4bgT955E53+xvBjM0h3sOh3HWRGTC7pAt/uj3HM
;7OXIDtvA4DYCMr3t4kFU9tkAAUiH/Wh4TbFYjaW9Jiu7o1ML7Hn8hVXyx/1oAjnmSNxXhTFXeD5tzHP
;EgAHWMNtaY4StnyResqlFn43xSq5k4Ni1IvVyTPePVR0ZotGqWaZgAFXN/YXirRhWuNP72/9XMT2gSX
;WIOvUJ6bQaLV21KZp05xTXFQJI6dvaAGrG9mjQj7YLgAi0Eosri38ljwZLx0MGJjTb08ZBEGRe9SG4a
;I5gc2hEc8nwBhOCeZ+UO1WjroGo1z8LPbVHXhXndtGLUuMqs3m2H8LezJLTej9gYJ0DIgOd53j6HUDL
;0vsRve+K1h2eQDa5/SaBAWn9jJ6NzccuVF48nbfZY+GeRZC2p3ihqPnfmbkBFx38eMgw0mMr7viRrD3
;7ulVZ99cEMJBrPz0F/HYnTGmIWrpOurdZTIBHqj0t+ADNmKlI/3nxAUhdDIT0AexDyBsyOJGzF09mZ8
;XpCwyfhiF1u2kIQpWn1mz2aNBe908YPZzGwhF8zJKJtH0I0AYnBhNTWrQXRchLJ3K2VFY2GvsqKEF4f
;Ex9s6xWssj3PZPqdVVsGkBUYqQIHm+P3344BSOgwWzrn6wWndIXNSitb+dDxUYTrB33y2tsnLa9tiPI
;txE65GGguWbjzlSTMPYNsHZhl97vODHxV4u9jjj+SfoBfwsSeptyaUIWahwIvYAUANsswSH6tAD0OMJ
;K/w4Uu9JU5BmSxmFh4bwgX2f+jXLd5iXlk+RbZmLFTg6lu8ZbaGkBXCyA5T7PGpixYLmVet1Z/3lx3I
;p0JHg//D1QuEFcq4lw2o97Zo7DHP91lMc6SFUStWvXEst5ekFLkr0uDEeJm04YTGRWJcikhS997E7Du
;Iwq8tpyDg9ZeR6k9KnjGrAXmcDZu0Gw65PSVZTlw8PSWxgFHJ0BCaBK7SCt1WdZT/EbEEB7/pdKnhsP
;2IVe/seCtwSwmY9TellznvYNvEVruUrIEztakMMsHxP9bZ0UKIi8UD0Nuoqq6UTCvqTz2f0Hmc7+m8U
;NgzlXPc9n/dO/jJ9IdzXiu3vbUR2E/4wHtIxiEcaYwbAnRZlydw2MeOcxpe4sBunPe37pgZALmT6weq
;QXWfxmUB8pRirc8WiEPS9OZdk2Od9gUl0l2LsTsXZTM6HRPKcB094c8wK48b6YnVYNuzTu9vFJPjhp9
;CjAVI4Ys9O7T77OMvPuDHydBjKf3sYc9hKXoGgXNTSQ7k7zWjt6zEYlO7fIpwO06jLWPCPkLlOeSsC7
;t3nc+0nINpJ4ryQX20TA8q9GTT/Nmxb0DYFqx/ZHx8jbG+Fe3gz+uszCyKqJuVU0KkINRkw+RKSW5ni
;GOyoNSlLjbVczHWPSMrtVyKFwAzkafFaklytRqWW2FgnkB0eGvSbEkF1rvRL3dxrO/OxwDBIkuxZmEc
;LKb3Z/JzwlAzqEhPz9Ri0xoWaiFzBXJkxjmBcY66NQeoHpuZbhyXTJAaqEQZ9TwtsXqZgut66SY2Gql
;IkBVGHihknkJoqyGwmeExJiom44ugVtPJa97OAHU8AAd9YZ7MCtju6COZ1mx91g5ZqQTI/sOtUqXKMZ
;kZL5u3qAttxvsYkxhgi8jDiiv3DlnAX0mDuNspbLSrN6ZBCLvHI9lHdqb1xCEwEfkuHSWHtnh99pPB6
;7IkmKcf2ciSLRdHBJefdQ6V/9GX/lI4xWzQ2+8Thi1BhzXLoay4Nm+VPymto4yiUz39ti9V+XrJyIcq
;E8KdoGuOjX5F0qDdndSabhHsueYcSORFDey4o4EAnp4swUSh7VPY03N/NFjInbL0xDOl5DowdDfAXBg
;D+capB+qTmHpwugtFx35evjpyBGRWZ7JVUTj9W1ekoaj1PWHUtrXFxGrhwdZUdY9LuCZ1lwQZuE3TcR
;rJWf1kAgQmNqJdCkfMhpAW9knGZ2nK+n4Z5MJyxm+2KkPndXkMsmYHl8W5R+kmCZ1hszc8Gu+5FxQhh
;1aW2XMzjI8WYuyNNOIxBquoJrRXRyZq9t2MN1Cvpc/W1qMFMvQp8dsvhgFULVAIJIw1b25gsCqpwMb+
;Hi82BNXYBgSz+2yrFuL0Rr8qTNe+gi1A7twhQwUSDEnrFv3XbXV8/QqQpXzXE9yVkW7J/Rd4wEIJKH/
;GQH6U+CKErZi1b+PalQUFmibk4UhSf/YsogmaXDvgG+JLatjBNl3z1NfhIomMlOFJN710gvo4nXVZJv
;Ifd1CCcH2tNpQaLJ5SRhBiriglnuWPgDWqftsluiztjc3YxfcITlnDNQtx/gmwkzRc+0yDBXEIKKvQN
;3397DObGrzNy3oaWKpqXC2MvpQVMavp+kElHSfnXbcrZ5vECUXCkT1XpdtPu93gQk+1mVRP8kr6m2ig
;CI2s9X+piyCNk1lCwXmxt3smVJY0/EwZkN3cP+FUOFOLgxkRWGrx2OKVwi+0k6/wVnMHirUUHxUqHDO
;aTi0cD/jcSb54KdPZYa/aBwcEVETuAp5TKM3XUDrAkfxrteq1e1aitlTY8+HHSHxrFLI8zODgp2/PiL
;v25/mKCtzbotgGbml09KoUV4DzDdH3KYoRNR2mDOzAz+V7Y1r5WXuvS5u88Gz0lUln5f9e/6G4rRFcz
;q7ipKxU6nPMTL4mbUCsRas2puJI9BD5pjwVnUV8PoveWnhzlo7JxZM3oaQ4FyjKjBIN8DIkCBKrVUrs
;stvsqa2nJi0akTd5VE9TAnow3/tM//h7iUpY3gRkol1EKJ7RJGqj82PRh8YleYsn3dqNv1lPdJ5ZQDO
;Nd68YYQ2UDJTBw72cjLjbZ8zfTnLljz2BAKZLcrlnpe119uPp7ZBqLstoutxYlu2Fk/AUuJx73S21l7
;+XcZ/OZf8TJFNP1CfrmWd96OZD1DSvqLAcRiLbhyF46f8khh3SOTYZnq/+3PNCxJBl+fTCB+dTVerZo
;AlMSbGTRrcBdcSxKEn7wQJqb7qiSPz/2Uj3l53SABwEGeNjyvAXXhLjwyJW6ZIvPvQktooaBicmQ1Er
;W8cbl3HDCOoGDrk2BfT62w4ck2qIULOgzqIPv5whX5vEXx/9n8FZCFEQkzpeJPRJsamMbWu16n0sHjo
;+5zNk2tvn10znrY9f6Zj5f+n8SevUcCepZrEo3DOlsO/c2+dEMWnsUg2UpPIGzlTzIJyBfvgFm603pG
;ycMqD0v8jfpxUkLaxTCND05gKOBeZk3IB7vFWPqXf1edhyofH7mMujVXU46BMJ1bC2FopFt3GYwHq5E
;d+9c7UozTbh8P7cm7dRNWn9V0nUtfJGnkH3II2EOrgUm+1ntGicI6Xw/8nf50U0KaxCDdS05wLOVfZg
;3JF+uBWOqTeladxysPT/2MqjFSUo7BMY0LT2F4oF52GcwGu8FZ+8c/V43TLh4fvY27ZRdTntU0nFsPY
;Gn0G3cJ2AOqkRn61msSjMM6Gw7tzbp0QxafxSCZSl8gaOVPMgjIF6+AWbrTekbJwyoPS/yN+nFSQtrF
;MI0PTmAo4F5mTcgHu8VY+pd/V52HKh8fuYyLHUi/aBBPJhbhqOBb/Yh20bY8nwHNroiMvVIMZ2OTK5h
;p6+LfnYogtBQ5DnIQ7/e/nhqy3hdlt8OCQtn6abLoIbZhLv0Oy9IUaaRck+cIVACyOW00p+TU43hqbb
;U5TmzVwgjHSTIHcrgtQkdKcKnJD5cvgEqSLoS1ehxX1XW64OWLaPxNKsbGXuFvLOVPLHNf/FA2xmaIh
;IMuNpniNwPyg+CGh3k67rElRS/GPHOWBnPh4BkRXEGp1vuQt2Yc4KnUJ4lZuK5Zsp3gqZQBukRrwjp8
;rQaTN2pntz7AfqvKLPfN7OR7wRvaPP6hgY92kDJtbwTgAyVsZQ3vcgQYtMS6hFcxbSW6iw49A6qBhJ9
;2CcgHq4FZ+vV4lpCynd2P+sydovytuecKuA7KIGjkX3YJyAeruRmC8YgPMLB3ofRqdhDmPJZe2DXdVV
;A9F7oaNQnIB6uBWfrXe2lN/RPH3Ap8h2uTup2HMJ1LT2Bo5F9WFwgChP5mNWhUEDVlX6IrDPUD3LGj7
;ZbVL76ecWc/DTBJiAergVn613tt82rE6eIsnK22nk23BRq9i8sUHwvQVQEdF+vBWfrXe1aNwyQZMMh7
;STub+gUIhmg+mY28GI6gRl5Xg+NcdUDwTQ3DKh8P/Y2T9HN5UePv0UtlVJk1k2km3jA0rk7V2OQ5IsN
;qHw/9jbpXUBKJHn03vJSV0xfAtZA4XOaHs+X8UjUQ0xADD/2NunVTUqLHULao1vfO22UPx9WS+ZjYEZ
;f/WVsEiiMjDPEwFe1LhICg3UtPYGjkX0w3f1kEz+ZFtMF6n7SR6rUI9n6DHttljnWPtd5CrWvJParYB
;+uBWfrHZdaHxeTbe6JW3frBoinFcI+jWWxcF5S9nnL2VJ5J79c7Vo3DCghPwpAFC0pkMRp/oD7yrPu8
;nrYG4oSrfiA3S3tWjcMqKxRELMXhrJXdwnC/TAhe2jxgyrFPBARXfkovpmGcutAfz/2NpXVrYG805ec
;ykpOLUDxg67g1q8FD2MjXPYxjqboo2/IEze/P6htPN8qZYEjaX0ovLJXRf/oLNquoJNYFlN00MuMFnR
;qexSIOUBNUdwOyIyLFg4b7AjB88heN/BTfGwK+zitJvX02p1w9VFjk/a1lNgv3tU4mgtlywk3DKh8dr
;N4rXsPKvku0XUttNHt1nDSPSoergVqohWpCDcMqfw/9jZf3UtKexQS5neGgaORdKhveW2uBXWfXe1IQ
;w12GiCONunHpQM/VZYN99Ac6P6e7jBgN/d8c8ON2dVOuGM97QiyFSrYPZZuENX0cSY+VxQIUaDaGKEI
;OvzSwKZocV7avcT1ta2ySqbu5Nphv+f0dxg2R3nJ1ll0ZtBn6mozPSBl74VjmK1kCtxDQNIbMZfTEB8
;kGker5zdJbRk4xhmuGu3NVPOcamwQwvQoTLrbSrxBRy2wC2fZjdbp0xcMcF2nbbd19UN7sVf9Mjc1oR
;oxE95VIqT8QiCs4DKVheEjlc4HR0YamD+mb1m64vLaTtIojYyf+V28tIb6z1ZkGiB+Pn4/GaOLVAhE/
;UkRYXze4Q0I3rm8hn9gEoNobvxYNpthiO3f15V8g68YwwSyRMFAha/00yBMDDr/Fe9bT8NIH/cq+ynp
;1AatJqdGlYuEW8wZOYuwOICFKqojusNjWR0WRtqhImCC3x4NR1FhfKGkla1C7qeGa+7HhVuZqUI/QMt
;OhkYJ4fVoe83Axa7BJ7UTUNra/AroTdWrUWRQ1/5aDiWslj6okixkrMzzVKN2TXY72C9ASa/xBlIBR+
;CZW8tiaqObZKrVNfw0Re62puVngdjYZSro21jIjq2Q2SoO6Hzt8oYArdU14KZSWyjg2yvAdYkvYGlLW
;Tq21OKsja5Au/aShLpqdkg7FON8jdB6OMt3Zump9fhHa6l1r4dGkU03Mgx7KMtN8OiOdOOuqbvH3HVB
;6UatDmB3f11JXUqRXelaD1SJw0087JasjNVXiK2APxAVKFiukvB8DkTbiCBjnJg7N6GSah0BRkYhNPH
;nEPhV+jcPHqw6ZzN/Pa+YokMi7GvByFe6paRbrRtDecqDBsGrtaPhfda0YNaKWldwsUACy781Yubh0E
;F1QC/lADACbmnmH4oXyGdaDrjP5NX50hp2Nsu2pThyFCJNvdiz4EgB5nAHOYlnPOr/6DpoXYD59pLUh
;XR+SmPSE6S89djU9CRSSrl26gplPChATLyJgvZ9Kj93mWtgsKYXVR1OfKJXWBMVkbNft0su06BeFAxl
;Doai/QwHtB/QOljoV0IrCcuwkicgYe9aDZzS46YWQaZ11bQGxNQQWl91CfV7PAG4O9fKONRr0g/qi8p
;varSn7GULGx3aUk18fO9kTwNIvlg9/izf2DZYX+fJ2685qQybhHXfdrOFq3L9ra3PHXRP0ZEh32hTjC
;nhB4TzBk9sHv+4aU7a15cwuN85DhObZ/Www0JC0CEukYJHy/nNhYEI3BStfK/LI88ifEWRd3+ODpXI5
;DOHjFAOcH5X6Sa4FjJE+Hq5tuHsLZAOOVeb9xkiJkxY675sQNrMLyZdIadLctYi4iXDLFz4DttraYwX
;j4GQAaanzGHTNtPcAc4BN6QcziXpDM9HIl2K+wcqFv3qbf14J08btMVz3FT5qR5sVjh1tPpoVTQyfnp
;F8o8otxO9Ec4OqTQ4N0bBoWdUfpNz6dHSoWmpVB5mvuJqZvUQmCMGQVlfnY7J8Go9zgmXTOIYvJDoyE
;kXaTxx4LpSm1eCbJ4qZhfivc7SZTkTjvhCAVGIqCpW7e3Lbie6qW9rlzdPjRMH8EUwYYt1T+6IwcpqW
;4VLCkHtczVs+FJUZ2Ht/YuV1+p7+lIqcXZWi5HYYia6qNjyAelMZdQ4EwdHu6nQJxhI0AuAiRFODrr2
;9e7vLtwv8gxz4qzAD3UEIMCl7IvMp2pvXMwivtGm+s7EIuXN5gOyUsL/KsMDEU0KkWocCYZNJzFkzhN
;TzToBUi/UVNG+hplGOPN+ZEQq0zCQHMgJjEOHOGmR3bER+72iO0sFWNdfEYWLZAD3n6ljecPa4lcy3l
;YuInuNNIv8Fu7c0js24IuchWS4h4e3WqPEL8NIv3vWLD9yyNPLST4bRpkFIDe2AtZfTSadrD/zhLoIC
;+V0oaERGZ0NFU5VCcV3qt1ZQNsRd9pKhF9V7lmd/kaON2mbwCEXVGU/zUKLVmkAuA/psivlCRelVdVp
;LGBA7n0EVHPyFvu2VPdjXfz8+90NdmFGo1waJ5PHnQmlXBSJKwcjgC+BmbqPeDDRhj7iIfBBHVbSJUV
;6dKWYh3N+VgzLoywp3hxSSPKGN7jheB2yikqvjjwI1H7p+UoZhhAUevIrP4kRw/oOImR+PSIZ2E0Xwp
;nl0qeRQH/wmRlKgNpi8jsBO/FD1DyWzaF600xGt6VeF30CZV3yEnpLGVo7sEcqx5Cg/pYCD5iT8zieJ
;8ntYqdyKKF2fzR/H2Rn4o/pThAoa1lMIJqkBaDPpY6MJyglpdBOBcg8Xt0a6rsg40YImr1eGsEoGM53
;xDM2NN1rfeEbzZQFn1UtVaHkqO53FcYtlDRVvw4pVpwLH6JsnoeuVjiOHObIP7h4p0fkrsUmN0T72gb
;TE8kX1AVrsovsKn+GW8MFJIctcRKIoBgCVRxBoag49aK0pAQphWu/pgNRq3Q6cCe9fbOCpMwIaSnkjf
;i0FAP9bZGP+Re3xQrZtulVwyq6NatUiXwkEwDjex7XUEbAQGx4cp77JWA+ytcnAJ+aUXdG9XWWODBQw
;92FhX+rWC2iljQoIWQpWZs9gS+AWGFrGc6QPNvbNqDCcQNzaL9/UTHWjTYLCwc4qds3w9XZzUeNjKrU
;1/oyTpbH09G/sEdJBig1xHmYB8Xm6rH4lu+NRYR51HbzMwBQzWEoepBeQMBeh7PzfPHCWTIH6V21SJb
;Re7CoHoQusc/qyRAk4huyM28tw4ctOn6emp8FuKC9pwBVmz7wkwzSkz9rA2kWsm81Gcz8ZayNxFvwmh
;D1vfzZIxQerDxMYtV54Z/xE+IfL9xEvqeVbYlHUa9DEQjk1IWY7jOBF9NO7Id5vwl7CsgGpXDAGYFdb
;t04TTcL0iWM6B6WBZ4Hs0Nv96/mMmTDwIH0Ai+mmSnYlkbyEAMMlluFACD9YLXYkrd9sqBre1XlWLvI
;AVn/si1FfEqel/n7l+jptx67PDPRoOtMyyLfOMNk30xw+sYV2Wd0s64vZ1NRR4hgu11RrW4l3EPPQlM
;8ELmobUuI+iz5p4CtsNry2eiD8WNrqjUwhIjrYMLhls90zGDKlqoDCOTRnR3JYgA4jj4Jyvtyn9g5qb
;xDKOBTntUmlY+t8OjjdzmbUBZ8tQa6cCwrNMVQ8AXghD0wlc0WjlO+807P68KzeBfzYTOgJbgSh8F74
;G//7t09QiijFuu0qFvqfgh6BzPKdkt7HYsg7wF3tqpnisZJ0Ni/dhQBLySDnxHSZFa6kg6FeB3cjRq8
;DBvIcRWzza/a2g2mCpSnoKFYgLZIHuAlKtmDEIq0s7qMxdCXxvKoEwdMQ5LspH/lzXKlW8GJLtJ5JP6
;c1Szhz+lJp8Q4ZX+VM4BCtnbPkeoY62kCuzcn0Jl7FSumeNtg0GciG0RZOBoXlDxzbv1Igg+UVapUIO
;sFoVgkm6CHqVXWUdf+Wg6VYmS+ghqe6VCYQm6KvuVm8WwJgIr1g8mwStO0O7pFgtINvIGeR5mieGQbQ
;1P3zbCJzichQehFvbzdjqzzcqqPJ6sCtAp8rsBJD6iK2Fvsmc4BS4qK/DJQ3OCI6mYMP+uoJUvuKOPI
;XynyQCjR/H2WBUdVaWuOnbFuBkRW6ivbZ56qmjCCS4yYvrelCL7DySfCM/MTia/EMMtE1wHwm6B1o9y
;OifUwQ3MLHzXLyzmsUZsO5kwoNbPuS837ol7u2UAfGhbEaEGlEPJRMTwp51Oe0Kf4154ijutTNPL/Ud
;WZoSJ6oGUJv3qNPmI9TmCFTE7CR/n8wvIuko50ZemEv8HUvE0XZdTB+zb98fV/VkAvZEa7f0o8OP95o
;Y+cL0K5QpH2Y2QDL7cQetXnga8gqsCNgn7IsDY5pLTTyA+UV1aqNhZjXfqdLp1OeeZznwyrMTqiPlxw
;MzvJX23LY/FeoHry8m7B/0Vh0Qz7HDje+OMCd45h7z3KJS2eA9ri48fVF/szy3urTEwp7VtVJyR8M52
;DJM/rx237k4KUAK3R8s5ByHRhMQY1rWrRWAjyLT3Dzoy6BG1LRGtdZY4ER59V/XdC1eGhIjADAW/vJI
;XdbVTWPNdyBdDzB1ffxU5cdT4d60uoEi+pe2JMiAU60AuTSkbj0B+AELMeWUm8NiMRJY0RcsEuBJnoW
;J6eeNjIAKJmKX9Y4VKgbytw4Z3cVGSpdTbX3BVVeKAr8yciNIc5cIbmO3WUPoQged6ABDqk0gdWqEIa
;FcUDiBoD8ru3/5vkB9ryV3E+X0lZe7a+1XqRkl7i9VM43uq7kje8YRSfxl+xashHz3XpOQrcPVVbbK2
;24nvrBU6dPSram6rlef4Pm8vC9lJ+N0ITxgENo+T4ZgOcX9FgZFVhDGD0liXrJwUde2MJMG2WZ/lFvx
;FxaN16eUduOw0XnbWwFFy/1rfUCbG7aI4HlCz3GZ7KlL6deE6T1sY+krmC8EkwglqwpxJQMdsEg+FBJ
;gThUp1a7/yxT5sPFbLJq9e11QC8z5HiOCF3PE++FrMOaDWeyWehGtmhiTUkWI6ajNSxlumfrq4S2XB6
;T2uhzEQ1whgwW6fupJbTxhoA7oQG4luzkQUI4dXX84PACXTMTCs+GtqHoXELWpAVkz4DGK1rKFWmFhg
;CmVcMGsH8MMVu3ZnT88ygTxctfAIK8A5yJ9GXXwqk1KzKC0wUIcxvh9TZfB8VNiyZ4FhACeGnpwyPLR
;TobDLoOZqS8KYCyULV3VfFfWqKCJztPY0hpaO2LyYd5068CAkeNiLRdxL7BtSmgHiv3LrAK62OBHEyO
;vfTId+usQtEa7wLQwLw/DXcV64NlQhuUOVS4h8ywnD+TLqbT2NtlI/IvForSe3KG0zpuse2CISBkuMX
;jRA/pzErq+QxsAidXTVal/36cEt51ascu8Cpsj5MRG3A+Xf/JVe8HE17S3YddK0OkNTZghG9/fb2vMY
;X4nb8N4N5kwORmyQBkSm+hUQvvTIyBDmzGSPi+3epKMi0OI5NDHdbQxKoOZNjTP2SJr2nLNszbQrDDd
;CdZY9J/D3KtuduWlGRTXaVbRPRfV06+i3K0ptR5Y2xFdDaMOMWPF3T7f4oQAOs1RFrO/3H6CoctFPz6
;U45w67Fw0Jpi7Pq3oRCRSsQjOkz1zYBgHzwUUVd2YrUNAV/05UlgeWPC91RhTeE5FEIAbwNGHlIbkpj
;XeQDxlmpOHXsvf4Anxrw1pwgMsJbHxTGZXbt7ST7pY8lyjpLs4GjJ29VPqzrYzQRDsaC5L5KqNKBebr
;wid45cxTCZS09gYORfdhnIB6uhWfrXe1bNwyofj/2Nu3VTUpzFMJ1PT2Bo7F92CdgHq4F5+td7Vo2DK
;h8PfY26dFNSnscwnUtLYGjkV3YJyBergVna13tWjcNqHw/9Dbp1UlKe5TCdS09gKORfdonIB6qBWfrV
;e1aNxyofD/WNunVDUp7FEJ1LT2BopF92CUgHq4BZ+td5Vo3DLh8P/YW6dVNCnsUwvUtPYGjkH3YJyIe
;rgVj613tUjcMqGw/9jbJ1U1KfxTCdSU9gaOBfdgnAB6uBSfrXe3aNwyofD72NunXTUr7BLoJUWl4fky
;gLfr9A+kGZ8v8DaXP9NDhFFPiNAiQf/wQwlWg3X5QXkKHDEVqr/iTOBIHu9aNC38/5h9eYvqAl+ULmS
;JBek4mrq/I/rd91rQ+NupdMLGe4thP/Bo4yl/JOBmc0sRbLWzmItneQ4aPpRJjWif4VFBEMIuImpmn8
;GXpObPR82TRqLe31dkjXfy7Emx2ldCmAtb+LW/Fw3YnHI+wFUPCd1XHVH3zj6FQv7Ewjrcxex2IfDt2
;NvnVT0I0FK/0Up6B74CBKOQvVIegqSWT/Vo1TKh0P/c+/xWOifjuKdqS6WxOfLtp+o10Y9y+MgnE/xk
;jh2dadjb51U8KexyiCSzVzRzerYesK8XSfVFwAJIj2ymsfD+GuScn8naVKEkGfWdZhxWOK1RVYNCr87
;n2qlo31DUjQQ9zLgkMS4RRCazas2r1U/Ln2fg0q7/nA1+fq6pv6muvbemtwp2Bt0qNstLPNnT6yR6KF
;Yi6cQwKvw9YNiyoeL/2pPsVsLeGvAMroT1bm65CRw2FymvA4lHlVWpoS6h0P/cWaTVJOgRrbZvC0lY9
;etOrLqgM7hpeM9/dv7cMuHw9tjaK3w1NDO+TJ72yw6PseCnN9TXLOw2Kfe1etwy4vImKzB28oPvRPje
;c/prhoe1P2s/j22vAs32fywsXDKz8PxQlaciV3yn+DUrS6S6GIkW+dSLG+xEiuvU69Wij1bpBeDb51U
;+S5BS8itDKltxGCHWNilSctURrTJSnzfkcMTFt8mjVXUp5zN65GEJ9UhaE7yY9HyooadgtUCfMekWBC
;Jno3StysQgcwnRlLEFkHmLjuPtfE69N6WTv2haw0Y9ZTH/9rNPhlKo5214GOiuUfFwAoMHQ/goIJhsO
;cDe7g8cHFajOTApRqL+OW+d0HbjqleZYjSYzlhaqMtEjzC9zIEoyDHOipoEoA2zXz75Kj/hdoUWqlwV
;n612kH3lIBj5fdOck1U1LexTCKuA9gSSVfdgWIB6uVWeZXYRaWQzcfFr2ROnnTRV7VcI7LXiB95Ei2G
;YgJq5aZ7tdgVpCDNt8YPZk6YVNA3sgwiotboHokS/YFCBBrkxnj12IWlYMxXxe9l3psE04e0vCJS1Pg
;cyRG9hOIHKuYGfrTu1aN23LH1qaU5u0OSMUep0XQkn1zPx92ScgHq4FJ5Qd7UE3DKgdXJVThbA/Kw99
;rRtyX+7X5RK1eFNr3GMGiDjtWzcMqHw/tkmp1VVKexSjFk5Y7cbjHKxOT3DxYw6ZLpkFW23RGU32N+n
;VTUp7VL01LS6Bo5Ecu0RFcst3Bp80gjRoZcYaVppa6dRNSnsUwjVSfYG7kX3YRkN9y2kCmTyZM1hi9x
;VRhVOdiiQkFXGwdSw9gaORfZhYYB62BWfrPI45UmDNDl6CX4a7EiMVZ6cBclL01/QP2CYgHq4FZ6sir
;VolDKh8XpVVjLkoOBpgqxpDYvHR+BOsJyEergVn6x2SGjcYqHw/l1WKsCEvCXW2HEJT3tDkDahIUmqu
;BGfrXe1ad3PofC/2Num0LikeeKcHTEnozP8irEhQHq8FZ+td7RpITKhkP/Y2iLYuLxdxsBRZVO7Nzgm
;3V39t23cBij6IWjYMqHw/9naWlU1ZexTCFE5e5M/0D7lTSXHAWhOZPJs/WwypfD/2NumVMgp7NsJ1LV
;ziwPQRvVVBasdqCbQpnztBacQjTJ5Zm6ESLhJnthRDXuSjkH3YJyAergVn63TtWjdt3hNWkmmdpyw8H
;nidHUJR5NDODblTSEHDZB+0MYg0UHjAI1mXVZ26P0p6FMJ1LT2BytF98ScgHs9zCII5si5Fbd4ZU6le
;hrkoOSRkowFFYuzC6SK2SH9sy3EVij6ZM1hiqH0/9jbp1U1KexTJdS0948b9CYdIRnjdYBPrXO1aNwy
;ofO/JNv/VTUoZca4Bck/gxeUiuURDe8JgFYophDVZDKl8P/Y26ZUyCnsEwnUtX+TP5SKqRkZq8WQOmT
;qMKjcNqHw/9jbpNXJKaRTCdU9Y7dfOD7lBVEHIaQicL4wuUgypfD/2NunVFAp7GsJ1LV/kz+UiqkZGa
;vFvApk27Vs3DKh8P/YiqdVdSnsUoBBBSd7R8BuseE94yHYCn13sWjcMqHw/Bgnp2k1Ke3anGVli88L3
;CYdUUHvLYWfqXe1aNwyoUn/2JenVTSgeeLYqX1zn184JsE5DdcBgFJhd7Fo3DKh8Pw4J6cdNSnt2pxl
;ZYvbC/RGHQUxx2XcGnzjtWzcMqHw/9m+p1VlKexSgEEFJ3tTwEbR4THvAYhODAoAzWQypfD/2NunVvX
;V7G8J1LV/kz+Uir0ZMcvF2F444iVo2DKh8P/Y2zZVNVHsUwhdfVOXE+BO/eEVm2ncSmDSCNGh7wRhLn
;mmbtDkjFBTDdS09gaORJJgnMh6uBQWZNIk9XmLPI1mXWLamPS8ecMJ0LT2Bo5F9gWcgCq4FZ4kvhD5Q
;ZcYbYJBfkbApFRp6pRlIPYCjkX3YJyAergV+613tOEVlzBtWmFG2syElGmCnEXJc88bwIrVOTh6vBWf
;rXe1aA0yobT/2NounJC4cfawSclvtzOYPuVNFHq8FZ+td7VpuTKhkP/Y2i6ckLhx9rBJyTunG/RGreE
;ZywXIViimIWjYMqHw/9jawlU1fexTCF19U5cT4E794U3bLaQuYAp4qUmnMfD72NunVTUo/VMJ7LT2Bw
;eMUvEBJcMlaFJs4iD43Dah8P/Y26ZsNSloUwnVPT+jH9hS2QH9t23UXhC+ZP1NTyQ5al2mbtDkjFEuv
;FFU9gKORfdgnIFfuBWjrXe04RWXFI1OfWIyKLiUOerZ1LD2Bo5F92AlgHqUFZ+s/nzNaU8caWYVTndV
;MSnsUwnUtPYGjg33YJ0Nxz3YTgjOKBVNl2whemFWM5E1LexTCdS09gaORb9gnIH3BZBSfNIM9aGjBD0
;uXWIqwf0p6FMJ1LT2Bo5F99icgHs1qCY80mTNYYskQYJlYjIo+Ih54ripCU97X/g2HVFVsyGQEji6yN
;15i9x1Nk1fp1E1KexTCdS09gYyRfdhET3DKbBOCMoM7W1PHElqpRYGwISYke6wqWVLx/OIIqkFBfct2
;OIY0gwVAZcwIV/Y36dVNSnsUwnUtEoGjkR63SUR32mwIhTyBBUNj2CNMg0SPtC4vJH2sE0RR7fzhHKx
;TRWzAWgqCM7I7RWnJfD72NunVTUp7FMJFLT2BwP4TvE5Ud8FrBocCmTVHU9sJTZBXirASIxVyqxlBYv
;HC5Qm9VU5Bw2wJtCqEPkNkqH0/9jbp1U1KexTXdS094sz+EbFJR0HNagKNO4Q5XmnGCGCXNuj4DlaQ9
;vQvEj2Uo5F9u0hPcsdrALQ+gj9RasEfVpNYnYovSnrZDrnh8U1XLn3NJyAezWoIhzSDPWhvxxlZkF+K
;vCgkD0uhdSw9gaORfRhVYB69BWfrPoI1W1PFFVGpWoisKDgkYKsYSD2Ao5F92CcgOu4Fdutd7TlYY8Q
;jUp9YtrMoLx9mowFIPYCjkX3YJyA67gVx613tPlJi2xlghUOZpSI4D0ukGUJK88LlGNgmIB6uBWfrBK
;1aKgyofFuTWJqwEjkOZLIaX0neyv8bsUtMQcFwE4c0gz9EDKl8P/Y26dVNSnsDwnUtTvTT4RKqU396y
;2sUjgKLM1tg9w5eglPp1E1KexTCdXl9gb6RfdhDRXDdYDiYKJ0qWH7cI1aYWIynEi8DZKMbXlTuzZF8
;2CcgHq4FZ+td/lo3DNsJT4ZZm6ESLh56sRByUeDa9A/YJiAergVn613tWiwMqHxbk1iasBI5DmSyGl9
;J3s/wBL1VU0HMahOfMoBaNgyofD/2NunVTVl7FMIRSFPyxs4OrVdQcdxxOJgtiD9TDKl8P/Y26dUECn
;sNwnUtWejO9BOrTk9w8X0etD6CN0dpxg9egl+Gu01LexTCdS09gaORY9gnIHrHaAKFLoQ1WVPQBWCVW
;YSlKCQIdbYcQlPey/4RvSchHq4FZ+td7Vo3Fah8P5JamYosJA99oxlEXPLK/xqHQFJ/11oKiiXtWzcM
;qHw/Flmp1VRKexSmGV1i4M3lFLlLSX/dbAmMAoooVnX3EVaYNujVTUp7FMJ1LT2Xo5F9vEtQQc9rE4I
;8gTNWf8ESWKlajKMoJnsVwnUtPYGjsT3YMCAermELmwKMNENlyRBWl0WAuyoVFnG2HUJZgaKRfdgnIB
;5eOmfMXe1aU2DYI12XRYyKISsCcbAqTFv1xuMivV9Qcd1wFY4CmjteePcIVptT6dRNSnsUwnUtPYGLk
;X3YQ0xu8WcGmDiyNlZ1zQ5glFOPuj8vJHG6BUJO9NH0Iq9GSWrxcQ6GOO1bNwyofD/2MqnVUUp7FKYZ
;XWLjwuIYh0tBZ8t3OIkynz5SfvcTWZBFjKFNS3sUwnUtPYGjkVnYJyB6wnU4iTyeP2hgyQVahGmKuiM
;+FGGwKkhF8cziCKpCf2rHaALrXO1aNwyofBe2NsLVTUofeLIqT1zyxs4RuV5FbPFgFJ80gDtDZccSYI
;JfhLASKRR5shBDTuDX+BK2JyEergVn613tWjcoqHw/klqZii8rCHGdGUxE5NHOG7FLTHfAYjiOJZ01R
;HnaGWCCX4SwTUt7FMJ1LT1xnJFk2CcgesJ1OIk8nj9oYMkFWoRpmbo6LwlLrxpJWIGikX3YJyAeXjpn
;yl3tWlNg2CNdl0WMiiErAnGwKl9c8cr1IrxVT27xfziYLYg/UwypfD/2NunVbQp7MMJ1LVnt084fuVR
;FQcJkHo4vsihWfMEYYJpfj6ESMCRwqwZZXO/A9H3ZJyAergVn+R3tezcMqBhThmmLtD4vJHijDEhP3t
;HwDbFDf3LHYxO0J7IpR2nNGD/3NunVTUp7NIJ1Dj2Bo/URqHhCf91gOIc8lD9FU9sQUIFpjaciOiRun
;RFETvXC/x69JyEergVn613lGjcsqHw/klqZii8rCHGdGUxE5NHODrRIV0HKdwibApcFRHzNGVv2N+nV
;TUp7FOI1LR6Bo5EZtFd/fM92ArQxjCNSfvcPU5lBtrkkLA9LuCpJVPLX8BO7QiAfrgVn613tUncMiHw
;/9lKFpRIoGmenKkFc+MbjIqtLT2nxaQ6NKbIgaH/YGVqSNujVTUp7FMJVbT2lo5F9vEtQQcxkFI4CgT
;tOadojTINGmbo/PiRxugVCTvTR9CKsTk17rgRn613tWjck6Hwa9jbpsSE6JHajBkhi7cLoGKp4VHbHZ
;gyFOJ4paG/HEU+TWJq0OSMUesJ0LT2Bo5F92CcgOq4FZ48xnQVVbdsZYJpXkLA/FQ5kshBfYvHM+BOs
;eFd/x3E4nzSAPzcNqHw/9jbpNXJKdBTCdUlR8fzzHKtCf3LPfAKZLu1bNwyofD/2FqnVUkp7FKYZXWL
;iy/AQukJSQcZgBp8onQVEeMkSW5RPtqEkJx4Uw3UtPYGjkWmYJwAergUDhy2yOV9txR5ahGmZpyQkD3
;2sEnJJ5M7hGKpGVGvcYGfqXe1aNwwoPX/2J+nVTS4XZJ0WQlP1zOQPh1BJetptZ+pd7Vo3DKh0f/Y56
;dVNLhdknRFfROjN9iKsTk17rgRn613tWjcY6Hws9jbpsSE6JHGmEkhi48/kD4dLRWjLaWfqXe1aNwyo
;jAD2FenVTS4XZJ0TRE/s1PAPvXhBfc1gC44vjC5eY8YjRalSjLMsPxdgwnQtPYGjkX38ZyAFrgVnjzG
;dBVFl2hFIl0SMiicvCX+dD3JZ5MXwCLRTIB+uBWfrXe2qCAywfD/2UoWlEiwSZq8CTE/k/OINvUJEQd
;RaCool7Vs3DKh8P/YiqdVWSnsUphldYunG8AmHRFVsx2sAtCmIN0dp2h1Lg0SM1UxKexTCdS1zwaOGf
;dgnRHLeWg6GPIo/aHjaHVGFUIynEj4Sead1LJPGQutpdjJgHr0FZ+s5gSpoZdsQXphStrQ/LxpLrxxD
;PYCjkX3YJyDmkQV8613tPlt89xBej1ObiiAvCXOnKk5R7tD0Ir5GQ3vdBWbrXe1aNwyofD/tNunVKSY
;LS69BHQ3ewP4QtUZOevFhAoc8lAVDZcUZP/cF2uZ+eUjH/XUEPYGj9RGoeE13ymELjgKBO05p2iNekE
;KMpxIvA2StBlhP5PzmHLFTf2rHaALrXO1aNwyofD/2NsPVTUofeLIqQFTlx/0Yh0tBZ8t3OIk4izVFa
;fcZR4ZZmqA/LyRjoxxZYvXK/BjYJiAergVn61mtWikMqHxbmka2uCQuH3inKkFc+MbjIrpIUnrLdziE
;O4spUniofT/2NunVTUp7FOR1LT3lz+EitU5EesJgOIc8lD9FU8sTUYJZnKcSLwNkrQZYT+T85RS1QiA
;frgVn613tencMhXw/9lKFpRInEnCmGUhi7cLoGKp4RW3abAqKKYQ1WVPcFVKTaYq6IDoeerEUWVTuzZ
;F82CcgHq4FZ+tdxFo3DMwQT6lbgLEpJh5LrhRUWPP89AWoSFNr3GA4nzSAP2h42h1RhV+dvCIkexXCd
;S09gaORfdgBIB6uYQubAoAzU2jEGWCaV5CwPxUdfa4ZRFPm/PQFqEhTa9xgOJ80gD83Dah8P/Y26SVy
;SmAUwnVJUfH8/BS8Q0x78WkGkjifBUdj3xlNqVuGsShKehTCdS09gVOuffsnIB7KaRe0MIQ+U2DNI1O
;XT4ynEjgaZKsRclnzzOEionhTbstgA+tc7Vo3DKh8H7Y2z9VNSh94sipAVOXH/RiHS0Fny3c4mTydM1
;NTxBVZgmmTiikjCGCjG05YgaKRfdgnIB6uRWfIXe1aU2DYI1KfUo25KBUXdbsQX2LzwuEUvHhMd8hxO
;JECnipSacx8PvY26dVNSltUwlAtPYHH/Q2HSkl6ymkCtDGMI1J+9w9TmUG2sT8lC0u4KklU8tfwE7tC
;IB+uBWfrXe1adwyKfD/2UoWlEicScKYZSGLtwugYqnhTcsFyOI8vgipodvcPT5NTjdVMSnsUwnUtHcG
;jtH3YJ0Ry3loKgjmJNlJTxB1Gk0S2piElDEuuHEtJ3tnOGbFUVH/AZgLrXO1aNwyofD+2NsvVTUofeL
;IqQFTlx/0Yh0tBZ8t3OJgxgi1oYMEaS6lMtqY9Lx5wwnQtPYGjkX34ZyA4rgVnjzGdBVplzBhTk2mFt
;DQvCUuxAF1N7tHlIr1fUHHdcBWOApkzWmmofT/2NunVTWo7FOR1LT3lz+EitU5EesJgOIc8lD9FU90M
;T5NEtqUiIxVgnQJMVPX85RS1QiAfrgVn613tWjcMuXw/9lKFpRInEnCmGUhi7cLoGKpUIB+uBWfrXe1
;6dwyBfD/2UoWlEiQUZq8UQWLtwugYqnhBeNpgFbQ4lSpYf90OWqlBiLw5FQ99rxAtPIGjkX3YJyAeri
;9n612JNkdTxhNNm1eFiiErAnGwKk9Y58zjGIdCWG7BdhKZOLItVmXcI0ufW4zVTEp7FMJ1LT3Bo4992
;CdEct5aCYQvgDtbU8QdRpNEtrciOB9xsCpCW+fQ9AnYJiAergVn613tWhEMqHxbmka2uyI4FnWuKkFc
;+MbjIrtITmrBcBW0OJUqWH/dDlqpQoC4KEp6FMJ1LT2Bs9F99ScgHsppF7QzgihabcQjU5dPjKcSLwh
;gqxhMSejM/yKsTk178WYIhi2INERt3BVQmDbo1U1KexTCdS09p6ORfbxLUEHAahWGPIEFW23RGU2pUI
;C5ISMVc50QVU3u0OQPvXhUd8NgZ+pd7Vo3DKhsf/Yt6dVNLhdknRtCT+zC/SK0Rll73FoXhCqIKGhhx
;xha9jfp1U1KexQySi0egaORGbRXf3DBdwqKMbI2VnXNDmCEV5m8KRUfZq0Fckfe0OEYvUMgH64FZ+td
;7XJ3DI58P/ZShaUSJBRmrxRBYu3C6BiqeFJ/3mwDtDGEPENT0iNbn0WdtCMpHhTDdS09gaORfZgnAx6
;uBQOHLbI0WH7FHVOpWoisKDgkZqMFRFnez/gbrHhaQd11Ao457Vs3DKh8P/YeqdVoSnsUphldYu/M4x
;C5S39yz3wCmQKeNlh79xhNmUa2rxIuEme2FENe5KOQfdgnIB6u9Vjrf+1aN2jEDGCYWZu4LCYkeKMMS
;E/e0P0Sr3hEbMF1OJECnipSacx8PvY26dVNSlNUwlAtPYHH/Q2HSU9sw2QLtDGMI1J+9w9TmUG2uSQs
;D0u4KklU8tfwE7tCIB+uBWfrXe2qCAyKfD/2UoWlEiQUZq8UQWLtwugYqnhTcsFyOIc0iy5odvcPT5N
;TjdVMSnsUwnUtKcGjt33YJ0Ry3loJhC+AO1tTxB1Gk0S2pjg6C3uwAXJY+dP+Dq1VRUHabAqOXexaNw
;yofD/sdunzTUp7cK4FclPu0fwctHhMf9dgFbQonSpSfvcMUJ9YnYo6KxJgnQFEUOSjkH3YJyAergVn6
;0PtWjdoxAxghFOEujsvJHa3F09R5PzmHLFTSXDJWhOCMIhaNj+bTwzFBTrqTUd7FMIRQU3e0PIctE5O
;efF9Z+pd7Vo3DKglf/Y76dVNLhdknQZOXO3K/xqHXiAfrgVn613tA3cMmnw/9lKFpRI5DmakFE5Y3tD
;4Gb14VHvWcRKZOLI+Xn/JHlOTaYa7EiUNcbAdTFPm/PATv0tFHq8FZ+td7dp2TKhfP/Y2jbk9FQhhsB
;NMXuT84hS8Qn9qy30Tni+IBUVp2xNTg0KAuiNKeo5b7LSkGBquffonIB7KaRe0LpgoUW3LGWCFX42wE
;j4ebLYAX1je2+git0FGbctxZ+pd7Vo3DKicAPYh6dVNLhdknQFIUPHG4xysUlJ78WYPijCPP0UMqXw/
;9jbpVQwKewTCdS1Z7dPOCrlUSHfAYjiGMok/Nw2ofD/2Nuklckp0FMJ1SEX10eQZvVV/f8NqEoUp7Vs
;3DKh8P/bG1tVaSnsUpw1ZT/TH9A+HQlh9xmQJjDiyLl5hzU0/9zbp1U1KexTCdTo9gaP0BaxVVXrLdz
;iOJY4yVmLPGWCCX4Swf0p6FMJ1LT2Bo5F9yicgHst9E5koiT9FU8caWYVTnYo1e3sVwnUtPYGjqD3YN
;SAermAfny+YPlJ+9xNZkEWMoRIySRTDdS09gaORfdgnMh6uBQKTKZ8vU2naI1CQUJqwORUDJ8J0LT2B
;o5F92CcgDK4FZ44lmShCaM0OYJlQj6YoPiRt83UsPYGjkX3YJyAevAVn6ziVLkV5zBlNqVmPsz4vD0u
;7Ry08gaORfdgnIB6uF2frXYgiQ37dGFqEaYazKzkeYJ0MHj2Ao5F92CcgHq4FVOtd7T9PeNoJW5NEtq
;Y6Iw93qipOUu7P+BO/eEh7z3ESmwKMPkFtxh9aqUKMuD0vCXW2AF9YsKOQfdgnIB6ubCfrbu1aN2nQC
;E2DUoynEjkMfbYWRWLizP4RsUlHQcZgBp8onQVWaN4dUZVTtqEoJwtxsBRZSPPGo33ZJyAergVngh3t
;cTcMqBlHgkScsSg4JGe1HFle6fzyErdLSXDJWg+OPJkvR1PJGEmXWIqwEj4Sead1LD2Bo5F92GNgHrA
;FZ+s4lS5FecwZTalFnrw5KRNLoRpCUejN9iKoRlJ18X1n6l3tWjcMqEJ/9ijp1U0vA2CwAElY8/ziCr
;FTQ3bxZgiEMYQ0UFPYHU2daZDVTEp7FMJ1jWPBo7V92CdFZtp3Eo84nwVEe8EIXJ5piroiJhJ6pSpZW
;OzT9A+5U1VsyzRn6l3tWjcMKBp/9hLp1U0vA2CwAElY8/ziCrFTQ3bxZgiEMYQ0UFPcGVKGU5u0OT8J
;cfB1LD2Bo5F9WEFgHrcFZ+sviClDbdoIYJNOnacsFR9hoxlyXOzM5BOsJyEergVn613tWjcpqHw/k06
;dpzguHmadBlpU9cD5IqpCU2rPdxO0OJUuRW33HVKZQ4ehf0p6FMJ1LT2Bo5F9yicgHtxgFJ88ny5oaN
;0dU6lFmbAoLnsVwnUtPYGjpT3YOSAermAfny+YPlJ+9w9In0KKvRI4Hme2FF9J3tDhGL1DEh6vBWfrX
;e1aA0yoaj/2NpuwOTgad7YcQlPex+QctHhBc8FwCZ9d7Fo3DKh8P9J26fdNSntxugFfSOXG4yKrUElq
;zW04mTiZKFZv3BVQmGmIuCI/FWDwdSw9gaORfdgDYB67BWfrL4guRW3LCFaZWLaxOCsXS7EFSFjlo5B
;92CcgHq4xJ+t87Vo3adAITYNSjKcSOQx9thZFYvPG5Q+5RFR3wWs4mC2IP1M+qH0/9jbp1U1+OxTRdS
;095NvlD61DRWzxcg6bOLIuXmHNTT/3NunVTUp7FMJ1Pj2Bo/QFrFVVest3OJw0nT9oeMERWsQ26NVNS
;nsUwnUtPY6jkX29X1Rs23YOhDOyLV5o3BQ/96xwTNTT4s39dTw9gaP0BaxVVW3Hagm0KoQ+Q2T3Tj/3
;rHBM1NPizf11Pj2Bo/cctnhCcsd1OJs8mClSU8UPWpU26NVNSnsUggptPZOjkX2+Rk5BzGkOmwKZMkV
;p2xRQmlLp1E1KexTCdRN9gaqRfdhBQXDxdheOOIlaNgyofD/2NrCVTUd7FMITTFPe0OEYvUN/c899Z+
;pd7Vo3DKgof/Yn6dVNLBJ4oxhIU/X89RS5SkVqy3dn6l3tWjcMqIAA9iTp1U0sEnijGEhT9fz1FLlKR
;WrLd1XrXO1aNwyofMPJNvvVTUodfa4UQFjv184ZsUZNe9pgFdhd7Fo3DKh8P/Y26cdNSntyqxlMUOTN
;5SK8TkFzy3ECmWntWzcMqHw/9jbp1UBKexSkHEFc7Mb/CYdBTHHZBWbrXe1aNwzxPD/4NunVKyMXda8
;QQ0nexf0SrxYgH64FZ+tdLQ13DKZ8P/ZQgLksJx56tipLUe7Uo33ZJyAergXnvR3tVzcMqBpWmleEsC
;M+JGC7BUg9gKORfdgnIB7uBWnrXe08XmDJEVqYQrahNDoeJsJ0LT2Bo5F92GcgPq4FZ400gS5SfvcTS
;oJpmrgsJhdLshRfSd7Q+Ae9eFJ/2mwI61ztWjcMqHxmtjbM1U1KHX2wBlli7cLoGKp4RHfDYAmYNII0
;aHTRI1yZW5mwIzkaYKsaQz2Ao5F92CcgHq4FTetd7TxeftsIYJpXkLA/FR99rxBDTujM/yKgXn99wWg
;XjjOeO0NlxxJgnlmFsE1LexTCdS09gaORXNgnIHjHdxSfAoE7TmnaI1qOQpugPiMUep0CRFn1y84PuV
;NJca4EZ+td7Vo3Veh8J/Y26bMkOAhgrhRUWPP89xS0Rk17wHE4jTGCLTcNqHw/9jbpjA1KaxTCdU9S9
;df+EIdTSHfNbgmOLp5aNj+bTwzFBSrqTVh7FMITRE/y184RuV5FbPF2D44xgSk3Dah8P/Y26cENSlUU
;wnVLVPPQ5SK0Rll73FoUhDGEPmhlxhpWmlq2sDU+CWGxHEJT3tT4GaxPf2zPcQ6EXexaNwyofD+vdun
;0TUp7cqsHXknez/AEvVV/bcFpDo8ChDRRZcQQYJBahqI/Kw9xwnQtPYGjkX2BZyAArgVnjTSfKUNTxB
;1Gk0S2piImEnCdHENb6M/9IqtXRXvKBWbrXe1aNwzsPD/kNunVLyUPYK0YclHg2vQPh1RQe8thZ+pd7
;Vo3DKg4f/Yl6dVNLRpknRNEUe38/BS2eEx7wGITg13sWjcMqHw/9jbp+U1Ke3OjBXJb6M/9IqtOTnnC
;YDiOJZkoQn/BE1GpVYa4PS8VZ6MBRFLv/OMcrE5PHq8FZ+td7dpnTKhfP/Y2jrQ9FR19rhlyTujN9hG
;9eEVm2ncSmDSCNGh+yQhWmWmEtDVKehTCdS09gcrRffsnIB7JZBe0O4Q2W1PbFVGRWoyKKDIPZrcGRF
;Lv/OMcrE5PQcNsCetc7Vo3DKj8f7Y29tVNShx1sipLVO3Pzg6xSUdyy1oCkymfL0RlxxJghUaMsClKe
;hTCdS09gZrRfdYnIB7JZBe0O4Q2W1PbDFqTUunUTUp7FMJ1Y32Bs5F92EBDccpgOJ8knT9oZcYYWo42
;6NVNSnsUwnUtPY6jkX2/S098z2k4hDuLKVJ49wQ/9zbp1U1KexTCdSI9gaP2EbdFQXLxagGNLoguaHW
;ofT/2NunVTUp7FM11LT3mz/4fuUt/cchjFI4psiA3Dah8P/Y26dVNSm4UwnVFWODX+BO/eENxy2MBgj
;6EP1l49x0/98yXv/E+6Hx9dTg9gaP5GLlTSXDJWgSEOIs8Xm/BGVGCaYvVTEp7FMJ1LT3Bo4R92CdIe
;89xDoU6sjlYac4aVpVfjLs5FRgUw3UtPYGjkTOYJzwergUPjjyZM1lr9whWm1O2sD4+EnmjAURS7/zl
;BKhCIB+uBWfrXe1aNwy9fD/2Xoy0OT8LS6UWQlnk/OIYqVJFcM1gZ+pd7Vo3DKh8P/YW6dVNIxVyqxl
;BYuDH8A2sTlZ78WwJjTSBNmh+yQhWmWmEtDVKehTCdS09gZ3RffgnIB7HawGCMYEFVmjJDEufQIyKJC
;Qdfa4Zck/g1/gSh0pJcK4EZ+td7Vo3GOh8IPY26bwjLBJ4ripMWeDT5RSuQn93wGsCmQKIIkdtxg9Wm
;Vjp1NfT4o1b7MQCgbWRfdhOTnjHaQu0PIk7R3jBClqpWoisKDgIFMN1LT2Bo5FpmCc6Hq4FDoU7hDZb
;U8kYXoZCgKMoFQlxpgBOSejM/w7YJiAergVn612tWi4MqHxWmFCAuSEVGnCjBVlU98bOCrFDVHbxaA6
;FXexaNwyofD/+dunOTUp7fawTRFHt/PATu09PbPFpAoU6mTJoaskfS5lE6dRNSnsUwnUtPYGskX3YTk
;54x2kLtDyfP1ZTxRVR9jfp1U1KexTCdS0hgaORFLZBSXLCWhSbPJ8pUlPLE1KUX4ewEiYabacHXj2Ao
;5F92Ccg7pEFe+td7TNZasEQU6lTkaE/Pwh9rRtySujH5RWHVUFqx2pn6l3tWjcMKCp/9iLp1U0jFXKr
;GUFi58r9HLVCTmrxYwuEKu1bNwyofD+2Y6nVQkp7FKsbS1Ttz84SvkFTe9paH+tc7Vo3DKh8P/Y25tV
;NShJ6pBxBUd7M9xurQlRB1wVm613tWjcMqHw/+jbp1SsjF3idGltY88/wDdgmIB6uBWfrSa1aOwyofF
;mfWoWKKS8VZ6sBVD2Ao5F92CcgCu4Fautd7TNZasEQU6lFgbAhJggUw3UtPYGjkX3YJywergUOhTuEN
;ltT2wxak1Lp1E1KexTCdWN9gbORfdhOTnjHaQu0KoQ+Q2T3EVaYNujVTUp7FMJ1LT2lo5F9sUlOe9xa
;BZk0iT1eYs8jWo5Cm6A+IxR6nQJEWfXLzg+5U0lxrgRn613tWjdV6Hwo9jbpvCMkHmadF19U5cT4E79
;4RnLBchWKKYhaNgyofD/2NrCVTV57FMIcQ1Pk0c4fqk5EecdrALQunT9SaKh9P/Y26dVNBDsU43UtPe
;jN4hiseElwwGAVtDiVLkV52xVQmGmevCk+E0uwFFlU7qOQfdgnIB6uXCfrSe1aN2XGD1qCaYC7Iy8JS
;6QZQkrzwuUY2CYgHq4FZ6sIrVo7DKh8VphFjKE1FQhkpxBJPYCjkX3YJyBa7gVG613tM1l/zQhgmUOd
;sD8VHmy2B1hO6Mz/Iq9ORGrGWhWKKYQ1Nw2ofD/2NumMDUpvFMJ1RFPyxuUit1JUe9xaAYcymihWeM1
;8PvY26dVNiixUwnktPYHK/w69UxBB3XUCjjntWzcMqHw/9nKp1VNKexSrG1lY88/+HrNOTnnxZwieM4
;k7RXX3GFaFQoi7Li97FcJ1LT2Bo5E92DAgHq5sCZ84nzZYb8MVUZFpirAhJiR1rBJBWIGikX3YJyCem
;EVn813tWl5i3BlNmlmKviQkHEuhEEFR3s/wBL1VUx6vBWfrXe1aN0yoaz/2NoC7OS8JeK0WRlTvxM4e
;vUtMQdlsA5817VvWdrzSeBfc1tVfSnsUqxtZWPPP/h6zTk558WECmymFWjYMqHw/9jbplU1HexTCHF9
;S78r/GodGTnnCYGfqXe1aNwwoKn/2JunVTSMJe6wcQ1rexf0Sr1VBassFZutd7Vo3DLw8P/s26dUkOB
;R6qxtKYujN4hisJyH/1BHJrLwnZTcZqHw/n0SGuyQkHEuuHENY3sf4DqxGTn3LBWbrXe1aNwyofD/7N
;unVJDgUeqsbSmLy0/QYvCchHq4FZ+tdyRo3B6h8P5xTm74SKBRgthpAPYCjkX3YJyAK7gV0613tMFJ+
;wyNdmUKduiAVCGGwE0xe5KOQfdgnIB6uESfrTe1aN2bNDlSpUICnPj4keKMMSE+BopF92CcgHrpFZ+B
;d7VpdadoXYJ9Yj7whJnsVwnUtPYGjhT3YNyAerm8CmTayM1l/zQhgn1iHsD9KehTCdS09gbfRfcgnIB
;7EYBWAAoQ0RGncI1CDQoynTUt7FMJ1LT2V45F32CcgdMt3DLQtnzNZeKh9P/Y26dVNXjsUznUtPevG4
;xaHVFVu3moVn13sWjcMqHw/4nbp3U1Ke36nB0Zi9czhfdknIB6uBWf/He1KNwyoFlqEXbahIjokZ7cH
;S1zixpF82CcgHq4Fc6td5lo3DMIZTZ1pnacsPB54wnQtPYGjkX3MZyAVrgVnmy+ENENT2wxak1Lp1E1
;KexTCdWl9ga+RfdhLQWfLdziDOIQ9X3iofT/2NunVTZpEFOR1LT3twugYqnhIe8diD58CjD5WfNwVSZ
;NphLQ1FRNxqxJFSd7R8AmxSCAfrgVn613tFHcMjnw/9lqIrCg4JHynHEpV9fzwGblXVHfYYDiGNIMFX
;2nBG1eCaZu0OSMUFMN1LT2Bo5FEmCcDHq4FC4okiChoZM0VWJ5CtrQpKwtgqwNIYvLC/A20Tk558XYT
;ji3tW0wYBjvejLLW1WZKexSuFFRY8/z5GLFASGrxZAOKLZkzQWn3D0uTRoajKDgkdq0BWVLs/OMcrE5
;PHq8FZ+td7Vp+TKhUP/Y2hbQ0LwlLqhBEWunXzhy8RlBqx3MCtC6ZP0dj3hlNqUKGpRI4GmCrGi08ga
;ORfdgnaV6uEmfrXYE7TmnaI1KTRI6wEikXe7EQclvgwPQO2Ca6hzec/nLk0lovDKh8U5dPjKcSOR5zr
;xBDSd7P9BO/U0hBw2wJ61x3w66VMeWGyTbi1U1KDHWuGXJO6cb9EasnIR6uBWfrXe0aNxiofD+aV5Cw
;PxUIfKcZQU7ezOcYqktBbq4EZ+td7Vo3Quh8EvY26bksMx5mnQZZXPPXzg23Tk5q8XYEii+LBV1jwRJ
;LqVeHsiEvJGCqB0hO6cz9GdgmIB6uBWeLPq1aEwyofFOXT4ynEjkPdbABck3uyv8Jh1RDf9xjOIEyhD
;RDU8QZUZFCgdVMSnsUwnUtCcGjuH3YJ0x/12AVtC6ZO0V49wxQn1idij4pGmakKkdS6M3lIqtXRXvKW
;hWKKYQ1Nw2ofD/2NumMDUpLFMJ1QVz4xuMiq1NBbNpaF4Q0gy5of8sdTZBpg7okJA9LsQFMT/X8+Rix
;QEhq8XcGnzSCWjYMqHw/9jbp1U1pexTCGUxE5NHODqxGUmrxdQiCM5kFRG/JDlmpXIa8Iz4kZ7YQXU6
;BopF92CcgHopFZ/5d7VpbbdEZTalFnbQ/Pgt7qxtZYvXa4RjYJiAergVn61WtWiQMqHxZn06MsRImGm
;2nB3JO9cLjCYdfIB+uBWfrXe1aNwy7fD/2UICtKC4keKMMSE/e0OUcqlN/Z64EZ+td7Vo3DKh8IPY26
;bgsPiR3rRtLDN7F+BG5SkVw2loEhDCdP1l/yQhWmVjp1E1KexTC9Xp9gbmRfdhKQWrxZgiFO9wFUWXE
;HVKTWJ2KKS8VZ6sBVD2Ao5F92CdAje4FfOtd7TdWePcfUJhQ2IorIxd1rxBDSd7H+By1QlR73AVm613
;tWjcMVEM/7Tbp1SArD0uhGkNbsPz3FLRGTXvAcTibL4Q5UlPLEj/3NunVTUqbfIJ1Nj2Bo/wcrHhDcc
;BjVrQ7hDZWYc0SS6lGm7wuLyR+snUsPYGjkX1QlGAesgVn6zCMLmhvxxJZx2mPvCErFnGsAXJN88ryG
;IdMT2yuBGfrXe1ad9PofCT2Num4LD4kd60bSwzexfgRuUpFcNpaF5k0jj9oedt8PvY26XU9t0NUwlkt
;PYHO8AmHRE9wyDQ4jTSBO1ppxghghVOdoSQkHGedE0RR4M70E6x4RHvAdg6fJO1bNwyofD+WpanVYEp
;7FK8UWWLizP8b6XhGd8JkCo4zmQVEadwIVphRmoorIxd1rxBDSd7H+By1QlR73AVm613tWjcMVEM/2z
;bp1SArD0uhGkNbsPz3FLRGTXvAcTiYOJkuXmLPD2CQX4W0IC8VYJ0TQVL20fAJvSchHq4FZ+vduho3J
;qh8P5tXnYouJRVy8ypLVO3C/Bi2U39ty3ETgjOKKWhqwRBem1OHoRI6CX2hEC08gaOR3ajaGF6uK2fr
;XYA7Q1PLE1GQB7azJCYaeacbWWLyxuUJsUlHbfFjDoc8gD9ZePcKWoRfj6wSIx8Uw3UtPYEjAb6YJzw
;ergUKiimyOVhizk1gkF+FtCAvFWCdA0hP6MXoIrFDIB+uBWfr3X2Zdwy3fD/2W4ihEikUeqRHclvoz/
;AQvUlUQc1qCps4gylWeMETUfY36dVNSnuUlTUtJ4GjkRC5U399wWsB2QKLM1ttxRlRgmmNsCM5EmC7d
;Sw9gaORfbi0YB61BWfrMIwuaG/HElnEaY+8ISsWcawBclnowvwYrEJSHq8FZ+td7VrLM6hnP/Y2hLQ5
;FRh7rBMfYufK/Ry1Qk5q8XUVgj6IBVRiqH0/9jbp1a0iOxTZdS097MLlIrtITnicWgGCMYw3UmLcI0+
;EX4qwEiALFMN1LT2BoxnOmCc8Hq4FCoopsjlYYs5OYJBfhbQgLxVgnQVfVOLGzha3VSAfrgVn612thX
;cMs3w/9luIoRIpFHqkR3Jb6M/wEL1JVEHedw6IOLIvRAypfD/2lpkodQp7OMJ1LVDg184et0lGLPFjD
;oc8gD9ZePcPWoJCgLsqOSRyqxlMUOTN5SK8Qk5tx3Ee61ztWjcMqBystjbE1U1KFnW2Kk5S78WjIr5O
;TH/DYAmfAp4/Q3jBEliFaY+8ISsWcawBclnowvwYrEJSHq8FZ+td7VrLM6hRP/Y2hLQ5FRh7rBMfYuf
;K/Ry1Qk5q8XYCnymENFB/9xpWmleEsCM+JHKuGlpP4Nf0fdknIB6uBee8He1wNwyoEV6CaYq6IyxJS6
;QcQVzsxv8Jh1RFatpsCYwusjxeYMkRWphCtqU/IxhxwnQtPYED4YDgZyAwrgVnhjyZBVRjxhoNqVCAu
;SwnHnq2Kl5Y9df4E79Uf3jHaQaGOIMuaHrNDlaQT7a8KUp6FMJ1Lb0RYNF9xCcgHsNkE7Q+gjRRPvca
;VppXhLAjPiRipwdEW/j8+BnYJiAergXne56tWiAMqHxSl0KMpyQrF0uxFkxR5Pz3HLtTT2zxfWfqXe1
;aNwyoJX/2IenVTScaYKcHRFzt/OIeuUtFQchkBJ8ynwVODKl8P/Y26dUUCnsDwnUtUODX9A+xRkxB3W
;YGhziyPFZv3BNNqUzp1E1KexTCdXR9gbaRfdhKQWbxcwiHKIA/Q37BH2CFRoywKXt7FcJ1LT2Bo5F92
;DIgHq5oBpMCmzVbecUZS4Rfioo+Oh5xpkctPIGjkX3YJyAerhhn612ANVNpxCNPhFOKvD4vJG6dHUhU
;5svlIrRGWXvcdmfqXe1aNwyoaH/2PenVTSQUbrgZSGLyyusY2CYgHq6l/nKE0lo5DKh8SJdahYo5IhJ
;3qRtITvKjkOdBvrmHN+xY60/tWjd/3QxPmUSdijcVH32xAUxT4saRfOsUEy2dNqTUXfhaNwzHClqEXo
;i7KhUIfKcZQU7ewv8atEIgH64FZ+td7WR3DLF8P/ZZn7A/Ihp6pSpeVeTP/Q6HQUFw8XYXjjiJWjYMq
;Hw/9jawlU1SexTCGltY88vwE794U3bLaQuYAos2WHvaHUuTNujVTUp7FMIsbT2Uo5F9t1FFbMZkCYwC
;njJSYMQPYIVGjLApSnoUwnUtPYHq0X3JJyAe3ncCmC6YKFJTyRhJl1iKsHxKehTCdS09gaORfcknIB7
;edwKYLpgoUlPJGEmXWIqwf0p6FMJ1LT2Bo5F9wCcgHt53ApgumChSU8kYSZdYirASIxVyqxlBDIGikX
;3YJyAergVn813tWkd+zQ9Mg0SMiiwuDXWsFkhi6M33FLRLEh6vBWfrXe1aNwyoYT/2NpmnKDkIYbAQc
;lzl1fATu0J/d8B2Ap8ChDRZadpNP/c26dVNSnsUwnUwPYGj4Q+9VFNr3GA4ijmbO1lvzSNWmEWMoRIj
;FXqnBx89gKORfdgnIB6uBXrrXe0qRWnbD0qEU7a0KTwaeqEQclTv0PQJh0hVast3Vutc7Vo3DKh8P/Y
;29NVNSgtmpwZeSPPGzhy8UUFwzWA4gjOeP0NTxwlLk0Tb1UxKexTCdS09gaOMfdgnUGzLdhSeL4gFVm
;jeHVGVU7ahIjokZ7cHS1zixqB92ScgHq4FZ+td7Uc3DKgMTZNFmqA/LyR1pgNMU+LGzgm3V39t23cBi
;j6IaDcNqHw/9jbp1U1KVxTCdV1P6M3lGKp4Q3HAYziOJZkoQmjNDg6pVYWwLDgaeqEQcl/gwPoit0FG
;bctxZ+pd7Vo3DKh8P/Yf6dVNOgl9rAFIT97A/hO+eEVm2ncSjzifa2hvxBlehFeHtigVHmy2B1hZ5NG
;RfNgnIB6uBWfrXcBaNwzYDlaYQoynEikUeqQqSEX10eQZvVURQc1pAoovjDRUafcaTZlYnYoiLB1npw
;EtPIGjkX3YJyAeriln612dKF5i3BlNqVWGuysVHmy2B1hZ5NGgIrtLRX/cZAmIOLI2UmrcI1CQUJqwO
;Up6FMJ1LT2Bo5F99ScgHt53DoUpiChob8cSWalTkaE/Px9xsERyXu3G8A+5SUN78XcOjDWZBVhqzg9a
;gjbo1U1KexTCdS09saORfahVSXDaYBW0PoI0UVPNBEuEQ42wP3skd7cGWVLs/OEPsUlUf8xpArQviD1
;eY8YjR/Y36dVNSnsUwnUtCYGjkQ2qTk5qy3c4iDKDPGhp0AhNg1KMp3wVGGGxAUJQ3tPjFLZTQXzCYD
;iZOIozWGL3BEyfTIzVTEp7FMJ1rVbBo6F92CdQbMdrE44vsjlYYs4jWo5Cm6ApLwklnRZYTvXM/CKoV
;Ulw2mQFhziyKFJrwRNRqU/p1E1KexTCdS09gZeRfdhXUnfAcQKZAo41WWr3GUeCRJyxKDhKS6EAXknu
;zs4Nqk5Oas9nC44Cnz9QZccSYI9FgK8oSnoUwnUtPQHI0X30JyAe3ncOhSmIKGhvxxJZqVORoT8/H3G
;wR3Je7cbwD7lJQ3vxZwaINrI1UWrbGUv2N+nVTUp7FMJ1LRSBo5ENqk5Oast3OIgygzxoadAITYNSjK
;d/FRh4pxRfXO/A9CK9X1Rs22ECmV3sWjcMqHw/Bgnp+E1Ke2SwHENJ5NHOHrdJRkHLfROZKIk/RT73H
;1OTV5u0IykeS6QHQlP1/P4bvlRFaq4EZ+td7Vo3DKh8E/Y26aU/IxVgpwdyXu7N9yK9X1Rs22ECmW+y
;OVtpyQ5emFWMiiEvHWCdGktb8sblfdknIB6uBWfrXe13NwyoDE2fWJ2wPxUYe6wTclj51+MIvEJSLPF
;mC448nztZb80jTZ9RgaESJR1ysRBZPYCjkX3YJyAergVX613tKkVlxghahGmKuiMsJHG6AV9I5cbjT4
;dEVW3aagq0LZ8zWXjJHlOTaZuwKiMUep0NLTyBo5F92CcgHq4xZ+tdnSheYtwZTalVhrsrFR5stgdYW
;eTRoyK7UlNqwWg4my+ENENtyhBaqUSMsiQlFUu6BkRH5KOQfdgnIB6uBWfrbe1aN3zaFVGCU5uKLiUV
;cp0QVUnz1vUYqhV/fdt2E4QwsipFZcYIXpRajIo/Lxx9rRtyRIGikX3YJyAergVn313tWkd+wRJLk0S
;2tiIkHUunDVlP9Mf0D+p4Q2vdcQiGAp0oXmLcHV2aU7anKC0Se6wqVE7o2fR92ScgHq4FZ+td7UA3DK
;gMTZ9YnbA/FRh7rBNyWuDN5Q+heEh7x2IPn13sWjcMqHw/9jbpyE1Ke2SwHENJ5NHOHrdJRkHDZASDN
;IM/aG7JCVuEV52wTUt7FMJ1LR2N4pFj2CcgbtxsCZ84nwVUY8YaYJtXir0kJB5LoBBJYvLL8A29JyEe
;rgVn613tWjctqHw/hkSAuzkvCUuhGkNb3s7wHrBOTnvxZwKPApk/Wnz3EV6ONujVTUp7FEIubT2no5F
;9qFVJcNpgFbQ+gjRRU8UdXJ5fh7ASKB54tipKXO/X4wSHRk55wmBn6l3tWjcMKDp/9hXp1U06CX2sAU
;hP3sD+E754TX/NbQ6FOLI5WGHYGVGFV528IiQkbMJ0LT2Bo5F9gWcgPa4FZ5svhDRDadojXJlYj4ogK
;xh8qxtIYuLM/A29SVN/2mwIhQKUWjYMqHw/9jawlU1lexTCBV9U79f0D4dET3DIWgqKPoUzWWn3GF6C
;V7azJCYeS7YdWFDjzfAUtHhIe8diD59d7Fo3DKh8P3J26ftNSntksBxDSeTRzh63SUZBw2QEgzSDP2h
;oyQheqVCAuSgVD3y3GE9T4Mr9Iq9ORGrGBWbrXe1aNwwsPD/sNunVPTgSerYQX2LizP8bh0pBfcZsCY
;4CiTNaU9B8PvY26dVNChRUwm8tPYHT4xS2U0Vs8WYIhTuyN1ZvwBVRk2mNvCAVAhTDdS09gaPREpgnO
;h6uBReZNIMuUn73H1CYULa4LCkTfawQclnozs4H2CYgHq4FZ6syrVoeDKh8T4Rfh6EoOCR3rRtLYuzC
;8hWxSUVBymwUnzyDOVJTzg5Qm2mLuj8uHmbCdC09gaORfdxnID+uBWebL4Q0Q2naI1yZWI+KICsYfKs
;bSGLk2+UPrUNFbPFrEoZd7Fo3DKh8PwYJ6fJNSntksBxDSeTRzh63SUZBw2QEgzSDP2hp0AhNg1KMpx
;IlHXKxEFli+ZGRfNgnIB6uBV6rXcpaNwzYDlaYQoynEikUeqQqQFziy/gTvXhFZtp3Eo84nwVYas4PW
;oJpkOdNS3sUwnUtPYGjkWLYJyBu3GwJnzifBVRjxhpgm1eKvSQkHkukHEFc7Mb/CYcWIB+uBWfrXe1a
;dwy3fD/2Rpu8Iz4eZp0WQlPn/Pwcu09JcMtaAYIxjDdSYtwjDfY36dVNSnsUwjUtDYGjkQ2qTk5qy3c
;4iDKDPGhhyR9Xn1iMiisjCXm1FF9Y3sLyHr1LRWzPcQ6EM7I/aGHJBD/3NunVTUrz14J1Hj2Bo+EPsU
;lUe9xaBIQziwVabcsUVphTtrMkOBZjowdIYuDA8hi0QlJ/2mwIhQKdKF5i3BVRkTbo1U1KexSC+m09s
;6ORfahVSXDaYBW0PoI0UVPFHVyeX4ewEiwSZq8CTE/k/PAeu0JMe9xkE4IygwVFadwOXpVC6dRNSnsU
;wgWKfYGSkX3YV1J3wHECmQKONVlq9xFelV6AuygVHX2wGFpc88bOHLtERXLLdwafNII0aHjaHUmTWun
;UTUp7FMI1on2Bk5F92FdSd8BxApkCjjVZavcRXpVegLsoFR19sBhaXPPGzhy7REVyy3cGnzSCNGh09x
;Fejjbo1U1KexRWtG09saORfahVSXDaYBW0PoI0UVPFHVyeX4ewEiwSZq8CTE/k/PAeu0JMe9xkE4Iyg
;wVOU8UdR/Y36dVNSnuAAzUtDYGjkQ2qTk5qy3c4iDKDPGhhyR9Xn1iMiisjCXm1FF9Y3sLyHr1LRWzP
;cQ6EM7IgaGHJBD/3NunVTUp7TYJ1AT2Bo+EPsUlUe9xaBIQziwVabcsUVphTtrMkOBZjowdIYufG9Bm
;qRlR78WA4hjyVWjYMqHw/9jbQlU1mexTCBV9U79f0D4dET3DIWgqKPoUzWWn3GlaEW560Py8kcqcQSU
;/g1/QioHhNf9YFZutd7Vo3zNo8P9o26dU9OBJ6thBfYuLM/xuHSkF9xmwJjgKLM0Vh3x1Nk2mPsCguC
;XW2EHJE3s7wBdgmIB6uBWcrL61aGwyofE+EX4ehKDgkd60bS2LswvIVsUlFQchsFYYqjChSU84ZWpJE
;iKEoFQFLrxRVPYCjkX3YJyAK7gVD613tKkVlxghahGmKuiMsJHmjFkVU78bOG7FVTWnPdwK0N4goXFP
;NfD72NunVTUpvVMJRLT2B0+MUtlNFbPFmCIU7sjdWb8AVUZNpj7w/Jwx1sBByV+TR+iKgJyEergVn61
;3FGjcoqHw/hkSAuzkvCUuhGkNb3s7wHrBOTnvxYw6ZMJo7RWn3FlqEXbasTUt7FMJ1LT2p45FZ2Ccgb
;txsCZ84nwVUY8YaYJtXir0kJB5LpBxfUPbC4xiHTUVsxVod61x3w66VMeXmyTbI1U1KC2arG1lY8/zy
;ErZBf3PPZg+CM4gFUG/HGFqpV4qhJCUVFMN1LT2Bo5F92CcLHq4FF5k0gy5SfvcfUJhQtrgsKRN9rBB
;yWuLM9RiHU0hrw2cJijSBBV9pwRtXgjbo1U1KexTCHG09q6ORfahVSXDaYBW0PoI0UVPFHVyeX4ewEi
;0Ye6YQcknp1vwftkZJcvFyDo8phVo2DKh8P/Y2gJVNZnsUwgVfVO/X9A+HRE9wyFoKij6FM1lp9xBeh
;UK2oD0mFHWmKl5Y89X0D4dTWW7LBWbrXe1aNwyofD/SNunVPTgSerYQX2LizP8bh0pBfcZsCY4CgzVN
;dsQZYJJfiLgoPh5mwnQtPYEDCOQBGCA4rgVnmy+ENENp2iNcmViPiiArGHyrG0hi78zrB7RCf3rHZAq
;OKYgoaD6ofT/2NklM1JNEFOR1LT3x0fgTrEJSQc1qCY0CgDtUZMESWqlYhq83Jh5LthBATd7O8AWHFi
;AfrgVn612NKXcMjnw/9kabvCM+HmadFkJT5/z8HLtPSXDLWgmEJ5c2UlPcGVKGaYS0NRVJFMN1LT2Bo
;/EOmCc/Hq4FF5k0gy5SfvcfUJhQtrgsKRN9rBByTfPK/wmHSk96ywVm613tWjcMqHw/2Dbp1T04Enq2
;EF9i4sz/G4dKQX3GbAmOAp0oWGHYCGCDRYyKPysdYJ0BRU/k0PkStEMgH64FZ+tdLTh3DLJ8P/ZGm7w
;jPh5mnRZCU+f8/By7T0lwy1oUnzidPzcNqHw/9jbp1U1KVBTCdV1P6M3lGKp4Q3HAYziGPI4yXmLNI0
;mfRJ2gLCYkcboBX0jlxuMit0FGbctxOJNv7Vs3DKh8P/YPqdViSnsUsgdEU/XG4yK7SE548WgGiDWEN
;FJT3hVNgkOIuRIvA2CwAElY8/z+G75URWrxfFXrXO1aNwyofD/2NuLVTUoJdaQBclzo0fYcqCchLZ02
;VNhuLmU3H6h8P4RXj6ESKBpnpypBVO/G5hS8U0ger5/+csR0w94zqGM/9jabtCs+JHajBkhi5NvlD61
;USXHAWhCCOZkyaH7JCFaZNujVTUp7FMIcbT2Xo5F9qkZGavFnBpg4sjNZasEQU6lXh7IhL3sVwnUtPY
;GjkX3YMSAerncGjSmyOFZ/zSNWmFCAuSEVCXW2HEI9gKORfdgnoF7uBXTrXe0oVmrcI12XRYyKOSISd
;6kbSE7yo5B92CcgHq7lWOtN7Vo3fskaS6lUiKYoFRd1uxBfToGikX3YJyAerkVn+l3tWkVtzghgml+H
;sBI5C3WhHENagaKRfdgnIB6mRWfkXe1aRW3OCGCUV5qwEjkLcacRLTyBo5F92CcAXq4dZ+tdnztRePc
;VUYJTm7MsKR5LrhxDWPbK9QmwJyEtnTZU2G4OZTcoqHw/hFePoRIjFWCnB0tc4sbOGKBTUmvdbAiFAp
;ozU3jAI02XQoC6TUt7FMJ1Lf3j45Fm2CcgbM9jE7Q0gy5Sfs4dXJNpgLsrIxd4nRRDWu3GkXzYJyAer
;oUxq132WjcM2h1ZgmmAuzkvCXKjFkhi6M33FLRLf2zPcQ6EXexaNwyofD+/dunNTUp7ZqMTWWLozeUY
;qkFBfctaE4M0jjFZadsPP/dkUcvIoSrM/XU4PYGj4xy+U393wHECmTuMOVJTxB1Gk0Sa1UxKexTCdS3
;NvqOHfdgnUn/IcTiCM5k/RWrJH1qpRZm0LiMVc8J0LT2Bo5F9KBggCq4FZ5k8iy5oZcYIWoRQiLYoFQ
;hkpxBJPYCjkX3YJyAg7gVs613tKFZq3CNSl0SOvCNKehTCdS09gbfRfc4nIB7cZAGfAp4vRWrJH1qpW
;oC7KD0ScLYdLTwbOgjkQb75Ia4nZ+tdnztRePcPSoRQiLYoFR5stgdYTujM/yKvTkRqxloViimENTcN
;qHw/9jbpjA1KbhTCdV9c59fODq1VRn/NYDiNMYItRW3cGT/3NunVTUrbcYJ1ND2Bo+McvlN/bdt3AYo
;+iAVeYs4VU5ppiLsqJh4Uw3UtPYGjkUOYJzYergUVijuZBUR52hpelVO2syQmF0uwFFlYgaKRfdgnIF
;77RWf9Xe1aRW3OCGCFQ5uzLCkeS7YdRF7qzfQOqychN/KKpR51IWU3H6h8P4RXj6ESOQ5mpBROWN7P8
;AS9VVMerwVn613tWjdMqGg/9jabtCs+JGe3B0tc4sbODqhGQ3fAYmfqVzr5RzGiqwD2JOnVTTgacrYq
;XkjzxfAevXhTbstgA+tc7Vo3DKh8cbY2/dVNSgl1pAFySfPC5xi0eFhn8XYXjjiJWjYMqHw/9na5lU1
;eexTCB0hO9cLjCYdCWGrcZDiKMIIvWXiofT/2NunVTUp7FNR1LT3zxuIJuVVUQct9E5k8sjtaY90SS6
;kE6dRNSnsUwnUtPYGukX3YVUVt2mQVnwKeKlJpzHw+9jbp1U1KQlTCei09gdH0DqxGUmrxdheOOIkFB
;QypfD/2NunVdAp7BcJ1LU/k1+Mcu1NJccBaBoYymDRDDKl8P/Y26dW9dXsHwnUtT+TX4xy7U0lxwFoG
;hjKYNENTmnw+9jbp1U1KiyvCYi09gdH0CapGQ2rHagm0OZgoXmLPI0ifRoznTUt7FMJ1LT2Bo5Fa2Cc
;gbMtxFYo+mTNYYvcZUZdUhbASJQ5gsRxJWN7B/gmsSE1BwmQeji+eWjYMqHw/9jYZ6k1uexTCB0hJ88
;LyCbFITkHLawaJMYgFWHncD1aSU7ahIjokeKMMSE/yo5B92CcgHq4FJ+tB7Vo3fs0ITZdVnbwiJCR5q
;xtEUODPzhigU1Jr3WwIhV3sISOi751FYgnpy01Ke2anAV9c4tf4ErZ4TXfAbAqKMbI/T3jaCUyfWYeK
;f0p6b9bbatz7N659zScgHtxgE5k8ji5eY8YjUp9YtqE/Kw1xrnUsPYGjkX3Y1x8euQVn6y+ILkVtywh
;WmVi2uCQkJGCwFFtY7fyjfdknIB6uBWcbYu1KNwyoDlqCRIi2OSMUep0GXVjkx5F82CcgHq4FI6td/1
;o3DNoZS4RXiqEkJRVLsQVIWOX8o33ZJyAergVnrx3tVDcMqA5agkSItjkjFHqdHUJNgaIL5EG+uYdnO
;mf7Xe1aRWncDl6VQoC6IxUTe7IqHz2AOQjkQb6515EFfetd7ShSeNodXIJfhrsSMBN7sipOUu/H+Amx
;SE4vrgRn613tWjcMqHwl9jbppyg+CXWhAURS7/zrFbdXf33BawOCKYQ1WT6ofT/2NunVTUp7FNF1LT3
;yxvIStkN/cs98ApkClwVbZc4IP/c26dVNSnsUwnU/PYGj4hW9S0xBx2sBgjGBBVh+zBlN9jfp1U1Kex
;TKNS0xgaORDrNOUmrxaQaSOJ8pNw2ofD/2NuklckprFMJ1Xlbo0eUitEJOedptOIY0g1o2DKh8P/Y26
;dVNWnsUwgZGVPPXzhGxSUVBzWoShSntWzcMqHw/9hip1VlKexSxHkRP9fz8FLZOTX/CWguOM4ouXwyp
;fD/2NukVLwp7HcJ1LU7qyuMJh0BBbq4EHP/zqrtNiJd8NPY26aYmIwlgnQZdWOTHkXzYJyAergVJq13
;3WjcM2xBQgWmNujokJHKrB15J3sX0CodLQWfLdxTrXO1aNwyofDe2NvTVTUoIeLEqTFTz/PwSvEJ/e9
;ZtBp4umQVHfs0PTINEjNVMSnsUwnUtCcGjjX3YJ1Ny3VoGgi+yN1hozSNPmlOHoCAVC2anBl5I88aRf
;NgnIB6uBUOrXcpaNwzbEEypVIahOSUWS7EAX1vgwPQiu0hOasFwFbQ+gihZadojW5NaiKxNS3sUwnUt
;PdjjkVbYJyBtwnY4iTKZLlhh9w9KhFCItigVGHusAUJI8/z0E7x4Q3HDdQKFLowuXmPGfD72NunVTUp
;7FMJRLT2B0P0Oh0VPatpqCrQumChRbcsZYJVZh6EiPwlLpxtJYuXG/RyhJyEergVn613tWjcmqHw/hV
;qaii8lD2CtGHJO9NH3HLtCf33BaxOEKJ8FW23bGU2pWY+zEi4eeKMMLTyBo5F92Cd5Xq4sZ+tdnjZEU
;8oTS4JZhIo+PwlyoxZIYuLM/wm3UlJBwmQUji+yNVlTzBlTl0/p1E1KexTCdS09gYWRfdhUTG3xZwif
;KYI3aH/dDlmXVYyKLiUVYK0AX2LtwuIYqnhQcdlgFetc7Vo3DKh8drY2wdVNSgh4sSpPUvXX/hCHVFV
;syGQEjgKONVl4xwlNqVqAuygVH32xAUxT4saRfEK+uYc3nN7UXc1aNwzbEEypVIahOSUWS7EAX1vgwP
;Qiu0hOasFwFbQxgjVHf6h9P/Y26dVNukQU43UtPfLP4iK6SFRqwWg4mCifPFZvzSNcmVidujg4JHukE
;15Y9aOQBsyJZ//UsdjrdO1aN3/ED2CUWZ2hIickZ7cHS1zixs4et0lUcdt3OJg+jDRZZcYbYJVZnLs5
;SnoUwnUtPYFTrn3xJyAe3WkUtD+CLkNjxSNMg0SPtC4vJHetG1lS9NHODrtGTnDHawC0Lp0/UmiofT/
;2NunVAZc7FO91LT3yz+IiukhUasFoOJgonzxWb80jXJlYnbo4OCRgrSpEU+fK/RGHQ0lt2mQJiDjtW0
;wYBjvejJLW1WtKexSxGV5i48zlCbdKf23bdwGKPogFXmLOFVOaaYq6PyQeZp0RSFHg2pF82CcgHq4FP
;qtdx1o3DNsQTKlUhqE5JRZLsQBfW+DA9CKxSUZ3wmk4jjOJBVRjxQxamEWIoSQlFRTDdS09gaORfdgn
;Ax6uBRSHLrI4WHjcE1KpRZynKysYcZ0cQ1voz/0ivUlEQcpgC4ok7Vs3DKh8P/Y26dVkSnsUsRleYuP
;M5Qm3Sn9t23cBij6IBV5izhVTmmmFtD4vCUutE0ti5cb9HKEnIR6uBWfrXbQaNySofD+FWpqKLyUPYK
;0Yck700fccu0J/d8BjDocxsjZWf80OYJlYtrEoJhptwnQtPYGjkX3YJyA7rgVnmDGeBVVj3AhQm2mao
;D8sGnenKkRT58r9EYdLQW3LdzibMpo/RQypfD/2NunVBAp7M8J1LU7t0M4ft1NUccNaFJ4viztUafcV
;UZBfhbkSJhJ6pypJVPLX8BO7QiAfNJz+csR04wgMiXw/9kWFphIoFGC2GkBi8tbjG7lERUHHawGCMYE
;FWHrNDlOXRunUTUp7FMJ1LT2Bi5F92FRMbfFnCJ8pgjdof90OWZdVjIokJB19rhlyTuLC/xOxSUdBzW
;oShSntWzcMqHw/9sbW1X1KexSxGV5i48zlCbdKf23bdwGKPogFXmLOFVOaaZq2LCQVfawScl7u1v8Jh
;0VZQcJsCY5d7Fo3DKh8PwYJ6f1NSntnrgZyX+7X5RK1eFNr3GMGiDiyM1lqwRBTqUWKtCMkEnqlKl5N
;5Mb1fdknIB6uBSs2He1DNwyoD1OFaYu6OT4UeZ0GWE/nwvIYh0tBZ8t3FOtc7Vo3DKh8P/Y29dVNSgh
;4sSpPUvXX/hCHVFVsyGQEjgKZMkVp2xRQmlLp1PVU/v+TzZMCgYeRfdhUTG3xZwifKYI3aH/dDlmXVY
;yKOSUkeq0HQFzt/P4LvVVMf94FZutd7Vo3DKh8P9826dU+JghLoBpZSe7Ozg6tVUZ/zWA4nzKyLlh89
;w9KhFCItigVFGKnB0Fc8aOQfdgnIB6uBWfrRe1aN3/ED2CVWYehIj8JS6EaX1Pk0c4ZvUtBZ64EZ+td
;7Vo3Veh8I/Y26aYhOSR3rRtZUvTRzhi2Q399wWgXjjOeO0NlxxI/9zbp1U1KexTCdTg9gaPiEat4Q3H
;AcQieL7I/WWj3GFqaV5DVTEp7FMJ1LT2Bo4p92CdTct1aBIQzmTVCfvcQXoVTm4oiLB1LphBBXPijkH
;3YJyAerlwn60ftWjd/xA9glVmHoSI/CUuuFF5Y8/z+E4dDRXLPfGfqXe1aNwyofD/2IenVTTkXZ50WQ
;lP1zOQPh0tBbct3OJsymj9FDKl8P/Y26dUECnsIwnUtTu3Qzh63SVRx23c4hziDPUNk9whXhFOavSIm
;HxTDzTO4avIps+cnOR6uBRSHLrI5WGLcE0qEaYW8Iy8kcKsGWVzvwPR92b25hzec/lJi7Us3DKgPU4V
;pirojPhRhsCpBUu7T4n3ZJyAergVnG2LtSDcMqA9ThWmKuiM+FGGwKkJb59D0CdgmWwoAQoaR6VJaLQ
;yofEyaRba2IiQPe7cHck7iwv8TsUlHQc1qEoUp7Vs3DKh8P/bG1tVXSnsUsRleYuLM/wm3UlJB3WYGh
;TOENFBT2wxak1Lp1E1KexTCOfB9gb2RfdhUTG3xZgiFKYIvRVPcE2CfWI+8ISYkcKsGWVzvwPR92Vw0
;sOnkHU9i7XY3DKgPU4VpiroiJhJ6pSpORO3K/xm9VX9ywXICmQKFP1Z4zQ5gm1eRiiI/D2S3AS08gaO
;Rfdindl6uKWfrXZ42RFPLE1CaX4eyEikCeKsbSVjz/OQNqEJSQcZgBp84nwVabdAjUINCmaA5SnoUwn
;UtPQH10X3+JyAe3WkUtD6CNVtlxhtgkESGuzkVEmadHUhc9cbjIrVGWEHBcBObKJlaNgyofD/2tr+VT
;Vh7FMIGQU7ewP4StE5OefFtAoI6hS43Dah8P/Y26fENSmMUwnVeUfL88hK3S0lwyVoLiiSIKGhkzRVY
;nkLp1E1KexTCdf0CgYSRfdhUTG3xZgiEMYQ0UFPEGVmCaY+wKC4kfKcUWVjz/PwcoHhPa9p1Ep9d7Fo
;3DKh8v6B26fBNSntnrgZyXu7M/RS2QH9yy2MTtDSfBV9pyQhahGmEtDUVFGG2BVhJgaKRfdgnIJ74RW
;fPXe1aRGDbI1yZWYW8Iy0kZKsGWVLv/PkYuVNFbPFoBpMCgi9DfN0IP/c26dVNSvtCgnUJPYGj4hGre
;ENxwWkOhTqyKlh7zBlNqVCMsCkjFXOdAURQ5Pz0C71JIB+uBWfrXe1aNwyLfD/2RYWmEikUe64cQ1re
;0/4KvEJSQchgAo80gz1oeMERWqlZjbFNS3sUwnUtPYGjkVjYJyBtwnY4iDKCNl5izyNNk1ebiiQ4JHy
;nFFlY8/z8HKB4T2vadRKfXexaNwyofL+gdunPTUp7Z64Gcl7uzP0UtkB/bMtmCIopiChof9gZWpI26N
;VNSnsUQh5tPamjkX2rS1NBzWoIhzSDPWh+wRtXgmmPsCguJHynFFlY8/z8HKB4T2vadRKfXexaNwyof
;L+gdunzTUp7Z64Gcl7uzP0UtkB/bMdiD58ChChoZM0dS5NEtrgsMiR7twFdSPWjkH3YJyAeLlMn60Tt
;Wjd/xA9gkVeZiisjF3idFkJP78bjIrxCTH/XBWbrXe1aNwzxPD/rNunVPiYIS6UUXWLnyv0Rh0JOevF
;mCIYtiDREbdwVUJg26NVNSnsUwnUtPZejkX2rS1NByWQXtDuENltTzRJbqVKMuSwzexXCdS09gaORfd
;g7IB6udguYAoo7R1POFVOaaYW0Pi8JS60TS2Llxv0coSchHq4FZ+tdtBo3F6h8P4VamooqKwtLpBxBU
;d7P8A69VX9xwFoDjjGMIzcNqHw/9jbp1U1KYxTCdV5R8vz2HKh4RnfCaTiHPJ4/RVPYE0iTROnUTUp7
;FMJ1ZH2BvpF92FRMbfFiBpsCizNbYPcQWphRnb0SPhNmpwZFUu3HkXyjM45ZT3/j1F32WjcM2xBMqVG
;IpRIsEniuKl5e4M3/FLZAf33BcAmfXexaNwyofD8GCenOTUp7Z64Gclrg084bsUtMQd1mBoUzhDRQU9
;sMWpNS6dRNSnsUwjnwfYG0kX3YVExt8WwJjTSBNmhvxw5Rk0S2sSgmGm3CdC09gaORfYFnIAWuBWeYM
;Z4FXmLOFVOaaYy7KRUYe68FSFPywuUUt0kgH64FZ+td7Vo3DLx8P/ZFhaYSIxVyqxlBYuTN9SK8Qkx/
;1wVm613tWjcMqHw/1jbp1T4mCEurG0tU7c/OGrlXf3jHaQu0PoIoWWnaI1uTWoisTUt7FMJ1LT3Y45F
;Z2CcgbcJ2OIIzizNbYPcbXoZpj7whJiRxrBFyXu7O4Ri2VEFqx2oJ61ztWjcMqHw/9jb01U1KCHixKk
;RT58r9EYdAQW7xYw6HMbI/WWj3GFqaV5DVTEp7FMJ1LT2Bo7h92CdTct1aDoU7hDZbU88dT6lQgLkhF
;RN1thZFYuXK4gm5SUN78WMGiCmCKDcNqHw/9jbpJXJKWBTCdV5R8vz4E75OTHLxYgabAoszW2D3EF6F
;U5uKIiwdS6YQQVz4o5B92CcgHq5cJ+t/7Vo3f8QPYJ9Yj7whJiRzowVyW+jP/SK0RlN73FoIhQKJP1t
;t0Xw+9jbp1U1KexTCai09gdD9DodOTnjHaQu0OowqaGrBEFOpWoimKDgkZK0CSE+BopF92CcgHudFZ8
;9d7VpEYNsjVphQgLkhFRx1sipLVO3PzhG9SUdqxloTgy+IKV9jxBg/9039ewqrAZD9dQ89gaPiEat4S
;XDIbAuHAoo7R1POFVOaaZq2LCQVfawScl7u1v8J2CYgHq4FZ+ut0loVDKh8TJpFtrwjLBJ4ripKXPH8
;9xS0S39tzWQJhTSDPWh/2Blakjbo1U1KexSOqG09m6ORfatLU0HHawGCMYEFW23bGU2pWY+zEi4eeKM
;MLTyBo5F92Cd5Xq4cZ+tdnjZEU8ESWZ9ahYohKwhxsCpCU97H9BG5XiAfrgVn613tWjcMvnw/9kWFph
;IjFXKrGUFi7cLiGKp4UHHZYBXrXO1aNwyofHa2NvHVTUoIeLEqRFPnyv0Rh0tJcMtaA4IumTtZb818P
;myvcEzU08IrwmwtPYHQ/Q6HTk54x2kLtC6OO1liwRJYqVWGoCM+exXCdS09gaNhQtgGIB6udguYAoQ0
;UWXEEGCFVYi7IyMVc50WQkjv184foXhMd8BgZ+pd7Vo3DKiMAPYv6dVNORdnnRxDW+jP/SKrREFwwGw
;JjAKeKlJpzHw+9jbp1U0GplTCYC09gdD9DodNVXPeWguOM4ouX1PEFVKfQunUTUp7FMJ1CX2BsZF92F
;RMbfFvEoYtsjdWdPcYWppXkNVMSnsUwnVtaMGjg33YJ1Ny3VoNnjCdBVplxiNbk1qIrE1LexTCdS09p
;eORc9gnIG3CdjiBKIAqaH/YGVqSNujVTUp7FI6obT2Wo5F9q0tTQcJkHo4vsjhYfswZTalZj7M+Lw8U
;w3UtPYGjkX3YJzsergUUhy6yNlZ1zQ5gm1ObsigVGHitBkhi58LyGKsnIR6uBWfrXe1aNxeofD+FWpq
;KICsPcbAcTFHe0PIctEJ/eM9mE4QvsiI3Dah8P/Y26YwNSmAUwnVeUfL8/BysQlJ3z2k4mD6MNlJTzh
;1cglmbijRKehTCdS09gfrRfcMnIB7daRS0MIwuUn7BHVOpRYq0IS8kcqMWWVLz/Ot92ScgHq4FZ7Id7
;Xg3DKgPU4Vph7w5OBRzpxtyUO7H9CK9X0h/23YTtC2fP0R/3Q5a9jfp1U1KexT2NS0cgaORDrRUf3DH
;cRWEOog0aGHHGFqpRoWwIz8WS7IHSE7y1uMY2CYgHq4FZ+t5rVouDKh8TJpFtrsiOBZ1ripEU+fK/RG
;HSFZ73GkGm13sWjcMqHw/9jbp9E1Ke2euBnJT7tH8HLR4VHHxcQibAp4vRWrJH1qpWZ+wPyYaZMJ0LT
;2Bo5F92CcgDK4FZ5gxngVYdNEbWphpirojPh56tnUsPYGjkX3YM2AejwVn6y6BKWh8xwtbk0S2sygvH
;32sEnJP7tfwCbFITkHcZBOCMu1bNwyofD/2xtbVe0p7FLEZXmLxzOYZvVV/eMtgA4IzigVFY9wdS59Z
;h4o/Kw99rSpLSO/A5RS3SX9/3GAGtDuMOUNj2nw+9jbp1U1KexTCWi09gdD9DodXT2nKYBW0O4g/U2X
;GG2CEWZ20OSMUep0HTEnozM4brUlDasdqCbQ/jClSDKl8P/Y26dVNSnsjwnUtTu3Qzg23UER73FoBjj
;iJM1lr9w5QgledvCIkJGajAURS3sXkE7tTSXHAWgSEMJ0/WX/JCFaZWOnUTUp7FMJ13QKBh5F92FRMb
;fF1CJw5iChoZM0dS59YjoouJRZkpxteXPXK/hOHU0lzywVmjTuLPFFqtDw/2Tbp1T4mCEuyB0hV5MLl
;FLZAf33XaQ6FOYgoaGDHC1qEaYGwLD4eZp0YTEXezOQJqFJUHq8FZ+td7dphTKhTP/Y2mrk+FQtmpx1
;IXPXK/xqHRFlyx2sDji+yL0d8zQ5gnlOIoSg4JHmjDXJS9NfhCKwnIR6uBWfr3bsaNyWofD+FWpqKPT
;gefKcUWVTvxM4bqkhOavFsFbQ1iDtDadojUpdOtro4PgthtnUsPYGjkX1YcWAeuwVn6y6BKWh82hlXk
;1edvCMtJHynHEpV9aOQfdgnIB6uLSfrRu1aN3/ED2CGRIy9KCsPfawSclHg2vQPh09Fd8ltE+tc7Vo3
;DKh878k2w9VNSgh4sSpdT+TL9BysTk558WkCjSmyPFJpzCNXk1edsD8VFnW6KkJI9dPkCdgmIB6uBWd
;rC61aHwyofEyaRbalPy8TcaMBRFPm/P0YvlN/d9xaD448mT9FU8UdR6lZnKE9Pw8Uw3UtPYGjESuYJw
;cergUUhy6yKkVpwBlegl+HshI6Eme2GkNi6cbwCb1Vf3PPfTiEKJkqQniofT/2NunVzRw7FOV1LT3yz
;+IiqFVFdstkE4IzigVHY98YWoRpj7AoLhJ6pSpZVOzGzhiuQk4erwVn613tWjcMqFo/9jaauT4VC2an
;HUhc9cr/GodXT2nKYBW0O4g/U2XGG2CCX4SwEiUfcMJ0LT2Bo5F92CcgNq4FZ5gxngVHfs0UWpdCgLs
;qFQlxowdyVPP8+Ri5U0Vs8WgGkwKCL0N83Qg/9zbp1U1K+0KCdTA9gaPiEat4UGzLbQKKKYQ0UFPaGV
;yZV52wPxUIZKcQST2Ao5F92Cegde4FTOtd7Slbf/cMTZNejLQ5IxVznQdEWunXzhu9QkRBxmAGnzifB
;Vpt0CNQg0KZoDlKehTCdS09AfXRffEnIB7daRS0LZ8/X2nJCFaYUbanJC0TYJ0cX2LpxvAJvVV/c899
;OIQomSpCeKh9P/Y26dXNHDsU73UtPfLP4iKoVUlw2mwJjAKOI1tlxhhahGmFujovCUuqEExJ5NHOELl
;ff3HbcReeKe1bNwyofD92YKnVYEp7FLEZXmLx0fgTrE5OefFmHoc0gz5SfvcJT4ZTm4olLxpgpwdyUO
;DbzhKtU1Br2gVm613tWjeM/jw/0Tbp1T4mCEuyB0RT9cr/GodBUnHAcTiCL7IyUm3cGU2pW4itEiUOY
;LIAWT2Ao5F92CegSO4FT+td7Slbf/cMTZ9YnbwjLSR4pxNZYufG9BmHT0V/2mAVtDCMImhj3QhPg0Lp
;1E1KexTC9Xt9gYWRfdhUTG3xdRWCM5kzWWv3EFqQQra8PxUTcaMBSE/ezvAFh0hVat5wE+tc7Vo3DKj
;8abY2zNVNSgh4sSpdT+jN5RS2QH9ux3YThDOyMlJt3BlNqVuIrRIlDmCyAFk9gKORfdgnoEjuBULrXe
;0pW3/3DE2fWJ28Iy0kZK0CSVjz/PcYvUNJcMlaE4IwiAVSes0SP/c26dVNSnsUwnUJPYGj4hGreFBsx
;2sTgjOKBUdj3xhahGmPsCguEnqlKllU7MbOErxDIB+uBWfrXe1aNwyOfD/2RYWmEjoJfawBRFPm/OMY
;uVV/d9xaD448mT9FU8UdR6lZnKE9Pw8Uw3UtPYGjESuYJzsergUUhy6yKkVlxghWmFG2pygpFHW2EF9
;i8tP0GLwnIR6uBWfr3YYaNyWofD+FWpqKPTgSerYcQ1re0fgasFN/eMtgA7Q1iDtDadojUpdOtro4Pg
;thtnUsPYGjkX1YcWAeiQVn6y6BKWh82hVRgl+HshI4EnOqAXJU8/z5GLlTRWzxaAaTAoIvQ3zdCD/3N
;unVTUr7QoJ1Oj2Bo+IRq3hSccdaFY46hDVZU8sZUYJTm4o1Snq02FrwGSedUX3PJyAe3WkUtC+CM2h+
;zRtWmVi2tigkD3GwKlQ9gCrQHT33wiBuBXLrXe0pW3/3DlCfaZuwKiMUep0HTFno1uJ92ScgHq4FZ9U
;d7Uc3DKgPU4Vpm7okFQlxpRxCU97X+Q+9VEhxwmE4ii+IOzcNqHw/9jbp8Q1KbRTCdV5R8vziGL9KRX
;DaWguOM4ouX1PFFVH2NxOrJ/YPh0pKLRqBo5EOtFR/bcZsAoc5sjhYeNwTUqlVhrs5JQ5mnRlEU+T89
;RSrU0FwzWBn6sd0w66VMcUA9inp1U05F2edBkVU5M/1IrpIVGrBaDiIMoMuWHnaI1OZWZmmTUt7FMJ1
;LT2V45FR2CcgbcJ2OJg1hD9baPceUIJChrgSKRR6thpYT97X/iKxSUZ3wmk4jzSeLlZiyxk/9039ewq
;rAbD9dTY9gaPiEat4U3bHYAuPAo81Q3jHEWCTTpm0IzkSe6x1LD2Bo5F92DNgHogFZ+sugSlof8AVWp
;pStrciPg97rypEU+fK/RGHS0lwy1oDgi6ZO1lvzXw+bK9wTNTTwivCbS09gdD9DodUSHfLaQO0P4IuQ
;2PFI1OXT4ynPkp6FMJ1LT2Bh9F9+icgHt1pFLQuhTNSYMwjXZlCnbogFQtmrR9IXvXG9SK0Rll73HZn
;6l3tWjcMqCV/9hbp1U05F2edBkVU5M/1IrtITmrBcBW0MYQ0UlPMFUyCV4e2KEp6jlvstKQYGq59wCc
;gHt1pFLQuhTNSYMwjXJlYnbo4OCR4rRpdToGikX3YJyAeukVn/F3tWkRg2yNMnl+MuSkVGHuwG0hP3s
;f0EbleIB+uBWfrXe0DdwyzfD/2RYWmEjkTfacZSWLkzfUiu0hNbstrFIophDVZDKl8P/Y26dVNSnsAw
;nUtTu3Qzg6wTkVyyloChTmyPlJgyQU/9zbp1U1KexTCdTI9gaPiEat4U3bHYAuPAoszW3jNDmCYV5un
;Ij0kZqcSRFLvo5B92CcgHq4FJ+tH7Vo3f8QPYIVegLAhLiR4owZIT97M9xuHQ0Vyz3xn6l3tWjcMqCV
;/9i/p1U05F2edBkVU5M/1IrRGU3vcWgiFAok/W23RfD72NunVTUp7FMJjLT2B0P0Oh1RId8tpA7QxjC
;lSfvcMUIFTm9VMSnsUwnUtKcGjgH3YJ1Ny3VoUgzSINlNTxxpZhVOd1UxKexTCdS09gaOIfdgnU3LdW
;hSDNIg2U1PbH16YWIC7KhUIZKcQST2Ao5F92Cdsw+4FROtd7Slbf/cPSoRQiLYoFQh9phBySeTb5Qiq
;Qn9sy3YIhyiZM1hiqH2lb69wTNTzRBTgdS098s/iIqtSUnjPZgK0LoQ+UlPcGUeCQ5uwEjICS60TS07
;k15F82CcgHq4Fh9Rdylo3DNsQTKlCgbwjFQx1rhlyWe7W8xG9eEx3wGAUtD6CKFlp2iNbk1qIrE1Lex
;TCdS092OORVtgnIG3CdjifNYQ0aHvJEFOpUoagLyYeS64cQ1jy/PQTvHhDccN1AoUujC5eY8Z8PvY26
;dVNSnsUwlEtPYHQ/Q6HU0h3wFoQijGBBVNj3R5Tk2mFvCMvCEunG0li5cb9HKEnIR6uBWfrXe1aNyao
;fD+FWpqKOSISep0CTFHt/PUSrUVMe/FpDoU4ngVbbdsZTalZj7MSLh54owwtPIGjkX3YJ3lerixn612
;eNkRT3BRWmGmetCEmJHCtAE9R5Pz9FLZCU0HCZBSOL7I1WVPMGVOXT+nUTUp7FMJ1LT2BhZF92FRMbf
;FxD4Izsi1WYMQjW5lDi7koFRd9rBBeYu3C4hiqeFBx2WAV61ztWjcMqHx2tjbA1U1KCHixKllV6M3OC
;rlLTEHKahKJMYgFW2XGGUypRYq0IyQSeqUqTlL0zeV92ScgHq4FZxti7XM3DKgPU4Vpnb0kJCRjoxlB
;YuXM5B+0Qn9yx2sCmAKeOVZixhVRkWmapSgvHxTDdS09gaPdoJgnBh6uBRSHLrIuX2XGI0iXWoWKPiM
;Vc64QclHozfQiu0hScMt3OI84gTtODKl8P/Y26dUUCns+wnUtTu3QzgmwTk5B2WQLhwKeM1lrxBlgml
;+HsBIvFXCdFkJQ8cb/DrlTSXHABWbrXe1aNwyofD/VNunVPiYIS7YdRFPe1PARtHhTd8BiC44CgTNZa
;fcZUZJpjbAhKwIUw3UtPYGjkX3YJwkergUUhy6yLl9lxiNIl1qFij4jFXOuEHJR6M30IrRGU3vcWgiN
;O7I+UmDJBT/3NunVTUp7TYJ1BT2Bo+IRq3hUdsdrOJw8gTZof8ESWJpTtrkkJB5LrhReWPP8/hOHQ0V
;yz3xn6l3tWjcMqHw/9hPp1U05F2edAUVU7/zmHLRLf23HawCHOLI2XmLNI1OXRYynEjoUY6cHLTyBo5
;F92CdpXq4tZ+tdnjZEU9wUVphpnrQhJiRnqxtKUeT8/RS2Qn9tzWQJhTSDPWhvxwlRgjbo1U1KexTCh
;RI9qaORfatLU0HabQ6FApo7W2D3D1aYUYWwEiYSeqcqXl7gzf8UtkB/bd5gAo9d7Fo3DKh8cyt26fFN
;SntnrgZySe7Tzg6tVUZ/zWA4iDKDLlh52iNcmUSHsD8VH3GuFFQ9gKORfdgnIEfuBU/rXe0pW3/3CFC
;GaZqgPywad6cqTlLv1/4IqnhFcMpaBIQwnT9Zf8kIVplY6dRNSnsUwnUtPYGCkX3YVExt8XEImwKeL0
;VqyR9aqVWGuzklDmadEENZ3sf0EbleIB+uBWfrXe1aNwyPfD/2RYWmEj4UZJ0GWE/nwvIYh0RPcNpqE
;pkCgTtEadojUJBQtrEoJhptwnQtPYGjkX2BZyA4rgVnmDGeBUNj2CNMg0SPtC4vJHetG1lS9NHOEblU
;RWzxagm0OYg2VnWofT/2NunVTUp7FOF1LT3yz+IirEhQQd1wFY08jj9ob8cSS5lDm4ohKwhxsCpdUvb
;G433ZJyAergVnoh3tfzcMqA9ThWmduj0VCGGwE0xe5PzyErZTT2vcWguCM4gFU2XbCF6YVYzVTNDijV
;vstIS+o4x92CdTct1aE4QtsilCfs4dXJNpirojPhRhsCpBUu7T4n3ZJyAergVnG2LtRDcMqA9ThWmdu
;j0VCGGwE0xe5PzyErZTT2vcWgiNO54/QwypBytYcQiv+fV7MsJ1LU7t0M4Jt1d/bdt3AYo+iAVUY8YI
;UINEtqYuKxV6qxtKYuLM5BOsJyEergVn610dZTcqqHw/hVqaijklC0uxAF9b4MD0IrtITmrBcBW0Lo4
;7WWLBElipRZmwKC57FcJ1LT2B70w92A0gHq52C5gCmTVHU9sJTZBXirASKRR6thpYT97X/iKxSUZ3wm
;k4jzSeLlZiyxk/9039ewqrAbD9dQ49gaPiEat4VHHeWhSeL4s7VGn3FVGQX4W5EikUZqwQX2Llxv0co
;SchHq4FZ+tdtBo3K6h8P4Vamoo5JQtLsQBfW+DA9CKxSUZ3wmk4jjOJBVRjxQxamEWIoSQlFRTDdS09
;gaORfdgnAB6uBRSHLrIuWHz3D0qEUIi2KBUSeqQcQVHexv8Zh0NFcs98Z+pd7Vo3DKh8P/YQ6dVNORd
;nnQFCTd7Q5A++RkN78WwJjTSBNmhgyQ9ahGmGsysVH3GuFFQ9gKORfdgnIEfuBULrXe0pW3/3CFCGaZ
;qgPywad6cqRFPnyv0Rh0tBbct3OIQzsj5SYMkFP/c26dVNSnsUwnUPPYGj4hGreFRx3loUni+LO1Rp9
;xVRkF+FuRImGmenB3JN7tT0D9gmIB6uBWfrFK1aEwyofEyaRbahIjokZ7cHS1zixs4UtkFJcsJaC4Iz
;iAVTZdsIXphVjNVM0OKNW+y0hL6jtH3YJ1Ny3VoThC2yKUJ+zh1ck2mAuysjF3idBk5c7834E794Q3H
;baxPrXO1aNwyofM/JNsTVTUoIeLEqWVLx/OIIqkFBfctaDoU7hDZbU9sfXphYgLsqFRh7txtZYuPazh
;GxSUUerwVn613tWsczqFk/9jaauT4VD3uyKl5I88XwHr14SXDIbAuHAp45VmLGFVGRaZqlKC8fFMN1L
;T2Bo92gmCc2Hq4FFIcusi5YfPcPSoRQiLYoFRd1uxBfToGikX3YJyAergVn8l3tWkRg2yNLmUa2pjg4
;HXWhEHJJ6dH0DrBITHquBN/12AYLj7KXfC32NummITkkbLsqXlznxs4PuUNJa90FZutd7Vo3DEhDP+E
;26dU+Jxp4ripLWODX5A+9VH96x2QKjimIKDcNqHw/9jbp8Q1KZxTCdV5Q4M/9Ir5CQWrbdwKYAoU1W2
;n3GFaXW4yhKDh7FcJ1LT2Bo4092DwgHq52CooxgQVRackISoRTmookJB19rhlyT+DX+BLYJiAergVn6
;wStWi0MqHxMm1eFuRIsHnW2AF9Y8vziDb1CREHcZBOCMu1bNwyofD/2f6nVb0p7FLEaQVTl/PMSrFNP
;c/FgH58vmCleY8YjSJ9Snb0SOBpgqxotPIGjkX3YJ3lerh9n612eNVtlzCNdmUKduiAVHX2uFEBY79f
;OG7RIVx6vBWfrXe0aYkyobj/2Npq6ISMfS6AaWUnuzs4RuV5FbK4EZ+td7Vo3GOh8LfY26aYiJhJwnR
;dCSfXM/CKrV0V7ygVm613tWjcM5jw/7Dbp1T4lF32mKktU7c/OE7lVUnHZWgGHMpooVnjNfD72NunVT
;QouVMJjLT2B0P4RsUN/d8BjDocxsj9PfMkSTJ9Zh9VMSnsUwnUtPYGjs33YJ1NxwmwDtDSDPF5gxCNa
;jkaIuz4jFHqdB0hQ7tX0IrBITHuuBGfrXe1aNwyofCz2NummIiYScJ0cQ1voz/0iq09FcsJ2Z+pd7Vo
;3DKh8P/Yg6dVNORR4qxFyVO/F+BG0eFd3ynEPtDCENDcNqHw/9jbp1U1KZBTCdV5S7cr1IqxIUEHLfR
;OZKJ4zWGL3C1aSQoGKPysPfa11LD2Bo5F92H5gHrkFZ+sugjZeaPcIUIZpj7whKxZxrAFyW+3M5n3ZJ
;yAergUnvh3tVTcMqA9Qml+NijklC0uuFFRY86OQfdgnIB6uESfrUu1aN3/HEFaSaZ26PRUIZKcQST2A
;o5F92CcgUO4FRutd7SlCfNgTTYJpiLEsOg99tBByVO/F+BG0eFJ/2mwItDCMIjcNqHw/9jbpkQ1KWhT
;CdV5I8dP+D6x4QXrPdROCK4gFXmLOFVOaaZu0OSMUS68cQz2Ao5F92CcgOu4FR+td7SlCfNgTTYJpiL
;EsOg99tBByVO/N9A+HQlhuz2sUgjKDWjaWMeWmb68w6k1dexTCBlhN8czjCYdGRH/ecQ6dOLI2VnXND
;kz2N+nVTUp7FNY1LSaBo5EOrVdQcdxxOIo5jCpDZd4ZYIRTjaAuPhJ7rAYtPIGjkX3YJyBerh9n612e
;L0d8xw5LqVeNtD0+EmKnKlpU5df5IrVOTh6vBWfrXe1aP0yobz/2NpqgPToUZrYqT1zyxs4RuV5FbN0
;FZutd7Vo3DKh8P+826dU+PwtkrQdZYuPC4hiHS0Fny3cUtC6dP1JoqH0/9jbp1U0DOxTQdS098tbhDb
;dVVEHMdw6GApozU3jAfD72NunVTUp7VMJrLT2B0OQNqEhSavFmCIUziDlDZccSYI5PtrEkOQ91rBZIP
;YA5CORBvrmnkQV6613tKUJ82BNNgmmMrTk4DmerGkNi9sr1CbB4Un/abAjrXO1aNwyofGa2NvzVTUoI
;YbIFQk/1/PcUtEZNe8BxOI0xgi03Dah8P/Y26YwNSmIUwnVeSPHT/g+seElwyGwLhwKBP1lr3BRgm1+
;H1UxKexTCdS09gaOGfdgnU2vedQiZKbIzWWrBEFOpWZyhISMVcbF1LD2Bo5F92CcgHr8FZ+sumCpHY9
;oIYJBfhbkSOBpgp3UsPYGjkX3YGWAeowVn6y6YKkdj2ghgl1iOuShKehTCdS09AeXRfcsnIB7dcBebM
;p8uaHzBEFOXRLamJDAeFMN1LT2Bo5FtmCcLHq4FFJ4tnTVFePcPUpdahYorJhR1thBJYufG8AmtVUVt
;8X0etDiVKlZi2xVQmDbo1U1KexTChRI9jKORfatSUG7BdxO0Lp0/UmiofT/2NunVTQM7FN91LT3y1uE
;Nt1VUQdp3Ao4CjyhWYssUYJdYjrkoFRZ1unUsPYGjkX1YYWAetQVn6y6YKkdj2ghggkSMsBIoCXWsFk
;Vi5cb/DrFTWR6vBWfrXe1aCUyoYD/2NpqgPToUZrYqWU/kxs4fqkZOfcZaA4I8gD9Dadp8PvY26dVNS
;ntUwlktPYHQ5A2oSFJq8XEVjjiyOEVtxh9XqVKAtCAvD3GwKklS9MH9GIdIVWrCbAmOLu1bNwyofD/2
;PqnVbUp7FLEAXU3u0eUirFVFe/FnFYozjjJoaMEdUpNCjKcSJxpswnQtPYGjkX32ZyAKrgVnmCidKlh
;+3CNHj2mMrT0rFWerGkM9gKORfdgnIB6uBXTrXe0pQnzYE02CaZGsEi4SZ7YUQ17ko5AbvkFGeMjjWO
;tB7Vo3f90MT5lEnYo3FRRypAZISd7H/gq2eEx/12AVmF3sWjcMqHw/Bgnpz01Ke2e3BV1S89fOB4dIR
;njdYBO0KJ0FW23RGU2FNujVTUp7FMKFEj2eo5F9q1JSeM9mArQuhD5SU9wZR4JDm7ASOB5nrRlYSejM
;/33ZvbmHN5z+ImLtRDcMqA9KhFCItigVCH2mEHJJ5NvlCKpCf2bXWgiNO54/QwypfD/2NunVvXV7CsJ
;1LU700fccu0J/bcFpDo8CjzVDeMcRYJNOmbQjORJ7rHUsPYGjkX3YJyAehAVn6y6YKFFtyxlghVmFvC
;kVGXu2AUJQ3sbpCapSU3fBazicNIkuX1PaHUufWenUTUp7FMJ1dH2BvpF92FRVbMhkBI4CnjVbZcwjX
;ZlCnbogFR14rQJfXPXGkXzYJyAeroU8q132WjcM2wlNkFeKsBI5FHirEXJf7tflErV4TH/XYBWYXexa
;NwyofD/2NunPTUp7Z7cHS1zixs4Ot0tJevFnCJ8pgjdof9gZWpI26NVNSnsUwjttPZqjkX2rUlJ4z2Y
;CtC6CNl5o9whQhmmMrT0rFWerGkM9gKORfdgnIB6uBUDrXe0pQn7OHVyTaZq6ISMfS7YaXWLk2+UPrV
;RJccBaEII5mTJofskIVpk26NVNSnsUwixtPZujkX2rUlJ4z2YCtC6CNl5o9whQhmmPuSI9CXW2EC08g
;aORfdine16uHWfrXZ4vRWrJH1qpRYa5JC4kYK0FclHg2vQPqychHq4FZ+td7Vo3Lah8P4VDm7MsKR5L
;sRpBVOX85RKoeE5/3HcInAKLNlh72h1Lkzbo1U1KexRCLm09lqORfatSUnjPZgK0LoI2Xmj3CFCGaZq
;lKC8fFMN1LT2Bo5E5mCc6Hq4FE44wnT9FbdwJTZNpi7o5PhR5nQZYT+fC8hjYJiAergVn6zStWh4MqH
;xLk1uZsD8rD2GwEHJf7tflErV4U2vcYwaIOLI7RWnJI0ueRIymJSUXcMJ0LT2Bo5F9sWcgKq4FZ584g
;CpSfskISoRTtrEoKQlxowZIWd7R8BuseFNr3GMGiDiyN1hozRBgkF+bpjkVF3W7EF89gKORfdgnIB6u
;BXbrXe0qRWXGCGCCU4SlKDgaYLcHSD2Ao5F92CdAdu4Fdetd7SpFZcYIYIJThKUoOBpgtwdID4GikX3
;YJyC+x0Vn+V3tWkd+wRJLqUKMuD0vCXW2AF9YsqOQfdgnIB6uBWfrT+1aN3zaFVGCaZ2wIDoeZqMBWE
;/kl5F82CcgHq4FZ+td+Fo3DNgOVphCtrcoLiRgpxhdWPPC5QiqQiAfrgVn613tEncMp3w/9kKBvCMVD
;HWuGXJO8cb0GdgmIB6uBWfrFK1aOQyofEyGQ5umEicabLUcSUnpo5B92CcgHq7lWOtE7Vo3eMAVUalB
;iLkhFQx9pgFFYvPC5RS3eE1/1gVm613tWjcMwTw/7zbp1TkiEnqdAkxR7fzmFLxTSEHcZBOCMrI3XmK
;ofT/2NunVTXM7FM51LT310fALvUt/bd5gAo9d7Fo3DKh8f6Z26ctNSntgsBRbWO386yK/RE96y1oDgi
;6ZO1lvzSNZn1iApiVKehTCdS09gbfRfdYnIB7UWhOZPJs/W1PbDFqTUunUTUp7FMJ1OX2BspF92FFFb
;N1sCIUCgTtEePcZW59C6dRNSnsUwpXtfYGFkX3YUU9y22gCny+EOWh/2BlakmmauCIlD3ydBkha7Mb/
;CYdLRXDJcQ/rXO1aNwyofDe2NsjVTUoNe64AQFj10fgeh1RQe8thOJgwgjVDZPcIV4RTmr0iJh8Uw3U
;tPYGjkY3nJw8ergURhDGYN1J42hVcqUWZsCguJGevGkJJ6fzlD7lRRXLxaQKFOpkyaHjADlqFXoa5KU
;p6FMJ1LT2Bt9F9zScgHtlsF44ChDRRZcQQYJJfmqEsJBhx83UsPYGjkX3YJyAeuwVn6yqEKlJTwRJZn
;1qFiikjCGCjG05Ys6OQfdgnIB6uBWfrR+1aN3vBDFqpWZyhKDgkfawGSEnex/gOrEZOfcs0Z+pd7Vo3
;DKh8P/Ys6dVNPRJkpypCSPXG4yKxSVN72loDgi6ZO1lvzU4/9zbp1U1KexTCdTo9gaPmFKhCf3HbcQK
;ZAoQ0RGncI0yGU4yxfEp6FMJ1LT2B6tF9zycgHtlsF44Cgi9DadojVphFjKESOQtxpxEfPYCjkX3YJy
;BX7gVE613tLV58zSNNk0KbtC4+EnusKk9Y58zjGIdQSW7LWgGKPpk1RT2ofT/2NunVTUp7FOF1LT32y
;uEYh1VFatxkBJ80gjRobs0aUIRTtqIkOh5LpBROSe7Ro33ZJyAergVn613tQTcMqAtWhlO2piImEnCd
;HENb6M/9IrxOU2rPawSObO1bNwyofD/2NunVVkp7FLUcXVje0P4RsUN/d8BjDocxsj5ef9wdUZVT29V
;MSnsUwnUtPYGjh33YJ1d33mA4mCidKlh+3CNbn0WdtCMpHiXCdC09gaORfdgnIAiuBWecNJ0/aH/dDE
;+ZRJ2KKSMIYKMbTlizo5B92CcgHq4FZ+tF7Vo3e8EMWqlCgbwjFQx1rhlyWejQ5Ry2REUvrgRn613tW
;jcMqHwn9jbpoiQ6Hku2HURT3tTwEbR4RHfdcQaFPohoNw2ofD/2NunVTUpuFMJ1WlTxxs4Jt1BFbPFn
;FYIwsi1eaNwUP/c26dVNSnsUgnU4PYGj5hSoQn9qwXICmQKLM09pzCNPmUWR1UxKexTCdS0EwaOEfdg
;nV3feYDifMpo/RVPOFUeTUralIjkCFMN1LT2BozEjmCc0Hq4FEIItiAVDY98ZTalQhbo6OBpgp0QtPI
;GjkX3YJ3lerhFn612aM0dp9whQgVObiismFGOwFFlYs6OQfdgnIB6uXCfrS+1aN3vBDFqpQoaiKDgkf
;awTRFHt/OMcrEIgH64FZ+td7QN3DLZ8P/ZBgKUoFQ97tRBfYu3M/g2reEV/zW04jiWZKEJozQ4/9zbp
;1U1KexyCdQY9gaPmFKhCf2rBcgKZAoI5Q23PE1GXWralJCYXdbAqT1L11/4Qh0NJf8NgE44v7Vs3DKh
;8P/Z/qdVlSnsUtRxdWN7X/gq9VX9xzXEGjDKDO1tT2BVTmlebijklC0umHExQ5Nf0D9gmIB6uBWfrZK
;1aJQyofEifRoyKOSUMcbAqQlvn0PQJoCchHq4FZ+td7Zo3Hqh8P4FfmbASPhRjpwdyUufF4hisXiAfr
;gVn613tWncMuHw/9kGApSgVD3u1EF9i8tP0GLwnIR6uBWfrXdMaNxmofD+BX5mwEj4UY6cHckvuz+QQ
;vXhNd8AFZutd7Vo3DIg8P+Y26dU6IwtxnQFCSuTRzgqxQ1R2rgRn613tWjck6Hwu9jbpuiIwHkuxHUR
;Y7cfOHLZATHuuBGfrXe1aNzLofCz2NumiJDoeS7UUQVHexf0Sr1VBass0Z+pd7Vo3DKglf/Yl6dVNPR
;JkpypaXO3Pzhu0SFdsz3EC2V3sWjcMqHw/r3bpw01Ke3utD0hi8sv4GLRDf3LHawK0PoIvWXiofT/2N
;unVTbpEFNB1LT3uzOsYh1RId8tpA7QyizxEadx8PvY26dVNSntUwnotPYHU+A29eFd/wmk4mC2IP1MM
;qXw/9jbp1QQKewfCdS1c4sD0Eb1VQWrHagm0OIM7VWDNfD33NvbVTUoad6EQQVjzwuUUt0l/eMd3FJ8
;CgTtOadojWphXi7koSnkUwmktPYHC5xKxQ393wHYCmSmyPVRjzBlggmmKuiAnGnqmdS89gbGRfdhVRW
;rcZASfNII0aG/HEV2fWI7VT0t7JMJ1LVz3zPgZh1NSf9hgC7Q1gjZSf/cMXoJetrgsMiR4pxtKSen89
;xy7U09s8WAJij+BPzcOqHwv9jbptygmD0uwFEtJ3sb/HLpLRR6sBWf7Xe1aVWnECGCBV4W5Ei8VdaAZ
;SD2Do5Fy2CcgfNxsA4w0gz1oacYdXZpT6ddMSmIUwnVPT+jH9hS2QH94z2s4mC2IP1NTzRJelFqM1U9
;Kew/CdS1f88r1GrFJR0HIbB+OObI7WWvEGWCTWIi3IS97FsJ1Oz2Bo/MPsUNHd8BiOJg1iDZbf/cZUZ
;dUhbBNSHsU2HUtPePR+BCHQlhqy3cJijGyKV9pxBBMqVCApz4+exbCdT89gaPzD7FKf3fAdg6POLI/W
;W3KEFr2NOnVbkp7FKEaTE71yv8ah0JOf8xpArQ0gzxeYMQjTJ9YjrkoFRd9rBAcPYOjkV7YJyB9wWQU
;nzSDPWhpxh1dmlO2vCMsEniuKl5U78T9GIdLSXDLN2fpXe1ONwyoH1CZWoC7KhUddawqRFPi0fQcq0I
;gHK8FfOtd7TlYY8QVUZFpmackJA9nshBIWd7Q/RKvQ09pwAVl6l3AWjcMyxNQml+HshI6CX2sAV5N5M
;b1IqtLT2nKahCFAowsWGXMI1CDQoynEjkTca4ZLT+Bo7B92CdDccFpDoU6si1WZdwjTZNXir0SJxJ6n
;RlMROTRzgmxSkUerAVnz13tWlNpxg9aqUWcpT0lCWCdFEFJ5NH/HKxCf3/AYguOAog0Vm7EGT/0NunI
;TUp7cKcbXlje0OQNqEhSavFjC4QqnztDafcZUZdUhbBNSHsU8XUtPeXG/w69eFNr3nUImSmyM1lqwRB
;TqUOasBImEnqnBnJU7/z5FL9Pf3rLaxSCKZQFUH7BGD/0N+n3TUp7cKcbXlje0OQNqEhSavFpBpI4ny
;lobscIS5lbtrAjKxl4p3UvPYGEkX3YQ0xu8WYPijCPP0VT2A5WmEKAuyoVD3GvBUhP4NfkD714RXDPZ
;wuOXe9aNyeofD+SWpmKLiIaeaAQX2L1xvwNvVVBatt3ArQ0gylSftwjWJVZjbASLxV1oBlIPYOjkV3Y
;JyB6wnU4jD6CPlJTzhVTk1iIuCgVHXuwGExJ3sb/HLpLRR6sBWf8Xe1aU2DYI1KTRI6wEiULcawqXlj
;mzvQTrFQgHK8FcOtd7T5bfPcRWoRRjIoiPB5mrhRdYvHC4wmrJyIfrhln612JNkdT2hlYn1mHtCEVHm
;yyGl5I88bOGLZGQnLLBWXqXfVaNwzMEE+pRIy4IjweS6AAT1/txs4YtkZCcssFZetdxFo3DMwQT6lFn
;KcrKxhxnQZEWeT85RigU1Vsy1oEhDGCKGhixw5Sl1qAryguexbCdQE9gaP1Eah4U2vcYwaIOLIpXmjN
;I0uTTp2gPy8kcKsGTF/txs4StnhPaMt3D4ozilo1DahjP/Y2jbk9FQhhsBNMXuT84hS8Qn9qy30Tni+
;IBVJiyR5Tkzbr1E1pexTCEUFN3tDkD75GQ3vxdg6POLIuUnTcCU2TaYW8KiIPcbAqWE2BoZB9/ScgHs
;ppF7QumChRbcsZYIVfjbASPh5stgBfWN7M5AmrTkR78WoJhyTtWDcMtnw/9lKFpRI+HnmyEF9c9dbjG
;IdESH/DZwKZAog0Vm7EGT/0N+nATUp7cboBSE/vwv0iq09FcsJ2OI00nylDDKp9P+826dU+Lw9gqxtK
;YuTb5Q+tQ0Vs8Tc4jjOMOFtpqH4/9hPp1U0vA2CwAElY8/ziCrFTQ3bxZgiEMYQ0UFPKGVmZRIyKPj0
;SYKEdLT+Bo7d92CdFZtp3Eo84nwVEe8EIXJ5piroiJhJ6pSpFWODX5A2HRkRoz2sEjl3vWjcsqHw/k0
;6dpzguHmadBlpU9cD5IrtIT3LHawC0NIM7VHjBClr2NOnVZUp7FKcNWU/0x/QPh1RXd9pmD7Q+gjVbZ
;cYbYIZXm74SJxRipypIU+DB/RjYJSEeigVn6ziVLkV5zBlNqUWevDkpE0uxAUJN3tT4Db14V3/CaTif
;Mpo/RQyqfD/BNunVKDIPZrcRSE/e0OYUrERIQd1xCJsCmjNHafcLXppatqEiPR5mnRZCUu389RKvSX9
;71nEVnjmIKDcOqXww9jbpsywkJHauHF1i5M3wH7RCIByuBXXrXe08VmL3H1CZWoC7KhUeeqMXQViBoZ
;B9/icgHshkCbQ+gjVbZcYbYIFXgKESLBRmnRhCS+TO9BOseEZ3wGwUgziJWjUMqHc/9jaPtCMVHnqjF
;0FY5aOTfNg0IB6uYwaFMos8aGvLE1uTaYy7LCgXccJ3LD2to5F9vk5SbdpaC4okiChoaMERWphFgLoj
;FQNtnRZCUPHG/w65U0lxwFoChTyPNlIMqnw/7zbp1SsjCWe2KkFc+MbjIqtPRXLCdjiOM4w4W2mofj/
;2A+nVTSwSZrEBclHg2vQPh1RPcsdhOIIzizNbYPcZR4JEnKYkJRVLtRxJSen84xysTk9By2sGiTGIWj
;UMqFQ/9jaPvD85D0uuFFRY8/ziErROREHHawGCMYEFUWDHC02XQoyKKCQadq4QLT+Bo7R92CdGd9x2E
;7QxjCNSfvcPUJpfjYokJB19rhlyTvHG9BmHQk5/zGkC61/tWiwMqHxZmlmepyw+HkuwEF5Y9fz2HrdD
;RUHLawaJMYhaNQ2oXT/2No60PRUdfa4ZclLvz+girEhQQcxqE58ygAVEedoaXpVTmtVPSnsbwnUtWuD
;TzhuxS0xB3W0ChzGeWjUNqGU/9jaOtD0VHX2uGXJO6M32Eb14RWbadxKYNII0Nw6pfBL2NumyLDokcq
;sZQWLyyv8atEJ/e9ZxFZ4uhDVZU8sTUoZTh6YsPhJ7rCpIU+DB/RjYJSAejwVn6zqONVNp9xlRkmmdo
;D8kFHKkKkNS+9n+Eb14SHvPcQ6FOu1YNgy0fD/2UYq6KS8kcqsZSFPgzvQivkhSc89xOI4zjDhbaah+
;P/Yu6dVNIh51thxDWt7X+BC9eEN/wmY4jjOMOFtpqH4/9izp1U0jFWenB1li6cbwCa1Xf3nNagOOAog
;0Vm7EGT/0N+nATUp7fKcUWUjx/PYet0NFQdhkC4I5jC5SDKp9P+026dUkJB19rhlyDLGTzgirQn9twW
;kOjwKENFFlxBA/9Dbpw01Ke32sE0RR7fzwGblXVHfYYDiOM4w4W2mofj/2EunVTSMVcqsZQWLizP8ev
;UlUbMdmOJgygTNTU90PWqlRiKUSLBJ4rnUvPYG7kX3YTk54x2kLtD6CNFlpywhgk1iNpSIjFWCxdS89
;ga+RfdhOTnjHaQu0O4QoRHiofj72LOnVTSMVcqsZQWLyy/QRtFR/a91gOIw8nQVRZcQQP/Q26fBNSnt
;9rBNEUe385A69eEx3wGAUtDSDBV9lzxRgklOHpiQ+AkulB0RZgaGQfcsnIB7HaxOOL4E1VGfBElipU4
;e0LyYeFMB1LTOBo5EUqkhOd8BiOI4zjDhbaah+P/Yn6dVNIwl7rBxDWt7O/hO3U09wx2Zn6V3tSDcMq
;BZahF22sSgmD3WdBV9U79f0D9glIB6lBWfrN4goXFPNEl6UWozVT0t7A8J1LVfk0foivk5SbdpaC4ok
;iChoacYdXZpT6ddNSmEUwnVLVPn8+RKqVUl8wmA4ni6IBVh8zRJglF+dpk1IexTedS097cLoGKp4SHv
;HYg+fAow+VnzcFUmTaYy7LCgXccJ3LT2ao5F9tEZZe9xaFIM4gTZEU8cOW5NEtro9PhJ5qw9IPYOjkV
;LYJyByz3wCmQKeLlZ+3CNPmV+HoRI5GHWwE3JX7sr/CYdGTHLBcjiCM4M/RVPbFFqaWunXTEpKFMJ1Q
;Vz4xuMiq1NBbNpaF4Q0gy5of8sdTZBpg7okJA9LowdCSO/Hzhi2U0lsy1oUgziBNjcOqHwW9jbpuSwz
;HmadBllc89fODbdOTmrxdgSKL4sFXWPBEkupVYa7KSMPfa0bTFGBoZB9+icgHsJkHo4vsilDbdoIYIZ
;ZgLs5FQhxoxhyWOXE9CK7Qk5qy3dn6V3teDcMqBBej1Obij4+Gma2Kl1S6M3lIqtCQXPxaAidOLIzWX
;vJDlv2NOnVbkp7FK4UVFjz/OIJuVVUQd5qDoUpsilSbcUjUZlphqMoOBN1rBJePYOikVTYJyByz3wCm
;QKeLlZ+3CNPmV+HoRI5HnWvKkNS7/zhErReR3HAWhGOL5k/TwyqfD/eNunVISsCcbAqXkng0eUiqEhJ
;cNpaFI48gAVFacQdS59AjIo9JQh9thxCU4GhkX3rJyAew2QTtD6CNFE99xpWmleEsCM+JGenAVlU78T
;iIrdRRWzcbAOOAp42Xm/NI0yTQp28Iy0IFMB1LQ6Bo5EQuVN/fcFrAdkCizNbbcUZUYJpmrA5PhJ6pQ
;ZyUvfG4w+xQ0VB3WkOiDiyKVJ43BVRkUXp101KWxTCdUtU+fz5EqpVSXzCYDiOJZk/WX/BClqpRZ28O
;SkTfawSLT+Bo4x92CdGd9ZaD4QvnzNVYM0jSphfhrsSJQ1xsBlMTfHG9X3aJyAIrgVnhjKJP1tT2A5a
;lV+asBIwJHynHEpV9aOTfdg7IB6uaAiPNIszUn73D1eTWoWmEiceZqUQck3g0fQTrCciHq4LZ+tdgzV
;DU9sdSZNpmqEsPh4UwHUtIIGjkRuxX392wXcVgj+BP2h5xhVQmGmIuSEVD22yEHJcgaGQfconIB7dbg
;6ZKbI8WH7LGWCTWIi3IS97FsJ1IT2Bo+IStE5EQcxqE58ygFo1Dah1P/Y2mrohIx9LthpdPYOikXfYJ
;yBpx3UCtCmCLVJ+qH4/9ijp1U0lFXi7KkJT5PziFb1LTEHBazifMp0FRHnaGl6VU5rVT0p7AsJ1LVL3
;xuMVuUlHQd1tAocxngVSYskeU5M269VNansUwhpbWPPL8BO/eFN2y2kLmAKLO1lT2wxak1K2sCMrGXi
;ndS89gbuRfdhIVnvcdw6POLI8XmDJEVqYQrawIysZeKd1Lz2BupF92EhWe9x3Do84sjxeYMkRWphCtr
;AjKxl4p0ctP4CjiX3YJ1Bsy3YUni+IBVZo3h1RlVO2sCMrGXinRC0/gaOJfdgnUGzLdhSeL4gFVmjeH
;VGVU7awIysZeKdHLT+Bo4J92CdQbMdrE7QynT9ZU9sZWJtTh6E+SnkUwm8tPYHT4xS2U39uz3cTmAKe
;P0Z5zRJck2mGpykvCRTAdS0TgaORDapOTmrLdziIMoM8aGnQCE2DUoynfBUYYbEBQlDe0+MUtlNBfMJ
;gOJk4ijNYYqh+P/YY6dVNOgl9rAFIT97A/hO+eEVm2ncSjzifaGhv3Q9LmVu2pT8jFWCjF0FY3tH0Gr
;FITh6sBWfyXe1aR37BEkuTRLa2IiQdS68UTlXozfQiukJMaq4HZ+tw7Vo3fNoVUYJTm4ouJRVynRhMX
;unK/xiHRFVt2moKtC2fM1l4wRJYqUabvCI4EmC7dS89gYyRfdhXUnfAcQKZAo41WWr3EV6VXoC7KBUY
;YbEBQlDo2fQirEhPcsZgBo8CiDRWbsQZDvY06dViSnsUsgdEU/XG4yK7SE548WgGiDWENFJTywlMglm
;EvDcvJGCtGkFV5ML1Ir1JQXzCYFXrX+1aEgyofE+EX4ehKDgkd60bS2LswvIVsUlFQcpkE4oCjjVZeM
;0SS6lXjbFNSHoU4HUtPfHR+BOsQlJBzWoJjQKAO1RkwRJaqVKIoSwVHX2uEHJc5ceRf9knER6uBReZN
;IMuUn73H1CYULa4LCkTfawQclj51+MIvEJSQd1yDp8+hQVAbcEIYJ5TiKEkJBwUwHUtHYGjkQ2qTk5q
;y3c4iDKDPGhhyR9Xn1iMiisrFUuhGkNJ88z9fdomIDauBWebL4Q0Q2naI1yZWI+KICsYfKsbSGLnyuM
;Qr0ZSe/F3Ap8vjDlDZccSP/Q26fhNSntksBxDSeTRzh63SUZBw2QEgzSDP2hqwQ5SgVebsBI+EnmnKk
;hO9cr8HKxOT3CuB2frd+1aN3zaFVGCU5uKLiUVcp0YTF7pyv8Yh0BDccpgOI4CgC9beMEMU49pj7kiP
;XsWwnUFPYGj4Q+xSVR73FoEhDOLBVptyxRWmFO2si4lH3GdAUVI7MH/HLFLf3/KYWfpXe1HNwyoDE2f
;WJ2wPxUYe6wTclDgwPkUtkJ/dstkE7Q/iD43Dql8H/Y26aU/IxVgpwdyXu7N9yK1RkN2x2sCtDSJP09
;T2wVMglOE1U9Kez3CdS1N88r/Cb1Vf33BawG0MIw5X2XGGWCZW4ChEjgafbEQWVL0wPkiu0hEe64HZ+
;t/7Vo3fNoVUYJTm4ouJRVynRhMXunK/xiHSFJ3yWwJtD6INENp2nw99jbN1U1KC2arG1lY8/zyErZBf
;3PPZg+CM4gFR37HEU+CaZymKBUJdaQBLT+Bo6Z92CdQbMdrE44vsjlYYs4jUpdVgbwjLyRksBpATfX8
;5A69eFJ/yHE4jyidNl5vyQhWmVi2uCQ4CXuwdS89gYSRfdhXUnfAcQKZAo41WWr3EV6VXoC7KBUJca4
;UWVT3xs4YoFNSa91sCIVd71o3PKh8P4ZEgLs5LwlLoRpDW97O8B6wTk578XcCmDiZBVJTxBlRkUKBii
;ErAnGwKk5V4M32GNglIB6BBWfrLZ8zWXjNDmCVWYezEicad6ocQ1je1fARsUNBastaF5k0gy5eYs8jT
;4RfhqckPgIUwHQtMoGjkQ+5QVRBxWACmwKFNVtp23w99jb91U1KCXWkAXJS98bjD7FDRUHLawaJMYha
;NQyoaj/2Npu0Kz4kZ7cHS1zixs4Qt0lPasFrDohd71o3Eah8P5BfkYolJQlmqxdBWN7W/xS3SX9/wmk
;4nySdP2huqH4/9h7p1U04HmCwFE5J6Mz/IrlRT3fKWhKFM4g5Un/bHU2PaYC7EjkOZLIaX0mwo5N92A
;8gHq53Ap8vjDlDZccSYJdAhrwpFQ56rBBOWPLQ8A+heElw8XYSmy2CKEM+qH4/9i3p1U04HmCwFE5J6
;Mz/IrxOU3/MaQK0PJkFRHjJDkv2NOnVWEp7FLAQWU/gwOUUt0l/cMFxOIIznjNTaah+P/Yh6dVNOB5g
;sBROSejM/yK8UlJ3wGI4nDSdPwYMqnw/4Tbp1T8vD2ajFllU7s3OGa1VSXDJWhCCLYhoNw6ofC72Num
;nKD4JdaEBRFLv/PQTuUVMe64HZutO7Vo3fs0ITZdVnbwiJCRxrBRPUeT8o33aJiA6rgVnmTiZKFZv3B
;VQmGmMuywoF3GdF0hb7tH0IrdSVHvcWhSDOIE2Nw6pfCn2NumnKD4JdaEBRFLv/P0coUJSfcZkCYw47
;Vg2DLF8P/ZEjKE/KxhgqxpDYuTN8B+0Qn9x23EUgjmIWjUMqGc/9jabsDk4Gne2HEJT3tn5Eqh4T3DC
;fDiYMoEzUz2ofj/2LenVTTgeYLAUTknozP8iok9PbvFqCYcksilYYMEYDfY06dVWSnsUsR5ET/X89AW
;sQlJwz2k4mDWINlt/9xpWhEWd1U9KezXCdS1O7dDOHrdJVHHbdziKMZk/RWLJCFaAU7axJDged7YcQl
;OBoZF9+CcgHt1pFLQ+gjVbZcYbYJRTjYo5LxZkpwdMSfTR9CKvRklqrgdn62/tWjd/xA9glVmGuSQkH
;EuhDEFU78f0D4dLT2nLdziDOIwuUn73CFqbRoynLD4OZqcqWlzo15F/2CcSHq4FFIcusjlYY8QVUZFp
;iqwhIxVwpwdySPHT9A+HT0V/2mAVtCmIN0dp2h1Lg0SMijorEmDCdy09rKORfatLU0HNagiHNIM9aGD
;NGkupUIywKRUTcaMBSE/e1/QQqEJSf9pwFY4CmjteeKh+P/Yc6dVNORdnnRZCUu3K/xqHV0lt2moJtD
;WIO0Np2iNLk1uZsD8rD2GwEHJK4MrlfdonIDCuBWeYMZ4FVGPHEFaYUbanJC0TYJ0TSFjl/PkYuVNFb
;PFxAoYtiChWeN0OWqlBiLw5SnkUwmYtPYHQ/Q6HQEFu8WMOhzGyP1ltyhBa9jTp1W1KexSxGV5i5sD+
;Gb14RnfCYAmKMIgFUWPaEV6CaYy7LCgXccJ3LT2bo5F9q0tTQcdrAYIxgQVQbdgjWZ9ahYooJBp2rhA
;tP4GjpX3YJ1Ny3VoOhTuENltTxQlTgl+ZuSgVCHejG0NU78TOHrdSTmrxZAufOJ80VnjBClqpV4eyIS
;97FsN1Oj2Bo+IRq3hNe9xiArQynT9ZU9sZWJtTh6E+SnkVwmItPYHQ/Q6HSkVsyWA4hCuIKFtt2CNPl
;0Sdpk1IehTcdS098s/iIrdRRWzdbAmfOJ8zWWv3H1CbRoy7PisPfa0bLT+Bo7J92CdTct1aF5k4hT9W
;eMESWKlUjLESPh55shBfXPXW4xiHUEF32gVl6l3YWjcM2xBMqUabsCUvGmCrG0pi4tr9FLZDRWzxaQi
;cOJ8FX2nJCFqEaZ2wIDoeZqMBWE/k/OYcsVMgHK4FUutd7Slbf/cMTZNejLQ5IxVznRZUUejN9RiqeF
;Vu3mAVtDWIO0Np2iNLk1uZsD8rD2GwEHJK4MrlfdonIC6uBWeYMZ4FR37NFFqXQoC7KhUXcaQBclvkx
;vUisEJBast3OJ84gCpSfskISoRTtqIsIw8UwHUtEIGjkQ60VH9u3GAPjjyZM1lr9wxWhUKGuxIiHnW2
;EF9i9cb8Db1VQWrbdwK0KowzQwyqfD/HNunVPiYIS7IHSFXkwuUUtkB/bMdiD58Ciz9SaPcUWpdCjKc
;SPh55shBfXPXW4xiHUEF32gVl6132WjcM2xBMqUabvCM+JGCjBkZi7cLzGLR4RXDPZwuOXe9bNy2ofD
;+FWpqKPTgSerYcQ1rewfQZh1NFc95gFYopmChSU98dVoI269RNeXsUwgZBTt7T4xS2U0lwyVoEkjGEN
;FNp2iNTmUGMpxIiHnW2EF9i9cb8Db1VQWrbdwK0KowzQwyqfD/FNunVPiYIS7IHRFP1yv8ah0RZcsdr
;A44vsi9HfM0OYJ5TiKEoOCRgpxhdWPPC5QiqQn9pz2wT61/tWhkMqHxMmkW2pT8jFWCrG0pi7cb3CYd
;BRXvKWg+OPJk/RVPcGVKGU5u0OT8JcZ0CTFT1o5N92AwgHq52C5gCnSheYtwVUZFpmbw+PhR6nR1IXP
;XG4yKsQk1uy3cGnyifP2h7yRVL9jTp1WJKexSxGV5i8dH4E6xOTnnxdw6MNZkFUWnNGGCeU4ihKDgkY
;KcYXVjzwuUIqkJ/ac9sE+tf7VovDKh8TJpFtqciIyRmpxJEUu/84h65SX9yz3YT61/tWiYMqHxMmkW2
;piUjHnimKkhT4MH9GNglIR6HBWfrLoEpaH/dDlmXVYyKPiMfcZ0BSEX11uMYh0RPcsF3OIUynzdWYME
;GWpI269VNVXsUwgZBTt7Q5A++RkN78XYOjziyLlJ03AlNk2mMuywoF3HCdyw9oqORfatLU0HdcBWNPI
;4/aH/BGFqpQoytOT8JcZ0ZRFrp1/QPh1JQHqwEZ85d7VpEYNsjTINEj7QuLyRnqxFIYvXG6QmtVUVBw
;XATmDSJP2hjxhBG9jTp1WxKexSxGV5i9cv4E4dQQXLCWgOEKI82UlPEFVGTRbawIysZeKd1Lz2Bk5F9
;2FRNf8JpOIoviDtof8cQVpJpgLsrIxd4nRNBUvb88hK1V0Vw3WQTgjKDBVJiyR5Tkzbr1U1fexTCBkB
;c7c/OG71GVGvcYBS0OIM7VWDNfD32NsvVTUoIeaMZQWLnxvAJrVVFbfFsCY00gTZofskIVplpjLssKB
;dxwnctPaejkX2rSEx3yloBgjGBBV5ixhlNqVSbvCktEnqlKkxf7tX0IqtXQWzdYGfpXe1HNwyoD1CaX
;42KJCQdfa4Zcl/u1+UStXhNccBqE4QzhDk3Dqh8FvY26aYiJhJwnRxDW+jP/SK2RlJswXI4mTiKM1hi
;9wlMk2mKuiMpHnq2B0RegaGRfcInIB7daguCObIzWWrBEFOpQoalEicUeq0BQlPowJF/2Cc5Hq4FFIQ
;xhD5oZcYaVppatqA+LyRzowVyW+jP/X3aJiAXrgVnmC2EKFZgwQZa9jTp1VNKexSxBURP4M/OELdDRU
;HeZBODAoQ0Q2naDFCaV528IiR7FsN1Oj2Bo+IIqFdPbNpaBo88nS5ees0jWphXi7koSnkUwnstPYHQ5
;A2oSFJq8WAJij+BPzcOqXwq9jbppjg6C3uwAXJY78X+D7tCUkHBawuSXe9aNyGofD+FQ5mlIjgPS6sb
;S1Ttz84Iq0J/csdrApgChDRoZMEbV6lSjLs+Iw9tnRJfVOWjk3zYPiAernYSmy2CKENTxRNbn1CAsD8
;VHHGsEF9c9caRf9gnBx6uBRSeLZ01RXj3DlqVRIy0OS8kdaQBSE/ezv4ZsUFJe9xaBYQygT9WYqh+P/
;Yo6dVNOQ5kshpfSd7Q/By0S394wmoGnziJBVFpyQhKhFOa1U9KewzCdS1O9NPhEqpTf3LLZAySAo41W
;WLNH0ufWYfVT0p7B8J1LU700fccu0J/c8FhArQ4gztVYM18PfY2zNVNSghhsBNMXuT84hS8Qn9qy30T
;ni+IBVRjxBNNqViGpyArF324EEk9g6ORZtgnIG3bdwGKPogFRGXMGWCCU5GhODgeS6cbTF/txpF/2Sc
;/Hq4FFJ4viztUafcPVpJTtqEoMg9hsBByUejE+Qm9VX9r3gVl6l3MWjcM2wlNkFeKsBI5EnCnKllY+d
;fkD714T2vadg6POLI1WWDRfD32NvLVTUoIYbATTF7k/OIStE5EQdpqF7QwgjRYeMcSVpU269VNa3sUw
;gFIUPHG4xysUlJ78WcInymCN2h/3Q5Zl1WMiigkGnauEC0/gaOGfdgnVHvDdQKZPJkvRWn3EFaFQraw
;IysZeKd1Lz2Br5F92FRQa9x2OI4zjDhbaah+P/Yo6dVNPBR4txhISfPK8iKrV0V7yloUhjKCLl9TzRJ
;elFqM1U9KewXCdS1Y78LzEb14V3feYDifMpo/RQyqfD/WNunVOiMLcZ0BQkrk0c4bsV9FevF1CJg0mT
;NYYvcZUZdUhbBNSHsU53UtPfbK4RiHU09py3c4hzKCKkRTzR1cnmmMrTk4DnCnB3JY78LzEb0nIh6uD
;mfrXYI1TWn3D1efU4WxTUh6FOF1LT32yuEYh1BBcsJaAYQvjj9TU8oFYIVfh7IhLyRxugFfSOXG433a
;JyAXrgVniS+EN2h40Qxa9jXs1U1KNGG2EF89jKORfbtGVHvJahWSAoM7Wmmofw72NumFPyMVYKcHH2L
;A7dQph2YYQf5pEpgCvwp+OPcvdKQFtpwpLxp5ox5IT97z4xK+Tkx7rhRn612OO0NpzxNNj2mHtCAvJH
;ynDS0+RaORfegXFS6eNVDZbd1sDjyYSnrGBt7hfXpNIfJFGg+xk6JP6BcVWJ41U9pt3W5yPJhICsYG3
;OF9ek5S8kUZDLGTokXoFxVYnjVS223dbHQ8mEsKxgbe5n16TlLyRRgPsZOkTegXFCeeNVTfbd1vcTyY
;SQzGBt2XfXpOJvJFHg6xk6Q76BcUJ541Ud9t3WwCPJhKDsYG35F9ek0l8kUbf7GTp0joFxcsnjVSrW3
;dbwc8mEsNxgbfk316TSLyRRsEsZOnPugXFiuuGWfrXZ4vR3zHDkupUoy7Pi8kcLcUQWLk2+UPrVRJcc
;AFZOdd7Vp2YMRcWo5Cm6ApLwkU5HUtPeXG/w69eFNr3nUImSmyM1lqwRBTqVmcoSEjFXGxKkhF9dHkG
;b1VIB2iBWfrHIE2F2nQCE2DUoynTVh7FMIGWE3xzOMJh0NFcN1gOJ8knT83D618P/Z6gLsoOXs6wnUt
;We3Tzh+5VEVBwmQeji+yO1F4zQ5gk06Zuj4/CXGdBkhN4NHwCbFITkHJZgiPOO1ZNwyofD/ENunVKSY
;LS6AUXljez/AEvVV/f8hxApkCiCJHY9sJTZNpmrA9Kwl1thxCU97E8hK8Qn9u3GBn6F3tWjcMh3w/9l
;KFpRIoGmenKkFc+MbjIrpCRnHcYDiOJZ01RHnaGWCFU5m0PysPfa0bclrizPUY2CQgHq4FZ9hd7VpTY
;NgjXZdFjIohKwJxsCpPWOfM4xiHQlhuwXYSmTiyKVJ8yQ5egl+GuxItGHumEHJN88aRftgnIB6uLmfr
;XYk2R1PKHUyTaYW0NC8JS7cFXVjz/OESsUlUQd1gF4ovjC5eY8YjWJVZjbBNSXsUwnUtEoGjkRm0V39
;8z3YCtDGMI1J+9wlPhlObij0lEnq2Kl5Y8cLjHKxOT3DxYgSEOYgFR37NfDz2NunVTUd7FMIRQU3exP
;ISvEJ/e8BhZ+hd7Vo3DLJ8P/ZShaUSLRh7phByWPnX9A+2RkxBzWoKhjyDPjcPqHw/9jbw1U1KH3iyK
;kpe7sf0Ir5OTHvAZAqOAos1RWHJCD/1UOnVTTEcd60RSGLnyv0YtkZNe/FyDp81gi9DU80ES4tpkrgs
;KRN9rBBySfjT9CK5RUJsy3MOiimENVlx9wdSl0KMpyQrF0usFEBY3sLzH6pCVnfPcQ6EM5AFTGDJBVq
;EaYGwJC0TYL8YQD2Xo5F9vEtQQclmCI84sjZWdc0OYJVeiLsqL3sXwnUtPYG2kX3YQ0xu8WIEhDmIBU
;dj2whPhFmKsD45exfCdS09gayRfdhDTG7xYgSEOYgFRHjJDkv2NenVTUp7DcJ1LVnt084VvUZUQc1wF
;YIzigVDZcUZYJpfmqFNSXsUwnUtIIGjkRm0V393wGsCmQKONVl4xwlNqVmPsz4vD0uuHF5JgaCRfdgn
;IC6uBWePMZ0FWmXMGFOTaYW0NC8JS6MTWVjz/PQFqEhTa9xgOJg4nTtFbdwVUJhpjrYiLh4UwXUtPYG
;jpX3YJ0Ry3loKgjmJNlJTxB1Gk0S2tCs+HmadEFVN7tDkD714U3veZBWKKYQ1WVPPH1CSU7alPy97F8
;J1LT2BkpF92ENMbvFoDo85gT9oYMkFWoRpi7ArJQlxnRBVTe7Q5A+9eFN73mQViimENVlTzx9QklPp1
;k1KexTCQC09gcf9DYdKSXrKaQK0MYwjUn73HlqQWZuwEi8DZK0GWE/k/OIYqEZSf9psCIUCijlYaM0j
;T4RT6dZNSnsUwlgtPYHH/Q2HSkl6ymkCtDGMI1J+9wlPhlObij0lEnq2Kl5Y8cLjHKxOT3DxYgSEOYh
;aNAyofD/2B+nVTS4XZJ0YRFnlz/QitEZZe9xaEpstiChofMcVUYJpmrA9Kwl1thxCU97E8hK8Qn9u3G
;Bn6F3tWjcMmHw/9lKFpRIkFGavFEFi7cLoGKp4QXjaYBW0OJUqWH/dDlqpRYylLDgaYKsaQ2LmwP4Zv
;ScjHq4FZ+tp7Vo3aMQMYJhZm7gsJiR4owxIT97C9wm9VX971nUImCifP2h/zQxehFedvCIkJHOhGklY
;3tPjGNgkIB6uBWfaXe1aU2DYI1GZRIS0IRUXdbsQX2LjxvcSqkJ/e9Z1CJgonz9of80MXoRXnbwiJCR
;zoRpJWIGgkX3YJyArrgVnjzGdBVlj2hFemmmFtDQvCUugEEtS88bOGKBXT23bdwK0LogqVn7JCFaZWL
;ayLiUfcZ0FX1iBoJF92CcgM64FZ48xnQVZY9oRXppphbQ0LwlLtwVdWPP84RKxSVRB3WAXii+MLl5jx
;iNYlVmNsE1JexTCdS0MgaORGbRXf3DBdwqKMbI2VnXNDmCDRpmwPxULe6sbWWLyxuEcqkZUd8FrOIw+
;gj5SU9gOWvY16dVNSnsDwnUtWe3TzgiueENr3GwJjAKZM1pp9xBWhULp1k1KexTCaS09gcf9DYdQQW3
;GbAmMAokoTmXGG2CCX4SwEiYSZ7Z1Lj2Bo5F9zScgHsppF7QqjClfZcYbYIJfhLASJhJntnUuPYGjkX
;3HJyAey30Tji+DO1tTyxNQml+HshIsGnqdBl1Y5MfOEbFUVB6tBWfrXe1UNwyoGl6YaZqlKC8fS64cX
;kmBoJh92CcRJZ81XNlm2Go3Hah8P5BfhbQgLxVgnQFUTeT84gmqJyMUrgVnuxGsegYin0lSmzb71U1K
;HX2uFEBY79fOCaFXRUHdcRXZXe5QNwyoLHO3Ftj7en8WecJVLT2BxfgPq1N/cs98ApkCnjVbZcwjVph
;QgLkhFQt1tgFIT++jknjYJyBSx2sCmF3kWjcMzRJb2FGKuikvexfadC09zJKhSfh0ED6VYB+fL5g+Un
;6IFFqXQoynbSUdcsg4HAmxg8JN+BxIe89xAo99jz9TLMAZXoJTm/UiLB006hxLHfjM5F2wRlZ7jmwTw
;leqYwYskw5amledvDsvW2StBkRJ6Mz/FLdJKlmfJSLGbM0cBDyYXB/NRIyhPysYYOIBRVihxfgRuUpF
;cNolBss/hC4Xbs0aUIRTybkkLA99rBINSenGsRO3XVpyyylHnzLNKFJgzR1MkxaauiAvW3ukVVlV5IP
;hD71UU2vcYG2sbM0AHD2YXHrbA8mTdHpLJOJOQFL3xrEn+FJQPs9rA8sviC5FbcsIH5BfhbQgLxVg4h
;BbWO+D/BKqQipTljFH0C6ZP0d8zQ5M1lmPs01AexTCEENZs432HrdDRR6tgGfrXaBoBT2IKA/WZdjlf
;UA2JvBEDWmwg8JM6BcqU581U8sJ3XpkPKIxDsYCyYF8aigkyDgcCbGDwk3SahEumQ8g0mznHQYs7VEO
;1nDa5X1APCXiLwYNr5axOPUSAEaDN1fLBMBoByzuB0uEV5+wIRUIZKcQSUCL5KNF+H8QPvc1baZl2VB
;wNZh8KfY26bIuJR9xnRBVSeTR/xy0eENxw2gGhTntWTcMqHw/4zbp1SgyD2a3EUhP3tDmFKxESDDJZg
;iPOO1ZNwyofD/jNunVKikUcKcqS1Ttxv8ctUJ/eMF3Coop7VlQDKh8RJFVhrEoFR19rhBDXOzGzgqxU
;0hx23E4jiWZJ2h3xR1cnl+HsBI+AmSnKkxf49H0C7FGVHfBaxq0JoszW23FGVGCaYe0IC8kdaAXX1j3
;yvAJsUhOL9NaHIc8lD9FU8AZVpFenaggJ3sGwnUtUeDa9A+HREh/wGICxTqONVNpqH8/9jbp1VxKexS
;lFkJZ5PzhEqtTUGzBZgKYLu1ZNwyofD/mNunVKikUcKcqX1jxxuUUrE5PcK4GTetd7WFFadgZS59CgL
;ojahx3rRFIN8aao12dFyol3GAXjimELl5jxlxYlVmNsE1aexTCB0hJ88LyCbFITjDJZgiPOO1ZNwyof
;D/9NunVPj4aZrZbSl7ux/R929EhHq5CVdp91jdSeNoVXNZAiLk4LwgehUwdHbrC8w63S1VqyyUXhC6E
;Ll5jxhVRkTyk7X9qQGenAQ1Y+dfjCLxCUj7aakeKP541W3ncGR+bWY2wRwdKJPVVFk71wuMJ+FBJasY
;lE4M4zTxWYogTWZA8rud1aiMk4iwdHbrO/gu9B3gx9yUThH2AM1kszRJbhUKGpT5APCb6VXcNoZj8Eq
;5CAESOcQjLMIQ0F2nGGEyCWZmmRw1KNJhEGBOxg9dE6BcQPpVoCJ04zS5faYgMU5dCj7o/J1twrQJDH
;bCW/BDSLWcnnCUi233WIFJ+x1xLnlPJsDU+CWGmEEkd7cb/GqxPKhTpNUezad56bj6fXHnEBtnlbWpA
;c61VWVKh1/kY+EJEecslCI19mTJSLMoZW9Y8rux/aiMk4iwdHcSTsUarQlQ+1GAVhH2ZNRdpzBta1lm
;P9TkiHjSgEEk3xpOxO+EXEC6OX1bLZrd6QnyIC1aCXsnkICdxU/NVaw+xk7En6AcbRI5tCIY4zSlbY9
;8QRvw8ruRtEEoh7EUNe7iToU34HE1x2GBHnzWIekdgyQhZmUSE9SklDHriRBhQ7KmbOukHZieeNVfLZ
;p4qUmnMXEyTQp28Iy1xU/tHDXiskLFGqkJUbM9mE4Iyg1B6PZlLH6ZEgLs5IxVz7FsDPY2jkX2rU0Fs
;2jdJjD6CPlIMq8w/9jau53xAPC3yf2AFs6ncTOgQKlmcPUezbc0DBwbvTgfWbNnfCntbTvNAAw2h5aJ
;N6C10L6RCXtl9qGo9S5lcecQG2fUIe0sehUwfHcSTmzrpB2YsnjVHrnCWKFJ42h1cgl+GuxIuDnWuKk
;xQ7tb/CaUtdC6kQl7ZfahqPUuZXHnEBtn1CHtLHoVMHx3Ek5s66QdmZdp3Bp04gQVEfM0ZW4s8pOR8f
;VtEsBxDSejN9lP2CSAUrgVnjD6CPlJT3AVPkzbq001Ke0anBX9c8aOAfdgnSXDIbAuHAow0UGDNI1Of
;RZ3VTkp7FMJ1OD2Bo/gTvk5McvFhEooxsj9PeNoJTJ9Zh9VORnsUwjRBUaHG6QmqUkR73AVp613tM1l
;qwRBTqUaIoTkvCXrCdis9gaPWBKpISXquCmfrXYQoWGLBElipRoihOS8JesJ2Jj2Bo8MYu1NJcsdrAo
;ov7Uc3DKgQXo9Tm4o+PhpmtipdUujN5SKrREFsyFoNhDSDLjcPq3w/9neFuU1XexTCGUxE5NHODqxGU
;mrxdQiCM5kFRGnJEWCVWZu7KDh7F8x1LT3TxvcRvV9vbO1qCZ04lVovDKh8UpdCtrYiJB0lnRNEUeDO
;9BOseEJsz2sD617qWjcM+h1WhVPakU1VexTCGExJ3sD+E74Wf3jHaQaGOIMuaGjBD0+aV5CKIysWccJ
;2MT2Bo8ovuU5Te51BOssNnz9aZd0RH6Z6qPV8ZEwhrxgtIYGjkRC5U399wWsB2gKLM1ttxRlRgmmOti
;IuHkunG0k9gqORfdgnPh6uBQqKKbI5WGLOTWCQX4W0IC8VYJ0STlLlxs4OrEZSaq4GZ+td7VogDKh8U
;pdCtrYiJB0lnRNEUeDO9BOseE5/w2Bn6FftWjdc5D0fxxje4CAnezDCdS1Q4NfOHrdJRi/xYw6HPIA/
;WXj3El6bU7a0LygJcbQcTEnozP992yQgHq5VK6pd9Vo3DMUdS6lVhrsreyRyqxlMUOTN5SK2SFR73QV
;k613tWjcRqHw/m1edii4lFXLzKktU7cL8GLZTf27cbASOApg0Xniofz32NumeKkpmFMJ1QFz1/PIStk
;ERQchsC4owiDRDU9sZS4Jfh7ISIx8UwVEtPYGQ80/rH0N6migD022MdwM/yh8SzlPQs2B4Q3X6Fx1f4
;pv3HOsnCh6uBQqKKbI5WGLOTWCQX4W0IC8VYJ0GSEn1yv8aq3hGd8JkCo4zmQVVfskSW/Y17tVNSil1
;qwZIDsWjoH3YJ01/2loEhDOLa2hqwRBem1OHoRI5HmC2HENa8vz3FLRGTXvAcTiPNJ4qW23RI1GXW4z
;VTlZ7FMIuf1zo0PROnHoATtxgCoIogHpnQOlcDtgB3LggSlUUwnVAXPX88hK2QRFByGwLijCINENT2x
;lLgl+Hsj4VHX2uFEBY79fOG7FLRUHAZAqOXe5QNwyoLHO3Ftj7en8WecJbLT2BzvAJh0RPcMg0OI00g
;TtaacYIYIVTnaEkJBxnnRNEUeDO9BOseEd9wWECtDiDPjcPqHw/9jbZ1U1KFnW2Kk5S78WgIr5OTH/D
;YAmfAp4/Q3jBEliFaY+8ISsWcawBclrizPUYh1RUf9xxZ+hd7Vo3DI98P/ZbiKESKRR6pERyW+jP8BC
;9SVRB3WATnzSDPURTzhVTl1uMuzkVEnDCdgk9gaOiH+oUGH3KMUqPZd07GjibHlzbDozsK2dJLKNNTw
;3jwKkbuRQgN64FZ4Y8mQVUY8YaDqlQgLksJx56tipeWPXX+BO/VH94x2kGhjiDLmhiyRFa9jXj1U1KK
;1iDVRwTtpb8ENgRIB6uaAafAo41WWqZI1mfWoi4KCQPS7EQWUnozfYOh0FJcs9oAoUpsjRWYc0jXpRU
;m7A7IxpgqxpDPYKgkX3Yd2xfri9n612AO0NTyxNRkAe2syQmGnmnG1li8sblCbFJR23xYw6HPIA/WXj
;3ElCCU5rVTkp7FMJ1MD2Bo/wcrHhDccBjVrQ7hDZWYc0SS6lCjLYlJBR4rRJUPYKrkX3YYUlyz2gChS
;ntQjcMqBFegmmKuiMsSUukHEFc7Mb/CYdFUn/AYWfoWu1aN17JFUyTBa3VUkp7FK8UWWLizP8b6nhGd
;8JkCo4zmQVTZdsMU5dPtrssJx4UwWktPYH4wxyxVEUt6lhHuy+IN155xVxvunfJ5GN9TnmvdTE9gaP8
;HKx4Q3HAY1W0O4Q2VmHNEkupUYq6KS8kcawRLT6Bo5F92DkgHq5oBp8CjjVZapojWZ9aiLgoJA9LpRZ
;CWeT84gm5VVQerQVn613tTTcMqBFegmmKuiMsSUukHEFc7Mb/CYdJQXPLBWThXe1aZ0DpXA7YAdy4IE
;pfFMJ1QFz1/PIStkESQchsC4owiDRDU8YdUpNpiLcvOB5iqxRZVO7NkX7bJyAe/kkm60XtWjdhyQhgl
;VmHs38VHX2uFEBY79fOE7dTRW2uBmfrXe1aKgyofFKXQra2IiQdJp0TRFHgzvQTrHhQbMdmArQogzND
;DKt+P/Y2orJNV3sUwhhMSd7A/hO+FX94x2kGhjiDLmh/zQhLn1iOiiQuexfmdS09ssGjTuBERCqDYV/
;bPMBuBG7LUQeTD4/4f3IaLKBFT165xfBO2A0gHq5oBp8CjjVZapojWZ9aiLgoJA9LsRBZSejN9g6HQU
;lyz2gChSmyOEVtxhg/9THp1U0YGn2xEB55gZKRfdhKQWrxZgiFO98FUWXEHVKTWJ2KPi8PYKsbSk7ex
;fgRuUpFcNpaA4IunTZWdfcSXptT6dZRSnsUmSdMVPLGojmFB3Bsy2gOnjDNCntNiE0RwQOEuE1kexTC
;GExJ3sD+E74Vf3jHaQaGOIMuaH/NCEufWI6mEiwSeKMYSFP1/PcUtEJ/cM9oAute51o3DPgwftYHx+J
;4JxYU7HUtPezC5SK7SE54nFoBgjGMN1Ji3CNMk0KdvCMtCEukHEFc7Mb/CYdAQ3HKYDiOM4laNAyofD
;/2BunVTScaYJ0WQlPnkc4bsUtBc8trE7QuiC5DZcYbTKlQgLksJx56tipKXu7H9CKrU0Fs2gVk613tW
;jcrqHw/m1edii4lFXLwKktU7cL8GLZTf23LcROCM4opaGrBEF6bU4ehEiMfFMFRLT2BkPNP6x9Depoo
;A9NtjHcDP8ofEs5T0LNgeEN1+hcdX+Kb9xzrJwkergUKiimyOVhizk5gkF+FtCAvFWCdBkhJ9cr/Gqt
;4RnfCZAqOM5kFWW3FGT/1POnVTRo3VeJEAwq0zvx97icgHsNkE7Q+gjRRPvcaVppXhLAjPiRnpwFZVO
;/E4iK+Tkx/w2AJnwKDO1pp9x1dlESMoyQrD32tGy0+gqORfYhrYR6EBWfrMIwuaG/HElnEaY+8ISsWc
;awBck7k1+UUtkBTQchsC4owiDRDU8YTS5NF6dZNSnsUwmgtPYHO8AmHRE9wyDc4jTSBO1ppxghgglOK
;vSMlF3ulDC0+iaORfZ5OTH/DYAmfXfxaNwzYEF6CUIanIBUacKoQXlTuzZF+3CcgHvxkAZ9d91o3DMc
;KWoReiLsqFQh8pxlBTt7Q4Ri9Q39yx3YT617tWjcMqG0/9jaZtDg5HkuqEERa6dfOEbFUVB6tBWfrXe
;1LNwyoDFOXQo+6PyckdaYRREnozP992y8gHq5HFYIwojRbdahqP/Y2macoOQhhsBByXOXV8BO7Qn9q1
;3UC2l3uXzcMqDpWjlON1VtKexSyB0hO8tbjGIdGRGjPawSOApkjR2mafDzzNunVCyMDcaZ1Dz2Bo+EP
;sUlUe9xaBIQziwVabcsUVphTtrQgFQ9xoR1DUu3M9gTYJCMergUhrRvtdzcMqAxNn1idsD8VGHusE3J
;Q4MD5FLZCf33bdhOEMIQgUlPcE1CaXoy0KRUVda8QHD2CoZF92HMQHoMFZ+stnzNZeM0OYJVZh7MSJx
;p3qhxDWN7A5A6sSE131GA4nzKCNl9pyRhgmFeEsH9KeBbCdS1psKO1fdgnUGzHaxOOL7I5WGLOI1KXV
;YG8Iy8kcqsZTFDkzeUitkZNe/E0Z+hX7Vo3XOQ9H8cY3uAgJ3swwnUtTfPK/wm9VX99wWsBtDCMOV9l
;xhlgkF+FtCAvFWCdG0xQ5PyjfdstIB6uVSuqfdx0ADnFET/UNunVPTgSerYQX2LizP8bh0pBfcZsCY4
;CizNFYd8dTZNpnaw9L3sXxXUtPcrP+A2oQlIesQVn6y2fM1l4zQ5glVmHsxInGneqHENY3s6gTegWf3
;3BYQLrXu1aNwyoYz/2NpmnJCQPcbAqTlLvxc4QuURId8BgOIZs3WoFU8sTW5M26tVNSnsU3XUtPfHR+
;BOsQlJBzWoJjQKAO1RkwRJaqVvb5X16JHetEUg9gqORfdgnAR6uBReZNIMuUn73H1CYULa4LCkTfawQ
;clLi1/4iuUNEbMt2FOte7Vo3DKhcP/Y2mackJA9xsCpOUu/FzhC5REh3wGA4hD6ZNWht2BVUk0/p1k1
;KexTCWS09gdPjFLZTRWzxZgiFO7I3Vm/AFVGTaYa2OSUkeKMGWWL00/0SuUN/eMFpA44v7Vk3DKh8P9
;M26dU9OBJ6thBfYuLM/xuHSkF9xmwJjgKfP0dp3BVahGmIsSk4HmexdS49gaORffwnIB7edw6FKYgoa
;G/HElmpW4i2JSMVcZ0HSE3k1/gYqnhBbsduApJd7lo3DKh8F/Y26aU/IxVgpwdyXu7N9yK1RkN2x2sC
;tC+IKlJ4wRlNqVqIpjkVHGatAF09gqORfdgnCh6uBReZNIMuUn73H1CYULa4LCkTfawQck/k0/QJsUJ
;SQd53DoUpiChoYskRWvY16dVNSnsLwnUtTfPK/wm9VX99wWsBtDCMOV9lxhlghVOdoSQkHEurES0+pa
;ORfb0SQyvNNwTScNRpAD6FSF3PD8TtdX9MOfNDHg+2lalEuUNELq4cZ+tdnSheYtwZTalVhrsrFRZ1o
;R1EU+T85QSoQiAdqAVn6zuBNUd80XwZ9jbppT8jFWCnB3Je7s33IrVGQ3bHawK0KZQqUlPJHl2EU5+8
;LD4Se6x1Lj2Bo5F91CcgHt53DoUpiChoeNEMWvY179VNSh14rQVdRIGvkX3YV1JxyGwLjgKDO1ppqH8
;/9jbp1V5KexSwFEtJ3sfkHLR4RWbadxKYNII0Nw+mfD/2cICnPj5bcboBX0jlxuN9yycgHtxkAZ8ChD
;RRZcQQYIZXnaEoOBUUwXAtPYHv+BO9VCALrgVnmTiZKFZv3BVQmGmTvSI6JGC7BUgMgaCXfdgnbnHca
;AaHXfhaNwzaGUuEV4qhJCUVS7gdQk3e1+gNvRUgHagFZ+sTgihabcR8K/Y26aYlLxd4nRFET+TA5RS3
;SX9yx3YT617tWjcMqGg/9jaaviQ4D0umAExR3sbpCapSU3fBa2foU+1aN0rBDkyCFoytOTgOcKcHLRW
;Bo5EOtFR/f8phDp80gjRWYPcfUJlagLsqFRNxqxJFSd7X+BC9eEdsz3UP617LWjcMmFIPzQfR5X16VS
;T5Rh0TsZigRegXEDCePlTbbcNqDDqYTA/GGNnVXkp7FLEZXmLg1/wSq1dIe9xgOIYyiT83D6t8P/ZXg
;KdNbnsUwgZBTt7B/gmsSE1B3XAVjTyOP2hlxhpWmlq2tCMtF3GdGURO9aOSedgnIC6VPFfrSu1aN3/E
;D2CVWYehIj8JS7AQXVjg184Qt0NFHq0DZ+tdrBh0Teo/P8Q26dU+JghLoRpCUejN9iK5QVR73FoVjj6
;CO0NlxhtgglOEpSg4GmC3B0hi9cr8GIdAUn/ebWfoS+1aNz2RTBHGDdn7fXFKJPJbHQazl6FN9hcgPq
;4FZ5gxngVUY8cQVphRtrcoLiRgpxhdWPPC5QiqQn9yx3YT617qWjcMmFIPzQfe5U14exTCBkFO3sD+E
;rROTnnxZh6HNIM+Un73EFCBU5uKJS8aYKcHcknkzuEYqkZUa9xgOIc0ni43D698P/YGx+V2e0okwkct
;PYHQ/Q6HRE9xwmwJjAKOI1tlxhhahGmcpT0vCUuqEExJ5NHOCb1KUHvcZBOeL4gFW2XbCD/1MenVTXp
;VJPlEGw2BjpF92FRMbfFmCIQxhDRQU8QZWYJpj7AoLiR8pxRZWPP85Ri1V0Vsz3ESmTiyNl5/3Hw88T
;bp1X1kSy/zQR09nqORfatLU0HNagiHNIM9aGHBEmCaV5CwPxUPfa8QclHo0OV92ycgHq4FTetd7Slbf
;/cfUJlagLsqFQt9sQFCU97L9BysQlJB2mAKmzifO0N52hlgml+aoU1JfBTCdR0TsZigS+gnBB6uBRSH
;LrI5WGPEFVGRaZm6Pj4kZ6EUQ1PozfYivEJMf9daC4IumVo0C6h8P8YY2e5+ZEsU4XUtPfLP4iK7SE9
;yx2sAtC2fP2h/yx1RmF+HshIuHnijDHJR6NDlfdsgIB6uNUnbZt50BwyGfD/2RYWmEikUe64cQ1re0f
;gasFN/eMtgA7Q1iDtDadojS5NbmbA/Kw9hsBByUejQ5X3bICAerjVJ22bcbgcMinw/9kWFphIpFHuuH
;ENa3tf4EL14VHvDdQKZPJkvRWn3G02XRoHVTlx7FMJFAw26kqZN9hcbLJo1V8Vt1msHPIZMP+426dU+
;JghLpRRdYufK/RGHVUVuy2QTtDCCPlIMq3o/9jaolA8IOFfCbC09gdD9DodAQ3HKYDiNNIE/WW3FGWC
;QWZu4LD57F6R1LT36xPISvEJ/eMdpAoU8gD9oe8EIV5lDnYooMg9pnQ5AXOLL+BO9eFRn3mA4ij+PKF
;J6wR1Ln1mHqBIxFnW2EF9U4M/OE7lKRUHPZwWZOJszVnjBE1GLaZK5LDMeZp0dSFTmy+UAtUogLa4FZ
;5gxngVfackIVphRtrcoLBRmpypfWOLM8AmxSUdB2mAKmzifO0N52hlggl+EsBItCXWyHS0+lKORfesX
;Di6VNUnbZtxtByKYRw7EBtn7fUpuFMJ1XlHy/PgTvk5McvFkCYwxiAVbZdsIP/Uy6dVNekAt8nUyPYG
;j4hGreElwyGwLhwKKO0dTzhVTmmmbsD0vGmCdGEJZ5KOSe9gnIF/vRyWoHu1MNwyoD1OFaYC7KyMXeJ
;0HSE3kwuUitUhEe64GYetd7Rt2Tuo/fPYu6dVNORdnnRxDW+jP/SKrREFwwGwJjAKANVNpqH869jbpu
;CIuHnjCaC09gdD9DodOTnDLdziIMoMuWHnaI1CQUJqwORUXfbEBLT6Bo5F92AEgHq52C5gCnTVAaM0O
;YJBTjLEkJBxLsBpZXPXK/hOHVUFqx2o4hjKJPzcPrXw/9lCArSguezfCdS1O7dDODapCSHvPcQ6FOrI
;4Umj3CFqbRoynLD4OZqcqQVTy15F++CcgHp4rV9Bs32oZPJNJD9gG0uR6elUk+UQdDa+TqkzvFw4urj
;Bn612eNkRT2A5anlOIoSQkHEuhDEFU78f0D4dLT2nLdziDOIwuUn73CFqbRoynLD4OZqcqQVTy15F+3
;ycgHp4rV9Bs3Go3Oah8P4Vamoo9OB58pxRZVO/Ezh6hS0lwymAVtCidKlJ+9xRal0KMpxI+HnmyEF9c
;9dbjGIdLSW3aBWTsXe1aByKYRw7ABunlTUp7Z64Gck3zxvkYuVNJcMlaC447mQVRac0YYJ5TiKEoOCR
;gpxhdWPPC5QiqQn9yx3YT617qWjcMmFIPzQfd5U1oexTCBkFO3tPjGLBCQWrHawC0MIQ0aGDJBVqEaZ
;28IC8keKsGWT2Co5F92CcNHq4FFIcusipFacAZXoJfh7ISOhJnthpDYunG8Am9VX9qy2gXji+MLkJ+z
;SNTn0Wd1U5NexTCRQMNupKnTdgAIB6udguYAp0oUmTNHUufWI6KPSUIYJ0GTlzvzfgTv3hEe8JkHrQx
;hClDDKt7P/Y22ft9cUg68nULPYGj4hGreFBsy20CiimENFBT2A5aqUWKtCMkEnqlKklY7cLoIrROU2q
;uBmDrXe1qGTyTTxHGNtjVTUoIeLEqXU/ky/QcrE5OefF3Dow1mQVRac0YYJ5TiKEoOCRgpxhdWPPC5Q
;iqQn9yx3YT617qWjcMmFIPzQfd5U1vexTCBkFO3tPjGLBCQWrHawC0KYQ3UlPcGVKGU5u0OT8JcZ0SX
;1zxy5F++icgHp4rV9Bo3XQHN5lOD8YY2e58eks68k4eC7GTv03jFhcugDVnyl3tWkRg2yNPhF+HoSQk
;HEugEEli9cb8Db1VQWrbdwK0MYQpQwyrdT/2Ntn7fXFKI/JbHT2yo5F9q0tTQd53DoUphDRQU8sFU59
;YjbA/FRd7tRBfYunG8Am9VX9qy2gXji+MLkJ+zSNTn0Wd1U5NexTCRQMNupKgTdgUIB6udguYAp0oXm
;LcFVGRaYqsISMVcKcHckjx0/QPh09Ff9pgFbQpiDdHadodS4NEjIohIwhgwnYqPYGjoVPoHBEongVJ6
;13tKVt/9wxNn1idvCMtJHinE1li58b0GYdPRX/aYBW0KYg3R2naHUuDRIyKISMIYMJ2Kj2Bo6FT6BwR
;Kp4FR+td7Slbf/cMTZ9YnbwjLSR5qxtyUeDa9A+HU0lzy1oLgi6ZWjQMqHw/9h3p1U05F2edBV9U79f
;4E794UHfdcQiFAoU/VnjNDmCCU4SlKDgaYLcHSGLtyuIJ2CQnHq4FV8Vt1msBPKhZP/Y2mrk+FQtmqx
;tZVO/Ezg23VFRB3WYGhTOENFBTzBlTl0+2uSQ5DxTBci09gZO/TeMUDi6uIWfrXZ42RFPYDlaYQoC7K
;hULZqcqXl7gzf8UtkB/estpBpICgTNEeKh/OPY26eVjekAn7EUtEoGjkQ60VH9u3GwJnzSDPWh+wRtX
;gmmPsCguJHynFFlY8/zlGLVXRWzPcRKZOLI2Xn/cfDzxNunVfWRLL/NBHT2io5F9q0tTQd53DoUphDR
;QU9wVUpNpnbAgOh5mowFYT+T89g+5V0gerQxn613ddAc3mUsP2AbpzU1Ke2euBnJP7srOD71ASXHAWh
;SIPIMFWmPMGT/1MOnVTSMIeKMbST2Uo5F9q0tTQd1mBoUzhDRQU9sZToNTh7YoSngawnUtVO/F+BG0G
;UNxwHEIni/tVzcMqA9ThWmasCwnJGC7BUg9gqeRfdhJT3DLBUHrXe0pW3/3CFefWLaiLCYXS6YaWF/t
;xs4RsUlFbfF3Aps4jC5oYccYWvY179VNSjpVgDdufoGGkX3YVExt8XEPgjOyLVZgxCNMn1iOuSgVF32
;sEHJP5NP0HKx4TXHKYGfoW+1aN03pPn21den0TUp7Z64Gcknu084OrVVGf81gOIIzizNbYPcdUZFajI
;ohIwhgwnYpPYGjoUbhFyA3rgVnmDCMNltTyQ5al2mauiEjH0urG0tU7c/OG7RIV0HNagqbOIMpVnjBE
;1H2NbLVTUpLL/JOHROzmKFT7BMUKpU1Sd9m3XQBPZxJBMYY3+59ZEwk90wWDa+bqk32EBYvlz5WxWjW
;ahk0nUsOzQTS5WNyQyz7Th4GsY2oT+sWGyuVNUnSaN9qDD2YRw7NNv7VTUoIe64cSWLozfcUtEt/f8B
;iC44CgTNEeKh/OfY26eF4cUon93U5PYGj4hK0TkRBx2sBgjGBBUdt3AhahFjp1khKexSOHENY8qOKfd
;gnU3HCbAO0NIM8XmDEI0+XQp2wPyQkdq0BWVLso5J42CcgUsdrAphd+1o3DNsJT4ZZm6ESLg51ripIR
;fXR5A6xSE4erQtn612rM0V/3FxajkKboCkvCRTbdS098tbhDbdVVEHHawGCMYEFVmLPEFqpWoCmOUp4
;F8J1LRC1lpFd2Ccgbdt1F4QvmQVeYs4VU5pphqA5JhJ6pwZyWPnX4wi8QlIerQln612sNlsszQRLhEO
;NsD9KdxTCdV5I8dP+D6x4VGfeYGfoWO1aN0DBElqFNvnVTUoIYbIFQk/1/OIJqkZUe8l8Z+hZ7Vo3WN
;oZWvYx6dVNOQ5kshpfSYGgm33YJ2Voy3cenDWIKFIMi3w/9kWcpysrGHGdBkJR6MfOH7dTVHHDWg6FO
;4Q2W1PYHUuCU5u7TUl+FMJ1YVTvxuJ9+CcgHt1wFY08jj9of8cQVpJpnbo9FRJ6pBxBUd7T8AmsQlJw
;rgZi613tFl5izQ8/4jbp1TkvFmSnB0xJ9NH0IrpCREHCbBSfXe5aNwyofCr2NumhKCcLcbAUWUjzxs4
;RvUFUQcJsFJ9d7lo3DKh8KfY26aEoJwtxsBRZSPPGzg+xQEhq8WkOmCntWTcMqHw/+Dbp1TkvFmSuFF
;lY3s3+Cb1UIB2uBWfrXeJaNwzfFU+TaZ26Oi8JS68aSViBoJt92CdpcNpgFYc8jj9TDLh8P/ZBgKUoF
;Q97tRBfYvLL8A29JyMXrgVnuTiOLlZizxBa9jjp1U09EmSnKlpc7c/OELdDRR6tD2frXaQ0Q2naEF6V
;U43VXUp7FK0aV1je0PkUvUtEQdp8F45d7lM3DKgrXoJTm5MsJhcU7XUtPYOjkX3ZJyAe6AVn61ztWjc
;DqHw/pTaM1TlKDxSrdUM95qOxfZ8nUh7BBRLrLe16Nz2ofT/2NunVTUprFMJ1LT2Bo5F92CcgHq4FZ+
;td7Vo3DKh8P/Y26dVNSnkUwnUpPYGjlX3YJ10QrgVh613tPFtj2AxG9jbprw5Ke26BdS1HwqORfdjq7
;NKQBGfrla9aN8TqfT/2NunVhQt7FMJ1Lz2Bo5N92Ccgmq0FZutdJRs3DKh8P/YWqRiBhkUUwnUtPYE4
;0n3YvGMertkl313tWjcMqHw99jbpwU1KexTCdS09gaORfdgnIB6uBWfrXe1aNgyofD/2NunVTUp7FMJ
;1LT2Bo5G/1ScgHq4FZ7Nd7VoUDKh8Wo5Cm6ApLwklnRZYTvXM/CKoVUlw2mQFhziyKFJrwRNRqU7p1E
;1KexTCdS09gYSRfdhCWGrccAOOL9wFVHnbCFCbaZmnJCQPdaAZSGLzxvYUt0l/Zt1sHY5d7Fo3DKh8v
;5126fZNSntxugFfSOXG40yHRFVt2moKtC2fM1l4yR5Tk2mbsCojFHqdDC08gaORfdgnIB6uImfrXYgi
;Q37dGFqEB7a2ODkPe68qXU/ozeUcuktFQdxgAIIygwVOf8EGWvY36dVNSnuUqTUtHoGjkRigU1JrymA
;V2QKOL0R4xxFghkSAuzkrGXinKl9Y5sr+E4dfIB+uBWfrXe1aNwyPfD/2U5GhPz8fcbBHcl700OUStX
;hQbMdrE4o/gT9ofs0bVplYtq0+IwFxwnQtPYGjkX3YJyA9rgVnjiWZKEJozQ4NqVWcpjklFkuyB0RT9
;cLzEb14UnvJbAiFApRaNgyofD/2NunVTW17FMIQVUnz1vUYqhV/fdt2E4QwsipFZcYIXpRajIo/Lxx9
;rRtyRPLK6xjYJiAergVn613tWiIMqHxSl1WBvCMvJHWvKllY4sv/ErRIR2euBGfrXe1aNwyofC/2Num
;4LCkTfawQcl/g1vUPuVNFHq8FZ+td7Xo7TahtP/Y2hLQuIhJ6pypPWOX84hW5V0UerwVn613tWjcMqG
;g/9jaEtC4iEnqnKk9Y5fzlGLVXf3PPfWfqXe1aNwwoJ3/2L+nVTScad6ocQ1jewfQRrHhHf8BxFZICj
;DRQYM18PvY26dVNyj1UwmMtPYHO8B6wTk578WYIhi2INERt3BVQmGmR1UxKexTCdS1kwaOHfdgnTX/N
;bQ6FOLI5WGHYGVGFV528IiQkbcJ0LT2Bo5F9gWcgPK4FZ4Y8jjJeYs0jW5dCiIorIxdxnQFFSOzB/xy
;xS392y2wAgyntWzcMqHw/9rKp1WxKexSvFE5V6M30IrxGVH/xYw6HOLIuX3nFHlGXX4WKOiMfYKp1LD
;2Bo5F92KNgHqMFZ+swjDlfZcYZYJJfhIo1SnoUwnUtPcHM0X3VJyAew2QEgzSDP2howRFgjzbo1U1Ke
;xSCGm09jKORfbVGQ3bHawK0OYQ3aHaofT/2NunVDSU7FN51LT3swvIVsUlFQcpsFJ88gzlSU84OUJtp
;i7o/Lh5mwnQtPYGjkX3cZyAKrgVnhjyOMl5izSNajkKboCkvCUusAEA9gKORfdgnIO6RBX3rXe03Vm/
;AFVGTaYytOTgOcKcHclLnxeIYrHhYLK4EZ+td7Vo3Neh8JfY26bgsKRN9rBByWPnX4wi8QlJBwWMBmD
;iZBU4+qH0/9jbp1U1KexTQdS097MLyFbFJRUHIbAuKMIg0Q1OZfD72NunVTUp7VMJnLT2BzvAesE5Oe
;/FjDoc8gD9ZePdOP/c26dVNSnsUgnUOPYGj/By7T0lwy1oBgi+ALVZ+zSNelVWMuSg4GmCrGkNi5Pz8
;HKAnIR6uBWfr1S4aNyqofD+bV4q9JCQeS6QcX1D2wuMYh0ZDfctpApk8mTNYYvcMTZ9YnbwjLXsVwnU
;tPYHjHj3YAiAermgGiDWENFJTzhVNm0GIpygVGnehEEFY88LlFLdJf2zLcRWKPplaNgyofD/2Rk6VTW
;57FMIYTF7pyv8Yh0FJbMNyBpk4sjtUb80QWoRXnbwiJCRgsBRbWO2jkH3YJyAe7oon637tWjdhyR9Xn
;1iMiisjCXm1FF9Y3sLyHr1LRWzPcQ6EM7IiaGHJBD/3NunVTUrv1YJ1Dj2Bo/wcu09JcMtaAYIvgC1W
;fs0jXpVVjLkoOBpgqxpDYvj8/BygJyEergVn68ksGjcvqHw/m1eKvSQkHkukHF9Q9sLjGIdGQ33LaQK
;ZPJkzWGL3BmCbV5HVTEp7FMJ1LWTBo4592CdNf81tDoU4sjxefsULXoRTtrMoLx9mowFIYuT8/BygJy
;EergVn613UGjcTqHw/m1eKvSQkHkukHF9Q9sLjGIdBRXvKdwafOLIiaGHJBD/3NunVTUq7ZoJ1Mj2Bo
;/wcu09JcMtaAYIvgC1Wfs0jWZNTjacsPh5LuypAXPmjkH3YJyAebncn60LtWjdhyR9Xn1iMiisjCXm1
;FF9Y3sX0GLxVQWrLWh20MIwiNw2ofD/2NunBDUpsFMJ1QFziy/gTvXhGd9xoEIoviAVdadoXYJM26NV
;NSnsUwmFtPZajkX21RkN2x2sCtDuEKFp7yQ5aqVyMpyYVAxTDdS09gaORVZgnNx6uBQqKPoUzWWn3Gl
;aEW560Py8kfqcHRmL4o5B92CcgHq4tJ+tK7Vo3YckfV59YjIorIwl5tRRfWN7J9A+zeFoer5/+csR0w
;+4zqGk/9jaEtC4iEnqnKkpc79fjBIdPRXfJbRPrXO1aNwyofD/2Nv3VTUoWdaEdRFPk/PYet0NFQc9m
;E4Iyg1o2DKh8P/Y26dVNVHsUwhhMXunK/xiHQENxymA4nzWYN1ViyRVTqV6MvCoiDxTDdS09gaORFJg
;nPR6uBQqKPoUzWWn3G1yZUoyKOSIOeaAbTFTt/OYUvFNIHq8FZ+td7VpeTKhjP/Y2hLQuIhJ6pypBXP
;LXzgioS09/yloUji+bP0VT3AVPkzbo1U1KexTCdS09lqORfbVGQ3bHawK0M4IgTWDNI1ufV4SwOS8JF
;MN1LT0hOgik5yc5Hq4FCoo+hTNZafcSUIxMhbASLhJ1rxBZWPP8o33ZJyAeDpz+MmLtQzcMqBFelV6A
;uygVFXu4D0FY3tf0EKh4TX/WWlbrXO1aNwyoHEy2NvDVTUoWdaEdRFPk/P8Sol1Me/FxAoYtsjdWdPd
;OP/c26dVNShtngnU/PYGj/By7T0lwy1oXmTSDLmhhxxha9jfp1U1KexTCdS0cgaORELlESHfAYDibL4
;I3R3j3CUyTaZu0Kz4kYKoHSE7pzP0Z2CYgHq4FZys/rVo6DKh8UpdVgbwjLyRnthBdWIGikX3YJyAer
;gVnyV3tWlptyxRWmFO2oyQ4D2GjGXJY+dfjCLxCUkHBYwGYOJkFTz6ofT/2NunVTXM7FOB1LT3swvIV
;sUlFQdhsFZ8ojDZoadAITYNSjKcSJR1ysRBZYviRkXzYJyAergVn613MWjcMzQRLhEONsD97JHe3Bll
;S7PzhD7FJVH/MaQK0L4g9XmPGfD32NsjVTUoebLYHWFnk0aMiu1JTasFoOJsvhDRDbcoQWqlEjLIkJR
;UUwHUtMYGjkRC5REh3wGA4iTiBLjcOqHwf9jbpuCwpE32sEHJe9NDlErV4UGzHaxOCM4oFR37BE02fQ
;pDVT0p7DMJ1LVDgwPkUtkJ/es9xBrQ+gjRDacYIYJdSjdVPS3sBwnUtUODA+RS2Qn96z3EGtDuENlJT
;yRhb9jTo1WlKexSvFE5V6M30Ir1fVGzbYQKZAp4tXnjLFGCBV4ChEiIedbYcQ1qBoZF9yycgHsNkBIM
;0gz9oaskSYJVZh6E/JRcUwHQtJoGjkRC5REh3wGA4jTSfN0Bt2hlghFOdpywpD32tGy0/gaOxfdgnTX
;/NbQ6FOLI8Xn7FC16EU7ahJCceS6cGWVTswuUUt0kgHK4Feutd7TdWb8AVUZNpjrYiLh5LpypASO3X+
;A20Xn94wmoQ61/tWiwMqHxSl1WBvCMvJHOhGklY3tf5CLVFTn/HaTiKOYlaNQyobD/2NoS0LiISeqcq
;RVjg184fvUMgHK8FdOtd7TdWb8AVUZNpgLEoMiRnuwZZWOyjk33YOyAermgGiDWENFJTxxFWgmmbtCQ
;5HmCtAE5V3sD+Gb0nIh6uEGfrXYA7VGTBElqpWZu8KiMVS6EQQ0nk0ZF/2Cc3Hq4FCoo+hTNZafcMTZ
;lbmaESPwhxnQdMW/Wjk33YDSAermgGiDWENFJT2A5Qm0adijg5HkuwFEtJ3sfkDbROQ3/abAiFAoAzR
;X7HDj/0NunPTUp7eaMWRVTvxs4PvUtBasdzArQ4lS5FedsVUJg269VNaXsUwhhMXunK/xiHVUVty3E4
;jgKBP1lr3BRgmleQsD8VGHyjG0pYgaGRffonIB7DZASDNIM/aHrJEFaSV52wEjoJfawBRFPm/OEPsUh
;Sd9p8Z+lc7U03DKgTSZNEm7wpLyRnrhxOWN7Q9AmsTk553QVl6136WjcMwBlegl+HshI5Enm3GUxJ6M
;z/IrxGVH+uBmfrXe1aIAyofFKXVYG8Iy8kcqsZTFDkzeUitkZNe/E0Z+hX7Vo3XOQ9H8cY3uAgJ3sDw
;nUtUODA+RS2Qn94x2kGhjiDLmhiyRFaqQTp1kdKexSSOWwdsI2mSLVKIA+uBWeGPI4yXmLNI1mfWoyK
;IysWccJ2Kz2Bo/cRt1dQZ64QZ+tdgDtUZMESWqlQgKcgPRpmpypZRPHGkX7fJyAe5WkOmy2IKDcGqHw
;/m1eKvSQkHkurES0+paORfb0SQyvNNwTScNRpAD6FSF3PD8TtdX9MOfNDHg+2lalEuUNELq4XZ+tdgD
;tUZMESWqlb2OV9eyR3rRFIPYKjkX3YJzIergUKij6FM1lp9xEOxgbbii4lH3HCdi09gaORb9gnIHPPZ
;g+CM4gFWj6YTA+pVYaxKEp4FMJ1LT2No5F9tUZDdsdrArQplCpSDKt6P/Y2j7kiOgttwmwtPYHO8B6w
;Tk578XEemziyO1Vu2hlJn1edvCIkexfCdS09gaORfdgnIB6uFWfrXe1aNwyofD/2NunVTUp7FMJ3LT2
;B2OwE2icgH64FZ55f7Vo9DKh8b7p3yeRjfU55r3UtPWGckX1DYyAe6UbiAJqsWneQ7Xw/DHDp1fEIUx
;bCdS09gaOefdgnMB6uBQGCMYw3UmLcI1uTWJq8OTN7FcJ1LT2BwwI92DYgHq5jDoc8gD9ZePcYVpdbj
;KEoOHsVwnUtPYGjbULYNiAermMOhzyAP1l49xpTmUGbtDkvexXCdS09gSPGPdgpIB6uYw6HPIA/WXj3
;DE2fVYzVTEp7FGIF0AXBo4N92CdGd8JkCo4zmQVBadoVWY9pgLFNS3sUwnWtrULjkWrYJyBx2GAVmTS
;JP2h/xBVck2masDk+EnqlBi0/gaOffdgnRnfCZAqOM5kFVX7JElv2Ne7VTUopdasGSA7Fo4R92CdGd8
;JkCo4zmQVTZdsMU5dPtrssJx4UwWktPYH4wxyxVEUt6lhHuy+IN155xVxvunfJ5GN9TnmvdT89gaP3F
;LRGTXvAcTiNNIE/aGLJEVr2NePVTUorWINVHBO2lvwQ2DUgHq5jDoc8gD9ZePcbXJlSjIooJB8UwXUt
;PYGjhX3YJ0Z3wmQKjjOZBVBvxxhaqUWdtD8+exfCdS09gaiRfdhBSXLPaAKFKbIzUwyrWD/2Ntq3f3l
;Dd6ZBAFm5k/BQ7BRCfYM9AtI7wGgPbZAeD5RV0bMseXsZwnUtW+jP8BC9SVRBwGQKjl3uUDcMqCxztx
;bY+3p/FnnCby09gcX4EblKRXDaWgmKMIgFVm7KDlqAX4ihJCUVFMF2LT2B89082CkgHq5jDoc8gD9Ze
;PcSUIJTmtVOSnsUwnUtPYGjkX3YJzAergVn613tWjcMqHw/9jbp1U1KeRTCdVZAgaORfdgnIB6uBWfr
;Xe1aNwyofD/2NunVTUp7FMJ1LT0=
;Data end
;Recover start:29
;G21
;G90
;G28 X0 Y0
;G92 X0 Y0 Z{z}
;M221 T0 S94.00
;M140 S48.00
;M104 T0 S195.00
;M109 T0 S195.00
;T0
;M190 S48.00
;G21
;G90
;M82
;M106 S0
;T0
;G92 E0
;G1 F140 E29
;G1 X20 Y0 F140 E30
;G92 E0
;T{current_extruder}
;M106 S{current_fan_speed}
;G92 E{current_extrusion}
;G0 F6000 X{x} Y{y} Z{z}
;G0 F{current_travel_speed}
;G1 F{current_extrude_speed} E{current_extrusion}
;{current_unit}
;{current_pos_abs}
;{current_extrude_abs}
;M117 Printing...
;Recover end
;Print Time: 979
;Material#1 Used: 585.0
;Material#1 Cost: 0.04
